Date,Time,NO2(GT),PT08.S4(NO2),Temperature (C),Relative Humidity,Absolute Humidity,Datetime
2004-03-10,18:00:00,113.0,1692.0,13.6,48.9,0.7578,2004-03-10 18:00:00
2004-03-10,19:00:00,92.0,1559.0,13.3,47.7,0.7255,2004-03-10 19:00:00
2004-03-10,20:00:00,114.0,1555.0,11.9,54.0,0.7502,2004-03-10 20:00:00
2004-03-10,21:00:00,122.0,1584.0,11.0,60.0,0.7867,2004-03-10 21:00:00
2004-03-10,22:00:00,116.0,1490.0,11.2,59.6,0.7888,2004-03-10 22:00:00
2004-03-10,23:00:00,96.0,1393.0,11.2,59.2,0.7848,2004-03-10 23:00:00
2004-03-11,00:00:00,77.0,1333.0,11.3,56.8,0.7603,2004-03-11 00:00:00
2004-03-11,01:00:00,76.0,1333.0,10.7,60.0,0.7702,2004-03-11 01:00:00
2004-03-11,02:00:00,60.0,1276.0,10.7,59.7,0.7648,2004-03-11 02:00:00
2004-03-11,03:00:00,80.11538461538461,1235.0,10.3,60.2,0.7517,2004-03-11 03:00:00
2004-03-11,04:00:00,34.0,1197.0,10.1,60.5,0.7465,2004-03-11 04:00:00
2004-03-11,05:00:00,28.0,1182.0,11.0,56.2,0.7366,2004-03-11 05:00:00
2004-03-11,06:00:00,48.0,1221.0,10.5,58.1,0.7353,2004-03-11 06:00:00
2004-03-11,07:00:00,82.0,1339.0,10.2,59.6,0.7417,2004-03-11 07:00:00
2004-03-11,08:00:00,112.0,1517.0,10.8,57.4,0.7408,2004-03-11 08:00:00
2004-03-11,09:00:00,101.0,1583.0,10.5,60.6,0.7691,2004-03-11 09:00:00
2004-03-11,10:00:00,98.0,1446.0,10.8,58.4,0.7552,2004-03-11 10:00:00
2004-03-11,11:00:00,92.0,1362.0,10.5,57.9,0.7352,2004-03-11 11:00:00
2004-03-11,12:00:00,95.0,1401.0,9.5,66.8,0.7951,2004-03-11 12:00:00
2004-03-11,13:00:00,112.0,1537.0,8.3,76.4,0.8393,2004-03-11 13:00:00
2004-03-11,14:00:00,128.0,1730.0,8.0,81.1,0.8736,2004-03-11 14:00:00
2004-03-11,15:00:00,126.0,1647.0,8.3,79.8,0.8778,2004-03-11 15:00:00
2004-03-11,16:00:00,131.0,1591.0,9.7,71.2,0.8569,2004-03-11 16:00:00
2004-03-11,17:00:00,135.0,1719.0,9.8,67.6,0.8185,2004-03-11 17:00:00
2004-03-11,18:00:00,151.0,2083.0,10.3,64.2,0.8065,2004-03-11 18:00:00
2004-03-11,19:00:00,172.0,2333.0,9.7,69.3,0.8319,2004-03-11 19:00:00
2004-03-11,20:00:00,165.0,2191.0,9.6,67.8,0.8133,2004-03-11 20:00:00
2004-03-11,21:00:00,136.0,1707.0,9.1,64.0,0.7419,2004-03-11 21:00:00
2004-03-11,22:00:00,85.0,1333.0,8.2,63.4,0.6905,2004-03-11 22:00:00
2004-03-11,23:00:00,53.0,1252.0,8.2,60.8,0.6657,2004-03-11 23:00:00
2004-03-12,00:00:00,97.0,1375.0,8.3,58.5,0.6438,2004-03-12 00:00:00
2004-03-12,01:00:00,110.0,1378.0,7.7,59.7,0.6308,2004-03-12 01:00:00
2004-03-12,02:00:00,91.0,1304.0,7.1,61.8,0.6276,2004-03-12 02:00:00
2004-03-12,03:00:00,80.11538461538461,1187.0,7.0,62.3,0.6261,2004-03-12 03:00:00
2004-03-12,04:00:00,32.0,1134.0,6.1,65.9,0.6248,2004-03-12 04:00:00
2004-03-12,05:00:00,44.0,1155.0,6.3,65.0,0.6233,2004-03-12 05:00:00
2004-03-12,06:00:00,71.0,1223.0,6.8,62.9,0.6234,2004-03-12 06:00:00
2004-03-12,07:00:00,104.0,1361.0,6.4,65.1,0.6316,2004-03-12 07:00:00
2004-03-12,08:00:00,141.0,1900.0,7.3,63.1,0.6499,2004-03-12 08:00:00
2004-03-12,09:00:00,130.87687687687688,2058.0,9.2,56.2,0.6561,2004-03-12 09:00:00
2004-03-12,10:00:00,122.0,1712.0,13.2,41.7,0.632,2004-03-12 10:00:00
2004-03-12,11:00:00,143.0,1598.0,14.3,38.4,0.6243,2004-03-12 11:00:00
2004-03-12,12:00:00,113.0,1537.0,15.0,36.5,0.6195,2004-03-12 12:00:00
2004-03-12,13:00:00,116.0,1593.0,16.1,34.5,0.6262,2004-03-12 13:00:00
2004-03-12,14:00:00,123.0,1660.0,16.3,35.7,0.656,2004-03-12 14:00:00
2004-03-12,15:00:00,126.0,1740.0,15.8,37.0,0.661,2004-03-12 15:00:00
2004-03-12,16:00:00,120.0,1657.0,15.9,37.2,0.6657,2004-03-12 16:00:00
2004-03-12,17:00:00,119.0,1610.0,16.9,34.3,0.6549,2004-03-12 17:00:00
2004-03-12,18:00:00,149.0,1910.0,15.1,39.6,0.6766,2004-03-12 18:00:00
2004-03-12,19:00:00,145.0,1847.0,14.4,43.4,0.7084,2004-03-12 19:00:00
2004-03-12,20:00:00,170.0,2390.0,12.9,50.5,0.7478,2004-03-12 20:00:00
2004-03-12,21:00:00,149.0,1941.0,12.1,53.3,0.7536,2004-03-12 21:00:00
2004-03-12,22:00:00,139.0,1723.0,11.0,59.1,0.774,2004-03-12 22:00:00
2004-03-12,23:00:00,134.0,2062.0,9.7,64.6,0.7771,2004-03-12 23:00:00
2004-03-13,00:00:00,113.0,1544.0,9.5,64.1,0.7597,2004-03-13 00:00:00
2004-03-13,01:00:00,97.0,1463.0,9.1,63.9,0.7423,2004-03-13 01:00:00
2004-03-13,02:00:00,82.0,1365.0,8.8,63.9,0.7256,2004-03-13 02:00:00
2004-03-13,03:00:00,80.11538461538461,1380.0,7.8,67.5,0.7173,2004-03-13 03:00:00
2004-03-13,04:00:00,83.0,1412.0,7.0,71.1,0.7158,2004-03-13 04:00:00
2004-03-13,05:00:00,65.0,1274.0,8.3,63.6,0.6982,2004-03-13 05:00:00
2004-03-13,06:00:00,60.0,1268.0,7.2,67.5,0.6887,2004-03-13 06:00:00
2004-03-13,07:00:00,77.0,1409.0,6.3,71.9,0.6932,2004-03-13 07:00:00
2004-03-13,08:00:00,96.0,1678.0,6.5,71.6,0.6945,2004-03-13 08:00:00
2004-03-13,09:00:00,119.0,1777.0,9.6,59.7,0.7124,2004-03-13 09:00:00
2004-03-13,10:00:00,126.0,1667.0,12.4,51.2,0.7335,2004-03-13 10:00:00
2004-03-13,11:00:00,158.0,1780.0,15.6,42.2,0.7451,2004-03-13 11:00:00
2004-03-13,12:00:00,161.0,1679.0,18.4,33.8,0.709,2004-03-13 12:00:00
2004-03-13,13:00:00,124.0,1600.0,19.4,31.3,0.695,2004-03-13 13:00:00
2004-03-13,14:00:00,102.0,1488.0,18.0,34.8,0.7127,2004-03-13 14:00:00
2004-03-13,15:00:00,116.0,1532.0,18.4,33.6,0.7042,2004-03-13 15:00:00
2004-03-13,16:00:00,124.0,1554.0,17.6,35.1,0.7012,2004-03-13 16:00:00
2004-03-13,17:00:00,125.0,1602.0,16.7,37.8,0.7117,2004-03-13 17:00:00
2004-03-13,18:00:00,148.0,1779.0,16.1,41.0,0.7451,2004-03-13 18:00:00
2004-03-13,19:00:00,165.0,1922.0,15.8,42.4,0.7569,2004-03-13 19:00:00
2004-03-13,20:00:00,161.0,1915.0,15.7,44.1,0.7786,2004-03-13 20:00:00
2004-03-13,21:00:00,159.0,1860.0,15.3,46.8,0.8091,2004-03-13 21:00:00
2004-03-13,22:00:00,143.0,1748.0,14.6,48.6,0.806,2004-03-13 22:00:00
2004-03-13,23:00:00,130.0,1603.0,14.7,49.3,0.8193,2004-03-13 23:00:00
2004-03-14,00:00:00,129.0,1611.0,13.9,53.6,0.8498,2004-03-14 00:00:00
2004-03-14,01:00:00,119.0,1624.0,14.6,51.5,0.8536,2004-03-14 01:00:00
2004-03-14,02:00:00,104.0,1543.0,12.5,58.9,0.8537,2004-03-14 02:00:00
2004-03-14,03:00:00,80.11538461538461,1620.0,11.6,63.4,0.8674,2004-03-14 03:00:00
2004-03-14,04:00:00,82.0,1452.0,12.1,61.1,0.8603,2004-03-14 04:00:00
2004-03-14,05:00:00,70.0,1377.0,11.5,63.1,0.8533,2004-03-14 05:00:00
2004-03-14,06:00:00,63.0,1333.0,11.6,62.2,0.8473,2004-03-14 06:00:00
2004-03-14,07:00:00,67.0,1340.0,10.4,67.6,0.853,2004-03-14 07:00:00
2004-03-14,08:00:00,84.0,1414.0,11.6,62.7,0.853,2004-03-14 08:00:00
2004-03-14,09:00:00,83.0,1527.0,12.4,60.0,0.8627,2004-03-14 09:00:00
2004-03-14,10:00:00,98.0,1614.0,14.5,53.1,0.8728,2004-03-14 10:00:00
2004-03-14,11:00:00,114.0,1696.0,16.9,46.1,0.8789,2004-03-14 11:00:00
2004-03-14,12:00:00,119.0,1677.0,19.3,38.3,0.8474,2004-03-14 12:00:00
2004-03-14,13:00:00,104.0,1525.0,21.2,31.4,0.7812,2004-03-14 13:00:00
2004-03-14,14:00:00,102.0,1490.0,21.4,30.2,0.7616,2004-03-14 14:00:00
2004-03-14,15:00:00,107.0,1511.0,21.9,29.0,0.7525,2004-03-14 15:00:00
2004-03-14,16:00:00,129.0,1646.0,22.2,28.4,0.7516,2004-03-14 16:00:00
2004-03-14,17:00:00,128.0,1668.0,21.3,30.8,0.7696,2004-03-14 17:00:00
2004-03-14,18:00:00,121.0,1671.0,19.7,36.7,0.8307,2004-03-14 18:00:00
2004-03-14,19:00:00,157.0,1993.0,18.4,41.7,0.8732,2004-03-14 19:00:00
2004-03-14,20:00:00,173.0,2103.0,17.6,46.1,0.921,2004-03-14 20:00:00
2004-03-14,21:00:00,146.0,1818.0,16.7,49.6,0.932,2004-03-14 21:00:00
2004-03-14,22:00:00,121.0,1587.0,16.3,51.0,0.9341,2004-03-14 22:00:00
2004-03-14,23:00:00,119.0,1617.0,14.7,55.9,0.9314,2004-03-14 23:00:00
2004-03-15,00:00:00,99.0,1547.0,14.8,54.7,0.9164,2004-03-15 00:00:00
2004-03-15,01:00:00,93.0,1543.0,14.0,57.0,0.9094,2004-03-15 01:00:00
2004-03-15,02:00:00,88.0,1566.0,13.4,61.3,0.9361,2004-03-15 02:00:00
2004-03-15,03:00:00,80.11538461538461,1487.0,12.6,63.5,0.923,2004-03-15 03:00:00
2004-03-15,04:00:00,71.0,1468.0,12.3,65.4,0.9351,2004-03-15 04:00:00
2004-03-15,05:00:00,74.0,1464.0,11.9,67.4,0.9375,2004-03-15 05:00:00
2004-03-15,06:00:00,80.0,1584.0,11.4,70.5,0.9475,2004-03-15 06:00:00
2004-03-15,07:00:00,89.0,1710.0,11.3,70.2,0.9401,2004-03-15 07:00:00
2004-03-15,08:00:00,114.0,2323.0,12.4,63.9,0.917,2004-03-15 08:00:00
2004-03-15,09:00:00,149.0,2665.0,14.8,54.3,0.9076,2004-03-15 09:00:00
2004-03-15,10:00:00,157.0,2262.0,17.4,45.6,0.8993,2004-03-15 10:00:00
2004-03-15,11:00:00,155.0,2029.0,19.8,38.5,0.8801,2004-03-15 11:00:00
2004-03-15,12:00:00,134.0,1783.0,22.0,34.1,0.8904,2004-03-15 12:00:00
2004-03-15,13:00:00,119.0,1831.0,23.3,32.2,0.9096,2004-03-15 13:00:00
2004-03-15,14:00:00,111.0,1829.0,23.9,30.0,0.8757,2004-03-15 14:00:00
2004-03-15,15:00:00,104.0,1707.0,24.4,28.9,0.8736,2004-03-15 15:00:00
2004-03-15,16:00:00,99.0,1675.0,24.4,29.4,0.8848,2004-03-15 16:00:00
2004-03-15,17:00:00,110.0,1824.0,23.8,31.3,0.9137,2004-03-15 17:00:00
2004-03-15,18:00:00,162.0,2447.0,22.5,35.4,0.9547,2004-03-15 18:00:00
2004-03-15,19:00:00,187.0,2679.0,20.4,42.5,1.0086,2004-03-15 19:00:00
2004-03-15,20:00:00,165.0,2443.0,18.3,52.6,1.0945,2004-03-15 20:00:00
2004-03-15,21:00:00,145.0,2058.0,16.7,57.4,1.0786,2004-03-15 21:00:00
2004-03-15,22:00:00,125.0,1856.0,15.7,60.2,1.0654,2004-03-15 22:00:00
2004-03-15,23:00:00,101.0,1547.0,15.3,61.4,1.058,2004-03-15 23:00:00
2004-03-16,00:00:00,103.0,1731.0,14.1,65.7,1.0494,2004-03-16 00:00:00
2004-03-16,01:00:00,88.0,1483.0,14.8,60.6,1.0148,2004-03-16 01:00:00
2004-03-16,02:00:00,61.0,1386.0,14.8,59.2,0.9879,2004-03-16 02:00:00
2004-03-16,03:00:00,80.11538461538461,1364.0,13.6,62.1,0.9636,2004-03-16 03:00:00
2004-03-16,04:00:00,59.0,1373.0,12.3,66.2,0.945,2004-03-16 04:00:00
2004-03-16,05:00:00,52.0,1348.0,12.8,63.2,0.9283,2004-03-16 05:00:00
2004-03-16,06:00:00,64.0,1418.0,11.2,68.5,0.9081,2004-03-16 06:00:00
2004-03-16,07:00:00,70.0,1467.0,11.0,66.5,0.8705,2004-03-16 07:00:00
2004-03-16,08:00:00,97.0,1889.0,11.7,63.7,0.8719,2004-03-16 08:00:00
2004-03-16,09:00:00,95.0,2055.0,13.6,56.3,0.8743,2004-03-16 09:00:00
2004-03-16,10:00:00,150.0,2211.0,17.8,42.9,0.8672,2004-03-16 10:00:00
2004-03-16,11:00:00,162.0,1973.0,21.4,33.3,0.8417,2004-03-16 11:00:00
2004-03-16,12:00:00,154.0,1868.0,24.4,27.4,0.8231,2004-03-16 12:00:00
2004-03-16,13:00:00,161.0,1998.0,25.3,26.1,0.8264,2004-03-16 13:00:00
2004-03-16,14:00:00,161.0,1897.0,25.8,23.2,0.7589,2004-03-16 14:00:00
2004-03-16,15:00:00,128.0,1675.0,27.0,20.2,0.7094,2004-03-16 15:00:00
2004-03-16,16:00:00,129.0,1759.0,28.2,18.6,0.7014,2004-03-16 16:00:00
2004-03-16,17:00:00,133.0,1739.0,28.0,19.1,0.7098,2004-03-16 17:00:00
2004-03-16,18:00:00,139.0,1778.0,23.9,25.7,0.7519,2004-03-16 18:00:00
2004-03-16,19:00:00,137.0,1875.0,21.3,34.8,0.873,2004-03-16 19:00:00
2004-03-16,20:00:00,143.0,1776.0,20.4,36.7,0.8704,2004-03-16 20:00:00
2004-03-16,21:00:00,177.0,2106.0,19.0,41.3,0.9007,2004-03-16 21:00:00
2004-03-16,22:00:00,138.0,1710.0,17.9,45.9,0.9342,2004-03-16 22:00:00
2004-03-16,23:00:00,117.0,1560.0,16.7,48.9,0.9226,2004-03-16 23:00:00
2004-03-17,00:00:00,107.0,1547.0,15.5,52.9,0.9271,2004-03-17 00:00:00
2004-03-17,01:00:00,90.0,1442.0,15.5,51.9,0.9059,2004-03-17 01:00:00
2004-03-17,02:00:00,79.0,1383.0,14.1,55.6,0.891,2004-03-17 02:00:00
2004-03-17,03:00:00,80.11538461538461,1332.0,13.1,57.9,0.8666,2004-03-17 03:00:00
2004-03-17,04:00:00,60.0,1303.0,12.7,57.9,0.8447,2004-03-17 04:00:00
2004-03-17,05:00:00,40.0,1268.0,11.8,58.0,0.8026,2004-03-17 05:00:00
2004-03-17,06:00:00,53.0,1289.0,11.9,57.4,0.7978,2004-03-17 06:00:00
2004-03-17,07:00:00,84.0,1556.0,9.9,65.2,0.7956,2004-03-17 07:00:00
2004-03-17,08:00:00,108.0,1999.0,11.1,60.2,0.7958,2004-03-17 08:00:00
2004-03-17,09:00:00,127.0,2535.0,14.1,50.0,0.802,2004-03-17 09:00:00
2004-03-17,10:00:00,134.0,2026.0,17.7,40.1,0.8048,2004-03-17 10:00:00
2004-03-17,11:00:00,135.0,1782.0,21.1,33.4,0.8265,2004-03-17 11:00:00
2004-03-17,12:00:00,142.0,1654.0,24.3,28.3,0.8471,2004-03-17 12:00:00
2004-03-17,13:00:00,153.0,1747.0,25.6,25.6,0.8254,2004-03-17 13:00:00
2004-03-17,14:00:00,123.0,1712.0,25.9,25.9,0.8503,2004-03-17 14:00:00
2004-03-17,15:00:00,104.0,1520.0,26.8,18.7,0.65,2004-03-17 15:00:00
2004-03-17,16:00:00,129.0,1679.0,29.3,15.8,0.6309,2004-03-17 16:00:00
2004-03-17,17:00:00,114.0,1525.0,28.5,14.9,0.5708,2004-03-17 17:00:00
2004-03-17,18:00:00,158.0,1981.0,25.9,16.0,0.5237,2004-03-17 18:00:00
2004-03-17,19:00:00,194.0,2414.0,23.1,26.5,0.7403,2004-03-17 19:00:00
2004-03-17,20:00:00,182.0,2416.0,20.5,38.2,0.9133,2004-03-17 20:00:00
2004-03-17,21:00:00,180.0,2174.0,19.1,42.6,0.9294,2004-03-17 21:00:00
2004-03-17,22:00:00,136.0,1727.0,17.2,44.1,0.8558,2004-03-17 22:00:00
2004-03-17,23:00:00,127.0,1778.0,16.0,50.9,0.9206,2004-03-17 23:00:00
2004-03-18,00:00:00,116.0,1669.0,14.8,53.9,0.9024,2004-03-18 00:00:00
2004-03-18,01:00:00,107.0,1502.0,14.3,55.4,0.8975,2004-03-18 01:00:00
2004-03-18,02:00:00,88.0,1407.0,14.8,52.1,0.8686,2004-03-18 02:00:00
2004-03-18,03:00:00,80.11538461538461,1351.0,13.9,53.9,0.8501,2004-03-18 03:00:00
2004-03-18,04:00:00,78.0,1334.0,11.6,61.9,0.8442,2004-03-18 04:00:00
2004-03-18,05:00:00,57.0,1307.0,12.0,58.9,0.8233,2004-03-18 05:00:00
2004-03-18,06:00:00,71.0,1333.0,10.9,62.1,0.8113,2004-03-18 06:00:00
2004-03-18,07:00:00,85.0,1551.0,10.6,63.3,0.8067,2004-03-18 07:00:00
2004-03-18,08:00:00,124.0,2094.0,11.5,60.0,0.8117,2004-03-18 08:00:00
2004-03-18,09:00:00,151.0,2468.0,14.3,50.6,0.8186,2004-03-18 09:00:00
2004-03-18,10:00:00,150.0,2010.0,17.8,40.5,0.821,2004-03-18 10:00:00
2004-03-18,11:00:00,152.0,1752.0,20.8,34.4,0.8365,2004-03-18 11:00:00
2004-03-18,12:00:00,139.0,1663.0,23.8,28.2,0.8219,2004-03-18 12:00:00
2004-03-18,13:00:00,133.0,1648.0,24.2,28.7,0.8515,2004-03-18 13:00:00
2004-03-18,14:00:00,126.0,1660.0,25.2,24.9,0.7829,2004-03-18 14:00:00
2004-03-18,15:00:00,128.0,1639.0,27.0,17.8,0.6275,2004-03-18 15:00:00
2004-03-18,16:00:00,169.0,1767.0,27.1,23.1,0.818,2004-03-18 16:00:00
2004-03-18,17:00:00,149.0,1689.0,25.8,23.9,0.7832,2004-03-18 17:00:00
2004-03-18,18:00:00,156.0,1957.0,23.0,26.8,0.7446,2004-03-18 18:00:00
2004-03-18,19:00:00,168.0,2118.0,20.7,31.1,0.7523,2004-03-18 19:00:00
2004-03-18,20:00:00,176.0,2051.0,18.6,36.2,0.7676,2004-03-18 20:00:00
2004-03-18,21:00:00,135.0,1732.0,16.0,48.4,0.8768,2004-03-18 21:00:00
2004-03-18,22:00:00,121.0,1621.0,14.5,57.8,0.9456,2004-03-18 22:00:00
2004-03-18,23:00:00,99.0,1545.0,13.1,64.2,0.9606,2004-03-18 23:00:00
2004-03-19,00:00:00,106.0,1606.0,12.0,69.7,0.9735,2004-03-19 00:00:00
2004-03-19,01:00:00,96.0,1501.0,11.9,71.1,0.9915,2004-03-19 01:00:00
2004-03-19,02:00:00,63.0,1380.0,12.5,69.3,1.0029,2004-03-19 02:00:00
2004-03-19,03:00:00,80.11538461538461,1301.0,12.5,67.5,0.9768,2004-03-19 03:00:00
2004-03-19,04:00:00,32.0,1280.0,12.3,67.7,0.9665,2004-03-19 04:00:00
2004-03-19,05:00:00,28.0,1260.0,12.5,66.8,0.962,2004-03-19 05:00:00
2004-03-19,06:00:00,61.0,1324.0,12.3,66.3,0.9487,2004-03-19 06:00:00
2004-03-19,07:00:00,99.0,1539.0,12.4,64.9,0.9332,2004-03-19 07:00:00
2004-03-19,08:00:00,157.0,2144.0,13.0,61.6,0.9209,2004-03-19 08:00:00
2004-03-19,09:00:00,166.0,2456.0,13.6,58.8,0.912,2004-03-19 09:00:00
2004-03-19,10:00:00,149.0,1980.0,13.9,57.1,0.9032,2004-03-19 10:00:00
2004-03-19,11:00:00,135.0,1879.0,14.5,54.4,0.8917,2004-03-19 11:00:00
2004-03-19,12:00:00,127.0,1751.0,15.5,50.1,0.8744,2004-03-19 12:00:00
2004-03-19,13:00:00,122.0,1801.0,16.1,47.6,0.8655,2004-03-19 13:00:00
2004-03-19,14:00:00,135.0,1875.0,16.3,47.1,0.864,2004-03-19 14:00:00
2004-03-19,15:00:00,139.0,1957.0,16.4,47.5,0.8791,2004-03-19 15:00:00
2004-03-19,16:00:00,147.0,1955.0,16.1,50.2,0.9094,2004-03-19 16:00:00
2004-03-19,17:00:00,158.0,2005.0,16.0,50.7,0.9142,2004-03-19 17:00:00
2004-03-19,18:00:00,146.0,1952.0,15.8,50.3,0.8989,2004-03-19 18:00:00
2004-03-19,19:00:00,144.0,1997.0,15.5,50.6,0.884,2004-03-19 19:00:00
2004-03-19,20:00:00,138.0,1942.0,15.4,51.4,0.8956,2004-03-19 20:00:00
2004-03-19,21:00:00,143.0,1854.0,15.2,53.1,0.9117,2004-03-19 21:00:00
2004-03-19,22:00:00,116.0,1604.0,14.7,57.6,0.9573,2004-03-19 22:00:00
2004-03-19,23:00:00,109.0,1547.0,14.2,58.3,0.938,2004-03-19 23:00:00
2004-03-20,00:00:00,92.0,1447.0,13.8,57.9,0.9085,2004-03-20 00:00:00
2004-03-20,01:00:00,83.0,1429.0,13.9,55.9,0.8842,2004-03-20 01:00:00
2004-03-20,02:00:00,81.0,1382.0,13.9,55.6,0.8765,2004-03-20 02:00:00
2004-03-20,03:00:00,80.11538461538461,1359.0,13.8,55.1,0.8666,2004-03-20 03:00:00
2004-03-20,04:00:00,55.0,1332.0,13.8,54.6,0.8574,2004-03-20 04:00:00
2004-03-20,05:00:00,53.0,1351.0,13.6,55.1,0.856,2004-03-20 05:00:00
2004-03-20,06:00:00,67.0,1342.0,13.6,59.0,0.9129,2004-03-20 06:00:00
2004-03-20,07:00:00,91.0,1461.0,13.5,58.4,0.896,2004-03-20 07:00:00
2004-03-20,08:00:00,113.0,1623.0,13.8,58.0,0.9083,2004-03-20 08:00:00
2004-03-20,09:00:00,102.0,1689.0,14.6,53.1,0.8765,2004-03-20 09:00:00
2004-03-20,10:00:00,107.0,1764.0,15.0,52.3,0.8881,2004-03-20 10:00:00
2004-03-20,11:00:00,113.0,1768.0,15.4,52.1,0.9046,2004-03-20 11:00:00
2004-03-20,12:00:00,108.0,1757.0,16.3,50.0,0.9158,2004-03-20 12:00:00
2004-03-20,13:00:00,105.0,1735.0,17.1,47.9,0.9281,2004-03-20 13:00:00
2004-03-20,14:00:00,93.0,1636.0,19.0,42.9,0.937,2004-03-20 14:00:00
2004-03-20,15:00:00,87.0,1573.0,19.5,42.3,0.9476,2004-03-20 15:00:00
2004-03-20,16:00:00,76.0,1539.0,19.5,42.3,0.9493,2004-03-20 16:00:00
2004-03-20,17:00:00,94.0,1649.0,19.1,43.8,0.9556,2004-03-20 17:00:00
2004-03-20,18:00:00,110.0,1774.0,18.5,46.3,0.9744,2004-03-20 18:00:00
2004-03-20,19:00:00,136.0,1919.0,17.4,51.6,1.0159,2004-03-20 19:00:00
2004-03-20,20:00:00,139.0,1885.0,17.1,51.3,0.9914,2004-03-20 20:00:00
2004-03-20,21:00:00,125.0,1820.0,16.4,53.8,0.9964,2004-03-20 21:00:00
2004-03-20,22:00:00,111.0,1712.0,16.2,55.4,1.0132,2004-03-20 22:00:00
2004-03-20,23:00:00,97.0,1672.0,15.9,57.7,1.0356,2004-03-20 23:00:00
2004-03-21,00:00:00,107.0,1714.0,15.7,58.6,1.0396,2004-03-21 00:00:00
2004-03-21,01:00:00,90.0,1577.0,15.1,60.9,1.0398,2004-03-21 01:00:00
2004-03-21,02:00:00,84.0,1526.0,15.6,56.6,0.9951,2004-03-21 02:00:00
2004-03-21,03:00:00,80.11538461538461,1554.0,15.2,57.9,0.9941,2004-03-21 03:00:00
2004-03-21,04:00:00,87.0,1539.0,15.4,57.8,1.0021,2004-03-21 04:00:00
2004-03-21,05:00:00,66.0,1461.0,14.9,60.6,1.0196,2004-03-21 05:00:00
2004-03-21,06:00:00,36.0,1390.0,14.5,63.0,1.0316,2004-03-21 06:00:00
2004-03-21,07:00:00,62.0,1492.0,14.2,66.2,1.063,2004-03-21 07:00:00
2004-03-21,08:00:00,91.0,1528.0,14.5,65.3,1.0704,2004-03-21 08:00:00
2004-03-21,09:00:00,89.0,1560.0,15.3,62.1,1.073,2004-03-21 09:00:00
2004-03-21,10:00:00,93.0,1633.0,16.3,59.0,1.0868,2004-03-21 10:00:00
2004-03-21,11:00:00,81.0,1646.0,18.9,49.6,1.07,2004-03-21 11:00:00
2004-03-21,12:00:00,82.0,1617.0,19.4,46.1,1.0249,2004-03-21 12:00:00
2004-03-21,13:00:00,80.0,1568.0,20.8,41.6,1.0091,2004-03-21 13:00:00
2004-03-21,14:00:00,48.0,1507.0,21.4,40.3,1.0126,2004-03-21 14:00:00
2004-03-21,15:00:00,61.0,1669.0,21.2,39.3,0.9791,2004-03-21 15:00:00
2004-03-21,16:00:00,89.0,1506.0,20.3,38.0,0.8942,2004-03-21 16:00:00
2004-03-21,17:00:00,105.0,1607.0,19.4,41.3,0.9206,2004-03-21 17:00:00
2004-03-21,18:00:00,116.0,1874.0,18.5,43.8,0.9252,2004-03-21 18:00:00
2004-03-21,19:00:00,119.0,1744.0,17.8,48.1,0.9689,2004-03-21 19:00:00
2004-03-21,20:00:00,144.0,1840.0,17.9,46.9,0.952,2004-03-21 20:00:00
2004-03-21,21:00:00,123.0,1673.0,17.4,49.1,0.9688,2004-03-21 21:00:00
2004-03-21,22:00:00,105.0,1594.0,17.0,51.7,0.9914,2004-03-21 22:00:00
2004-03-21,23:00:00,93.0,1624.0,16.4,55.1,1.0198,2004-03-21 23:00:00
2004-03-22,00:00:00,86.0,1582.0,16.1,60.0,1.0919,2004-03-22 00:00:00
2004-03-22,01:00:00,76.0,1547.0,15.8,60.5,1.0805,2004-03-22 01:00:00
2004-03-22,02:00:00,33.0,1355.0,16.3,57.0,1.0491,2004-03-22 02:00:00
2004-03-22,03:00:00,80.11538461538461,1274.0,16.9,53.9,1.0309,2004-03-22 03:00:00
2004-03-22,04:00:00,27.0,1304.0,16.1,55.9,1.0153,2004-03-22 04:00:00
2004-03-22,05:00:00,23.0,1278.0,16.5,53.9,1.0049,2004-03-22 05:00:00
2004-03-22,06:00:00,46.0,1373.0,16.4,54.0,0.9979,2004-03-22 06:00:00
2004-03-22,07:00:00,76.0,1538.0,15.7,57.6,1.0195,2004-03-22 07:00:00
2004-03-22,08:00:00,116.0,1996.0,15.8,53.7,0.9571,2004-03-22 08:00:00
2004-03-22,09:00:00,115.0,1962.0,17.4,42.1,0.8281,2004-03-22 09:00:00
2004-03-22,10:00:00,83.0,1484.0,17.9,38.4,0.7793,2004-03-22 10:00:00
2004-03-22,11:00:00,87.0,1509.0,18.5,36.7,0.7764,2004-03-22 11:00:00
2004-03-22,12:00:00,90.0,1577.0,21.0,29.6,0.7263,2004-03-22 12:00:00
2004-03-22,13:00:00,87.0,1599.0,21.3,28.1,0.7067,2004-03-22 13:00:00
2004-03-22,14:00:00,99.0,1607.0,21.3,26.1,0.6539,2004-03-22 14:00:00
2004-03-22,15:00:00,99.0,1574.0,21.3,26.8,0.6681,2004-03-22 15:00:00
2004-03-22,16:00:00,101.0,1544.0,21.3,24.2,0.606,2004-03-22 16:00:00
2004-03-22,17:00:00,103.0,1606.0,20.2,28.5,0.6682,2004-03-22 17:00:00
2004-03-22,18:00:00,129.0,1932.0,17.0,43.1,0.8264,2004-03-22 18:00:00
2004-03-22,19:00:00,143.0,1993.0,15.6,47.4,0.8347,2004-03-22 19:00:00
2004-03-22,20:00:00,146.0,1965.0,15.3,47.4,0.8178,2004-03-22 20:00:00
2004-03-22,21:00:00,124.0,1758.0,14.5,49.7,0.8177,2004-03-22 21:00:00
2004-03-22,22:00:00,113.0,1561.0,13.9,52.0,0.8231,2004-03-22 22:00:00
2004-03-22,23:00:00,80.0,1370.0,14.5,49.4,0.8106,2004-03-22 23:00:00
2004-03-23,00:00:00,72.0,1359.0,13.8,51.4,0.8071,2004-03-23 00:00:00
2004-03-23,01:00:00,64.0,1309.0,14.0,51.3,0.8163,2004-03-23 01:00:00
2004-03-23,02:00:00,70.0,1330.0,13.0,56.8,0.8444,2004-03-23 02:00:00
2004-03-23,03:00:00,80.11538461538461,1285.0,11.0,70.0,0.9215,2004-03-23 03:00:00
2004-03-23,04:00:00,31.0,1261.0,10.1,76.8,0.9483,2004-03-23 04:00:00
2004-03-23,05:00:00,22.0,1212.0,8.8,80.5,0.9147,2004-03-23 05:00:00
2004-03-23,06:00:00,47.0,1287.0,9.6,75.4,0.9004,2004-03-23 06:00:00
2004-03-23,07:00:00,88.0,1429.0,9.8,75.0,0.9093,2004-03-23 07:00:00
2004-03-23,08:00:00,130.0,1829.0,10.0,74.2,0.9117,2004-03-23 08:00:00
2004-03-23,09:00:00,132.0,2095.0,11.2,69.7,0.9232,2004-03-23 09:00:00
2004-03-23,10:00:00,132.0,1857.0,12.0,62.9,0.8803,2004-03-23 10:00:00
2004-03-23,11:00:00,131.0,1794.0,12.8,55.8,0.821,2004-03-23 11:00:00
2004-03-23,12:00:00,129.0,1746.0,13.1,54.8,0.8234,2004-03-23 12:00:00
2004-03-23,13:00:00,132.0,1847.0,13.8,53.4,0.8351,2004-03-23 13:00:00
2004-03-23,14:00:00,110.0,1639.0,16.0,42.4,0.7674,2004-03-23 14:00:00
2004-03-23,15:00:00,99.0,1589.0,14.1,49.8,0.7971,2004-03-23 15:00:00
2004-03-23,16:00:00,100.0,1570.0,12.0,61.1,0.8537,2004-03-23 16:00:00
2004-03-23,17:00:00,122.0,1719.0,13.6,54.6,0.8465,2004-03-23 17:00:00
2004-03-23,18:00:00,97.0,1514.0,13.7,49.5,0.7695,2004-03-23 18:00:00
2004-03-23,19:00:00,112.0,1688.0,11.7,57.1,0.7822,2004-03-23 19:00:00
2004-03-23,20:00:00,128.0,1722.0,11.5,58.2,0.7867,2004-03-23 20:00:00
2004-03-23,21:00:00,101.0,1487.0,12.6,54.2,0.7881,2004-03-23 21:00:00
2004-03-23,22:00:00,96.0,1375.0,12.0,54.9,0.7664,2004-03-23 22:00:00
2004-03-23,23:00:00,86.0,1425.0,11.0,61.4,0.8057,2004-03-23 23:00:00
2004-03-24,00:00:00,85.0,1411.0,11.1,62.2,0.8199,2004-03-24 00:00:00
2004-03-24,01:00:00,79.0,1405.0,10.8,62.5,0.8082,2004-03-24 01:00:00
2004-03-24,02:00:00,61.0,1326.0,11.3,60.0,0.8025,2004-03-24 02:00:00
2004-03-24,03:00:00,80.11538461538461,1272.0,10.6,61.6,0.7856,2004-03-24 03:00:00
2004-03-24,04:00:00,66.0,1287.0,10.2,62.7,0.7813,2004-03-24 04:00:00
2004-03-24,05:00:00,54.0,1255.0,10.9,58.6,0.7628,2004-03-24 05:00:00
2004-03-24,06:00:00,57.0,1255.0,10.8,57.2,0.7382,2004-03-24 06:00:00
2004-03-24,07:00:00,75.0,1403.0,10.4,59.2,0.7455,2004-03-24 07:00:00
2004-03-24,08:00:00,97.0,1706.0,11.0,57.3,0.7501,2004-03-24 08:00:00
2004-03-24,09:00:00,110.0,2080.0,11.2,56.9,0.7565,2004-03-24 09:00:00
2004-03-24,10:00:00,113.0,1770.0,12.1,54.9,0.7734,2004-03-24 10:00:00
2004-03-24,11:00:00,88.0,1505.0,15.1,44.3,0.7535,2004-03-24 11:00:00
2004-03-24,12:00:00,85.0,1440.0,15.6,40.6,0.7146,2004-03-24 12:00:00
2004-03-24,13:00:00,96.0,1477.0,16.9,34.6,0.6597,2004-03-24 13:00:00
2004-03-24,14:00:00,106.0,1566.0,16.6,35.6,0.6697,2004-03-24 14:00:00
2004-03-24,15:00:00,91.0,1494.0,11.3,63.9,0.8554,2004-03-24 15:00:00
2004-03-24,16:00:00,126.0,1730.0,9.6,81.1,0.972,2004-03-24 16:00:00
2004-03-24,17:00:00,130.0,1783.0,11.7,69.1,0.9497,2004-03-24 17:00:00
2004-03-24,18:00:00,111.0,1722.0,10.7,68.5,0.8794,2004-03-24 18:00:00
2004-03-24,19:00:00,134.0,2008.0,10.7,67.3,0.8643,2004-03-24 19:00:00
2004-03-24,20:00:00,136.0,1744.0,10.8,65.7,0.8486,2004-03-24 20:00:00
2004-03-24,21:00:00,125.0,1571.0,10.3,66.3,0.8336,2004-03-24 21:00:00
2004-03-24,22:00:00,108.0,1435.0,10.1,66.9,0.8248,2004-03-24 22:00:00
2004-03-24,23:00:00,87.0,1354.0,10.4,61.1,0.7717,2004-03-24 23:00:00
2004-03-25,00:00:00,89.0,1341.0,10.3,59.9,0.7516,2004-03-25 00:00:00
2004-03-25,01:00:00,58.0,1249.0,11.0,58.4,0.7686,2004-03-25 01:00:00
2004-03-25,02:00:00,54.0,1253.0,9.1,68.1,0.789,2004-03-25 02:00:00
2004-03-25,03:00:00,80.11538461538461,1224.0,9.5,68.2,0.8091,2004-03-25 03:00:00
2004-03-25,04:00:00,28.0,1212.0,9.3,72.3,0.8496,2004-03-25 04:00:00
2004-03-25,05:00:00,20.0,1158.0,9.9,66.8,0.8152,2004-03-25 05:00:00
2004-03-25,06:00:00,51.0,1268.0,7.6,83.2,0.8695,2004-03-25 06:00:00
2004-03-25,07:00:00,82.0,1383.0,8.1,79.0,0.8544,2004-03-25 07:00:00
2004-03-25,08:00:00,112.0,1721.0,8.7,74.6,0.8429,2004-03-25 08:00:00
2004-03-25,09:00:00,119.0,1937.0,8.6,75.1,0.8415,2004-03-25 09:00:00
2004-03-25,10:00:00,99.0,1552.0,9.7,69.7,0.8389,2004-03-25 10:00:00
2004-03-25,11:00:00,98.0,1468.0,11.0,64.4,0.8447,2004-03-25 11:00:00
2004-03-25,12:00:00,88.0,1442.0,13.6,53.0,0.8209,2004-03-25 12:00:00
2004-03-25,13:00:00,96.0,1570.0,14.2,48.4,0.778,2004-03-25 13:00:00
2004-03-25,14:00:00,81.0,1492.0,14.2,46.3,0.7438,2004-03-25 14:00:00
2004-03-25,15:00:00,92.0,1501.0,16.0,41.3,0.7462,2004-03-25 15:00:00
2004-03-25,16:00:00,105.0,1545.0,17.7,35.4,0.7094,2004-03-25 16:00:00
2004-03-25,17:00:00,88.0,1527.0,17.1,37.4,0.7225,2004-03-25 17:00:00
2004-03-25,18:00:00,103.0,1748.0,14.9,40.5,0.6835,2004-03-25 18:00:00
2004-03-25,19:00:00,141.0,2060.0,13.4,47.8,0.7293,2004-03-25 19:00:00
2004-03-25,20:00:00,133.0,1982.0,12.6,52.5,0.7642,2004-03-25 20:00:00
2004-03-25,21:00:00,119.0,1539.0,12.2,53.2,0.7555,2004-03-25 21:00:00
2004-03-25,22:00:00,106.0,1376.0,10.6,56.1,0.714,2004-03-25 22:00:00
2004-03-25,23:00:00,92.0,1324.0,9.9,59.5,0.7276,2004-03-25 23:00:00
2004-03-26,00:00:00,97.0,1373.0,9.6,61.1,0.7323,2004-03-26 00:00:00
2004-03-26,01:00:00,91.0,1357.0,9.7,61.6,0.7425,2004-03-26 01:00:00
2004-03-26,02:00:00,83.0,1313.0,9.4,62.6,0.7398,2004-03-26 02:00:00
2004-03-26,03:00:00,80.11538461538461,1219.0,8.2,68.5,0.7455,2004-03-26 03:00:00
2004-03-26,04:00:00,59.0,1263.0,8.0,69.4,0.7459,2004-03-26 04:00:00
2004-03-26,05:00:00,73.0,1312.0,7.7,72.4,0.7655,2004-03-26 05:00:00
2004-03-26,06:00:00,78.0,1363.0,8.0,71.8,0.7711,2004-03-26 06:00:00
2004-03-26,07:00:00,90.0,1438.0,8.5,66.3,0.7375,2004-03-26 07:00:00
2004-03-26,08:00:00,110.0,1828.0,9.8,59.6,0.7214,2004-03-26 08:00:00
2004-03-26,09:00:00,114.0,1928.0,11.2,57.0,0.7544,2004-03-26 09:00:00
2004-03-26,10:00:00,119.0,1747.0,14.8,44.1,0.7407,2004-03-26 10:00:00
2004-03-26,11:00:00,121.0,1664.0,16.8,35.3,0.6729,2004-03-26 11:00:00
2004-03-26,12:00:00,97.0,1503.0,19.2,27.1,0.5976,2004-03-26 12:00:00
2004-03-26,13:00:00,99.0,1535.0,19.1,26.2,0.5741,2004-03-26 13:00:00
2004-03-26,14:00:00,85.0,1391.0,16.3,30.8,0.5683,2004-03-26 14:00:00
2004-03-26,15:00:00,75.0,1279.0,14.2,36.8,0.5922,2004-03-26 15:00:00
2004-03-26,16:00:00,87.0,1454.0,13.4,41.0,0.6292,2004-03-26 16:00:00
2004-03-26,17:00:00,102.0,1588.0,14.2,43.3,0.6982,2004-03-26 17:00:00
2004-03-26,18:00:00,105.0,1580.0,12.1,45.6,0.6403,2004-03-26 18:00:00
2004-03-26,19:00:00,98.0,1540.0,10.4,48.0,0.6046,2004-03-26 19:00:00
2004-03-26,20:00:00,93.0,1490.0,10.0,51.1,0.628,2004-03-26 20:00:00
2004-03-26,21:00:00,91.0,1308.0,9.8,50.8,0.6172,2004-03-26 21:00:00
2004-03-26,22:00:00,85.0,1252.0,9.7,50.4,0.6063,2004-03-26 22:00:00
2004-03-26,23:00:00,74.0,1258.0,9.9,50.2,0.6103,2004-03-26 23:00:00
2004-03-27,00:00:00,87.0,1307.0,9.4,53.4,0.63,2004-03-27 00:00:00
2004-03-27,01:00:00,79.0,1232.0,8.6,57.8,0.6488,2004-03-27 01:00:00
2004-03-27,02:00:00,78.0,1312.0,8.1,62.1,0.6746,2004-03-27 02:00:00
2004-03-27,03:00:00,80.11538461538461,1292.0,7.9,63.5,0.6777,2004-03-27 03:00:00
2004-03-27,04:00:00,63.0,1296.0,7.4,64.8,0.6683,2004-03-27 04:00:00
2004-03-27,05:00:00,48.0,1212.0,8.2,58.9,0.6444,2004-03-27 05:00:00
2004-03-27,06:00:00,59.0,1250.0,6.3,66.6,0.641,2004-03-27 06:00:00
2004-03-27,07:00:00,65.0,1266.0,7.2,62.9,0.6396,2004-03-27 07:00:00
2004-03-27,08:00:00,71.0,1418.0,7.2,63.9,0.65,2004-03-27 08:00:00
2004-03-27,09:00:00,84.0,1530.0,11.1,50.5,0.6654,2004-03-27 09:00:00
2004-03-27,10:00:00,93.0,1520.0,15.5,36.1,0.6313,2004-03-27 10:00:00
2004-03-27,11:00:00,99.0,1451.0,17.8,29.2,0.592,2004-03-27 11:00:00
2004-03-27,12:00:00,93.0,1449.0,17.6,30.1,0.6013,2004-03-27 12:00:00
2004-03-27,13:00:00,96.0,1467.0,19.1,26.8,0.5861,2004-03-27 13:00:00
2004-03-27,14:00:00,114.0,1596.0,17.7,28.6,0.5735,2004-03-27 14:00:00
2004-03-27,15:00:00,101.0,1357.0,17.8,28.4,0.5737,2004-03-27 15:00:00
2004-03-27,16:00:00,108.0,1538.0,18.7,26.0,0.5555,2004-03-27 16:00:00
2004-03-27,17:00:00,117.0,1508.0,17.1,31.3,0.6038,2004-03-27 17:00:00
2004-03-27,18:00:00,125.0,1586.0,15.8,36.1,0.644,2004-03-27 18:00:00
2004-03-27,19:00:00,133.0,1621.0,14.7,40.1,0.6657,2004-03-27 19:00:00
2004-03-27,20:00:00,119.0,1633.0,13.6,44.9,0.6991,2004-03-27 20:00:00
2004-03-27,21:00:00,107.0,1475.0,12.5,48.1,0.6946,2004-03-27 21:00:00
2004-03-27,22:00:00,96.0,1421.0,11.8,50.8,0.7042,2004-03-27 22:00:00
2004-03-27,23:00:00,105.0,1483.0,10.9,56.1,0.7326,2004-03-27 23:00:00
2004-03-28,00:00:00,102.0,1464.0,10.9,55.9,0.7277,2004-03-28 00:00:00
2004-03-28,01:00:00,97.0,1451.0,10.3,58.1,0.7278,2004-03-28 01:00:00
2004-03-28,02:00:00,79.0,1395.0,9.3,62.2,0.7294,2004-03-28 02:00:00
2004-03-28,03:00:00,80.11538461538461,1501.0,8.2,66.7,0.7276,2004-03-28 03:00:00
2004-03-28,04:00:00,69.0,1396.0,8.3,64.9,0.7124,2004-03-28 04:00:00
2004-03-28,05:00:00,52.0,1284.0,9.6,58.5,0.7,2004-03-28 05:00:00
2004-03-28,06:00:00,62.0,1342.0,7.7,66.4,0.699,2004-03-28 06:00:00
2004-03-28,07:00:00,69.0,1321.0,7.4,68.0,0.7043,2004-03-28 07:00:00
2004-03-28,08:00:00,75.0,1382.0,9.7,58.6,0.7035,2004-03-28 08:00:00
2004-03-28,09:00:00,83.0,1486.0,12.5,50.1,0.7242,2004-03-28 09:00:00
2004-03-28,10:00:00,94.0,1501.0,16.8,36.9,0.7018,2004-03-28 10:00:00
2004-03-28,11:00:00,96.0,1514.0,19.2,31.3,0.6887,2004-03-28 11:00:00
2004-03-28,12:00:00,86.0,1438.0,21.3,26.4,0.6607,2004-03-28 12:00:00
2004-03-28,13:00:00,72.0,1287.0,21.2,23.1,0.5768,2004-03-28 13:00:00
2004-03-28,14:00:00,53.0,1189.0,18.6,25.0,0.5319,2004-03-28 14:00:00
2004-03-28,15:00:00,65.0,1260.0,18.0,27.3,0.5594,2004-03-28 15:00:00
2004-03-28,16:00:00,70.0,1244.0,18.2,28.3,0.5848,2004-03-28 16:00:00
2004-03-28,17:00:00,75.0,1238.0,17.0,31.4,0.6048,2004-03-28 17:00:00
2004-03-28,18:00:00,86.0,1301.0,15.6,35.0,0.617,2004-03-28 18:00:00
2004-03-28,19:00:00,94.0,1357.0,14.1,40.2,0.6438,2004-03-28 19:00:00
2004-03-28,20:00:00,103.0,1329.0,13.4,43.2,0.6623,2004-03-28 20:00:00
2004-03-28,21:00:00,81.0,1246.0,12.3,46.8,0.6686,2004-03-28 21:00:00
2004-03-28,22:00:00,80.0,1224.0,11.9,46.5,0.6449,2004-03-28 22:00:00
2004-03-28,23:00:00,77.0,1204.0,11.5,46.6,0.6319,2004-03-28 23:00:00
2004-03-29,00:00:00,58.0,1156.0,10.6,48.0,0.6135,2004-03-29 00:00:00
2004-03-29,01:00:00,31.0,1071.0,10.7,45.8,0.5895,2004-03-29 01:00:00
2004-03-29,02:00:00,38.0,1076.0,10.4,46.6,0.5901,2004-03-29 02:00:00
2004-03-29,03:00:00,80.11538461538461,1095.0,10.1,47.8,0.5913,2004-03-29 03:00:00
2004-03-29,04:00:00,59.0,1153.0,11.3,46.9,0.628,2004-03-29 04:00:00
2004-03-29,05:00:00,70.0,1180.0,10.1,51.2,0.6341,2004-03-29 05:00:00
2004-03-29,06:00:00,75.0,1232.0,9.9,50.7,0.6167,2004-03-29 06:00:00
2004-03-29,07:00:00,103.0,1687.0,8.1,56.8,0.615,2004-03-29 07:00:00
2004-03-29,08:00:00,134.0,1806.0,10.9,44.1,0.5748,2004-03-29 08:00:00
2004-03-29,09:00:00,98.0,1258.0,11.8,37.6,0.5184,2004-03-29 09:00:00
2004-03-29,10:00:00,97.0,1254.0,13.9,33.2,0.5222,2004-03-29 10:00:00
2004-03-29,11:00:00,98.0,1293.0,15.6,30.1,0.5285,2004-03-29 11:00:00
2004-03-29,12:00:00,78.0,1272.0,16.5,29.0,0.5406,2004-03-29 12:00:00
2004-03-29,13:00:00,83.0,1332.0,17.5,27.9,0.5517,2004-03-29 13:00:00
2004-03-29,14:00:00,92.0,1268.0,17.9,26.8,0.5446,2004-03-29 14:00:00
2004-03-29,15:00:00,81.0,1247.0,18.2,26.1,0.5387,2004-03-29 15:00:00
2004-03-29,16:00:00,90.0,1289.0,18.0,27.1,0.5522,2004-03-29 16:00:00
2004-03-29,17:00:00,95.0,1358.0,17.0,28.9,0.5558,2004-03-29 17:00:00
2004-03-29,18:00:00,114.0,1477.0,16.1,31.3,0.568,2004-03-29 18:00:00
2004-03-29,19:00:00,106.0,1404.0,14.5,35.4,0.5839,2004-03-29 19:00:00
2004-03-29,20:00:00,99.0,1302.0,13.2,37.9,0.5733,2004-03-29 20:00:00
2004-03-29,21:00:00,90.0,1178.0,13.1,34.4,0.517,2004-03-29 21:00:00
2004-03-29,22:00:00,82.0,1137.0,13.5,28.5,0.4405,2004-03-29 22:00:00
2004-03-29,23:00:00,74.0,1089.0,12.4,31.9,0.4583,2004-03-29 23:00:00
2004-03-30,00:00:00,76.0,1050.0,13.1,26.8,0.4023,2004-03-30 00:00:00
2004-03-30,01:00:00,66.0,1055.0,11.6,33.6,0.4595,2004-03-30 01:00:00
2004-03-30,02:00:00,73.0,1130.0,10.5,42.9,0.5442,2004-03-30 02:00:00
2004-03-30,03:00:00,80.11538461538461,1104.0,11.7,38.7,0.5298,2004-03-30 03:00:00
2004-03-30,04:00:00,69.0,1101.0,12.2,37.2,0.5277,2004-03-30 04:00:00
2004-03-30,05:00:00,71.0,1117.0,12.9,33.9,0.5037,2004-03-30 05:00:00
2004-03-30,06:00:00,98.0,1266.0,11.3,40.3,0.5376,2004-03-30 06:00:00
2004-03-30,07:00:00,115.0,1587.0,11.9,38.4,0.5341,2004-03-30 07:00:00
2004-03-30,08:00:00,130.0,1947.0,13.3,35.6,0.5416,2004-03-30 08:00:00
2004-03-30,09:00:00,150.0,1852.0,16.3,28.8,0.5305,2004-03-30 09:00:00
2004-03-30,10:00:00,159.0,1872.0,17.9,28.2,0.5741,2004-03-30 10:00:00
2004-03-30,11:00:00,146.0,1754.0,18.3,26.6,0.5529,2004-03-30 11:00:00
2004-03-30,12:00:00,138.0,1763.0,20.8,22.5,0.5463,2004-03-30 12:00:00
2004-03-30,13:00:00,128.0,1711.0,22.4,20.0,0.5352,2004-03-30 13:00:00
2004-03-30,14:00:00,97.0,1448.0,20.9,21.7,0.5295,2004-03-30 14:00:00
2004-03-30,15:00:00,91.0,1372.0,19.1,26.5,0.579,2004-03-30 15:00:00
2004-03-30,16:00:00,81.0,1325.0,18.1,30.6,0.6295,2004-03-30 16:00:00
2004-03-30,17:00:00,99.0,1527.0,17.3,34.7,0.6788,2004-03-30 17:00:00
2004-03-30,18:00:00,101.0,1532.0,15.8,40.4,0.7228,2004-03-30 18:00:00
2004-03-30,19:00:00,106.0,1638.0,15.9,42.0,0.7541,2004-03-30 19:00:00
2004-03-30,20:00:00,102.0,1534.0,15.9,43.5,0.779,2004-03-30 20:00:00
2004-03-30,21:00:00,84.0,1360.0,15.0,46.1,0.7833,2004-03-30 21:00:00
2004-03-30,22:00:00,81.0,1323.0,15.1,44.6,0.7574,2004-03-30 22:00:00
2004-03-30,23:00:00,91.0,1360.0,14.9,43.5,0.7302,2004-03-30 23:00:00
2004-03-31,00:00:00,82.0,1287.0,14.8,41.0,0.685,2004-03-31 00:00:00
2004-03-31,01:00:00,64.0,1240.0,14.8,40.8,0.6814,2004-03-31 01:00:00
2004-03-31,02:00:00,70.0,1256.0,14.8,40.8,0.6834,2004-03-31 02:00:00
2004-03-31,03:00:00,80.11538461538461,1066.0,14.2,36.1,0.5823,2004-03-31 03:00:00
2004-03-31,04:00:00,26.0,1064.0,14.5,36.1,0.5928,2004-03-31 04:00:00
2004-03-31,05:00:00,58.0,1131.0,14.6,36.0,0.5947,2004-03-31 05:00:00
2004-03-31,06:00:00,93.0,1279.0,14.4,38.5,0.6291,2004-03-31 06:00:00
2004-03-31,07:00:00,110.0,1926.0,13.8,58.2,0.9129,2004-03-31 07:00:00
2004-03-31,08:00:00,115.0,1957.0,13.2,61.1,0.9256,2004-03-31 08:00:00
2004-03-31,09:00:00,125.0,1576.0,10.4,74.4,0.9384,2004-03-31 09:00:00
2004-03-31,10:00:00,118.0,1498.0,11.5,71.0,0.9582,2004-03-31 10:00:00
2004-03-31,11:00:00,109.0,1579.0,12.2,70.0,0.9924,2004-03-31 11:00:00
2004-03-31,12:00:00,123.0,1772.0,12.3,73.3,1.0442,2004-03-31 12:00:00
2004-03-31,13:00:00,114.0,1638.0,11.3,78.1,1.0411,2004-03-31 13:00:00
2004-03-31,14:00:00,114.0,1748.0,13.6,69.2,1.0746,2004-03-31 14:00:00
2004-03-31,15:00:00,119.0,1799.0,14.9,59.3,0.9974,2004-03-31 15:00:00
2004-03-31,16:00:00,111.0,1637.0,15.7,50.9,0.8997,2004-03-31 16:00:00
2004-03-31,17:00:00,103.0,1681.0,15.2,52.9,0.9087,2004-03-31 17:00:00
2004-03-31,18:00:00,103.0,1712.0,15.5,50.8,0.8881,2004-03-31 18:00:00
2004-03-31,19:00:00,107.0,1669.0,14.3,52.9,0.8581,2004-03-31 19:00:00
2004-03-31,20:00:00,105.0,1588.0,13.2,56.0,0.8446,2004-03-31 20:00:00
2004-03-31,21:00:00,91.0,1418.0,12.6,57.0,0.8315,2004-03-31 21:00:00
2004-03-31,22:00:00,79.0,1409.0,12.3,57.8,0.8224,2004-03-31 22:00:00
2004-03-31,23:00:00,79.0,1395.0,12.0,58.4,0.8164,2004-03-31 23:00:00
2004-04-01,00:00:00,86.0,1477.0,12.0,61.6,0.8593,2004-04-01 00:00:00
2004-04-01,01:00:00,70.0,1425.0,11.5,63.9,0.8652,2004-04-01 01:00:00
2004-04-01,02:00:00,55.0,1405.0,10.7,67.2,0.863,2004-04-01 02:00:00
2004-04-01,03:00:00,80.11538461538461,1422.0,9.0,73.1,0.8394,2004-04-01 03:00:00
2004-04-01,04:00:00,49.0,1322.0,10.2,66.6,0.8299,2004-04-01 04:00:00
2004-04-01,05:00:00,50.0,1340.0,11.0,63.7,0.8325,2004-04-01 05:00:00
2004-04-01,06:00:00,67.0,1561.0,9.6,68.8,0.8243,2004-04-01 06:00:00
2004-04-01,07:00:00,94.0,1949.0,9.5,69.6,0.8273,2004-04-01 07:00:00
2004-04-01,08:00:00,119.0,2439.0,11.9,60.9,0.8455,2004-04-01 08:00:00
2004-04-01,09:00:00,139.0,2001.0,16.2,48.6,0.8892,2004-04-01 09:00:00
2004-04-01,10:00:00,113.0,1701.0,19.2,39.6,0.8693,2004-04-01 10:00:00
2004-04-01,11:00:00,88.0,1489.0,19.7,38.4,0.8743,2004-04-01 11:00:00
2004-04-01,12:00:00,73.0,1524.0,20.6,36.7,0.8797,2004-04-01 12:00:00
2004-04-01,13:00:00,73.0,1542.0,21.8,33.9,0.8771,2004-04-01 13:00:00
2004-04-01,14:00:00,72.0,1454.75,22.25,32.3,0.85565,2004-04-01 14:00:00
2004-04-01,15:00:00,81.0,1367.5,22.700000000000003,30.7,0.8342,2004-04-01 15:00:00
2004-04-01,16:00:00,93.0,1280.25,23.150000000000002,29.1,0.81275,2004-04-01 16:00:00
2004-04-01,17:00:00,106.0,1193.0,23.6,27.5,0.7913,2004-04-01 17:00:00
2004-04-01,18:00:00,132.0,2028.0,22.8,32.1,0.8814,2004-04-01 18:00:00
2004-04-01,19:00:00,164.0,2089.0,20.8,36.7,0.8878,2004-04-01 19:00:00
2004-04-01,20:00:00,161.0,1922.0,18.3,40.9,0.8493,2004-04-01 20:00:00
2004-04-01,21:00:00,124.0,1604.0,16.8,44.0,0.8341,2004-04-01 21:00:00
2004-04-01,22:00:00,113.0,1570.0,15.8,48.0,0.8569,2004-04-01 22:00:00
2004-04-01,23:00:00,103.0,1529.0,14.9,52.0,0.8757,2004-04-01 23:00:00
2004-04-02,00:00:00,104.0,1514.0,14.1,54.4,0.8701,2004-04-02 00:00:00
2004-04-02,01:00:00,93.0,1442.0,13.3,58.8,0.8922,2004-04-02 01:00:00
2004-04-02,02:00:00,60.0,1350.0,13.3,60.9,0.9229,2004-04-02 02:00:00
2004-04-02,03:00:00,80.11538461538461,1381.0,11.8,64.3,0.8869,2004-04-02 03:00:00
2004-04-02,04:00:00,52.0,1342.0,11.2,65.9,0.8775,2004-04-02 04:00:00
2004-04-02,05:00:00,66.0,1372.0,11.3,72.9,0.9738,2004-04-02 05:00:00
2004-04-02,06:00:00,82.0,1448.0,11.4,71.8,0.9671,2004-04-02 06:00:00
2004-04-02,07:00:00,109.0,1833.0,11.9,73.7,1.0254,2004-04-02 07:00:00
2004-04-02,08:00:00,114.0,2060.0,12.6,70.2,1.0221,2004-04-02 08:00:00
2004-04-02,09:00:00,139.0,2054.0,13.6,65.3,1.0136,2004-04-02 09:00:00
2004-04-02,10:00:00,127.0,1898.0,16.9,52.3,1.0013,2004-04-02 10:00:00
2004-04-02,11:00:00,127.0,1821.0,19.4,44.1,0.9855,2004-04-02 11:00:00
2004-04-02,12:00:00,135.0,1825.0,22.9,33.8,0.9322,2004-04-02 12:00:00
2004-04-02,13:00:00,130.0,1773.0,23.6,31.3,0.9001,2004-04-02 13:00:00
2004-04-02,14:00:00,126.0,1761.0,24.7,30.5,0.9371,2004-04-02 14:00:00
2004-04-02,15:00:00,121.0,1703.0,26.1,27.3,0.9101,2004-04-02 15:00:00
2004-04-02,16:00:00,122.0,1632.0,27.6,22.8,0.8288,2004-04-02 16:00:00
2004-04-02,17:00:00,138.0,1799.0,26.9,22.3,0.7792,2004-04-02 17:00:00
2004-04-02,18:00:00,165.0,1915.0,24.3,30.1,0.9012,2004-04-02 18:00:00
2004-04-02,19:00:00,154.0,2052.0,21.2,40.1,0.9978,2004-04-02 19:00:00
2004-04-02,20:00:00,168.0,2083.0,19.4,42.5,0.9483,2004-04-02 20:00:00
2004-04-02,21:00:00,146.0,1685.0,18.5,43.0,0.9074,2004-04-02 21:00:00
2004-04-02,22:00:00,124.0,1582.0,17.8,47.0,0.9467,2004-04-02 22:00:00
2004-04-02,23:00:00,124.0,1684.0,16.8,53.2,1.01,2004-04-02 23:00:00
2004-04-03,00:00:00,106.0,1566.0,17.1,51.8,0.999,2004-04-03 00:00:00
2004-04-03,01:00:00,88.0,1488.0,16.2,54.2,0.9933,2004-04-03 01:00:00
2004-04-03,02:00:00,83.0,1455.0,15.1,58.2,0.9886,2004-04-03 02:00:00
2004-04-03,03:00:00,80.11538461538461,1410.0,15.1,57.6,0.9796,2004-04-03 03:00:00
2004-04-03,04:00:00,74.0,1380.0,14.5,58.0,0.9488,2004-04-03 04:00:00
2004-04-03,05:00:00,64.0,1387.0,13.7,61.6,0.9631,2004-04-03 05:00:00
2004-04-03,06:00:00,69.0,1398.0,13.9,59.6,0.9408,2004-04-03 06:00:00
2004-04-03,07:00:00,91.0,1660.0,13.3,61.7,0.9399,2004-04-03 07:00:00
2004-04-03,08:00:00,96.0,1872.0,15.1,55.8,0.9486,2004-04-03 08:00:00
2004-04-03,09:00:00,106.0,1816.0,17.0,50.5,0.9684,2004-04-03 09:00:00
2004-04-03,10:00:00,133.67857142857142,1720.0,19.7,43.3,0.9837,2004-04-03 10:00:00
2004-04-03,11:00:00,130.4131736526946,1743.0,20.7,41.7,1.0092,2004-04-03 11:00:00
2004-04-03,12:00:00,124.45671641791044,1779.0,23.3,35.8,1.0098,2004-04-03 12:00:00
2004-04-03,13:00:00,119.31231231231232,1621.0,23.8,30.5,0.8897,2004-04-03 13:00:00
2004-04-03,14:00:00,116.46846846846847,1573.0,24.8,27.0,0.8325,2004-04-03 14:00:00
2004-04-03,15:00:00,117.19161676646706,1635.0,25.0,27.5,0.8575,2004-04-03 15:00:00
2004-04-03,16:00:00,123.31044776119403,1704.0,25.8,26.5,0.8675,2004-04-03 16:00:00
2004-04-03,17:00:00,135.8041543026706,1722.0,25.1,27.1,0.8496,2004-04-03 17:00:00
2004-04-03,18:00:00,145.91964285714286,1798.0,23.7,28.6,0.8273,2004-04-03 18:00:00
2004-04-03,19:00:00,150.0919881305638,2153.0,22.1,36.8,0.9681,2004-04-03 19:00:00
2004-04-03,20:00:00,145.1186943620178,1823.0,19.9,47.5,1.0912,2004-04-03 20:00:00
2004-04-03,21:00:00,130.91071428571428,1602.0,18.7,50.4,1.0772,2004-04-03 21:00:00
2004-04-03,22:00:00,115.0955223880597,1870.0,18.1,51.3,1.0587,2004-04-03 22:00:00
2004-04-03,23:00:00,108.07164179104478,1644.0,17.5,53.8,1.0648,2004-04-03 23:00:00
2004-04-04,00:00:00,103.32142857142857,1580.0,16.7,56.5,1.0634,2004-04-04 00:00:00
2004-04-04,01:00:00,90.50299401197604,1551.0,15.9,59.2,1.0635,2004-04-04 01:00:00
2004-04-04,02:00:00,75.4367469879518,1500.0,15.2,62.4,1.0726,2004-04-04 02:00:00
2004-04-04,03:00:00,80.11538461538461,1521.0,14.7,65.0,1.0766,2004-04-04 03:00:00
2004-04-04,04:00:00,58.62048192771084,1448.0,14.3,65.3,1.0594,2004-04-04 04:00:00
2004-04-04,05:00:00,59.612612612612615,1434.0,13.7,66.5,1.0393,2004-04-04 05:00:00
2004-04-04,06:00:00,71.74251497005989,1488.0,12.9,69.1,1.0264,2004-04-04 06:00:00
2004-04-04,07:00:00,94.70958083832335,1423.0,13.7,64.8,1.0135,2004-04-04 07:00:00
2004-04-04,08:00:00,121.26829268292683,1461.0,15.3,59.0,1.0181,2004-04-04 08:00:00
2004-04-04,09:00:00,130.87687687687688,1634.0,18.1,49.8,1.0272,2004-04-04 09:00:00
2004-04-04,10:00:00,133.67857142857142,1658.0,21.5,40.7,1.0301,2004-04-04 10:00:00
2004-04-04,11:00:00,130.4131736526946,1589.0,23.3,37.1,1.0457,2004-04-04 11:00:00
2004-04-04,12:00:00,124.45671641791044,1603.0,25.1,33.8,1.0594,2004-04-04 12:00:00
2004-04-04,13:00:00,119.31231231231232,1531.0,25.6,32.1,1.0393,2004-04-04 13:00:00
2004-04-04,14:00:00,116.46846846846847,1476.0,25.8,31.1,1.0143,2004-04-04 14:00:00
2004-04-04,15:00:00,117.19161676646706,1642.0,26.1,30.8,1.0253,2004-04-04 15:00:00
2004-04-04,16:00:00,123.31044776119403,1678.0,24.4,36.0,1.085,2004-04-04 16:00:00
2004-04-04,17:00:00,135.8041543026706,1626.0,23.0,36.2,1.0053,2004-04-04 17:00:00
2004-04-04,18:00:00,145.91964285714286,1636.0,22.1,39.3,1.0336,2004-04-04 18:00:00
2004-04-04,19:00:00,150.0919881305638,1756.0,19.8,44.6,1.0208,2004-04-04 19:00:00
2004-04-04,20:00:00,145.1186943620178,1673.0,18.5,48.9,1.0323,2004-04-04 20:00:00
2004-04-04,21:00:00,130.91071428571428,1493.0,16.6,56.1,1.0481,2004-04-04 21:00:00
2004-04-04,22:00:00,115.0955223880597,1556.0,15.8,58.8,1.0464,2004-04-04 22:00:00
2004-04-04,23:00:00,108.07164179104478,1540.0,15.3,60.8,1.0501,2004-04-04 23:00:00
2004-04-05,00:00:00,103.32142857142857,1470.0,14.7,64.4,1.0717,2004-04-05 00:00:00
2004-04-05,01:00:00,90.50299401197604,1330.0,14.8,63.3,1.0584,2004-04-05 01:00:00
2004-04-05,02:00:00,75.4367469879518,1375.0,15.0,61.5,1.0418,2004-04-05 02:00:00
2004-04-05,03:00:00,80.11538461538461,1294.0,15.5,56.9,0.9961,2004-04-05 03:00:00
2004-04-05,04:00:00,58.62048192771084,1278.0,16.0,54.0,0.9742,2004-04-05 04:00:00
2004-04-05,05:00:00,59.612612612612615,1417.0,13.5,63.9,0.9809,2004-04-05 05:00:00
2004-04-05,06:00:00,71.74251497005989,1541.0,12.9,65.3,0.9688,2004-04-05 06:00:00
2004-04-05,07:00:00,94.70958083832335,1795.0,13.4,62.5,0.9582,2004-04-05 07:00:00
2004-04-05,08:00:00,121.26829268292683,2299.0,14.5,58.8,0.963,2004-04-05 08:00:00
2004-04-05,09:00:00,130.87687687687688,1972.0,15.3,56.7,0.9773,2004-04-05 09:00:00
2004-04-05,10:00:00,124.0,1836.0,15.6,57.4,1.0075,2004-04-05 10:00:00
2004-04-05,11:00:00,121.0,1853.0,16.6,55.2,1.0382,2004-04-05 11:00:00
2004-04-05,12:00:00,114.0,1942.0,17.0,54.3,1.0434,2004-04-05 12:00:00
2004-04-05,13:00:00,114.0,1915.0,18.0,51.5,1.0552,2004-04-05 13:00:00
2004-04-05,14:00:00,106.0,1793.0,19.5,47.5,1.0653,2004-04-05 14:00:00
2004-04-05,15:00:00,89.0,1705.0,21.6,41.7,1.0606,2004-04-05 15:00:00
2004-04-05,16:00:00,82.0,1662.0,22.2,38.3,1.0106,2004-04-05 16:00:00
2004-04-05,17:00:00,111.0,1877.0,20.3,42.8,1.0053,2004-04-05 17:00:00
2004-04-05,18:00:00,132.0,2011.0,19.7,45.4,1.0312,2004-04-05 18:00:00
2004-04-05,19:00:00,121.0,1957.0,18.8,47.5,1.0199,2004-04-05 19:00:00
2004-04-05,20:00:00,116.0,1796.0,17.9,49.4,1.0064,2004-04-05 20:00:00
2004-04-05,21:00:00,100.0,1622.0,17.5,50.9,1.009,2004-04-05 21:00:00
2004-04-05,22:00:00,89.0,1589.0,17.4,51.8,1.023,2004-04-05 22:00:00
2004-04-05,23:00:00,92.0,1554.0,17.0,53.9,1.0363,2004-04-05 23:00:00
2004-04-06,00:00:00,71.0,1428.0,16.6,55.4,1.0408,2004-04-06 00:00:00
2004-04-06,01:00:00,51.0,1382.0,15.9,57.0,1.0224,2004-04-06 01:00:00
2004-04-06,02:00:00,39.0,1336.0,15.0,59.2,1.0059,2004-04-06 02:00:00
2004-04-06,03:00:00,80.11538461538461,1370.0,14.5,61.4,1.0041,2004-04-06 03:00:00
2004-04-06,04:00:00,35.0,1360.0,14.1,61.6,0.9883,2004-04-06 04:00:00
2004-04-06,05:00:00,64.0,1435.0,14.6,58.8,0.9711,2004-04-06 05:00:00
2004-04-06,06:00:00,94.0,1641.0,14.4,58.9,0.9594,2004-04-06 06:00:00
2004-04-06,07:00:00,134.0,2198.0,15.3,55.2,0.9538,2004-04-06 07:00:00
2004-04-06,08:00:00,129.0,2560.0,16.2,52.5,0.9576,2004-04-06 08:00:00
2004-04-06,09:00:00,125.0,2096.0,18.4,46.3,0.9734,2004-04-06 09:00:00
2004-04-06,10:00:00,107.0,1823.0,19.6,41.8,0.9407,2004-04-06 10:00:00
2004-04-06,11:00:00,78.0,1580.0,20.2,40.1,0.937,2004-04-06 11:00:00
2004-04-06,12:00:00,91.0,1818.0,20.9,36.6,0.8939,2004-04-06 12:00:00
2004-04-06,13:00:00,116.0,1704.0,20.4,34.7,0.8229,2004-04-06 13:00:00
2004-04-06,14:00:00,131.0,1630.0,19.3,35.4,0.7813,2004-04-06 14:00:00
2004-04-06,15:00:00,113.0,1519.0,18.6,36.9,0.7829,2004-04-06 15:00:00
2004-04-06,16:00:00,98.0,1590.0,18.8,36.8,0.7883,2004-04-06 16:00:00
2004-04-06,17:00:00,116.0,1716.0,17.5,40.6,0.8068,2004-04-06 17:00:00
2004-04-06,18:00:00,120.0,1776.0,16.8,44.3,0.8428,2004-04-06 18:00:00
2004-04-06,19:00:00,126.0,1784.0,16.3,47.7,0.8746,2004-04-06 19:00:00
2004-04-06,20:00:00,126.0,1807.0,15.6,50.7,0.8947,2004-04-06 20:00:00
2004-04-06,21:00:00,90.0,1527.0,15.7,49.4,0.8768,2004-04-06 21:00:00
2004-04-06,22:00:00,81.0,1458.0,15.8,48.6,0.8653,2004-04-06 22:00:00
2004-04-06,23:00:00,74.0,1393.0,15.7,47.0,0.8325,2004-04-06 23:00:00
2004-04-07,00:00:00,67.0,1352.0,15.7,45.9,0.8121,2004-04-07 00:00:00
2004-04-07,01:00:00,46.0,1271.0,15.6,44.9,0.792,2004-04-07 01:00:00
2004-04-07,02:00:00,30.0,1214.0,15.6,44.4,0.7827,2004-04-07 02:00:00
2004-04-07,03:00:00,80.11538461538461,1154.0,16.1,42.4,0.7718,2004-04-07 03:00:00
2004-04-07,04:00:00,19.0,1166.0,15.7,45.4,0.8063,2004-04-07 04:00:00
2004-04-07,05:00:00,32.0,1200.0,15.3,50.1,0.8617,2004-04-07 05:00:00
2004-04-07,06:00:00,61.0,1398.0,14.2,58.6,0.9443,2004-04-07 06:00:00
2004-04-07,07:00:00,111.0,1769.0,14.3,58.2,0.9431,2004-04-07 07:00:00
2004-04-07,08:00:00,102.0,1821.0,15.0,52.0,0.8817,2004-04-07 08:00:00
2004-04-07,09:00:00,116.0,1576.0,13.6,61.4,0.9519,2004-04-07 09:00:00
2004-04-07,10:00:00,96.0,1554.0,16.1,53.1,0.9675,2004-04-07 10:00:00
2004-04-07,11:00:00,97.0,1448.0,16.6,44.3,0.8294,2004-04-07 11:00:00
2004-04-07,12:00:00,110.0,1474.0,17.4,40.3,0.7922,2004-04-07 12:00:00
2004-04-07,13:00:00,103.0,1604.0,18.1,42.2,0.8679,2004-04-07 13:00:00
2004-04-07,14:00:00,79.0,1426.0,14.4,51.8,0.8433,2004-04-07 14:00:00
2004-04-07,15:00:00,104.0,1552.0,10.9,76.4,0.9953,2004-04-07 15:00:00
2004-04-07,16:00:00,69.0,1421.0,16.4,47.7,0.8819,2004-04-07 16:00:00
2004-04-07,17:00:00,96.0,1623.0,18.0,37.1,0.7598,2004-04-07 17:00:00
2004-04-07,18:00:00,121.0,1700.0,14.7,48.7,0.8089,2004-04-07 18:00:00
2004-04-07,19:00:00,129.0,1748.0,11.3,71.3,0.9514,2004-04-07 19:00:00
2004-04-07,20:00:00,116.0,1632.0,10.0,74.0,0.9087,2004-04-07 20:00:00
2004-04-07,21:00:00,71.0,1282.0,9.8,71.8,0.8702,2004-04-07 21:00:00
2004-04-07,22:00:00,85.0,1391.0,9.3,75.2,0.8796,2004-04-07 22:00:00
2004-04-07,23:00:00,101.0,1510.0,9.6,76.0,0.9088,2004-04-07 23:00:00
2004-04-08,00:00:00,97.0,1398.0,9.3,75.0,0.8799,2004-04-08 00:00:00
2004-04-08,01:00:00,89.0,1455.0,9.0,76.7,0.8825,2004-04-08 01:00:00
2004-04-08,02:00:00,72.0,1383.0,8.2,79.6,0.8672,2004-04-08 02:00:00
2004-04-08,03:00:00,80.11538461538461,1338.0,7.6,80.6,0.8437,2004-04-08 03:00:00
2004-04-08,04:00:00,57.0,1263.0,8.3,75.6,0.8302,2004-04-08 04:00:00
2004-04-08,05:00:00,62.0,1288.0,8.1,72.1,0.7798,2004-04-08 05:00:00
2004-04-08,06:00:00,64.0,1384.0,8.1,70.4,0.7609,2004-04-08 06:00:00
2004-04-08,07:00:00,80.0,1723.0,8.1,70.5,0.7627,2004-04-08 07:00:00
2004-04-08,08:00:00,118.0,2189.0,9.9,64.3,0.7859,2004-04-08 08:00:00
2004-04-08,09:00:00,130.0,1885.0,13.0,54.2,0.809,2004-04-08 09:00:00
2004-04-08,10:00:00,113.0,1620.0,16.5,42.6,0.7912,2004-04-08 10:00:00
2004-04-08,11:00:00,112.0,1678.0,19.3,34.2,0.7566,2004-04-08 11:00:00
2004-04-08,12:00:00,96.0,1541.0,21.5,27.4,0.6941,2004-04-08 12:00:00
2004-04-08,13:00:00,125.0,1609.0,20.4,26.7,0.6323,2004-04-08 13:00:00
2004-04-08,14:00:00,128.0,1551.0,20.6,22.6,0.5432,2004-04-08 14:00:00
2004-04-08,15:00:00,101.0,1552.0,20.6,24.8,0.5931,2004-04-08 15:00:00
2004-04-08,16:00:00,95.0,1454.0,21.0,25.4,0.6264,2004-04-08 16:00:00
2004-04-08,17:00:00,138.0,1798.0,21.5,24.5,0.6203,2004-04-08 17:00:00
2004-04-08,18:00:00,154.0,1972.0,19.3,28.6,0.6357,2004-04-08 18:00:00
2004-04-08,19:00:00,171.0,2167.0,18.0,32.9,0.6737,2004-04-08 19:00:00
2004-04-08,20:00:00,136.0,1699.0,15.8,39.8,0.7096,2004-04-08 20:00:00
2004-04-08,21:00:00,93.0,1410.0,15.3,41.5,0.7194,2004-04-08 21:00:00
2004-04-08,22:00:00,99.0,1411.0,14.1,46.0,0.7363,2004-04-08 22:00:00
2004-04-08,23:00:00,106.0,1416.96,14.016,46.876,0.7449399999999999,2004-04-08 23:00:00
2004-04-09,00:00:00,109.0,1422.92,13.932,47.752,0.7535799999999999,2004-04-09 00:00:00
2004-04-09,01:00:00,97.0,1428.88,13.847999999999999,48.628,0.76222,2004-04-09 01:00:00
2004-04-09,02:00:00,83.0,1434.84,13.764,49.504,0.77086,2004-04-09 02:00:00
2004-04-09,03:00:00,80.11538461538461,1440.8,13.68,50.38,0.7795,2004-04-09 03:00:00
2004-04-09,04:00:00,79.0,1446.76,13.596,51.256,0.78814,2004-04-09 04:00:00
2004-04-09,05:00:00,84.0,1452.72,13.512,52.132000000000005,0.7967799999999999,2004-04-09 05:00:00
2004-04-09,06:00:00,86.0,1458.68,13.427999999999999,53.008,0.80542,2004-04-09 06:00:00
2004-04-09,07:00:00,111.0,1464.64,13.344,53.884,0.81406,2004-04-09 07:00:00
2004-04-09,08:00:00,117.0,1470.6,13.26,54.760000000000005,0.8227,2004-04-09 08:00:00
2004-04-09,09:00:00,122.0,1476.56,13.176,55.636,0.83134,2004-04-09 09:00:00
2004-04-09,10:00:00,119.0,1482.52,13.091999999999999,56.512,0.83998,2004-04-09 10:00:00
2004-04-09,11:00:00,121.0,1488.48,13.008,57.388000000000005,0.84862,2004-04-09 11:00:00
2004-04-09,12:00:00,127.0,1494.44,12.924,58.264,0.85726,2004-04-09 12:00:00
2004-04-09,13:00:00,135.0,1500.4,12.84,59.14,0.8659,2004-04-09 13:00:00
2004-04-09,14:00:00,119.0,1506.36,12.756,60.016000000000005,0.87454,2004-04-09 14:00:00
2004-04-09,15:00:00,137.0,1512.32,12.672,60.892,0.8831800000000001,2004-04-09 15:00:00
2004-04-09,16:00:00,139.0,1518.28,12.588,61.768,0.8918200000000001,2004-04-09 16:00:00
2004-04-09,17:00:00,117.0,1524.24,12.504,62.644000000000005,0.90046,2004-04-09 17:00:00
2004-04-09,18:00:00,127.0,1530.2,12.42,63.52,0.9091,2004-04-09 18:00:00
2004-04-09,19:00:00,137.0,1536.16,12.336,64.396,0.91774,2004-04-09 19:00:00
2004-04-09,20:00:00,127.0,1542.12,12.251999999999999,65.272,0.92638,2004-04-09 20:00:00
2004-04-09,21:00:00,107.0,1548.08,12.168,66.14800000000001,0.9350200000000001,2004-04-09 21:00:00
2004-04-09,22:00:00,102.0,1554.04,12.084,67.024,0.94366,2004-04-09 22:00:00
2004-04-09,23:00:00,95.0,1560.0,12.0,67.9,0.9523,2004-04-09 23:00:00
2004-04-10,00:00:00,79.0,1449.0,12.0,66.9,0.9336,2004-04-10 00:00:00
2004-04-10,01:00:00,78.0,1533.0,11.5,70.1,0.9503,2004-04-10 01:00:00
2004-04-10,02:00:00,75.0,1507.0,11.4,69.8,0.939,2004-04-10 02:00:00
2004-04-10,03:00:00,80.11538461538461,1390.0,11.1,69.3,0.9128,2004-04-10 03:00:00
2004-04-10,04:00:00,52.0,1386.0,10.8,70.3,0.9092,2004-04-10 04:00:00
2004-04-10,05:00:00,55.0,1435.0,10.2,73.4,0.9129,2004-04-10 05:00:00
2004-04-10,06:00:00,65.0,1500.0,10.8,70.5,0.9142,2004-04-10 06:00:00
2004-04-10,07:00:00,72.0,1591.0,11.0,71.0,0.9279,2004-04-10 07:00:00
2004-04-10,08:00:00,76.0,1663.0,12.4,64.0,0.9206,2004-04-10 08:00:00
2004-04-10,09:00:00,84.0,1588.0,15.0,53.1,0.8993,2004-04-10 09:00:00
2004-04-10,10:00:00,90.0,1542.0,16.6,44.4,0.8313,2004-04-10 10:00:00
2004-04-10,11:00:00,89.0,1481.0,18.0,38.4,0.7862,2004-04-10 11:00:00
2004-04-10,12:00:00,87.0,1457.0,20.6,30.0,0.7213,2004-04-10 12:00:00
2004-04-10,13:00:00,88.0,1336.0,19.9,26.7,0.6137,2004-04-10 13:00:00
2004-04-10,14:00:00,81.0,1238.0,19.8,23.1,0.5283,2004-04-10 14:00:00
2004-04-10,15:00:00,89.0,1318.0,21.4,22.7,0.5722,2004-04-10 15:00:00
2004-04-10,16:00:00,91.0,1296.0,22.1,21.3,0.5605,2004-04-10 16:00:00
2004-04-10,17:00:00,104.0,1357.0,21.1,24.5,0.604,2004-04-10 17:00:00
2004-04-10,18:00:00,111.0,1426.0,18.3,31.6,0.6562,2004-04-10 18:00:00
2004-04-10,19:00:00,129.0,1534.0,16.1,35.0,0.6372,2004-04-10 19:00:00
2004-04-10,20:00:00,133.0,1551.0,14.8,41.5,0.6929,2004-04-10 20:00:00
2004-04-10,21:00:00,115.0,1487.0,13.2,50.3,0.7577,2004-04-10 21:00:00
2004-04-10,22:00:00,125.0,1618.0,12.3,55.5,0.7916,2004-04-10 22:00:00
2004-04-10,23:00:00,117.0,1545.0,11.8,56.6,0.7833,2004-04-10 23:00:00
2004-04-11,00:00:00,84.0,1326.0,11.2,56.2,0.7469,2004-04-11 00:00:00
2004-04-11,01:00:00,63.0,1304.0,11.0,56.6,0.7418,2004-04-11 01:00:00
2004-04-11,02:00:00,68.0,1310.0,9.3,64.3,0.7531,2004-04-11 02:00:00
2004-04-11,03:00:00,80.11538461538461,1329.0,8.8,66.0,0.7501,2004-04-11 03:00:00
2004-04-11,04:00:00,52.0,1286.0,7.8,70.4,0.7463,2004-04-11 04:00:00
2004-04-11,05:00:00,49.0,1306.0,7.7,70.7,0.7463,2004-04-11 05:00:00
2004-04-11,06:00:00,49.0,1301.0,7.4,71.0,0.7346,2004-04-11 06:00:00
2004-04-11,07:00:00,52.0,1298.0,8.2,66.6,0.7283,2004-04-11 07:00:00
2004-04-11,08:00:00,58.0,1343.0,8.7,64.3,0.7267,2004-04-11 08:00:00
2004-04-11,09:00:00,51.0,1320.0,13.0,47.9,0.7116,2004-04-11 09:00:00
2004-04-11,10:00:00,77.0,1386.0,17.4,35.4,0.699,2004-04-11 10:00:00
2004-04-11,11:00:00,90.0,1412.0,20.2,29.2,0.683,2004-04-11 11:00:00
2004-04-11,12:00:00,118.0,1425.0,22.7,22.9,0.6224,2004-04-11 12:00:00
2004-04-11,13:00:00,70.0,1200.0,22.3,22.4,0.5955,2004-04-11 13:00:00
2004-04-11,14:00:00,35.0,1076.0,22.2,18.9,0.4993,2004-04-11 14:00:00
2004-04-11,15:00:00,46.0,1108.0,22.0,19.0,0.4969,2004-04-11 15:00:00
2004-04-11,16:00:00,58.0,1150.0,21.0,23.6,0.5788,2004-04-11 16:00:00
2004-04-11,17:00:00,61.0,1183.0,19.6,27.4,0.6162,2004-04-11 17:00:00
2004-04-11,18:00:00,80.0,1233.0,17.9,30.8,0.6258,2004-04-11 18:00:00
2004-04-11,19:00:00,93.0,1285.0,16.4,35.3,0.6532,2004-04-11 19:00:00
2004-04-11,20:00:00,78.0,1205.0,15.6,37.5,0.6575,2004-04-11 20:00:00
2004-04-11,21:00:00,76.0,1217.0,15.5,36.7,0.6438,2004-04-11 21:00:00
2004-04-11,22:00:00,74.0,1186.0,14.5,39.0,0.6428,2004-04-11 22:00:00
2004-04-11,23:00:00,81.0,1187.0,14.2,38.2,0.6163,2004-04-11 23:00:00
2004-04-12,00:00:00,58.0,1094.0,13.7,38.3,0.5957,2004-04-12 00:00:00
2004-04-12,01:00:00,59.0,1036.0,14.1,34.0,0.5442,2004-04-12 01:00:00
2004-04-12,02:00:00,54.0,1111.0,14.6,34.0,0.5605,2004-04-12 02:00:00
2004-04-12,03:00:00,80.11538461538461,1066.0,14.4,32.8,0.5364,2004-04-12 03:00:00
2004-04-12,04:00:00,25.0,955.0,13.9,30.9,0.4868,2004-04-12 04:00:00
2004-04-12,05:00:00,26.0,1003.0,13.5,37.9,0.5852,2004-04-12 05:00:00
2004-04-12,06:00:00,49.0,1117.0,13.9,43.6,0.6871,2004-04-12 06:00:00
2004-04-12,07:00:00,53.0,1185.0,13.5,50.1,0.7706,2004-04-12 07:00:00
2004-04-12,08:00:00,57.0,1246.0,13.3,53.6,0.8169,2004-04-12 08:00:00
2004-04-12,09:00:00,73.0,1293.0,13.4,56.0,0.8576,2004-04-12 09:00:00
2004-04-12,10:00:00,78.0,1325.0,13.0,59.6,0.886,2004-04-12 10:00:00
2004-04-12,11:00:00,93.0,1384.0,12.7,62.7,0.9173,2004-04-12 11:00:00
2004-04-12,12:00:00,71.0,1305.0,12.1,60.5,0.8505,2004-04-12 12:00:00
2004-04-12,13:00:00,56.0,1229.0,11.2,64.4,0.8537,2004-04-12 13:00:00
2004-04-12,14:00:00,60.0,1257.0,10.7,67.6,0.8703,2004-04-12 14:00:00
2004-04-12,15:00:00,77.0,1325.0,11.4,61.2,0.8236,2004-04-12 15:00:00
2004-04-12,16:00:00,82.0,1301.0,9.9,70.5,0.8581,2004-04-12 16:00:00
2004-04-12,17:00:00,77.0,1313.0,10.3,65.2,0.8151,2004-04-12 17:00:00
2004-04-12,18:00:00,91.0,1324.0,11.0,58.9,0.7714,2004-04-12 18:00:00
2004-04-12,19:00:00,93.0,1369.0,10.6,59.5,0.7595,2004-04-12 19:00:00
2004-04-12,20:00:00,82.0,1292.0,10.6,57.7,0.7362,2004-04-12 20:00:00
2004-04-12,21:00:00,74.0,1233.0,10.6,56.1,0.7149,2004-04-12 21:00:00
2004-04-12,22:00:00,68.0,1234.0,10.3,58.0,0.7239,2004-04-12 22:00:00
2004-04-12,23:00:00,65.0,1230.0,10.4,58.4,0.7352,2004-04-12 23:00:00
2004-04-13,00:00:00,58.0,1219.0,10.7,58.2,0.7459,2004-04-13 00:00:00
2004-04-13,01:00:00,36.0,1176.0,10.5,59.9,0.7624,2004-04-13 01:00:00
2004-04-13,02:00:00,29.0,1182.0,10.5,60.8,0.7704,2004-04-13 02:00:00
2004-04-13,03:00:00,80.11538461538461,1215.0,10.6,63.1,0.8068,2004-04-13 03:00:00
2004-04-13,04:00:00,28.0,1171.0,11.1,60.1,0.7925,2004-04-13 04:00:00
2004-04-13,05:00:00,68.0,1356.0,10.1,68.4,0.8443,2004-04-13 05:00:00
2004-04-13,06:00:00,99.0,1531.0,10.0,68.7,0.8456,2004-04-13 06:00:00
2004-04-13,07:00:00,130.0,2011.0,11.0,64.2,0.8398,2004-04-13 07:00:00
2004-04-13,08:00:00,128.0,2057.0,12.0,58.1,0.8138,2004-04-13 08:00:00
2004-04-13,09:00:00,120.0,1641.0,12.8,52.0,0.7643,2004-04-13 09:00:00
2004-04-13,10:00:00,93.0,1426.0,12.6,50.8,0.7387,2004-04-13 10:00:00
2004-04-13,11:00:00,96.0,1471.0,13.8,47.4,0.7435,2004-04-13 11:00:00
2004-04-13,12:00:00,84.0,1429.0,15.1,42.7,0.7294,2004-04-13 12:00:00
2004-04-13,13:00:00,87.0,1439.0,16.3,38.1,0.7006,2004-04-13 13:00:00
2004-04-13,14:00:00,87.0,1537.0,16.6,36.7,0.6867,2004-04-13 14:00:00
2004-04-13,15:00:00,103.0,1527.0,15.8,40.5,0.7241,2004-04-13 15:00:00
2004-04-13,16:00:00,88.0,1462.0,16.3,41.8,0.7712,2004-04-13 16:00:00
2004-04-13,17:00:00,118.0,1791.0,16.1,42.8,0.7783,2004-04-13 17:00:00
2004-04-13,18:00:00,134.0,2004.0,15.3,46.8,0.8074,2004-04-13 18:00:00
2004-04-13,19:00:00,144.0,1995.0,14.7,47.0,0.7815,2004-04-13 19:00:00
2004-04-13,20:00:00,129.0,1747.0,14.1,49.6,0.7931,2004-04-13 20:00:00
2004-04-13,21:00:00,108.0,1577.0,13.5,54.1,0.8351,2004-04-13 21:00:00
2004-04-13,22:00:00,104.0,1586.0,12.3,59.2,0.8461,2004-04-13 22:00:00
2004-04-13,23:00:00,90.0,1463.0,11.6,62.2,0.851,2004-04-13 23:00:00
2004-04-14,00:00:00,74.0,1379.0,11.5,61.4,0.8303,2004-04-14 00:00:00
2004-04-14,01:00:00,73.0,1364.0,10.9,64.6,0.8395,2004-04-14 01:00:00
2004-04-14,02:00:00,60.0,1307.0,11.1,63.2,0.8331,2004-04-14 02:00:00
2004-04-14,03:00:00,80.11538461538461,1285.0,10.7,64.4,0.8284,2004-04-14 03:00:00
2004-04-14,04:00:00,57.0,1275.0,10.7,63.8,0.8174,2004-04-14 04:00:00
2004-04-14,05:00:00,62.0,1346.0,10.2,65.8,0.8196,2004-04-14 05:00:00
2004-04-14,06:00:00,71.0,1535.0,10.3,65.6,0.8225,2004-04-14 06:00:00
2004-04-14,07:00:00,94.0,1921.0,10.8,64.0,0.8307,2004-04-14 07:00:00
2004-04-14,08:00:00,99.0,2278.0,13.3,55.6,0.8453,2004-04-14 08:00:00
2004-04-14,09:00:00,119.0,1906.0,15.8,46.8,0.8328,2004-04-14 09:00:00
2004-04-14,10:00:00,103.0,1662.0,19.5,34.4,0.7738,2004-04-14 10:00:00
2004-04-14,11:00:00,95.0,1518.0,21.1,30.2,0.745,2004-04-14 11:00:00
2004-04-14,12:00:00,95.0,1571.0,18.4,34.2,0.7185,2004-04-14 12:00:00
2004-04-14,13:00:00,119.31231231231232,1519.0,21.0,30.6,0.7538,2004-04-14 13:00:00
2004-04-14,14:00:00,116.46846846846847,1653.0,21.4,28.7,0.7231,2004-04-14 14:00:00
2004-04-14,15:00:00,117.19161676646706,1653.0,21.3,27.3,0.6856,2004-04-14 15:00:00
2004-04-14,16:00:00,123.31044776119403,1497.0,20.4,30.4,0.7193,2004-04-14 16:00:00
2004-04-14,17:00:00,135.8041543026706,1595.0,18.7,34.8,0.7436,2004-04-14 17:00:00
2004-04-14,18:00:00,145.91964285714286,1609.0,18.6,34.7,0.7369,2004-04-14 18:00:00
2004-04-14,19:00:00,150.0919881305638,1638.0,17.9,35.8,0.7276,2004-04-14 19:00:00
2004-04-14,20:00:00,145.1186943620178,1858.0,16.5,42.1,0.7856,2004-04-14 20:00:00
2004-04-14,21:00:00,130.91071428571428,1689.0,14.8,49.7,0.8321,2004-04-14 21:00:00
2004-04-14,22:00:00,115.0955223880597,1494.0,13.4,54.3,0.8291,2004-04-14 22:00:00
2004-04-14,23:00:00,108.07164179104478,1418.0,13.4,54.2,0.8319,2004-04-14 23:00:00
2004-04-15,00:00:00,103.32142857142857,1364.0,12.3,57.6,0.8223,2004-04-15 00:00:00
2004-04-15,01:00:00,90.50299401197604,1297.0,11.6,58.8,0.7996,2004-04-15 01:00:00
2004-04-15,02:00:00,75.4367469879518,1259.0,10.7,62.3,0.7988,2004-04-15 02:00:00
2004-04-15,03:00:00,80.11538461538461,1241.0,10.2,63.2,0.7865,2004-04-15 03:00:00
2004-04-15,04:00:00,58.62048192771084,1216.0,10.5,61.3,0.7761,2004-04-15 04:00:00
2004-04-15,05:00:00,59.612612612612615,1298.0,9.3,65.8,0.7722,2004-04-15 05:00:00
2004-04-15,06:00:00,71.74251497005989,1510.0,9.1,67.4,0.7814,2004-04-15 06:00:00
2004-04-15,07:00:00,94.70958083832335,2001.0,10.2,62.9,0.7831,2004-04-15 07:00:00
2004-04-15,08:00:00,121.26829268292683,2034.0,11.6,58.7,0.7999,2004-04-15 08:00:00
2004-04-15,09:00:00,114.0,1889.0,13.5,53.4,0.8196,2004-04-15 09:00:00
2004-04-15,10:00:00,127.0,1804.0,15.0,49.3,0.8364,2004-04-15 10:00:00
2004-04-15,11:00:00,135.0,1809.0,17.1,42.1,0.812,2004-04-15 11:00:00
2004-04-15,12:00:00,135.0,1792.0,18.4,36.9,0.7758,2004-04-15 12:00:00
2004-04-15,13:00:00,120.0,1783.0,19.3,35.4,0.7824,2004-04-15 13:00:00
2004-04-15,14:00:00,129.0,1890.0,19.2,35.7,0.7826,2004-04-15 14:00:00
2004-04-15,15:00:00,114.0,1734.0,21.5,30.4,0.7677,2004-04-15 15:00:00
2004-04-15,16:00:00,129.0,1676.0,19.6,34.6,0.7807,2004-04-15 16:00:00
2004-04-15,17:00:00,149.0,2046.0,19.6,35.5,0.8017,2004-04-15 17:00:00
2004-04-15,18:00:00,149.0,2271.0,18.3,44.1,0.9183,2004-04-15 18:00:00
2004-04-15,19:00:00,158.0,2446.0,17.4,47.8,0.9392,2004-04-15 19:00:00
2004-04-15,20:00:00,148.0,2119.0,16.8,49.8,0.9446,2004-04-15 20:00:00
2004-04-15,21:00:00,134.0,1960.0,16.2,53.2,0.9723,2004-04-15 21:00:00
2004-04-15,22:00:00,111.0,1607.0,14.9,59.1,0.9928,2004-04-15 22:00:00
2004-04-15,23:00:00,106.0,1532.0,13.9,64.0,1.013,2004-04-15 23:00:00
2004-04-16,00:00:00,108.0,1547.0,13.7,66.8,1.041,2004-04-16 00:00:00
2004-04-16,01:00:00,93.0,1566.0,13.4,69.6,1.0688,2004-04-16 01:00:00
2004-04-16,02:00:00,83.0,1532.0,12.8,71.9,1.0632,2004-04-16 02:00:00
2004-04-16,03:00:00,80.11538461538461,1387.0,12.9,68.5,1.0155,2004-04-16 03:00:00
2004-04-16,04:00:00,69.0,1420.0,11.9,74.8,1.038,2004-04-16 04:00:00
2004-04-16,05:00:00,77.0,1505.0,11.6,76.4,1.0415,2004-04-16 05:00:00
2004-04-16,06:00:00,87.0,1686.0,11.7,75.3,1.0325,2004-04-16 06:00:00
2004-04-16,07:00:00,109.0,2176.0,12.8,71.0,1.0428,2004-04-16 07:00:00
2004-04-16,08:00:00,116.0,1890.0,13.8,61.1,0.9595,2004-04-16 08:00:00
2004-04-16,09:00:00,105.0,1590.0,15.3,51.4,0.8886,2004-04-16 09:00:00
2004-04-16,10:00:00,106.0,1604.0,16.6,48.7,0.9146,2004-04-16 10:00:00
2004-04-16,11:00:00,108.0,1666.0,17.6,46.7,0.9324,2004-04-16 11:00:00
2004-04-16,12:00:00,100.0,1644.0,19.2,42.7,0.9425,2004-04-16 12:00:00
2004-04-16,13:00:00,149.0,2047.0,15.7,62.5,1.1092,2004-04-16 13:00:00
2004-04-16,14:00:00,148.0,2066.0,14.5,75.7,1.2425,2004-04-16 14:00:00
2004-04-16,15:00:00,126.0,1980.0,14.4,77.4,1.2654,2004-04-16 15:00:00
2004-04-16,16:00:00,140.0,1963.0,14.6,74.9,1.2391,2004-04-16 16:00:00
2004-04-16,17:00:00,142.0,2159.0,14.6,76.0,1.2573,2004-04-16 17:00:00
2004-04-16,18:00:00,141.0,2083.0,14.0,76.3,1.2166,2004-04-16 18:00:00
2004-04-16,19:00:00,149.0,2298.0,13.9,78.0,1.2303,2004-04-16 19:00:00
2004-04-16,20:00:00,140.0,2039.0,13.8,78.0,1.2229,2004-04-16 20:00:00
2004-04-16,21:00:00,117.0,1811.0,13.5,79.4,1.2224,2004-04-16 21:00:00
2004-04-16,22:00:00,103.0,1680.0,13.1,80.1,1.2016,2004-04-16 22:00:00
2004-04-16,23:00:00,99.0,1695.0,12.8,81.0,1.1915,2004-04-16 23:00:00
2004-04-17,00:00:00,100.0,1627.0,12.7,80.6,1.1819,2004-04-17 00:00:00
2004-04-17,01:00:00,88.0,1599.0,12.5,81.8,1.1838,2004-04-17 01:00:00
2004-04-17,02:00:00,83.0,1565.0,12.7,81.2,1.1849,2004-04-17 02:00:00
2004-04-17,03:00:00,80.11538461538461,1527.0,12.4,82.4,1.1848,2004-04-17 03:00:00
2004-04-17,04:00:00,58.62048192771084,1437.0,12.6,79.9,1.1619,2004-04-17 04:00:00
2004-04-17,05:00:00,59.612612612612615,1508.0,12.8,80.0,1.1761,2004-04-17 05:00:00
2004-04-17,06:00:00,71.74251497005989,1524.0,12.6,79.9,1.1596,2004-04-17 06:00:00
2004-04-17,07:00:00,94.70958083832335,1672.0,12.5,79.6,1.1538,2004-04-17 07:00:00
2004-04-17,08:00:00,121.26829268292683,1691.0,12.8,80.8,1.1863,2004-04-17 08:00:00
2004-04-17,09:00:00,130.87687687687688,1604.0,13.5,78.1,1.1997,2004-04-17 09:00:00
2004-04-17,10:00:00,133.67857142857142,1706.0,14.6,74.9,1.2348,2004-04-17 10:00:00
2004-04-17,11:00:00,130.4131736526946,1526.0,16.8,61.0,1.1599,2004-04-17 11:00:00
2004-04-17,12:00:00,124.45671641791044,1472.0,18.8,50.1,1.0769,2004-04-17 12:00:00
2004-04-17,13:00:00,119.31231231231232,1536.0,19.3,47.1,1.0445,2004-04-17 13:00:00
2004-04-17,14:00:00,116.46846846846847,1429.0,19.3,46.6,1.0298,2004-04-17 14:00:00
2004-04-17,15:00:00,117.19161676646706,1462.0,19.7,44.4,1.0081,2004-04-17 15:00:00
2004-04-17,16:00:00,123.31044776119403,1482.0,19.3,45.7,1.0161,2004-04-17 16:00:00
2004-04-17,17:00:00,135.8041543026706,1462.0,17.9,49.9,1.0135,2004-04-17 17:00:00
2004-04-17,18:00:00,145.91964285714286,1482.0,16.9,53.2,1.0179,2004-04-17 18:00:00
2004-04-17,19:00:00,150.0919881305638,1594.0,16.1,56.0,1.0151,2004-04-17 19:00:00
2004-04-17,20:00:00,145.1186943620178,1566.0,16.5,52.8,0.986,2004-04-17 20:00:00
2004-04-17,21:00:00,130.91071428571428,1482.0,16.9,51.1,0.9743,2004-04-17 21:00:00
2004-04-17,22:00:00,115.0955223880597,1623.0,17.0,50.8,0.9751,2004-04-17 22:00:00
2004-04-17,23:00:00,108.07164179104478,1700.0,16.9,54.8,1.0455,2004-04-17 23:00:00
2004-04-18,00:00:00,103.32142857142857,1568.0,16.3,57.2,1.0492,2004-04-18 00:00:00
2004-04-18,01:00:00,90.50299401197604,1529.0,16.0,56.2,1.0164,2004-04-18 01:00:00
2004-04-18,02:00:00,75.4367469879518,1501.0,15.6,60.2,1.0617,2004-04-18 02:00:00
2004-04-18,03:00:00,80.11538461538461,1527.0,14.6,68.2,1.1282,2004-04-18 03:00:00
2004-04-18,04:00:00,58.62048192771084,1449.0,14.3,69.6,1.1257,2004-04-18 04:00:00
2004-04-18,05:00:00,59.612612612612615,1396.0,13.8,71.9,1.1312,2004-04-18 05:00:00
2004-04-18,06:00:00,71.74251497005989,1410.0,13.8,72.7,1.1402,2004-04-18 06:00:00
2004-04-18,07:00:00,94.70958083832335,1411.0,14.2,72.3,1.1632,2004-04-18 07:00:00
2004-04-18,08:00:00,121.26829268292683,1459.0,14.5,72.9,1.195,2004-04-18 08:00:00
2004-04-18,09:00:00,130.87687687687688,1546.0,14.2,75.6,1.2201,2004-04-18 09:00:00
2004-04-18,10:00:00,133.67857142857142,1664.0,14.5,77.2,1.2695,2004-04-18 10:00:00
2004-04-18,11:00:00,130.4131736526946,1660.0,14.9,74.5,1.253,2004-04-18 11:00:00
2004-04-18,12:00:00,124.45671641791044,1565.0,15.5,67.4,1.178,2004-04-18 12:00:00
2004-04-18,13:00:00,119.31231231231232,1433.0,16.7,56.0,1.0544,2004-04-18 13:00:00
2004-04-18,14:00:00,116.46846846846847,1436.0,17.1,55.5,1.0724,2004-04-18 14:00:00
2004-04-18,15:00:00,117.19161676646706,1604.0,16.2,62.4,1.1423,2004-04-18 15:00:00
2004-04-18,16:00:00,123.31044776119403,1603.0,17.4,58.9,1.1567,2004-04-18 16:00:00
2004-04-18,17:00:00,135.8041543026706,1590.0,17.5,54.6,1.08,2004-04-18 17:00:00
2004-04-18,18:00:00,145.91964285714286,1623.0,17.5,54.2,1.0722,2004-04-18 18:00:00
2004-04-18,19:00:00,150.0919881305638,1824.0,17.0,55.1,1.0621,2004-04-18 19:00:00
2004-04-18,20:00:00,145.1186943620178,1653.0,16.4,57.8,1.0669,2004-04-18 20:00:00
2004-04-18,21:00:00,130.91071428571428,1669.0,15.8,60.4,1.0744,2004-04-18 21:00:00
2004-04-18,22:00:00,115.0955223880597,1595.0,15.5,63.3,1.1071,2004-04-18 22:00:00
2004-04-18,23:00:00,108.07164179104478,1702.0,15.0,65.2,1.1045,2004-04-18 23:00:00
2004-04-19,00:00:00,103.32142857142857,1658.0,14.5,67.3,1.1054,2004-04-19 00:00:00
2004-04-19,01:00:00,90.50299401197604,1500.0,14.1,70.1,1.1224,2004-04-19 01:00:00
2004-04-19,02:00:00,75.4367469879518,1494.0,13.8,73.3,1.1518,2004-04-19 02:00:00
2004-04-19,03:00:00,80.11538461538461,1407.0,13.1,78.3,1.1716,2004-04-19 03:00:00
2004-04-19,04:00:00,58.62048192771084,1443.0,13.0,78.2,1.1664,2004-04-19 04:00:00
2004-04-19,05:00:00,59.612612612612615,1428.0,14.3,70.1,1.1328,2004-04-19 05:00:00
2004-04-19,06:00:00,71.74251497005989,1655.0,14.0,70.9,1.1306,2004-04-19 06:00:00
2004-04-19,07:00:00,94.70958083832335,1976.0,15.4,64.2,1.1123,2004-04-19 07:00:00
2004-04-19,08:00:00,121.26829268292683,1969.0,16.5,57.9,1.0826,2004-04-19 08:00:00
2004-04-19,09:00:00,130.87687687687688,1594.0,18.8,48.0,1.0323,2004-04-19 09:00:00
2004-04-19,10:00:00,133.67857142857142,1503.0,19.5,43.3,0.9706,2004-04-19 10:00:00
2004-04-19,11:00:00,130.4131736526946,1574.0,18.5,45.5,0.9606,2004-04-19 11:00:00
2004-04-19,12:00:00,124.45671641791044,1709.0,18.0,46.7,0.9569,2004-04-19 12:00:00
2004-04-19,13:00:00,119.31231231231232,1847.0,16.5,58.2,1.0813,2004-04-19 13:00:00
2004-04-19,14:00:00,116.46846846846847,1565.0,12.1,75.6,1.0662,2004-04-19 14:00:00
2004-04-19,15:00:00,117.19161676646706,1602.0,11.1,75.6,0.9974,2004-04-19 15:00:00
2004-04-19,16:00:00,123.31044776119403,1701.0,10.5,79.0,1.0016,2004-04-19 16:00:00
2004-04-19,17:00:00,135.8041543026706,1684.0,10.0,80.5,0.9853,2004-04-19 17:00:00
2004-04-19,18:00:00,145.91964285714286,1528.0,11.3,70.5,0.9389,2004-04-19 18:00:00
2004-04-19,19:00:00,150.0919881305638,1508.0,10.7,71.5,0.9197,2004-04-19 19:00:00
2004-04-19,20:00:00,145.1186943620178,1476.0,9.9,74.0,0.9009,2004-04-19 20:00:00
2004-04-19,21:00:00,130.91071428571428,1391.0,10.8,68.2,0.8806,2004-04-19 21:00:00
2004-04-19,22:00:00,115.0955223880597,1431.0,10.2,74.0,0.9176,2004-04-19 22:00:00
2004-04-19,23:00:00,108.07164179104478,1444.0,10.1,77.5,0.9579,2004-04-19 23:00:00
2004-04-20,00:00:00,103.32142857142857,1377.0,9.9,77.7,0.9497,2004-04-20 00:00:00
2004-04-20,01:00:00,90.50299401197604,1357.0,9.5,80.2,0.9533,2004-04-20 01:00:00
2004-04-20,02:00:00,75.4367469879518,1290.0,9.5,79.7,0.9489,2004-04-20 02:00:00
2004-04-20,03:00:00,80.11538461538461,1277.0,9.7,78.9,0.9487,2004-04-20 03:00:00
2004-04-20,04:00:00,58.62048192771084,1315.0,9.8,80.0,0.967,2004-04-20 04:00:00
2004-04-20,05:00:00,59.612612612612615,1410.0,10.0,79.6,0.98,2004-04-20 05:00:00
2004-04-20,06:00:00,71.74251497005989,1625.0,10.3,79.4,0.9927,2004-04-20 06:00:00
2004-04-20,07:00:00,94.70958083832335,2069.0,11.0,77.4,1.0135,2004-04-20 07:00:00
2004-04-20,08:00:00,121.26829268292683,2396.0,12.3,69.2,0.9906,2004-04-20 08:00:00
2004-04-20,09:00:00,130.87687687687688,1999.0,14.5,60.4,0.9936,2004-04-20 09:00:00
2004-04-20,10:00:00,133.67857142857142,1874.0,16.0,56.3,1.0185,2004-04-20 10:00:00
2004-04-20,11:00:00,130.4131736526946,1991.0,18.1,51.1,1.0551,2004-04-20 11:00:00
2004-04-20,12:00:00,124.45671641791044,1970.0,23.0,37.5,1.0389,2004-04-20 12:00:00
2004-04-20,13:00:00,119.31231231231232,1870.0,21.8,39.6,1.0209,2004-04-20 13:00:00
2004-04-20,14:00:00,116.46846846846847,1643.0,21.9,37.2,0.9683,2004-04-20 14:00:00
2004-04-20,15:00:00,117.19161676646706,1530.0,23.8,31.4,0.9132,2004-04-20 15:00:00
2004-04-20,16:00:00,123.31044776119403,1742.0,25.9,26.9,0.8845,2004-04-20 16:00:00
2004-04-20,17:00:00,135.8041543026706,1938.0,25.8,29.9,0.9808,2004-04-20 17:00:00
2004-04-20,18:00:00,145.91964285714286,2156.0,22.6,39.5,1.0679,2004-04-20 18:00:00
2004-04-20,19:00:00,150.0919881305638,2102.0,19.9,45.0,1.0364,2004-04-20 19:00:00
2004-04-20,20:00:00,145.1186943620178,1958.0,17.9,47.4,0.9657,2004-04-20 20:00:00
2004-04-20,21:00:00,130.91071428571428,1704.0,16.8,50.4,0.9545,2004-04-20 21:00:00
2004-04-20,22:00:00,115.0955223880597,1550.0,16.0,52.0,0.9375,2004-04-20 22:00:00
2004-04-20,23:00:00,108.07164179104478,1589.0,14.2,59.1,0.952,2004-04-20 23:00:00
2004-04-21,00:00:00,103.32142857142857,1412.0,14.2,56.7,0.9111,2004-04-21 00:00:00
2004-04-21,01:00:00,90.50299401197604,1474.0,12.2,67.7,0.9625,2004-04-21 01:00:00
2004-04-21,02:00:00,75.4367469879518,1381.0,13.2,61.7,0.9328,2004-04-21 02:00:00
2004-04-21,03:00:00,80.11538461538461,1375.0,10.9,71.0,0.9249,2004-04-21 03:00:00
2004-04-21,04:00:00,58.62048192771084,1319.0,11.3,67.6,0.9038,2004-04-21 04:00:00
2004-04-21,05:00:00,59.612612612612615,1421.0,10.1,71.8,0.888,2004-04-21 05:00:00
2004-04-21,06:00:00,71.74251497005989,1599.0,10.2,70.9,0.8841,2004-04-21 06:00:00
2004-04-21,07:00:00,94.70958083832335,2249.0,11.8,66.0,0.9085,2004-04-21 07:00:00
2004-04-21,08:00:00,121.26829268292683,2684.0,14.0,58.2,0.9271,2004-04-21 08:00:00
2004-04-21,09:00:00,130.87687687687688,1991.0,17.0,50.2,0.9646,2004-04-21 09:00:00
2004-04-21,10:00:00,133.67857142857142,1854.0,22.3,36.9,0.9838,2004-04-21 10:00:00
2004-04-21,11:00:00,130.4131736526946,1642.0,24.4,30.9,0.934,2004-04-21 11:00:00
2004-04-21,12:00:00,124.45671641791044,1561.0,25.9,26.7,0.8771,2004-04-21 12:00:00
2004-04-21,13:00:00,119.31231231231232,1574.0,25.8,26.1,0.854,2004-04-21 13:00:00
2004-04-21,14:00:00,116.46846846846847,1513.0,26.3,24.8,0.8393,2004-04-21 14:00:00
2004-04-21,15:00:00,117.19161676646706,1483.0,27.0,22.2,0.7805,2004-04-21 15:00:00
2004-04-21,16:00:00,123.31044776119403,1558.0,27.3,20.5,0.7308,2004-04-21 16:00:00
2004-04-21,17:00:00,135.8041543026706,1838.0,25.8,24.1,0.7912,2004-04-21 17:00:00
2004-04-21,18:00:00,145.91964285714286,2271.0,25.3,28.9,0.9151,2004-04-21 18:00:00
2004-04-21,19:00:00,150.0919881305638,2328.0,23.8,33.7,0.9786,2004-04-21 19:00:00
2004-04-21,20:00:00,145.1186943620178,2073.0,21.4,36.0,0.9059,2004-04-21 20:00:00
2004-04-21,21:00:00,130.91071428571428,1737.0,19.8,39.5,0.9016,2004-04-21 21:00:00
2004-04-21,22:00:00,115.0955223880597,1573.0,19.2,42.1,0.9273,2004-04-21 22:00:00
2004-04-21,23:00:00,108.07164179104478,1492.0,18.8,45.8,0.9855,2004-04-21 23:00:00
2004-04-22,00:00:00,103.32142857142857,1469.0,17.1,50.8,0.9828,2004-04-22 00:00:00
2004-04-22,01:00:00,90.50299401197604,1420.0,16.2,53.4,0.9775,2004-04-22 01:00:00
2004-04-22,02:00:00,75.4367469879518,1377.0,16.0,53.5,0.9691,2004-04-22 02:00:00
2004-04-22,03:00:00,80.11538461538461,1341.0,14.3,59.2,0.9601,2004-04-22 03:00:00
2004-04-22,04:00:00,58.62048192771084,1316.0,13.3,62.6,0.9498,2004-04-22 04:00:00
2004-04-22,05:00:00,59.612612612612615,1335.0,13.4,59.5,0.9097,2004-04-22 05:00:00
2004-04-22,06:00:00,71.74251497005989,1474.0,12.2,64.1,0.9062,2004-04-22 06:00:00
2004-04-22,07:00:00,94.70958083832335,1729.0,13.9,57.2,0.9029,2004-04-22 07:00:00
2004-04-22,08:00:00,121.26829268292683,2003.0,15.2,53.2,0.9107,2004-04-22 08:00:00
2004-04-22,09:00:00,130.87687687687688,2186.0,19.2,41.6,0.9154,2004-04-22 09:00:00
2004-04-22,10:00:00,133.67857142857142,1945.0,23.7,30.6,0.8854,2004-04-22 10:00:00
2004-04-22,11:00:00,130.4131736526946,1731.0,26.1,26.8,0.8921,2004-04-22 11:00:00
2004-04-22,12:00:00,124.45671641791044,1682.0,28.1,24.4,0.9138,2004-04-22 12:00:00
2004-04-22,13:00:00,119.31231231231232,1585.0,28.3,23.9,0.906,2004-04-22 13:00:00
2004-04-22,14:00:00,116.46846846846847,1562.0,28.0,21.0,0.7814,2004-04-22 14:00:00
2004-04-22,15:00:00,117.19161676646706,1676.0,30.8,16.4,0.7167,2004-04-22 15:00:00
2004-04-22,16:00:00,123.31044776119403,1739.0,31.3,16.2,0.7262,2004-04-22 16:00:00
2004-04-22,17:00:00,135.8041543026706,2025.0,29.4,20.5,0.8262,2004-04-22 17:00:00
2004-04-22,18:00:00,145.91964285714286,2038.0,25.8,24.3,0.794,2004-04-22 18:00:00
2004-04-22,19:00:00,150.0919881305638,2238.0,23.8,29.5,0.8559,2004-04-22 19:00:00
2004-04-22,20:00:00,145.1186943620178,1932.0,22.0,34.8,0.908,2004-04-22 20:00:00
2004-04-22,21:00:00,130.91071428571428,1659.0,20.2,37.4,0.8748,2004-04-22 21:00:00
2004-04-22,22:00:00,115.0955223880597,1466.0,19.3,38.8,0.8559,2004-04-22 22:00:00
2004-04-22,23:00:00,108.07164179104478,1467.0,17.9,43.7,0.8856,2004-04-22 23:00:00
2004-04-23,00:00:00,103.32142857142857,1593.0,17.2,47.9,0.9334,2004-04-23 00:00:00
2004-04-23,01:00:00,90.50299401197604,1467.0,16.3,49.7,0.916,2004-04-23 01:00:00
2004-04-23,02:00:00,75.4367469879518,1337.0,16.7,46.5,0.8755,2004-04-23 02:00:00
2004-04-23,03:00:00,80.11538461538461,1325.0,14.6,53.0,0.8775,2004-04-23 03:00:00
2004-04-23,04:00:00,58.62048192771084,1314.0,14.1,53.9,0.8633,2004-04-23 04:00:00
2004-04-23,05:00:00,59.0,1321.0,14.2,52.2,0.8413,2004-04-23 05:00:00
2004-04-23,06:00:00,67.0,1418.0,14.3,55.4,0.9003,2004-04-23 06:00:00
2004-04-23,07:00:00,95.0,2119.0,14.0,58.0,0.9202,2004-04-23 07:00:00
2004-04-23,08:00:00,123.0,2417.0,15.4,53.3,0.9289,2004-04-23 08:00:00
2004-04-23,09:00:00,142.0,2030.0,19.1,42.1,0.9233,2004-04-23 09:00:00
2004-04-23,10:00:00,142.0,1887.0,23.7,31.0,0.8968,2004-04-23 10:00:00
2004-04-23,11:00:00,169.0,1947.0,26.9,25.7,0.8942,2004-04-23 11:00:00
2004-04-23,12:00:00,142.0,1838.0,29.7,20.6,0.8478,2004-04-23 12:00:00
2004-04-23,13:00:00,136.0,1835.0,29.2,21.5,0.8573,2004-04-23 13:00:00
2004-04-23,14:00:00,147.0,1865.0,29.6,20.1,0.8181,2004-04-23 14:00:00
2004-04-23,15:00:00,196.0,1953.0,30.0,19.4,0.81,2004-04-23 15:00:00
2004-04-23,16:00:00,186.0,1985.0,29.5,20.1,0.8136,2004-04-23 16:00:00
2004-04-23,17:00:00,177.0,2228.0,27.0,26.8,0.9403,2004-04-23 17:00:00
2004-04-23,18:00:00,164.0,2087.0,24.9,30.8,0.954,2004-04-23 18:00:00
2004-04-23,19:00:00,161.0,2335.0,23.1,36.7,1.0244,2004-04-23 19:00:00
2004-04-23,20:00:00,146.0,1975.0,21.5,40.8,1.0333,2004-04-23 20:00:00
2004-04-23,21:00:00,98.0,1619.0,20.5,41.5,0.9864,2004-04-23 21:00:00
2004-04-23,22:00:00,108.0,1687.0,19.2,44.9,0.9875,2004-04-23 22:00:00
2004-04-23,23:00:00,107.0,1659.0,18.8,47.7,1.0221,2004-04-23 23:00:00
2004-04-24,00:00:00,113.0,1729.0,18.2,49.7,1.0284,2004-04-24 00:00:00
2004-04-24,01:00:00,100.0,1763.0,16.1,57.4,1.0451,2004-04-24 01:00:00
2004-04-24,02:00:00,87.0,1597.0,16.3,55.3,1.0178,2004-04-24 02:00:00
2004-04-24,03:00:00,80.11538461538461,1481.0,15.7,53.6,0.9483,2004-04-24 03:00:00
2004-04-24,04:00:00,60.0,1430.0,16.9,49.8,0.9514,2004-04-24 04:00:00
2004-04-24,05:00:00,65.0,1403.0,14.8,57.7,0.9644,2004-04-24 05:00:00
2004-04-24,06:00:00,64.0,1483.0,14.0,59.7,0.9499,2004-04-24 06:00:00
2004-04-24,07:00:00,73.0,1639.0,14.6,56.8,0.9385,2004-04-24 07:00:00
2004-04-24,08:00:00,86.0,1838.0,16.7,51.9,0.9788,2004-04-24 08:00:00
2004-04-24,09:00:00,105.0,1874.0,20.0,45.0,1.039,2004-04-24 09:00:00
2004-04-24,10:00:00,107.0,1727.0,23.9,33.7,0.9837,2004-04-24 10:00:00
2004-04-24,11:00:00,114.0,1808.0,26.8,29.5,1.0209,2004-04-24 11:00:00
2004-04-24,12:00:00,105.0,1840.0,27.2,32.4,1.1493,2004-04-24 12:00:00
2004-04-24,13:00:00,74.0,1623.0,26.9,32.1,1.1217,2004-04-24 13:00:00
2004-04-24,14:00:00,95.0,1766.0,24.3,41.8,1.2561,2004-04-24 14:00:00
2004-04-24,15:00:00,89.0,1610.0,25.6,36.0,1.1629,2004-04-24 15:00:00
2004-04-24,16:00:00,95.0,1691.0,27.0,31.8,1.1176,2004-04-24 16:00:00
2004-04-24,17:00:00,93.0,1634.0,27.5,31.6,1.1417,2004-04-24 17:00:00
2004-04-24,18:00:00,123.0,1899.0,24.9,38.1,1.1838,2004-04-24 18:00:00
2004-04-24,19:00:00,134.0,1970.0,23.4,39.7,1.1276,2004-04-24 19:00:00
2004-04-24,20:00:00,126.0,1863.0,21.2,50.8,1.2631,2004-04-24 20:00:00
2004-04-24,21:00:00,79.0,1584.0,15.6,73.5,1.2953,2004-04-24 21:00:00
2004-04-24,22:00:00,54.0,1404.0,12.9,79.7,1.1774,2004-04-24 22:00:00
2004-04-24,23:00:00,69.0,1365.0,11.5,76.9,1.0436,2004-04-24 23:00:00
2004-04-25,00:00:00,67.0,1321.0,12.2,66.8,0.9455,2004-04-25 00:00:00
2004-04-25,01:00:00,73.0,1359.0,12.4,64.1,0.9209,2004-04-25 01:00:00
2004-04-25,02:00:00,73.0,1317.0,12.7,58.7,0.8605,2004-04-25 02:00:00
2004-04-25,03:00:00,80.11538461538461,1363.0,12.6,58.6,0.8529,2004-04-25 03:00:00
2004-04-25,04:00:00,33.0,1121.0,12.5,51.2,0.7374,2004-04-25 04:00:00
2004-04-25,05:00:00,20.0,1098.0,12.5,50.9,0.7346,2004-04-25 05:00:00
2004-04-25,06:00:00,37.0,1148.0,12.8,49.3,0.7285,2004-04-25 06:00:00
2004-04-25,07:00:00,50.0,1184.0,13.5,48.6,0.7487,2004-04-25 07:00:00
2004-04-25,08:00:00,45.0,1180.0,14.4,45.9,0.7476,2004-04-25 08:00:00
2004-04-25,09:00:00,48.0,1206.0,15.1,43.9,0.7487,2004-04-25 09:00:00
2004-04-25,10:00:00,56.0,1216.0,16.6,38.6,0.7236,2004-04-25 10:00:00
2004-04-25,11:00:00,58.0,1193.0,17.2,35.0,0.6789,2004-04-25 11:00:00
2004-04-25,12:00:00,52.0,1185.0,17.4,33.9,0.6683,2004-04-25 12:00:00
2004-04-25,13:00:00,52.0,1145.0,17.9,30.7,0.6234,2004-04-25 13:00:00
2004-04-25,14:00:00,44.0,1104.0,18.3,27.2,0.5675,2004-04-25 14:00:00
2004-04-25,15:00:00,59.0,1181.0,19.4,25.7,0.5738,2004-04-25 15:00:00
2004-04-25,16:00:00,74.0,1219.0,20.2,24.1,0.563,2004-04-25 16:00:00
2004-04-25,17:00:00,76.0,1219.0,19.6,24.9,0.5625,2004-04-25 17:00:00
2004-04-25,18:00:00,83.0,1344.0,18.5,27.8,0.5843,2004-04-25 18:00:00
2004-04-25,19:00:00,100.0,1550.0,17.8,30.3,0.6129,2004-04-25 19:00:00
2004-04-25,20:00:00,101.0,1419.0,16.6,34.0,0.6353,2004-04-25 20:00:00
2004-04-25,21:00:00,90.0,1310.0,15.5,37.0,0.6447,2004-04-25 21:00:00
2004-04-25,22:00:00,93.0,1654.0,14.8,39.5,0.6595,2004-04-25 22:00:00
2004-04-25,23:00:00,79.0,1379.0,14.5,42.0,0.6896,2004-04-25 23:00:00
2004-04-26,00:00:00,57.0,1283.0,14.1,44.9,0.7206,2004-04-26 00:00:00
2004-04-26,01:00:00,43.0,1220.0,14.2,45.5,0.7333,2004-04-26 01:00:00
2004-04-26,02:00:00,25.0,1152.0,14.1,45.3,0.7247,2004-04-26 02:00:00
2004-04-26,03:00:00,80.11538461538461,1115.0,14.0,44.3,0.7038,2004-04-26 03:00:00
2004-04-26,04:00:00,17.0,1091.0,14.1,43.0,0.689,2004-04-26 04:00:00
2004-04-26,05:00:00,44.0,1158.0,13.9,43.9,0.6923,2004-04-26 05:00:00
2004-04-26,06:00:00,72.0,1307.0,14.0,43.8,0.6959,2004-04-26 06:00:00
2004-04-26,07:00:00,91.0,1464.0,14.4,43.6,0.7113,2004-04-26 07:00:00
2004-04-26,08:00:00,89.0,1490.0,15.0,41.7,0.7093,2004-04-26 08:00:00
2004-04-26,09:00:00,84.0,1343.0,16.3,38.4,0.7052,2004-04-26 09:00:00
2004-04-26,10:00:00,83.0,1328.0,18.3,32.3,0.676,2004-04-26 10:00:00
2004-04-26,11:00:00,78.0,1311.0,18.8,31.7,0.6821,2004-04-26 11:00:00
2004-04-26,12:00:00,80.0,1413.0,19.6,30.9,0.6968,2004-04-26 12:00:00
2004-04-26,13:00:00,75.0,1436.0,20.2,30.7,0.7176,2004-04-26 13:00:00
2004-04-26,14:00:00,77.0,1365.0,19.7,32.5,0.7396,2004-04-26 14:00:00
2004-04-26,15:00:00,77.0,1395.0,20.7,31.6,0.7602,2004-04-26 15:00:00
2004-04-26,16:00:00,81.0,1410.0,20.0,32.7,0.7545,2004-04-26 16:00:00
2004-04-26,17:00:00,101.0,1625.0,18.6,35.4,0.7535,2004-04-26 17:00:00
2004-04-26,18:00:00,119.0,1685.0,18.3,35.9,0.7501,2004-04-26 18:00:00
2004-04-26,19:00:00,111.0,1616.0,17.8,37.5,0.7568,2004-04-26 19:00:00
2004-04-26,20:00:00,109.0,1496.0,17.3,38.8,0.7584,2004-04-26 20:00:00
2004-04-26,21:00:00,101.0,1441.0,17.3,38.8,0.7596,2004-04-26 21:00:00
2004-04-26,22:00:00,89.0,1359.0,16.4,40.8,0.7542,2004-04-26 22:00:00
2004-04-26,23:00:00,75.0,1318.0,16.0,41.4,0.7487,2004-04-26 23:00:00
2004-04-27,00:00:00,51.0,1225.0,15.4,43.0,0.7482,2004-04-27 00:00:00
2004-04-27,01:00:00,39.0,1197.0,15.7,42.5,0.7539,2004-04-27 01:00:00
2004-04-27,02:00:00,32.0,1212.0,15.6,43.4,0.7651,2004-04-27 02:00:00
2004-04-27,03:00:00,80.11538461538461,1224.0,15.2,45.8,0.7864,2004-04-27 03:00:00
2004-04-27,04:00:00,49.0,1302.0,14.7,49.9,0.828,2004-04-27 04:00:00
2004-04-27,05:00:00,68.0,1339.0,15.5,47.3,0.8282,2004-04-27 05:00:00
2004-04-27,06:00:00,76.0,1593.0,14.4,53.1,0.8677,2004-04-27 06:00:00
2004-04-27,07:00:00,122.0,2101.0,15.9,48.5,0.8704,2004-04-27 07:00:00
2004-04-27,08:00:00,129.0,2050.0,18.1,40.3,0.8294,2004-04-27 08:00:00
2004-04-27,09:00:00,94.0,1487.0,19.6,35.9,0.81,2004-04-27 09:00:00
2004-04-27,10:00:00,99.0,1455.0,22.8,29.1,0.796,2004-04-27 10:00:00
2004-04-27,11:00:00,81.0,1474.0,24.8,25.3,0.7793,2004-04-27 11:00:00
2004-04-27,12:00:00,87.0,1651.0,27.2,22.0,0.7785,2004-04-27 12:00:00
2004-04-27,13:00:00,107.0,1779.0,28.2,20.4,0.7677,2004-04-27 13:00:00
2004-04-27,14:00:00,95.0,1560.0,25.4,24.2,0.7733,2004-04-27 14:00:00
2004-04-27,15:00:00,110.0,1651.0,25.7,23.8,0.7737,2004-04-27 15:00:00
2004-04-27,16:00:00,99.0,1592.0,27.2,22.1,0.7811,2004-04-27 16:00:00
2004-04-27,17:00:00,113.0,1689.0,27.0,22.3,0.786,2004-04-27 17:00:00
2004-04-27,18:00:00,127.0,1798.0,24.5,27.8,0.8433,2004-04-27 18:00:00
2004-04-27,19:00:00,131.0,1955.0,23.7,30.2,0.8718,2004-04-27 19:00:00
2004-04-27,20:00:00,137.0,1849.0,21.5,34.5,0.8746,2004-04-27 20:00:00
2004-04-27,21:00:00,122.0,1651.0,19.9,37.8,0.8675,2004-04-27 21:00:00
2004-04-27,22:00:00,100.0,1511.0,18.9,40.6,0.8771,2004-04-27 22:00:00
2004-04-27,23:00:00,108.0,1608.0,17.9,43.5,0.884,2004-04-27 23:00:00
2004-04-28,00:00:00,83.0,1504.0,17.4,46.3,0.9112,2004-04-28 00:00:00
2004-04-28,01:00:00,74.0,1396.0,18.1,44.7,0.9186,2004-04-28 01:00:00
2004-04-28,02:00:00,64.0,1359.0,16.5,50.1,0.9331,2004-04-28 02:00:00
2004-04-28,03:00:00,80.11538461538461,1347.0,14.2,56.9,0.9141,2004-04-28 03:00:00
2004-04-28,04:00:00,40.0,1321.0,14.7,56.2,0.9341,2004-04-28 04:00:00
2004-04-28,05:00:00,39.0,1345.0,16.3,52.8,0.9722,2004-04-28 05:00:00
2004-04-28,06:00:00,69.0,1539.0,13.9,60.7,0.9597,2004-04-28 06:00:00
2004-04-28,07:00:00,104.0,2396.0,15.0,58.3,0.9876,2004-04-28 07:00:00
2004-04-28,08:00:00,100.0,2112.0,16.1,54.8,0.996,2004-04-28 08:00:00
2004-04-28,09:00:00,146.0,2155.0,19.3,46.4,1.0248,2004-04-28 09:00:00
2004-04-28,10:00:00,155.0,1903.0,24.2,33.8,1.0097,2004-04-28 10:00:00
2004-04-28,11:00:00,139.0,1850.0,26.7,28.7,0.9895,2004-04-28 11:00:00
2004-04-28,12:00:00,121.0,1741.0,27.4,28.2,1.0098,2004-04-28 12:00:00
2004-04-28,13:00:00,108.0,1787.0,28.1,26.9,1.0094,2004-04-28 13:00:00
2004-04-28,14:00:00,126.0,1969.0,27.7,26.5,0.9693,2004-04-28 14:00:00
2004-04-28,15:00:00,145.0,1890.0,28.4,23.4,0.8935,2004-04-28 15:00:00
2004-04-28,16:00:00,121.0,1750.0,28.4,26.0,0.9922,2004-04-28 16:00:00
2004-04-28,17:00:00,145.0,1878.0,27.3,30.0,1.0752,2004-04-28 17:00:00
2004-04-28,18:00:00,160.0,2226.0,24.3,37.3,1.1199,2004-04-28 18:00:00
2004-04-28,19:00:00,155.0,2252.0,23.1,42.2,1.1746,2004-04-28 19:00:00
2004-04-28,20:00:00,162.0,2117.0,21.8,43.6,1.1226,2004-04-28 20:00:00
2004-04-28,21:00:00,129.0,1740.0,19.8,46.8,1.0702,2004-04-28 21:00:00
2004-04-28,22:00:00,96.0,1575.0,19.6,49.8,1.1221,2004-04-28 22:00:00
2004-04-28,23:00:00,92.0,1662.0,17.9,56.2,1.142,2004-04-28 23:00:00
2004-04-29,00:00:00,89.0,1574.0,17.4,55.6,1.0963,2004-04-29 00:00:00
2004-04-29,01:00:00,61.0,1495.0,16.8,59.5,1.1269,2004-04-29 01:00:00
2004-04-29,02:00:00,54.0,1409.0,15.9,60.1,1.0806,2004-04-29 02:00:00
2004-04-29,03:00:00,80.11538461538461,1386.0,15.6,61.2,1.0784,2004-04-29 03:00:00
2004-04-29,04:00:00,44.0,1382.0,14.6,63.4,1.0446,2004-04-29 04:00:00
2004-04-29,05:00:00,57.0,1470.0,13.3,67.0,1.0203,2004-04-29 05:00:00
2004-04-29,06:00:00,68.0,1620.0,12.9,66.5,0.9846,2004-04-29 06:00:00
2004-04-29,07:00:00,95.0,2405.0,14.8,61.3,1.0237,2004-04-29 07:00:00
2004-04-29,08:00:00,125.0,2572.0,16.1,56.5,1.0274,2004-04-29 08:00:00
2004-04-29,09:00:00,135.0,1886.0,18.6,47.8,1.0143,2004-04-29 09:00:00
2004-04-29,10:00:00,118.0,1583.0,23.8,30.2,0.8771,2004-04-29 10:00:00
2004-04-29,11:00:00,91.0,1491.0,25.4,25.0,0.7966,2004-04-29 11:00:00
2004-04-29,12:00:00,89.0,1716.0,25.6,25.5,0.8234,2004-04-29 12:00:00
2004-04-29,13:00:00,129.0,2037.0,24.9,29.9,0.9325,2004-04-29 13:00:00
2004-04-29,14:00:00,122.0,2023.0,22.4,37.9,1.016,2004-04-29 14:00:00
2004-04-29,15:00:00,138.0,2151.0,21.7,44.0,1.1242,2004-04-29 15:00:00
2004-04-29,16:00:00,136.0,2069.0,21.4,44.4,1.1176,2004-04-29 16:00:00
2004-04-29,17:00:00,143.0,2176.0,20.8,45.3,1.1016,2004-04-29 17:00:00
2004-04-29,18:00:00,145.0,2312.0,20.2,48.6,1.1354,2004-04-29 18:00:00
2004-04-29,19:00:00,146.0,2488.0,20.2,50.8,1.1924,2004-04-29 19:00:00
2004-04-29,20:00:00,122.0,2046.0,18.6,57.6,1.2233,2004-04-29 20:00:00
2004-04-29,21:00:00,112.0,1931.0,18.2,58.8,1.2173,2004-04-29 21:00:00
2004-04-29,22:00:00,102.0,1856.0,17.8,61.0,1.2352,2004-04-29 22:00:00
2004-04-29,23:00:00,97.0,1876.0,17.0,70.7,1.3554,2004-04-29 23:00:00
2004-04-30,00:00:00,85.0,1823.0,16.2,76.9,1.4051,2004-04-30 00:00:00
2004-04-30,01:00:00,76.0,1696.0,15.7,78.6,1.3943,2004-04-30 01:00:00
2004-04-30,02:00:00,74.0,1628.0,15.7,78.4,1.3917,2004-04-30 02:00:00
2004-04-30,03:00:00,80.11538461538461,1598.0,15.7,77.4,1.3683,2004-04-30 03:00:00
2004-04-30,04:00:00,56.0,1554.0,15.4,78.5,1.3635,2004-04-30 04:00:00
2004-04-30,05:00:00,66.0,1563.0,15.7,74.7,1.3194,2004-04-30 05:00:00
2004-04-30,06:00:00,90.0,1771.0,15.9,73.1,1.3136,2004-04-30 06:00:00
2004-04-30,07:00:00,111.0,2033.0,16.6,68.2,1.2737,2004-04-30 07:00:00
2004-04-30,08:00:00,103.0,2065.0,18.7,57.6,1.2323,2004-04-30 08:00:00
2004-04-30,09:00:00,117.0,1970.0,17.6,65.0,1.2945,2004-04-30 09:00:00
2004-04-30,10:00:00,116.0,1833.0,16.3,73.2,1.3458,2004-04-30 10:00:00
2004-04-30,11:00:00,109.0,1889.0,16.0,78.5,1.4209,2004-04-30 11:00:00
2004-04-30,12:00:00,116.0,1973.0,17.3,72.4,1.4125,2004-04-30 12:00:00
2004-04-30,13:00:00,115.0,2061.0,19.4,60.9,1.3545,2004-04-30 13:00:00
2004-04-30,14:00:00,94.0,1939.0,21.4,50.9,1.2823,2004-04-30 14:00:00
2004-04-30,15:00:00,121.0,1971.0,22.7,45.8,1.2465,2004-04-30 15:00:00
2004-04-30,16:00:00,114.0,2139.0,20.9,60.8,1.4852,2004-04-30 16:00:00
2004-04-30,17:00:00,110.0,2133.0,21.0,54.3,1.3353,2004-04-30 17:00:00
2004-04-30,18:00:00,122.0,2162.0,20.8,54.4,1.3194,2004-04-30 18:00:00
2004-04-30,19:00:00,135.0,2356.0,19.8,58.6,1.3392,2004-04-30 19:00:00
2004-04-30,20:00:00,133.0,2100.0,19.1,61.1,1.3345,2004-04-30 20:00:00
2004-04-30,21:00:00,110.0,1951.0,18.2,65.4,1.3529,2004-04-30 21:00:00
2004-04-30,22:00:00,102.0,1927.0,18.1,66.1,1.3579,2004-04-30 22:00:00
2004-04-30,23:00:00,108.0,1872.0,17.7,66.9,1.3422,2004-04-30 23:00:00
2004-05-01,00:00:00,110.0,1936.0,17.8,66.8,1.346,2004-05-01 00:00:00
2004-05-01,01:00:00,84.0,1724.0,17.3,68.3,1.3346,2004-05-01 01:00:00
2004-05-01,02:00:00,71.0,1647.0,16.5,70.2,1.3099,2004-05-01 02:00:00
2004-05-01,03:00:00,80.11538461538461,1629.0,15.7,73.1,1.2902,2004-05-01 03:00:00
2004-05-01,04:00:00,42.0,1492.0,16.2,69.9,1.2756,2004-05-01 04:00:00
2004-05-01,05:00:00,32.0,1434.0,16.7,67.1,1.2619,2004-05-01 05:00:00
2004-05-01,06:00:00,35.0,1452.0,16.7,66.9,1.2631,2004-05-01 06:00:00
2004-05-01,07:00:00,67.0,1632.0,16.9,66.5,1.2688,2004-05-01 07:00:00
2004-05-01,08:00:00,73.0,1615.0,17.7,62.0,1.2458,2004-05-01 08:00:00
2004-05-01,09:00:00,86.0,1693.0,19.4,54.6,1.2184,2004-05-01 09:00:00
2004-05-01,10:00:00,89.0,1652.0,21.6,46.1,1.1725,2004-05-01 10:00:00
2004-05-01,11:00:00,86.0,1657.0,24.6,36.7,1.1202,2004-05-01 11:00:00
2004-05-01,12:00:00,86.0,1632.0,26.0,31.9,1.0566,2004-05-01 12:00:00
2004-05-01,13:00:00,66.0,1489.0,25.6,31.5,1.0184,2004-05-01 13:00:00
2004-05-01,14:00:00,68.0,1495.0,24.8,34.8,1.0716,2004-05-01 14:00:00
2004-05-01,15:00:00,82.0,1584.0,26.1,30.3,1.0101,2004-05-01 15:00:00
2004-05-01,16:00:00,91.0,1603.0,25.5,33.5,1.0767,2004-05-01 16:00:00
2004-05-01,17:00:00,95.0,1598.0,23.7,37.2,1.0746,2004-05-01 17:00:00
2004-05-01,18:00:00,104.0,1676.0,22.3,38.9,1.0324,2004-05-01 18:00:00
2004-05-01,19:00:00,131.0,1780.0,20.7,42.8,1.0298,2004-05-01 19:00:00
2004-05-01,20:00:00,112.0,1674.0,19.0,51.7,1.1222,2004-05-01 20:00:00
2004-05-01,21:00:00,100.0,1656.0,17.8,55.5,1.1174,2004-05-01 21:00:00
2004-05-01,22:00:00,115.0,1851.0,17.4,57.6,1.1342,2004-05-01 22:00:00
2004-05-01,23:00:00,129.0,1769.0,17.6,58.5,1.1645,2004-05-01 23:00:00
2004-05-02,00:00:00,99.0,1599.0,17.2,59.3,1.1551,2004-05-02 00:00:00
2004-05-02,01:00:00,74.0,1646.0,17.1,60.4,1.1633,2004-05-02 01:00:00
2004-05-02,02:00:00,55.0,1536.0,16.4,62.2,1.1507,2004-05-02 02:00:00
2004-05-02,03:00:00,80.11538461538461,1580.0,14.8,67.6,1.1352,2004-05-02 03:00:00
2004-05-02,04:00:00,35.0,1460.0,14.8,65.8,1.1028,2004-05-02 04:00:00
2004-05-02,05:00:00,37.0,1426.0,14.7,65.2,1.0811,2004-05-02 05:00:00
2004-05-02,06:00:00,45.0,1456.0,13.1,70.2,1.0554,2004-05-02 06:00:00
2004-05-02,07:00:00,46.0,1518.0,14.3,66.2,1.0728,2004-05-02 07:00:00
2004-05-02,08:00:00,68.0,1568.0,16.0,61.6,1.1083,2004-05-02 08:00:00
2004-05-02,09:00:00,77.0,1595.0,17.7,56.4,1.1342,2004-05-02 09:00:00
2004-05-02,10:00:00,79.0,1639.0,21.3,44.7,1.1157,2004-05-02 10:00:00
2004-05-02,11:00:00,72.0,1531.0,23.6,36.4,1.0431,2004-05-02 11:00:00
2004-05-02,12:00:00,68.0,1510.0,24.3,34.0,1.0149,2004-05-02 12:00:00
2004-05-02,13:00:00,64.0,1436.0,24.4,32.7,0.9863,2004-05-02 13:00:00
2004-05-02,14:00:00,73.0,1519.0,24.6,31.7,0.9647,2004-05-02 14:00:00
2004-05-02,15:00:00,84.0,1538.0,23.9,34.3,1.002,2004-05-02 15:00:00
2004-05-02,16:00:00,67.0,1443.0,25.9,28.1,0.9258,2004-05-02 16:00:00
2004-05-02,17:00:00,106.0,1637.0,24.5,32.3,0.9815,2004-05-02 17:00:00
2004-05-02,18:00:00,114.0,1721.0,22.6,39.3,1.06,2004-05-02 18:00:00
2004-05-02,19:00:00,123.0,1853.0,21.2,47.5,1.1828,2004-05-02 19:00:00
2004-05-02,20:00:00,108.0,1753.0,19.9,54.9,1.2632,2004-05-02 20:00:00
2004-05-02,21:00:00,100.0,1691.0,19.4,52.1,1.1642,2004-05-02 21:00:00
2004-05-02,22:00:00,118.0,1607.0,19.4,42.6,0.9485,2004-05-02 22:00:00
2004-05-02,23:00:00,121.0,1548.0,19.1,44.1,0.966,2004-05-02 23:00:00
2004-05-03,00:00:00,94.0,1534.0,18.0,49.3,1.0086,2004-05-03 00:00:00
2004-05-03,01:00:00,52.0,1414.0,17.6,54.6,1.0918,2004-05-03 01:00:00
2004-05-03,02:00:00,39.0,1397.0,16.4,62.1,1.1493,2004-05-03 02:00:00
2004-05-03,03:00:00,80.11538461538461,1385.0,15.6,65.3,1.1484,2004-05-03 03:00:00
2004-05-03,04:00:00,33.0,1351.0,16.0,61.4,1.1043,2004-05-03 04:00:00
2004-05-03,05:00:00,57.0,1516.0,15.8,64.3,1.1416,2004-05-03 05:00:00
2004-05-03,06:00:00,80.0,1687.0,16.0,65.8,1.1844,2004-05-03 06:00:00
2004-05-03,07:00:00,101.0,2193.0,16.8,62.5,1.1869,2004-05-03 07:00:00
2004-05-03,08:00:00,109.0,2400.0,16.9,66.1,1.2613,2004-05-03 08:00:00
2004-05-03,09:00:00,109.0,2054.0,17.4,68.9,1.3557,2004-05-03 09:00:00
2004-05-03,10:00:00,111.0,1755.0,21.4,45.0,1.1291,2004-05-03 10:00:00
2004-05-03,11:00:00,102.0,1623.0,23.9,30.7,0.9002,2004-05-03 11:00:00
2004-05-03,12:00:00,96.0,1584.0,26.8,25.2,0.8721,2004-05-03 12:00:00
2004-05-03,13:00:00,90.0,1561.0,28.4,23.6,0.8983,2004-05-03 13:00:00
2004-05-03,14:00:00,69.0,1496.0,30.3,20.1,0.8539,2004-05-03 14:00:00
2004-05-03,15:00:00,74.0,1580.0,30.9,19.7,0.8649,2004-05-03 15:00:00
2004-05-03,16:00:00,102.0,1744.0,30.2,20.5,0.8672,2004-05-03 16:00:00
2004-05-03,17:00:00,128.0,2149.0,26.4,34.6,1.1724,2004-05-03 17:00:00
2004-05-03,18:00:00,130.0,2084.0,24.9,39.4,1.2268,2004-05-03 18:00:00
2004-05-03,19:00:00,120.0,2009.0,23.5,43.7,1.2484,2004-05-03 19:00:00
2004-05-03,20:00:00,113.0,1903.0,19.3,63.1,1.4028,2004-05-03 20:00:00
2004-05-03,21:00:00,100.0,1771.0,18.7,64.6,1.3836,2004-05-03 21:00:00
2004-05-03,22:00:00,70.0,1566.0,19.5,57.1,1.2806,2004-05-03 22:00:00
2004-05-03,23:00:00,83.0,1653.0,18.9,62.5,1.3521,2004-05-03 23:00:00
2004-05-04,00:00:00,81.0,1620.0,18.4,65.8,1.3802,2004-05-04 00:00:00
2004-05-04,01:00:00,69.0,1588.0,16.4,79.2,1.4681,2004-05-04 01:00:00
2004-05-04,02:00:00,48.0,1517.0,16.1,80.0,1.4562,2004-05-04 02:00:00
2004-05-04,03:00:00,80.11538461538461,1471.0,15.6,81.0,1.4302,2004-05-04 03:00:00
2004-05-04,04:00:00,28.0,1465.0,15.6,81.0,1.4216,2004-05-04 04:00:00
2004-05-04,05:00:00,47.0,1552.0,15.7,80.5,1.4236,2004-05-04 05:00:00
2004-05-04,06:00:00,88.0,1912.0,16.0,80.8,1.4602,2004-05-04 06:00:00
2004-05-04,07:00:00,109.0,2306.0,16.6,78.0,1.4572,2004-05-04 07:00:00
2004-05-04,08:00:00,113.0,2248.0,16.1,79.2,1.4398,2004-05-04 08:00:00
2004-05-04,09:00:00,104.0,1973.0,17.7,70.8,1.4171,2004-05-04 09:00:00
2004-05-04,10:00:00,65.0,1657.0,20.3,54.8,1.2867,2004-05-04 10:00:00
2004-05-04,11:00:00,87.0,1825.0,21.2,49.3,1.2271,2004-05-04 11:00:00
2004-05-04,12:00:00,99.0,1860.0,21.5,47.9,1.2178,2004-05-04 12:00:00
2004-05-04,13:00:00,100.0,1784.0,21.4,47.7,1.2047,2004-05-04 13:00:00
2004-05-04,14:00:00,105.0,1814.0,20.4,54.0,1.2757,2004-05-04 14:00:00
2004-05-04,15:00:00,97.0,1851.0,19.9,57.1,1.3158,2004-05-04 15:00:00
2004-05-04,16:00:00,54.0,1565.0,19.9,55.2,1.2701,2004-05-04 16:00:00
2004-05-04,17:00:00,59.0,1764.0,19.5,55.7,1.2512,2004-05-04 17:00:00
2004-05-04,18:00:00,109.0,2120.0,18.3,62.8,1.3127,2004-05-04 18:00:00
2004-05-04,19:00:00,125.0,2185.0,17.2,68.3,1.3289,2004-05-04 19:00:00
2004-05-04,20:00:00,132.0,2166.0,16.1,75.2,1.3654,2004-05-04 20:00:00
2004-05-04,21:00:00,110.0,1840.0,16.6,70.8,1.3253,2004-05-04 21:00:00
2004-05-04,22:00:00,53.0,1475.0,18.5,56.0,1.181,2004-05-04 22:00:00
2004-05-04,23:00:00,61.0,1543.0,17.3,59.5,1.1667,2004-05-04 23:00:00
2004-05-05,00:00:00,41.0,1370.0,18.6,52.3,1.1121,2004-05-05 00:00:00
2004-05-05,01:00:00,22.0,1294.0,19.0,49.8,1.0831,2004-05-05 01:00:00
2004-05-05,02:00:00,28.0,1360.0,15.7,64.5,1.14,2004-05-05 02:00:00
2004-05-05,03:00:00,80.11538461538461,1399.0,15.5,66.9,1.1691,2004-05-05 03:00:00
2004-05-05,04:00:00,41.0,1439.0,14.7,74.1,1.2302,2004-05-05 04:00:00
2004-05-05,05:00:00,54.0,1526.0,14.6,77.1,1.2727,2004-05-05 05:00:00
2004-05-05,06:00:00,81.0,1673.0,14.5,78.3,1.2851,2004-05-05 06:00:00
2004-05-05,07:00:00,107.0,2163.0,15.1,76.8,1.3061,2004-05-05 07:00:00
2004-05-05,08:00:00,121.26829268292683,2264.0,16.4,70.8,1.3088,2004-05-05 08:00:00
2004-05-05,09:00:00,124.0,2143.0,16.4,72.4,1.3379,2004-05-05 09:00:00
2004-05-05,10:00:00,123.0,1876.0,16.3,68.6,1.2657,2004-05-05 10:00:00
2004-05-05,11:00:00,120.0,1887.0,17.2,62.9,1.2228,2004-05-05 11:00:00
2004-05-05,12:00:00,113.0,1920.0,17.4,61.1,1.206,2004-05-05 12:00:00
2004-05-05,13:00:00,114.0,2116.0,16.8,66.8,1.2691,2004-05-05 13:00:00
2004-05-05,14:00:00,120.0,2049.0,17.3,62.6,1.226,2004-05-05 14:00:00
2004-05-05,15:00:00,125.0,1945.0,17.5,60.8,1.2029,2004-05-05 15:00:00
2004-05-05,16:00:00,88.0,1740.0,17.5,59.2,1.1725,2004-05-05 16:00:00
2004-05-05,17:00:00,72.0,1682.0,17.7,56.9,1.1392,2004-05-05 17:00:00
2004-05-05,18:00:00,103.0,1870.0,17.1,61.5,1.1873,2004-05-05 18:00:00
2004-05-05,19:00:00,67.0,1661.0,17.5,63.9,1.2667,2004-05-05 19:00:00
2004-05-05,20:00:00,79.0,1733.0,15.9,70.7,1.2672,2004-05-05 20:00:00
2004-05-05,21:00:00,89.0,1637.0,15.1,75.1,1.2799,2004-05-05 21:00:00
2004-05-05,22:00:00,67.0,1438.0,13.9,72.5,1.1502,2004-05-05 22:00:00
2004-05-05,23:00:00,83.0,1518.0,12.0,79.8,1.1175,2004-05-05 23:00:00
2004-05-06,00:00:00,76.0,1468.0,12.5,75.8,1.0938,2004-05-06 00:00:00
2004-05-06,01:00:00,58.0,1416.0,12.0,75.0,1.0499,2004-05-06 01:00:00
2004-05-06,02:00:00,30.0,1310.0,12.6,72.2,1.0503,2004-05-06 02:00:00
2004-05-06,03:00:00,80.11538461538461,1292.0,12.7,71.6,1.0486,2004-05-06 03:00:00
2004-05-06,04:00:00,22.0,1294.0,13.1,67.1,1.0079,2004-05-06 04:00:00
2004-05-06,05:00:00,50.0,1357.0,13.2,64.6,0.9774,2004-05-06 05:00:00
2004-05-06,06:00:00,92.0,1546.0,13.1,65.6,0.9815,2004-05-06 06:00:00
2004-05-06,07:00:00,101.0,1984.0,14.7,58.5,0.9688,2004-05-06 07:00:00
2004-05-06,08:00:00,121.0,2029.0,15.9,53.1,0.9529,2004-05-06 08:00:00
2004-05-06,09:00:00,130.0,1836.0,17.9,46.1,0.9388,2004-05-06 09:00:00
2004-05-06,10:00:00,114.0,1692.0,20.2,37.7,0.8833,2004-05-06 10:00:00
2004-05-06,11:00:00,100.0,1624.0,18.5,42.8,0.9026,2004-05-06 11:00:00
2004-05-06,12:00:00,56.0,1450.0,13.0,64.3,0.9586,2004-05-06 12:00:00
2004-05-06,13:00:00,75.0,1581.0,15.1,54.5,0.9309,2004-05-06 13:00:00
2004-05-06,14:00:00,121.0,1831.0,13.6,65.5,1.0184,2004-05-06 14:00:00
2004-05-06,15:00:00,128.0,1816.0,12.3,78.3,1.1154,2004-05-06 15:00:00
2004-05-06,16:00:00,139.0,1869.0,12.7,74.2,1.0863,2004-05-06 16:00:00
2004-05-06,17:00:00,122.0,1728.0,14.4,64.2,1.049,2004-05-06 17:00:00
2004-05-06,18:00:00,92.0,1626.0,15.6,58.3,1.0266,2004-05-06 18:00:00
2004-05-06,19:00:00,97.0,1722.0,15.0,61.4,1.0385,2004-05-06 19:00:00
2004-05-06,20:00:00,98.0,1605.0,13.7,65.8,1.0254,2004-05-06 20:00:00
2004-05-06,21:00:00,93.0,1497.0,12.3,66.4,0.944,2004-05-06 21:00:00
2004-05-06,22:00:00,65.0,1422.0,15.4,58.8,1.0215,2004-05-06 22:00:00
2004-05-06,23:00:00,81.0,1586.0,14.1,64.9,1.0405,2004-05-06 23:00:00
2004-05-07,00:00:00,102.0,1579.0,13.8,64.7,1.0168,2004-05-07 00:00:00
2004-05-07,01:00:00,91.0,1568.0,13.5,67.8,1.042,2004-05-07 01:00:00
2004-05-07,02:00:00,56.0,1427.0,13.7,69.4,1.0794,2004-05-07 02:00:00
2004-05-07,03:00:00,80.11538461538461,1384.0,13.9,67.7,1.0712,2004-05-07 03:00:00
2004-05-07,04:00:00,41.0,1386.0,14.0,67.8,1.0787,2004-05-07 04:00:00
2004-05-07,05:00:00,48.0,1364.0,14.6,61.1,1.0075,2004-05-07 05:00:00
2004-05-07,06:00:00,72.0,1590.0,14.3,60.5,0.9847,2004-05-07 06:00:00
2004-05-07,07:00:00,106.0,2014.0,14.9,56.9,0.9582,2004-05-07 07:00:00
2004-05-07,08:00:00,107.0,2095.0,16.4,50.2,0.9286,2004-05-07 08:00:00
2004-05-07,09:00:00,127.0,1824.0,16.0,50.9,0.9211,2004-05-07 09:00:00
2004-05-07,10:00:00,114.0,1582.0,18.6,42.8,0.9091,2004-05-07 10:00:00
2004-05-07,11:00:00,101.0,1405.0,19.7,33.7,0.7646,2004-05-07 11:00:00
2004-05-07,12:00:00,95.0,1418.0,21.2,27.7,0.6864,2004-05-07 12:00:00
2004-05-07,13:00:00,110.0,1526.0,19.7,28.5,0.6445,2004-05-07 13:00:00
2004-05-07,14:00:00,101.0,1460.0,19.8,29.7,0.678,2004-05-07 14:00:00
2004-05-07,15:00:00,106.0,1481.0,19.2,35.6,0.7856,2004-05-07 15:00:00
2004-05-07,16:00:00,116.0,1600.0,14.2,60.5,0.9765,2004-05-07 16:00:00
2004-05-07,17:00:00,124.0,1948.0,12.9,69.1,1.0249,2004-05-07 17:00:00
2004-05-07,18:00:00,133.0,1911.0,12.7,70.4,1.0294,2004-05-07 18:00:00
2004-05-07,19:00:00,96.0,1642.0,13.9,62.7,0.9905,2004-05-07 19:00:00
2004-05-07,20:00:00,85.0,1527.0,13.9,62.9,0.9948,2004-05-07 20:00:00
2004-05-07,21:00:00,97.0,1595.0,13.4,65.2,0.9996,2004-05-07 21:00:00
2004-05-07,22:00:00,97.0,1568.0,13.4,64.6,0.9864,2004-05-07 22:00:00
2004-05-07,23:00:00,101.0,1531.0,13.3,63.6,0.9677,2004-05-07 23:00:00
2004-05-08,00:00:00,85.0,1516.0,13.3,61.8,0.9433,2004-05-08 00:00:00
2004-05-08,01:00:00,80.0,1446.0,13.6,59.7,0.9271,2004-05-08 01:00:00
2004-05-08,02:00:00,33.0,1252.0,14.6,53.3,0.8807,2004-05-08 02:00:00
2004-05-08,03:00:00,80.11538461538461,1239.0,14.3,51.7,0.8412,2004-05-08 03:00:00
2004-05-08,04:00:00,58.62048192771084,1202.0,10.9,67.5,0.8785,2004-05-08 04:00:00
2004-05-08,05:00:00,59.612612612612615,1257.0,7.4,85.2,0.8808,2004-05-08 05:00:00
2004-05-08,06:00:00,71.74251497005989,1329.0,8.7,81.5,0.919,2004-05-08 06:00:00
2004-05-08,07:00:00,94.70958083832335,1479.0,10.3,75.6,0.9458,2004-05-08 07:00:00
2004-05-08,08:00:00,121.26829268292683,1589.0,11.0,75.0,0.9821,2004-05-08 08:00:00
2004-05-08,09:00:00,130.87687687687688,1588.0,13.6,66.1,1.0236,2004-05-08 09:00:00
2004-05-08,10:00:00,133.67857142857142,1575.0,14.7,63.1,1.0488,2004-05-08 10:00:00
2004-05-08,11:00:00,130.4131736526946,1739.0,13.8,72.3,1.1361,2004-05-08 11:00:00
2004-05-08,12:00:00,124.45671641791044,1778.0,13.3,76.8,1.1703,2004-05-08 12:00:00
2004-05-08,13:00:00,119.31231231231232,1671.0,16.2,60.0,1.0937,2004-05-08 13:00:00
2004-05-08,14:00:00,116.46846846846847,1432.0,16.3,55.3,1.0146,2004-05-08 14:00:00
2004-05-08,15:00:00,117.19161676646706,1489.0,20.0,40.4,0.9354,2004-05-08 15:00:00
2004-05-08,16:00:00,123.31044776119403,1375.0,19.8,35.4,0.8099,2004-05-08 16:00:00
2004-05-08,17:00:00,135.8041543026706,1408.0,19.8,33.6,0.767,2004-05-08 17:00:00
2004-05-08,18:00:00,145.91964285714286,1502.0,17.8,38.5,0.7763,2004-05-08 18:00:00
2004-05-08,19:00:00,150.0919881305638,1829.0,16.7,44.6,0.8393,2004-05-08 19:00:00
2004-05-08,20:00:00,145.1186943620178,1802.0,15.1,51.8,0.8816,2004-05-08 20:00:00
2004-05-08,21:00:00,130.91071428571428,1603.0,14.1,56.2,0.9028,2004-05-08 21:00:00
2004-05-08,22:00:00,115.0955223880597,1573.0,13.8,58.3,0.9147,2004-05-08 22:00:00
2004-05-08,23:00:00,108.07164179104478,1457.0,13.7,59.7,0.9285,2004-05-08 23:00:00
2004-05-09,00:00:00,103.32142857142857,1519.0,13.7,60.3,0.9405,2004-05-09 00:00:00
2004-05-09,01:00:00,90.50299401197604,1575.0,12.7,64.9,0.9506,2004-05-09 01:00:00
2004-05-09,02:00:00,75.4367469879518,1601.0,12.6,65.4,0.9529,2004-05-09 02:00:00
2004-05-09,03:00:00,80.11538461538461,1619.0,12.1,68.6,0.964,2004-05-09 03:00:00
2004-05-09,04:00:00,58.62048192771084,1605.0,12.3,68.0,0.9722,2004-05-09 04:00:00
2004-05-09,05:00:00,59.612612612612615,1558.0,11.9,71.1,0.9899,2004-05-09 05:00:00
2004-05-09,06:00:00,71.74251497005989,1460.0,11.3,73.8,0.9848,2004-05-09 06:00:00
2004-05-09,07:00:00,94.70958083832335,1414.0,13.1,62.6,0.9419,2004-05-09 07:00:00
2004-05-09,08:00:00,121.26829268292683,1303.0,16.8,46.8,0.8881,2004-05-09 08:00:00
2004-05-09,09:00:00,130.87687687687688,1434.0,17.9,44.8,0.9104,2004-05-09 09:00:00
2004-05-09,10:00:00,133.67857142857142,1450.0,17.8,49.5,0.9986,2004-05-09 10:00:00
2004-05-09,11:00:00,130.4131736526946,1476.0,18.8,46.4,0.9968,2004-05-09 11:00:00
2004-05-09,12:00:00,124.45671641791044,1502.0,19.3,44.0,0.9783,2004-05-09 12:00:00
2004-05-09,13:00:00,119.31231231231232,1492.0,14.7,68.4,1.1405,2004-05-09 13:00:00
2004-05-09,14:00:00,116.46846846846847,1521.0,15.6,65.8,1.1577,2004-05-09 14:00:00
2004-05-09,15:00:00,117.19161676646706,1595.0,17.7,54.0,1.0826,2004-05-09 15:00:00
2004-05-09,16:00:00,123.31044776119403,1420.0,17.8,46.7,0.9466,2004-05-09 16:00:00
2004-05-09,17:00:00,135.8041543026706,1446.0,17.8,44.4,0.8967,2004-05-09 17:00:00
2004-05-09,18:00:00,145.91964285714286,1465.0,17.8,44.3,0.8929,2004-05-09 18:00:00
2004-05-09,19:00:00,150.0919881305638,1614.0,16.4,47.8,0.8851,2004-05-09 19:00:00
2004-05-09,20:00:00,145.1186943620178,1625.0,15.6,51.6,0.9063,2004-05-09 20:00:00
2004-05-09,21:00:00,130.91071428571428,1570.0,14.9,55.0,0.9228,2004-05-09 21:00:00
2004-05-09,22:00:00,115.0955223880597,1606.0,13.8,59.8,0.9398,2004-05-09 22:00:00
2004-05-09,23:00:00,108.07164179104478,1600.0,13.8,62.1,0.9721,2004-05-09 23:00:00
2004-05-10,00:00:00,103.32142857142857,1501.0,13.9,61.1,0.9656,2004-05-10 00:00:00
2004-05-10,01:00:00,90.50299401197604,1375.0,14.9,57.6,0.9684,2004-05-10 01:00:00
2004-05-10,02:00:00,75.4367469879518,1344.0,14.4,60.1,0.9797,2004-05-10 02:00:00
2004-05-10,03:00:00,80.11538461538461,1318.0,13.8,63.2,0.9952,2004-05-10 03:00:00
2004-05-10,04:00:00,58.62048192771084,1357.0,14.2,62.9,1.0136,2004-05-10 04:00:00
2004-05-10,05:00:00,59.612612612612615,1385.0,14.0,63.8,1.0167,2004-05-10 05:00:00
2004-05-10,06:00:00,71.74251497005989,1705.0,13.4,67.4,1.0292,2004-05-10 06:00:00
2004-05-10,07:00:00,94.70958083832335,2459.0,14.7,62.3,1.0351,2004-05-10 07:00:00
2004-05-10,08:00:00,121.26829268292683,2617.0,16.0,57.3,1.0342,2004-05-10 08:00:00
2004-05-10,09:00:00,117.0,2051.0,17.8,51.1,1.0362,2004-05-10 09:00:00
2004-05-10,10:00:00,107.0,1808.0,20.0,45.0,1.0379,2004-05-10 10:00:00
2004-05-10,11:00:00,95.0,1748.0,20.3,44.1,1.0392,2004-05-10 11:00:00
2004-05-10,12:00:00,93.0,1797.0,20.7,42.4,1.0248,2004-05-10 12:00:00
2004-05-10,13:00:00,104.0,1758.0,20.8,40.6,0.9888,2004-05-10 13:00:00
2004-05-10,14:00:00,102.0,1767.0,21.5,39.7,1.0042,2004-05-10 14:00:00
2004-05-10,15:00:00,109.0,1731.0,25.0,30.1,0.9394,2004-05-10 15:00:00
2004-05-10,16:00:00,97.0,1716.0,25.2,29.7,0.9371,2004-05-10 16:00:00
2004-05-10,17:00:00,104.0,1824.0,23.4,32.0,0.91,2004-05-10 17:00:00
2004-05-10,18:00:00,124.0,1961.0,21.0,37.8,0.9298,2004-05-10 18:00:00
2004-05-10,19:00:00,135.0,2050.0,19.2,45.7,1.0084,2004-05-10 19:00:00
2004-05-10,20:00:00,122.0,1824.0,17.7,50.9,1.0232,2004-05-10 20:00:00
2004-05-10,21:00:00,109.0,1703.0,16.8,53.6,1.0167,2004-05-10 21:00:00
2004-05-10,22:00:00,95.0,1621.0,15.8,56.2,1.0033,2004-05-10 22:00:00
2004-05-10,23:00:00,86.0,1521.0,16.0,56.5,1.0166,2004-05-10 23:00:00
2004-05-11,00:00:00,78.0,1518.0,14.2,64.1,1.0346,2004-05-11 00:00:00
2004-05-11,01:00:00,53.0,1362.0,15.0,59.8,1.0142,2004-05-11 01:00:00
2004-05-11,02:00:00,43.0,1317.0,14.3,61.9,1.0031,2004-05-11 02:00:00
2004-05-11,03:00:00,80.11538461538461,1320.0,12.8,66.0,0.969,2004-05-11 03:00:00
2004-05-11,04:00:00,53.0,1335.0,11.4,70.5,0.9484,2004-05-11 04:00:00
2004-05-11,05:00:00,48.0,1405.0,12.0,68.0,0.9547,2004-05-11 05:00:00
2004-05-11,06:00:00,64.0,1606.0,11.3,70.4,0.9443,2004-05-11 06:00:00
2004-05-11,07:00:00,95.0,2301.0,12.7,65.6,0.962,2004-05-11 07:00:00
2004-05-11,08:00:00,120.0,2423.0,14.5,59.8,0.9795,2004-05-11 08:00:00
2004-05-11,09:00:00,153.0,2182.0,17.5,49.8,0.9877,2004-05-11 09:00:00
2004-05-11,10:00:00,163.0,2032.0,21.9,35.2,0.9128,2004-05-11 10:00:00
2004-05-11,11:00:00,119.0,1891.0,23.5,29.5,0.8435,2004-05-11 11:00:00
2004-05-11,12:00:00,96.0,1735.0,24.3,29.8,0.8926,2004-05-11 12:00:00
2004-05-11,13:00:00,94.0,1728.0,23.8,31.7,0.9212,2004-05-11 13:00:00
2004-05-11,14:00:00,86.0,1643.0,24.2,31.2,0.9257,2004-05-11 14:00:00
2004-05-11,15:00:00,91.0,1664.0,26.5,27.2,0.9282,2004-05-11 15:00:00
2004-05-11,16:00:00,97.0,1675.0,25.7,28.4,0.9248,2004-05-11 16:00:00
2004-05-11,17:00:00,125.0,1923.0,26.3,27.5,0.9306,2004-05-11 17:00:00
2004-05-11,18:00:00,140.0,2233.0,24.4,31.6,0.9545,2004-05-11 18:00:00
2004-05-11,19:00:00,158.0,2345.0,23.1,35.3,0.9845,2004-05-11 19:00:00
2004-05-11,20:00:00,159.0,2120.0,21.1,40.2,0.997,2004-05-11 20:00:00
2004-05-11,21:00:00,128.0,1941.0,19.2,52.3,1.1516,2004-05-11 21:00:00
2004-05-11,22:00:00,114.0,1840.0,18.1,58.7,1.2072,2004-05-11 22:00:00
2004-05-11,23:00:00,100.0,1766.0,17.3,58.8,1.1494,2004-05-11 23:00:00
2004-05-12,00:00:00,88.0,1619.0,16.9,58.8,1.125,2004-05-12 00:00:00
2004-05-12,01:00:00,67.0,1518.0,17.6,57.6,1.1484,2004-05-12 01:00:00
2004-05-12,02:00:00,65.0,1511.0,15.6,63.9,1.1287,2004-05-12 02:00:00
2004-05-12,03:00:00,80.11538461538461,1468.0,14.9,65.7,1.1073,2004-05-12 03:00:00
2004-05-12,04:00:00,47.0,1403.0,15.6,62.2,1.0961,2004-05-12 04:00:00
2004-05-12,05:00:00,57.0,1517.0,14.0,68.3,1.0884,2004-05-12 05:00:00
2004-05-12,06:00:00,73.0,1705.0,14.5,65.7,1.0804,2004-05-12 06:00:00
2004-05-12,07:00:00,95.0,2163.0,15.5,62.2,1.0875,2004-05-12 07:00:00
2004-05-12,08:00:00,110.0,2667.0,17.0,56.8,1.0909,2004-05-12 08:00:00
2004-05-12,09:00:00,121.0,2281.0,18.8,52.4,1.1285,2004-05-12 09:00:00
2004-05-12,10:00:00,108.0,2140.0,19.7,51.9,1.1796,2004-05-12 10:00:00
2004-05-12,11:00:00,125.0,1964.0,20.9,44.6,1.0872,2004-05-12 11:00:00
2004-05-12,12:00:00,117.0,2138.0,21.9,43.3,1.1265,2004-05-12 12:00:00
2004-05-12,13:00:00,131.0,2413.0,20.4,55.7,1.3205,2004-05-12 13:00:00
2004-05-12,14:00:00,126.0,1894.0,17.4,67.0,1.325,2004-05-12 14:00:00
2004-05-12,15:00:00,114.0,1797.0,17.1,64.0,1.2413,2004-05-12 15:00:00
2004-05-12,16:00:00,123.0,1806.0,17.3,61.1,1.1957,2004-05-12 16:00:00
2004-05-12,17:00:00,116.0,1797.0,17.7,56.3,1.13,2004-05-12 17:00:00
2004-05-12,18:00:00,107.0,1709.0,17.4,48.6,0.9559,2004-05-12 18:00:00
2004-05-12,19:00:00,123.0,1767.0,17.6,43.7,0.8698,2004-05-12 19:00:00
2004-05-12,20:00:00,112.0,1570.0,16.7,47.2,0.892,2004-05-12 20:00:00
2004-05-12,21:00:00,101.0,1452.0,16.8,45.6,0.8636,2004-05-12 21:00:00
2004-05-12,22:00:00,91.0,1425.0,16.1,52.0,0.946,2004-05-12 22:00:00
2004-05-12,23:00:00,88.0,1462.0,15.5,57.1,0.996,2004-05-12 23:00:00
2004-05-13,00:00:00,96.0,1455.0,16.2,50.2,0.9156,2004-05-13 00:00:00
2004-05-13,01:00:00,75.0,1405.0,16.4,50.5,0.938,2004-05-13 01:00:00
2004-05-13,02:00:00,47.0,1316.0,16.2,52.8,0.9626,2004-05-13 02:00:00
2004-05-13,03:00:00,80.11538461538461,1272.0,16.0,53.7,0.9723,2004-05-13 03:00:00
2004-05-13,04:00:00,25.0,1252.0,16.2,53.0,0.9672,2004-05-13 04:00:00
2004-05-13,05:00:00,49.0,1317.0,16.2,53.7,0.9799,2004-05-13 05:00:00
2004-05-13,06:00:00,85.0,1459.0,15.9,55.3,0.991,2004-05-13 06:00:00
2004-05-13,07:00:00,106.0,1652.0,16.2,55.6,1.0151,2004-05-13 07:00:00
2004-05-13,08:00:00,136.0,1984.0,16.0,59.3,1.0711,2004-05-13 08:00:00
2004-05-13,09:00:00,119.0,1663.0,16.6,55.6,1.042,2004-05-13 09:00:00
2004-05-13,10:00:00,122.0,1714.0,17.4,51.8,1.022,2004-05-13 10:00:00
2004-05-13,11:00:00,90.0,1554.0,17.6,49.7,0.9944,2004-05-13 11:00:00
2004-05-13,12:00:00,97.0,1608.0,17.2,52.8,1.0236,2004-05-13 12:00:00
2004-05-13,13:00:00,98.0,1736.0,18.2,49.6,1.0268,2004-05-13 13:00:00
2004-05-13,14:00:00,93.0,1576.0,19.5,45.0,1.0114,2004-05-13 14:00:00
2004-05-13,15:00:00,98.0,1626.0,19.5,45.5,1.0189,2004-05-13 15:00:00
2004-05-13,16:00:00,123.0,1910.0,19.8,44.3,1.0104,2004-05-13 16:00:00
2004-05-13,17:00:00,148.0,2092.0,20.3,43.1,1.0114,2004-05-13 17:00:00
2004-05-13,18:00:00,148.0,2036.0,20.3,44.4,1.0457,2004-05-13 18:00:00
2004-05-13,19:00:00,133.0,2076.0,19.8,47.9,1.092,2004-05-13 19:00:00
2004-05-13,20:00:00,141.0,2102.0,19.1,52.3,1.1486,2004-05-13 20:00:00
2004-05-13,21:00:00,131.0,1891.0,18.2,54.7,1.1336,2004-05-13 21:00:00
2004-05-13,22:00:00,121.0,1733.0,17.8,55.0,1.1097,2004-05-13 22:00:00
2004-05-13,23:00:00,123.0,1946.0,17.5,56.4,1.1175,2004-05-13 23:00:00
2004-05-14,00:00:00,107.0,1873.0,17.3,57.8,1.1298,2004-05-14 00:00:00
2004-05-14,01:00:00,104.0,1690.0,16.8,57.5,1.0912,2004-05-14 01:00:00
2004-05-14,02:00:00,91.0,1538.0,16.3,57.0,1.0484,2004-05-14 02:00:00
2004-05-14,03:00:00,80.11538461538461,1463.0,16.2,56.3,1.0262,2004-05-14 03:00:00
2004-05-14,04:00:00,87.0,1512.0,15.5,59.9,1.0498,2004-05-14 04:00:00
2004-05-14,05:00:00,102.0,1524.0,16.0,58.3,1.0481,2004-05-14 05:00:00
2004-05-14,06:00:00,95.0,1617.0,17.2,52.3,1.0169,2004-05-14 06:00:00
2004-05-14,07:00:00,140.0,2105.0,18.5,49.4,1.0397,2004-05-14 07:00:00
2004-05-14,08:00:00,121.26829268292683,2326.0,20.0,45.6,1.0524,2004-05-14 08:00:00
2004-05-14,09:00:00,138.0,1713.0,21.0,37.9,0.9313,2004-05-14 09:00:00
2004-05-14,10:00:00,113.0,1618.0,22.8,32.4,0.887,2004-05-14 10:00:00
2004-05-14,11:00:00,101.0,1515.0,25.5,25.6,0.8218,2004-05-14 11:00:00
2004-05-14,12:00:00,97.0,1523.0,25.9,23.6,0.7771,2004-05-14 12:00:00
2004-05-14,13:00:00,114.0,1622.0,27.7,20.8,0.7599,2004-05-14 13:00:00
2004-05-14,14:00:00,110.0,1573.0,27.1,21.6,0.7618,2004-05-14 14:00:00
2004-05-14,15:00:00,103.0,1540.0,28.4,20.2,0.7697,2004-05-14 15:00:00
2004-05-14,16:00:00,119.0,1584.0,28.1,21.9,0.8184,2004-05-14 16:00:00
2004-05-14,17:00:00,126.0,1647.0,27.6,22.3,0.8116,2004-05-14 17:00:00
2004-05-14,18:00:00,144.0,1790.0,25.2,24.3,0.7671,2004-05-14 18:00:00
2004-05-14,19:00:00,164.0,1880.0,24.6,25.1,0.7636,2004-05-14 19:00:00
2004-05-14,20:00:00,148.0,1711.0,23.1,27.2,0.7575,2004-05-14 20:00:00
2004-05-14,21:00:00,119.0,1567.0,22.0,28.6,0.7483,2004-05-14 21:00:00
2004-05-14,22:00:00,111.0,1630.0,20.8,34.5,0.8365,2004-05-14 22:00:00
2004-05-14,23:00:00,115.0,1505.0,20.4,35.3,0.8352,2004-05-14 23:00:00
2004-05-15,00:00:00,103.0,1520.0,19.1,38.3,0.8381,2004-05-15 00:00:00
2004-05-15,01:00:00,81.0,1395.0,18.0,40.5,0.8271,2004-05-15 01:00:00
2004-05-15,02:00:00,71.0,1389.0,17.4,43.4,0.8553,2004-05-15 02:00:00
2004-05-15,03:00:00,80.11538461538461,1397.0,14.8,50.6,0.8489,2004-05-15 03:00:00
2004-05-15,04:00:00,58.0,1324.0,14.6,51.4,0.8489,2004-05-15 04:00:00
2004-05-15,05:00:00,44.0,1271.0,15.7,46.9,0.8329,2004-05-15 05:00:00
2004-05-15,06:00:00,49.0,1322.0,15.3,49.7,0.8552,2004-05-15 06:00:00
2004-05-15,07:00:00,68.0,1576.0,16.0,47.4,0.8564,2004-05-15 07:00:00
2004-05-15,08:00:00,108.0,1721.0,17.6,43.3,0.8647,2004-05-15 08:00:00
2004-05-15,09:00:00,117.0,1774.0,20.3,37.4,0.8807,2004-05-15 09:00:00
2004-05-15,10:00:00,127.0,1653.0,23.1,30.3,0.8425,2004-05-15 10:00:00
2004-05-15,11:00:00,93.0,1463.0,25.0,24.2,0.7568,2004-05-15 11:00:00
2004-05-15,12:00:00,94.0,1457.0,25.6,23.5,0.7611,2004-05-15 12:00:00
2004-05-15,13:00:00,87.0,1460.0,25.5,22.6,0.7288,2004-05-15 13:00:00
2004-05-15,14:00:00,75.0,1333.0,26.1,21.1,0.7023,2004-05-15 14:00:00
2004-05-15,15:00:00,81.0,1389.0,28.2,19.4,0.7303,2004-05-15 15:00:00
2004-05-15,16:00:00,86.0,1437.0,27.4,20.5,0.7379,2004-05-15 16:00:00
2004-05-15,17:00:00,97.0,1455.0,26.0,22.7,0.7532,2004-05-15 17:00:00
2004-05-15,18:00:00,117.0,1564.0,23.8,27.1,0.7858,2004-05-15 18:00:00
2004-05-15,19:00:00,120.0,1603.0,23.0,28.7,0.7976,2004-05-15 19:00:00
2004-05-15,20:00:00,149.0,1725.0,21.7,31.8,0.8191,2004-05-15 20:00:00
2004-05-15,21:00:00,124.0,1574.0,20.9,33.2,0.8098,2004-05-15 21:00:00
2004-05-15,22:00:00,97.0,1552.0,20.2,34.3,0.8017,2004-05-15 22:00:00
2004-05-15,23:00:00,112.0,1594.0,19.6,37.0,0.8325,2004-05-15 23:00:00
2004-05-16,00:00:00,95.0,1564.0,18.1,40.9,0.8441,2004-05-16 00:00:00
2004-05-16,01:00:00,88.0,1450.0,17.0,43.3,0.8341,2004-05-16 01:00:00
2004-05-16,02:00:00,54.0,1370.0,16.7,43.4,0.8193,2004-05-16 02:00:00
2004-05-16,03:00:00,80.11538461538461,1328.0,15.9,44.7,0.8009,2004-05-16 03:00:00
2004-05-16,04:00:00,43.0,1256.0,15.2,45.5,0.783,2004-05-16 04:00:00
2004-05-16,05:00:00,45.0,1235.0,13.5,50.1,0.7706,2004-05-16 05:00:00
2004-05-16,06:00:00,47.0,1256.0,14.2,49.9,0.8025,2004-05-16 06:00:00
2004-05-16,07:00:00,58.0,1353.0,13.8,51.4,0.8059,2004-05-16 07:00:00
2004-05-16,08:00:00,69.0,1393.0,16.3,45.1,0.8286,2004-05-16 08:00:00
2004-05-16,09:00:00,89.0,1458.0,19.2,35.4,0.7812,2004-05-16 09:00:00
2004-05-16,10:00:00,105.0,1473.0,25.5,21.1,0.677,2004-05-16 10:00:00
2004-05-16,11:00:00,92.0,1400.0,28.2,19.0,0.7164,2004-05-16 11:00:00
2004-05-16,12:00:00,82.0,1405.0,29.5,19.8,0.8013,2004-05-16 12:00:00
2004-05-16,13:00:00,56.0,1311.0,30.6,19.4,0.8348,2004-05-16 13:00:00
2004-05-16,14:00:00,60.0,1375.0,29.9,22.0,0.9181,2004-05-16 14:00:00
2004-05-16,15:00:00,64.0,1476.0,31.5,21.9,0.997,2004-05-16 15:00:00
2004-05-16,16:00:00,85.0,1566.0,31.2,24.6,1.0987,2004-05-16 16:00:00
2004-05-16,17:00:00,107.0,1617.0,30.4,26.5,1.1347,2004-05-16 17:00:00
2004-05-16,18:00:00,106.0,1632.0,26.8,33.5,1.1602,2004-05-16 18:00:00
2004-05-16,19:00:00,125.0,1820.0,25.5,37.4,1.1995,2004-05-16 19:00:00
2004-05-16,20:00:00,118.0,1648.0,23.7,39.4,1.1381,2004-05-16 20:00:00
2004-05-16,21:00:00,95.0,1495.0,22.9,37.0,1.0197,2004-05-16 21:00:00
2004-05-16,22:00:00,97.0,1416.0,20.8,36.3,0.8775,2004-05-16 22:00:00
2004-05-16,23:00:00,93.0,1328.0,20.3,28.5,0.6686,2004-05-16 23:00:00
2004-05-17,00:00:00,85.0,1273.0,19.6,26.5,0.5974,2004-05-17 00:00:00
2004-05-17,01:00:00,67.0,1182.0,19.1,25.9,0.5673,2004-05-17 01:00:00
2004-05-17,02:00:00,37.0,1113.0,18.4,27.6,0.5799,2004-05-17 02:00:00
2004-05-17,03:00:00,80.11538461538461,1110.0,17.4,30.2,0.5945,2004-05-17 03:00:00
2004-05-17,04:00:00,40.0,1112.0,16.3,34.1,0.6257,2004-05-17 04:00:00
2004-05-17,05:00:00,75.0,1220.0,15.8,36.5,0.6535,2004-05-17 05:00:00
2004-05-17,06:00:00,102.0,1420.0,16.0,38.1,0.6879,2004-05-17 06:00:00
2004-05-17,07:00:00,113.0,1675.0,17.6,35.0,0.6965,2004-05-17 07:00:00
2004-05-17,08:00:00,142.0,1444.0,18.5,31.2,0.6611,2004-05-17 08:00:00
2004-05-17,09:00:00,90.0,1404.0,19.8,28.5,0.652,2004-05-17 09:00:00
2004-05-17,10:00:00,94.0,1393.0,22.3,24.1,0.6394,2004-05-17 10:00:00
2004-05-17,11:00:00,92.0,1396.0,24.2,21.7,0.6451,2004-05-17 11:00:00
2004-05-17,12:00:00,97.0,1470.0,25.1,20.8,0.6516,2004-05-17 12:00:00
2004-05-17,13:00:00,88.0,1423.0,25.8,19.5,0.6392,2004-05-17 13:00:00
2004-05-17,14:00:00,86.0,1387.0,26.3,18.9,0.6344,2004-05-17 14:00:00
2004-05-17,15:00:00,99.0,1363.0,25.8,18.6,0.608,2004-05-17 15:00:00
2004-05-17,16:00:00,95.0,1425.0,25.7,19.4,0.6304,2004-05-17 16:00:00
2004-05-17,17:00:00,105.0,1552.0,26.7,17.1,0.5909,2004-05-17 17:00:00
2004-05-17,18:00:00,121.0,1644.0,24.3,19.8,0.5933,2004-05-17 18:00:00
2004-05-17,19:00:00,125.0,1735.0,23.5,20.8,0.5937,2004-05-17 19:00:00
2004-05-17,20:00:00,122.0,1545.0,22.0,24.0,0.6263,2004-05-17 20:00:00
2004-05-17,21:00:00,81.0,1350.0,21.1,26.2,0.6481,2004-05-17 21:00:00
2004-05-17,22:00:00,73.0,1398.0,20.9,28.8,0.7014,2004-05-17 22:00:00
2004-05-17,23:00:00,80.0,1439.0,20.2,31.2,0.7304,2004-05-17 23:00:00
2004-05-18,00:00:00,65.0,1323.0,20.0,31.5,0.7262,2004-05-18 00:00:00
2004-05-18,01:00:00,59.0,1286.0,20.8,32.3,0.7813,2004-05-18 01:00:00
2004-05-18,02:00:00,50.0,1264.0,20.0,34.5,0.7954,2004-05-18 02:00:00
2004-05-18,03:00:00,80.11538461538461,1233.0,21.2,32.9,0.8178,2004-05-18 03:00:00
2004-05-18,04:00:00,23.0,1254.0,18.3,40.0,0.8345,2004-05-18 04:00:00
2004-05-18,05:00:00,37.0,1361.0,17.0,44.6,0.8593,2004-05-18 05:00:00
2004-05-18,06:00:00,54.0,1487.0,17.1,45.3,0.8784,2004-05-18 06:00:00
2004-05-18,07:00:00,94.0,1970.0,17.1,46.5,0.901,2004-05-18 07:00:00
2004-05-18,08:00:00,139.0,2605.0,18.8,39.7,0.8547,2004-05-18 08:00:00
2004-05-18,09:00:00,115.0,1760.0,20.3,38.1,0.8946,2004-05-18 09:00:00
2004-05-18,10:00:00,119.0,1650.0,25.3,27.0,0.8565,2004-05-18 10:00:00
2004-05-18,11:00:00,103.0,1604.0,27.4,22.8,0.8219,2004-05-18 11:00:00
2004-05-18,12:00:00,123.0,1735.0,30.0,20.0,0.8338,2004-05-18 12:00:00
2004-05-18,13:00:00,126.0,1769.0,30.9,19.1,0.8394,2004-05-18 13:00:00
2004-05-18,14:00:00,106.0,1663.0,30.6,20.2,0.8719,2004-05-18 14:00:00
2004-05-18,15:00:00,127.0,1653.0,32.2,18.9,0.8964,2004-05-18 15:00:00
2004-05-18,16:00:00,105.0,1573.0,31.7,19.5,0.8981,2004-05-18 16:00:00
2004-05-18,17:00:00,130.0,1873.0,30.9,20.5,0.8996,2004-05-18 17:00:00
2004-05-18,18:00:00,160.0,1988.0,27.5,24.7,0.8899,2004-05-18 18:00:00
2004-05-18,19:00:00,162.0,2068.0,25.8,27.0,0.8821,2004-05-18 19:00:00
2004-05-18,20:00:00,135.0,1750.0,23.7,30.0,0.8633,2004-05-18 20:00:00
2004-05-18,21:00:00,122.0,1648.0,22.2,33.4,0.8806,2004-05-18 21:00:00
2004-05-18,22:00:00,75.0,1518.0,21.1,36.5,0.9019,2004-05-18 22:00:00
2004-05-18,23:00:00,96.0,1507.0,20.2,38.6,0.9016,2004-05-18 23:00:00
2004-05-19,00:00:00,84.0,1542.0,19.3,43.0,0.9535,2004-05-19 00:00:00
2004-05-19,01:00:00,68.0,1407.0,19.2,43.6,0.9591,2004-05-19 01:00:00
2004-05-19,02:00:00,65.0,1367.0,18.4,45.7,0.9599,2004-05-19 02:00:00
2004-05-19,03:00:00,80.11538461538461,1297.0,18.7,44.3,0.9453,2004-05-19 03:00:00
2004-05-19,04:00:00,52.0,1332.0,16.3,51.4,0.9468,2004-05-19 04:00:00
2004-05-19,05:00:00,46.0,1318.0,17.0,49.2,0.9459,2004-05-19 05:00:00
2004-05-19,06:00:00,54.0,1462.0,16.4,52.1,0.9612,2004-05-19 06:00:00
2004-05-19,07:00:00,94.0,2044.0,16.4,53.4,0.9863,2004-05-19 07:00:00
2004-05-19,08:00:00,155.0,2545.0,18.6,46.8,0.99,2004-05-19 08:00:00
2004-05-19,09:00:00,165.0,2006.0,21.0,41.1,1.0104,2004-05-19 09:00:00
2004-05-19,10:00:00,134.0,1711.0,26.4,28.9,0.9785,2004-05-19 10:00:00
2004-05-19,11:00:00,122.0,1640.0,27.7,26.3,0.9652,2004-05-19 11:00:00
2004-05-19,12:00:00,113.0,1688.0,30.1,22.1,0.9281,2004-05-19 12:00:00
2004-05-19,13:00:00,115.0,1740.0,31.0,22.9,1.0144,2004-05-19 13:00:00
2004-05-19,14:00:00,118.0,1702.0,31.0,22.6,1.0012,2004-05-19 14:00:00
2004-05-19,15:00:00,125.0,1715.0,31.6,21.0,0.959,2004-05-19 15:00:00
2004-05-19,16:00:00,135.0,1774.0,30.4,24.7,1.0526,2004-05-19 16:00:00
2004-05-19,17:00:00,149.0,1899.0,28.8,26.3,1.0271,2004-05-19 17:00:00
2004-05-19,18:00:00,162.0,1961.0,26.4,30.1,1.0204,2004-05-19 18:00:00
2004-05-19,19:00:00,151.0,1961.0,24.7,31.5,0.9672,2004-05-19 19:00:00
2004-05-19,20:00:00,154.0,1889.0,22.9,36.5,1.0083,2004-05-19 20:00:00
2004-05-19,21:00:00,118.0,1592.0,20.8,41.8,1.0155,2004-05-19 21:00:00
2004-05-19,22:00:00,103.0,1622.0,19.7,47.1,1.0666,2004-05-19 22:00:00
2004-05-19,23:00:00,122.0,1665.0,18.9,52.2,1.1313,2004-05-19 23:00:00
2004-05-20,00:00:00,102.0,1574.0,18.5,50.1,1.0539,2004-05-20 00:00:00
2004-05-20,01:00:00,73.0,1490.0,18.0,53.0,1.0832,2004-05-20 01:00:00
2004-05-20,02:00:00,59.0,1398.0,18.4,51.7,1.0819,2004-05-20 02:00:00
2004-05-20,03:00:00,80.11538461538461,1329.0,19.8,46.2,1.056,2004-05-20 03:00:00
2004-05-20,04:00:00,26.0,1317.0,19.6,47.7,1.0736,2004-05-20 04:00:00
2004-05-20,05:00:00,35.0,1363.0,17.3,54.1,1.0582,2004-05-20 05:00:00
2004-05-20,06:00:00,68.0,1553.0,15.8,59.0,1.0495,2004-05-20 06:00:00
2004-05-20,07:00:00,97.0,2053.0,16.6,55.9,1.0486,2004-05-20 07:00:00
2004-05-20,08:00:00,146.0,2503.0,18.7,52.8,1.1279,2004-05-20 08:00:00
2004-05-20,09:00:00,83.0,1961.0,20.7,46.4,1.1227,2004-05-20 09:00:00
2004-05-20,10:00:00,117.0,1707.0,26.1,30.0,0.9972,2004-05-20 10:00:00
2004-05-20,11:00:00,117.0,1702.0,28.6,25.8,0.9989,2004-05-20 11:00:00
2004-05-20,12:00:00,108.0,1689.0,30.3,23.3,0.9869,2004-05-20 12:00:00
2004-05-20,13:00:00,107.0,1729.0,31.3,22.3,1.0043,2004-05-20 13:00:00
2004-05-20,14:00:00,120.0,1649.0,31.1,22.3,0.9888,2004-05-20 14:00:00
2004-05-20,15:00:00,150.0,1799.0,32.4,20.4,0.9732,2004-05-20 15:00:00
2004-05-20,16:00:00,138.0,1701.0,32.6,19.3,0.935,2004-05-20 16:00:00
2004-05-20,17:00:00,148.0,1959.0,31.2,20.3,0.9064,2004-05-20 17:00:00
2004-05-20,18:00:00,168.0,2009.0,27.7,24.8,0.9106,2004-05-20 18:00:00
2004-05-20,19:00:00,172.0,1956.0,25.7,27.9,0.908,2004-05-20 19:00:00
2004-05-20,20:00:00,179.0,1870.0,24.1,29.9,0.8879,2004-05-20 20:00:00
2004-05-20,21:00:00,143.0,1680.0,22.2,34.4,0.9072,2004-05-20 21:00:00
2004-05-20,22:00:00,137.0,1706.0,20.7,38.0,0.9149,2004-05-20 22:00:00
2004-05-20,23:00:00,117.0,1693.0,20.2,42.8,0.9983,2004-05-20 23:00:00
2004-05-21,00:00:00,93.0,1506.0,20.5,42.0,1.0004,2004-05-21 00:00:00
2004-05-21,01:00:00,64.0,1382.0,20.1,42.0,0.9763,2004-05-21 01:00:00
2004-05-21,02:00:00,58.0,1331.0,20.0,41.5,0.9571,2004-05-21 02:00:00
2004-05-21,03:00:00,80.11538461538461,1344.0,16.3,51.6,0.9461,2004-05-21 03:00:00
2004-05-21,04:00:00,47.0,1330.0,16.5,50.2,0.932,2004-05-21 04:00:00
2004-05-21,05:00:00,47.0,1319.0,16.4,50.2,0.931,2004-05-21 05:00:00
2004-05-21,06:00:00,62.0,1488.0,14.9,54.7,0.9203,2004-05-21 06:00:00
2004-05-21,07:00:00,113.0,2205.0,16.4,51.3,0.9474,2004-05-21 07:00:00
2004-05-21,08:00:00,126.0,2275.0,18.2,46.2,0.9575,2004-05-21 08:00:00
2004-05-21,09:00:00,139.0,1964.0,20.7,40.0,0.9639,2004-05-21 09:00:00
2004-05-21,10:00:00,148.0,1845.0,26.5,27.0,0.9217,2004-05-21 10:00:00
2004-05-21,11:00:00,117.0,1622.0,28.5,23.8,0.915,2004-05-21 11:00:00
2004-05-21,12:00:00,106.0,1658.0,29.7,23.7,0.9714,2004-05-21 12:00:00
2004-05-21,13:00:00,98.0,1719.0,31.7,21.7,0.9966,2004-05-21 13:00:00
2004-05-21,14:00:00,98.0,1690.0,31.7,21.5,0.9902,2004-05-21 14:00:00
2004-05-21,15:00:00,110.0,1724.0,32.8,19.5,0.9515,2004-05-21 15:00:00
2004-05-21,16:00:00,114.0,1680.0,32.5,18.6,0.8948,2004-05-21 16:00:00
2004-05-21,17:00:00,122.0,1572.0,30.2,22.6,0.9524,2004-05-21 17:00:00
2004-05-21,18:00:00,155.0,1923.0,27.6,25.7,0.9382,2004-05-21 18:00:00
2004-05-21,19:00:00,145.0,1815.0,25.9,24.9,0.8195,2004-05-21 19:00:00
2004-05-21,20:00:00,146.0,1794.0,23.9,29.4,0.8589,2004-05-21 20:00:00
2004-05-21,21:00:00,130.0,1698.0,22.3,32.1,0.8515,2004-05-21 21:00:00
2004-05-21,22:00:00,126.0,1682.0,20.5,35.9,0.8565,2004-05-21 22:00:00
2004-05-21,23:00:00,127.0,1745.0,19.8,37.2,0.8509,2004-05-21 23:00:00
2004-05-22,00:00:00,126.0,1841.0,19.1,41.9,0.9158,2004-05-22 00:00:00
2004-05-22,01:00:00,124.0,1782.0,17.8,46.1,0.9344,2004-05-22 01:00:00
2004-05-22,02:00:00,93.0,1594.0,17.6,47.6,0.9465,2004-05-22 02:00:00
2004-05-22,03:00:00,80.11538461538461,1455.0,17.9,46.3,0.9394,2004-05-22 03:00:00
2004-05-22,04:00:00,58.0,1385.0,16.9,49.8,0.9544,2004-05-22 04:00:00
2004-05-22,05:00:00,59.0,1374.0,15.8,53.8,0.9615,2004-05-22 05:00:00
2004-05-22,06:00:00,66.0,1426.0,16.5,53.5,0.9928,2004-05-22 06:00:00
2004-05-22,07:00:00,80.0,1643.0,17.2,52.9,1.0276,2004-05-22 07:00:00
2004-05-22,08:00:00,94.0,1846.0,19.3,48.3,1.0723,2004-05-22 08:00:00
2004-05-22,09:00:00,102.0,1740.0,20.6,47.1,1.1287,2004-05-22 09:00:00
2004-05-22,10:00:00,96.0,1731.0,23.7,40.0,1.153,2004-05-22 10:00:00
2004-05-22,11:00:00,91.0,1698.0,25.6,32.5,1.053,2004-05-22 11:00:00
2004-05-22,12:00:00,104.0,1736.0,27.2,28.1,0.9989,2004-05-22 12:00:00
2004-05-22,13:00:00,84.0,1747.0,27.9,28.1,1.0394,2004-05-22 13:00:00
2004-05-22,14:00:00,76.0,1605.0,28.3,27.8,1.0539,2004-05-22 14:00:00
2004-05-22,15:00:00,87.0,1688.0,29.2,27.0,1.081,2004-05-22 15:00:00
2004-05-22,16:00:00,101.0,1767.0,28.9,29.3,1.1503,2004-05-22 16:00:00
2004-05-22,17:00:00,115.0,1965.0,25.4,39.8,1.2771,2004-05-22 17:00:00
2004-05-22,18:00:00,110.0,1850.0,25.2,40.1,1.2642,2004-05-22 18:00:00
2004-05-22,19:00:00,103.0,1933.0,24.5,39.4,1.1963,2004-05-22 19:00:00
2004-05-22,20:00:00,90.0,1748.0,22.3,45.4,1.2088,2004-05-22 20:00:00
2004-05-22,21:00:00,68.0,1565.0,21.2,48.3,1.2034,2004-05-22 21:00:00
2004-05-22,22:00:00,85.0,1891.0,20.6,50.5,1.2082,2004-05-22 22:00:00
2004-05-22,23:00:00,100.0,1949.0,20.2,52.9,1.234,2004-05-22 23:00:00
2004-05-23,00:00:00,114.0,2107.0,19.8,54.5,1.2488,2004-05-23 00:00:00
2004-05-23,01:00:00,108.0,1931.0,19.5,56.2,1.2624,2004-05-23 01:00:00
2004-05-23,02:00:00,78.0,1780.0,19.0,58.0,1.2581,2004-05-23 02:00:00
2004-05-23,03:00:00,80.11538461538461,1873.0,18.1,61.6,1.2679,2004-05-23 03:00:00
2004-05-23,04:00:00,55.0,1501.0,18.0,57.6,1.1788,2004-05-23 04:00:00
2004-05-23,05:00:00,37.0,1374.0,17.7,56.0,1.1215,2004-05-23 05:00:00
2004-05-23,06:00:00,53.0,1374.0,17.9,52.4,1.0655,2004-05-23 06:00:00
2004-05-23,07:00:00,79.0,1455.0,18.9,49.3,1.0668,2004-05-23 07:00:00
2004-05-23,08:00:00,65.0,1490.0,20.0,48.6,1.1199,2004-05-23 08:00:00
2004-05-23,09:00:00,64.0,1393.0,20.6,41.2,0.9841,2004-05-23 09:00:00
2004-05-23,10:00:00,66.0,1392.0,23.6,34.0,0.9749,2004-05-23 10:00:00
2004-05-23,11:00:00,53.0,1407.0,26.7,28.1,0.9688,2004-05-23 11:00:00
2004-05-23,12:00:00,69.0,1452.0,26.8,28.1,0.9785,2004-05-23 12:00:00
2004-05-23,13:00:00,57.0,1393.0,27.7,25.8,0.9467,2004-05-23 13:00:00
2004-05-23,14:00:00,36.0,1346.0,28.8,22.7,0.8864,2004-05-23 14:00:00
2004-05-23,15:00:00,57.0,1434.0,26.8,27.3,0.9462,2004-05-23 15:00:00
2004-05-23,16:00:00,73.0,1468.0,25.9,28.7,0.9423,2004-05-23 16:00:00
2004-05-23,17:00:00,81.0,1490.0,25.8,27.7,0.9076,2004-05-23 17:00:00
2004-05-23,18:00:00,91.0,1502.0,24.8,29.5,0.9077,2004-05-23 18:00:00
2004-05-23,19:00:00,65.0,1528.0,25.3,36.3,1.1513,2004-05-23 19:00:00
2004-05-23,20:00:00,56.0,1552.0,23.9,40.4,1.1787,2004-05-23 20:00:00
2004-05-23,21:00:00,69.0,1563.0,21.4,46.6,1.1764,2004-05-23 21:00:00
2004-05-23,22:00:00,73.0,1571.0,20.5,49.3,1.173,2004-05-23 22:00:00
2004-05-23,23:00:00,76.0,1388.0,19.2,42.3,0.9339,2004-05-23 23:00:00
2004-05-24,00:00:00,67.0,1351.0,19.2,37.9,0.8352,2004-05-24 00:00:00
2004-05-24,01:00:00,44.0,1276.0,17.2,43.1,0.8394,2004-05-24 01:00:00
2004-05-24,02:00:00,21.0,1169.0,15.8,45.2,0.8052,2004-05-24 02:00:00
2004-05-24,03:00:00,80.11538461538461,1111.0,15.7,42.3,0.7464,2004-05-24 03:00:00
2004-05-24,04:00:00,19.0,1110.0,16.3,41.0,0.7513,2004-05-24 04:00:00
2004-05-24,05:00:00,29.0,1089.0,16.1,36.5,0.664,2004-05-24 05:00:00
2004-05-24,06:00:00,69.0,1255.0,16.5,36.2,0.6752,2004-05-24 06:00:00
2004-05-24,07:00:00,111.0,1394.0,17.5,30.9,0.6111,2004-05-24 07:00:00
2004-05-24,08:00:00,81.0,1379.0,18.4,24.0,0.5046,2004-05-24 08:00:00
2004-05-24,09:00:00,56.0,1271.0,19.2,23.8,0.5235,2004-05-24 09:00:00
2004-05-24,10:00:00,90.0,1179.0,21.7,18.1,0.4642,2004-05-24 10:00:00
2004-05-24,11:00:00,85.0,1162.0,22.3,17.0,0.4513,2004-05-24 11:00:00
2004-05-24,12:00:00,83.0,1208.0,22.8,16.1,0.4404,2004-05-24 12:00:00
2004-05-24,13:00:00,85.0,1212.0,23.8,14.5,0.4222,2004-05-24 13:00:00
2004-05-24,14:00:00,85.0,1200.0,25.1,13.1,0.4129,2004-05-24 14:00:00
2004-05-24,15:00:00,81.0,1238.0,25.8,12.9,0.4219,2004-05-24 15:00:00
2004-05-24,16:00:00,92.0,1259.0,25.5,14.0,0.4495,2004-05-24 16:00:00
2004-05-24,17:00:00,108.0,1397.0,24.5,15.4,0.4663,2004-05-24 17:00:00
2004-05-24,18:00:00,106.0,1392.0,22.6,17.2,0.4656,2004-05-24 18:00:00
2004-05-24,19:00:00,114.0,1416.0,21.2,18.9,0.471,2004-05-24 19:00:00
2004-05-24,20:00:00,96.0,1241.0,19.1,22.8,0.501,2004-05-24 20:00:00
2004-05-24,21:00:00,77.0,1213.0,18.4,24.6,0.5169,2004-05-24 21:00:00
2004-05-24,22:00:00,73.0,1209.0,17.3,25.6,0.5032,2004-05-24 22:00:00
2004-05-24,23:00:00,86.0,1184.0,16.5,24.9,0.4642,2004-05-24 23:00:00
2004-05-25,00:00:00,84.0,1187.0,16.7,28.3,0.5316,2004-05-25 00:00:00
2004-05-25,01:00:00,56.0,1150.0,15.5,32.2,0.5641,2004-05-25 01:00:00
2004-05-25,02:00:00,31.0,1063.0,17.5,29.1,0.5773,2004-05-25 02:00:00
2004-05-25,03:00:00,80.11538461538461,1068.0,13.3,35.6,0.5393,2004-05-25 03:00:00
2004-05-25,04:00:00,30.0,1048.0,14.0,33.7,0.5355,2004-05-25 04:00:00
2004-05-25,05:00:00,51.0,1107.0,11.6,40.0,0.5462,2004-05-25 05:00:00
2004-05-25,06:00:00,45.0,1125.0,13.4,34.5,0.5272,2004-05-25 06:00:00
2004-05-25,07:00:00,82.0,1405.0,15.2,31.0,0.5329,2004-05-25 07:00:00
2004-05-25,08:00:00,100.0,1786.0,16.3,27.5,0.5066,2004-05-25 08:00:00
2004-05-25,09:00:00,91.0,1459.0,19.2,20.0,0.439,2004-05-25 09:00:00
2004-05-25,10:00:00,130.0,1451.0,24.9,13.0,0.4038,2004-05-25 10:00:00
2004-05-25,11:00:00,155.0,1541.0,28.3,9.9,0.3754,2004-05-25 11:00:00
2004-05-25,12:00:00,114.0,1391.0,29.2,9.8,0.3914,2004-05-25 12:00:00
2004-05-25,13:00:00,127.0,1459.0,31.6,9.2,0.419,2004-05-25 13:00:00
2004-05-25,14:00:00,138.0,1595.0,32.6,9.3,0.4499,2004-05-25 14:00:00
2004-05-25,15:00:00,117.19161676646706,1401.0,32.6,9.2,0.4463,2004-05-25 15:00:00
2004-05-25,16:00:00,123.31044776119403,1390.0,32.3,10.0,0.4747,2004-05-25 16:00:00
2004-05-25,17:00:00,135.8041543026706,1512.0,32.1,10.7,0.4996,2004-05-25 17:00:00
2004-05-25,18:00:00,145.91964285714286,1859.0,29.7,12.2,0.5007,2004-05-25 18:00:00
2004-05-25,19:00:00,150.0919881305638,1832.8666666666666,29.08,13.766666666666666,0.5235866666666666,2004-05-25 19:00:00
2004-05-25,20:00:00,145.1186943620178,1806.7333333333333,28.46,15.333333333333332,0.5464733333333334,2004-05-25 20:00:00
2004-05-25,21:00:00,130.91071428571428,1780.6,27.84,16.9,0.56936,2004-05-25 21:00:00
2004-05-25,22:00:00,115.0955223880597,1754.4666666666667,27.22,18.46666666666667,0.5922466666666667,2004-05-25 22:00:00
2004-05-25,23:00:00,108.07164179104478,1728.3333333333333,26.599999999999998,20.03333333333333,0.6151333333333333,2004-05-25 23:00:00
2004-05-26,00:00:00,103.32142857142857,1702.2,25.98,21.6,0.63802,2004-05-26 00:00:00
2004-05-26,01:00:00,90.50299401197604,1676.0666666666666,25.36,23.166666666666668,0.6609066666666666,2004-05-26 01:00:00
2004-05-26,02:00:00,75.4367469879518,1649.9333333333334,24.74,24.733333333333334,0.6837933333333334,2004-05-26 02:00:00
2004-05-26,03:00:00,80.11538461538461,1623.8,24.119999999999997,26.3,0.70668,2004-05-26 03:00:00
2004-05-26,04:00:00,58.62048192771084,1597.6666666666667,23.5,27.866666666666667,0.7295666666666667,2004-05-26 04:00:00
2004-05-26,05:00:00,59.612612612612615,1571.5333333333333,22.88,29.433333333333334,0.7524533333333333,2004-05-26 05:00:00
2004-05-26,06:00:00,71.74251497005989,1545.4,22.259999999999998,31.000000000000004,0.7753399999999999,2004-05-26 06:00:00
2004-05-26,07:00:00,94.70958083832335,1519.2666666666667,21.64,32.56666666666667,0.7982266666666666,2004-05-26 07:00:00
2004-05-26,08:00:00,121.26829268292683,1493.1333333333332,21.02,34.13333333333334,0.8211133333333334,2004-05-26 08:00:00
2004-05-26,09:00:00,130.87687687687688,1467.0,20.4,35.7,0.844,2004-05-26 09:00:00
2004-05-26,10:00:00,136.0,1392.0,26.1,23.8,0.7938,2004-05-26 10:00:00
2004-05-26,11:00:00,135.0,1436.0,28.8,21.1,0.8193,2004-05-26 11:00:00
2004-05-26,12:00:00,115.0,1416.0,29.6,19.4,0.7897,2004-05-26 12:00:00
2004-05-26,13:00:00,112.0,1449.0,31.6,16.4,0.7489,2004-05-26 13:00:00
2004-05-26,14:00:00,112.0,1345.0,32.3,13.3,0.6303,2004-05-26 14:00:00
2004-05-26,15:00:00,109.0,1366.0,31.8,13.5,0.6249,2004-05-26 15:00:00
2004-05-26,16:00:00,112.0,1325.0,31.8,13.8,0.6394,2004-05-26 16:00:00
2004-05-26,17:00:00,135.8041543026706,1591.0,31.0,15.9,0.7039,2004-05-26 17:00:00
2004-05-26,18:00:00,145.91964285714286,1707.0,28.6,18.7,0.7216,2004-05-26 18:00:00
2004-05-26,19:00:00,150.0919881305638,1709.0,26.7,19.5,0.6754,2004-05-26 19:00:00
2004-05-26,20:00:00,145.1186943620178,1720.0,25.0,24.4,0.7616,2004-05-26 20:00:00
2004-05-26,21:00:00,130.91071428571428,1536.0,22.8,28.4,0.7804,2004-05-26 21:00:00
2004-05-26,22:00:00,115.0955223880597,1480.0,21.7,29.2,0.7458,2004-05-26 22:00:00
2004-05-26,23:00:00,108.07164179104478,1564.0,21.1,30.9,0.7617,2004-05-26 23:00:00
2004-05-27,00:00:00,103.32142857142857,1471.0,19.9,36.3,0.8349,2004-05-27 00:00:00
2004-05-27,01:00:00,90.50299401197604,1393.0,18.6,39.3,0.8355,2004-05-27 01:00:00
2004-05-27,02:00:00,75.4367469879518,1288.0,18.6,38.8,0.8228,2004-05-27 02:00:00
2004-05-27,03:00:00,80.11538461538461,1248.0,19.0,38.9,0.8468,2004-05-27 03:00:00
2004-05-27,04:00:00,58.62048192771084,1232.0,18.0,40.9,0.8394,2004-05-27 04:00:00
2004-05-27,05:00:00,59.612612612612615,1367.0,15.5,48.6,0.8505,2004-05-27 05:00:00
2004-05-27,06:00:00,71.74251497005989,1429.0,16.0,47.9,0.8659,2004-05-27 06:00:00
2004-05-27,07:00:00,94.70958083832335,2102.0,17.0,46.0,0.883,2004-05-27 07:00:00
2004-05-27,08:00:00,121.26829268292683,2337.0,19.0,41.6,0.9039,2004-05-27 08:00:00
2004-05-27,09:00:00,130.87687687687688,2043.0,21.8,35.0,0.9002,2004-05-27 09:00:00
2004-05-27,10:00:00,133.67857142857142,1513.0,25.6,28.0,0.9088,2004-05-27 10:00:00
2004-05-27,11:00:00,130.4131736526946,1446.0,26.4,23.1,0.7853,2004-05-27 11:00:00
2004-05-27,12:00:00,124.45671641791044,1586.0,27.1,24.2,0.856,2004-05-27 12:00:00
2004-05-27,13:00:00,119.31231231231232,1574.0,27.5,20.9,0.7565,2004-05-27 13:00:00
2004-05-27,14:00:00,116.46846846846847,1515.0,29.5,19.7,0.8015,2004-05-27 14:00:00
2004-05-27,15:00:00,117.19161676646706,1580.0,30.6,18.6,0.8014,2004-05-27 15:00:00
2004-05-27,16:00:00,123.31044776119403,1521.0,31.3,15.8,0.7106,2004-05-27 16:00:00
2004-05-27,17:00:00,135.8041543026706,1801.0,29.4,21.0,0.8452,2004-05-27 17:00:00
2004-05-27,18:00:00,145.91964285714286,1986.0,27.0,23.5,0.8256,2004-05-27 18:00:00
2004-05-27,19:00:00,150.0919881305638,1868.0,25.8,26.7,0.8758,2004-05-27 19:00:00
2004-05-27,20:00:00,145.1186943620178,1735.0,23.7,28.4,0.8225,2004-05-27 20:00:00
2004-05-27,21:00:00,130.91071428571428,1661.0,21.3,33.0,0.8284,2004-05-27 21:00:00
2004-05-27,22:00:00,115.0955223880597,1553.0,20.5,35.3,0.8435,2004-05-27 22:00:00
2004-05-27,23:00:00,108.07164179104478,1530.0,19.4,38.1,0.8511,2004-05-27 23:00:00
2004-05-28,00:00:00,103.32142857142857,1480.0,19.4,40.7,0.9045,2004-05-28 00:00:00
2004-05-28,01:00:00,90.50299401197604,1403.0,17.8,44.9,0.903,2004-05-28 01:00:00
2004-05-28,02:00:00,75.4367469879518,1439.0,16.6,49.7,0.9295,2004-05-28 02:00:00
2004-05-28,03:00:00,80.11538461538461,1321.0,16.5,48.6,0.9028,2004-05-28 03:00:00
2004-05-28,04:00:00,58.62048192771084,1309.0,15.2,53.6,0.919,2004-05-28 04:00:00
2004-05-28,05:00:00,59.612612612612615,1339.0,15.5,51.7,0.9019,2004-05-28 05:00:00
2004-05-28,06:00:00,71.74251497005989,1536.0,14.9,54.8,0.9247,2004-05-28 06:00:00
2004-05-28,07:00:00,94.70958083832335,1914.0,16.3,51.3,0.9416,2004-05-28 07:00:00
2004-05-28,08:00:00,121.26829268292683,2008.0,18.4,45.7,0.9559,2004-05-28 08:00:00
2004-05-28,09:00:00,130.87687687687688,1952.0,20.8,43.6,1.0614,2004-05-28 09:00:00
2004-05-28,10:00:00,133.67857142857142,1609.0,24.3,35.1,1.0477,2004-05-28 10:00:00
2004-05-28,11:00:00,130.4131736526946,1600.0,26.4,29.3,0.9889,2004-05-28 11:00:00
2004-05-28,12:00:00,124.45671641791044,1738.0,28.3,25.0,0.9495,2004-05-28 12:00:00
2004-05-28,13:00:00,119.31231231231232,1641.0,28.9,23.7,0.9285,2004-05-28 13:00:00
2004-05-28,14:00:00,116.46846846846847,1706.0,28.5,25.8,0.9931,2004-05-28 14:00:00
2004-05-28,15:00:00,115.0,1564.0,29.6,18.9,0.7692,2004-05-28 15:00:00
2004-05-28,16:00:00,117.0,1590.0,28.0,23.2,0.8613,2004-05-28 16:00:00
2004-05-28,17:00:00,105.0,1790.0,23.6,41.0,1.1786,2004-05-28 17:00:00
2004-05-28,18:00:00,114.0,1805.0,21.5,48.1,1.2148,2004-05-28 18:00:00
2004-05-28,19:00:00,103.0,1710.0,22.1,44.1,1.1573,2004-05-28 19:00:00
2004-05-28,20:00:00,119.0,1680.0,20.2,47.2,1.1043,2004-05-28 20:00:00
2004-05-28,21:00:00,102.0,1547.0,20.0,47.6,1.103,2004-05-28 21:00:00
2004-05-28,22:00:00,96.0,1546.0,19.8,46.8,1.0697,2004-05-28 22:00:00
2004-05-28,23:00:00,109.0,1706.0,19.6,47.0,1.0606,2004-05-28 23:00:00
2004-05-29,00:00:00,119.0,1594.0,19.3,46.3,1.0279,2004-05-29 00:00:00
2004-05-29,01:00:00,103.0,1509.0,18.5,48.7,1.0286,2004-05-29 01:00:00
2004-05-29,02:00:00,84.0,1466.0,18.0,51.4,1.0504,2004-05-29 02:00:00
2004-05-29,03:00:00,80.11538461538461,1390.0,17.9,50.8,1.0355,2004-05-29 03:00:00
2004-05-29,04:00:00,59.0,1417.0,17.7,51.9,1.0379,2004-05-29 04:00:00
2004-05-29,05:00:00,29.0,1266.0,17.7,49.7,0.997,2004-05-29 05:00:00
2004-05-29,06:00:00,45.0,1277.0,17.9,46.1,0.9383,2004-05-29 06:00:00
2004-05-29,07:00:00,80.0,1356.0,18.4,43.9,0.9192,2004-05-29 07:00:00
2004-05-29,08:00:00,77.0,1343.0,18.9,42.1,0.9081,2004-05-29 08:00:00
2004-05-29,09:00:00,68.0,1330.0,19.2,39.7,0.8728,2004-05-29 09:00:00
2004-05-29,10:00:00,66.0,1335.0,20.8,36.6,0.8878,2004-05-29 10:00:00
2004-05-29,11:00:00,70.0,1366.0,21.3,35.8,0.8975,2004-05-29 11:00:00
2004-05-29,12:00:00,74.0,1421.0,21.8,34.9,0.9004,2004-05-29 12:00:00
2004-05-29,13:00:00,64.0,1350.0,22.8,31.4,0.8615,2004-05-29 13:00:00
2004-05-29,14:00:00,60.0,1311.0,22.9,31.3,0.862,2004-05-29 14:00:00
2004-05-29,15:00:00,63.0,1330.0,22.9,30.7,0.8461,2004-05-29 15:00:00
2004-05-29,16:00:00,75.0,1369.0,23.8,29.2,0.8499,2004-05-29 16:00:00
2004-05-29,17:00:00,79.0,1397.0,23.2,30.2,0.8442,2004-05-29 17:00:00
2004-05-29,18:00:00,83.0,1426.0,22.4,31.3,0.8365,2004-05-29 18:00:00
2004-05-29,19:00:00,93.0,1437.0,21.7,32.2,0.825,2004-05-29 19:00:00
2004-05-29,20:00:00,112.0,1463.0,20.8,33.2,0.8061,2004-05-29 20:00:00
2004-05-29,21:00:00,103.0,1408.0,20.1,35.0,0.8149,2004-05-29 21:00:00
2004-05-29,22:00:00,93.0,1511.0,19.5,36.9,0.8258,2004-05-29 22:00:00
2004-05-29,23:00:00,112.0,1707.0,19.0,38.2,0.8327,2004-05-29 23:00:00
2004-05-30,00:00:00,125.0,1652.0,18.5,39.4,0.832,2004-05-30 00:00:00
2004-05-30,01:00:00,107.0,1509.0,17.8,41.7,0.844,2004-05-30 01:00:00
2004-05-30,02:00:00,76.0,1437.0,19.2,42.0,0.9248,2004-05-30 02:00:00
2004-05-30,03:00:00,80.11538461538461,1418.0,17.8,44.8,0.9048,2004-05-30 03:00:00
2004-05-30,04:00:00,55.0,1374.0,17.0,47.7,0.9185,2004-05-30 04:00:00
2004-05-30,05:00:00,37.0,1299.0,17.2,47.2,0.9178,2004-05-30 05:00:00
2004-05-30,06:00:00,45.0,1320.0,17.3,47.6,0.9295,2004-05-30 06:00:00
2004-05-30,07:00:00,61.0,1353.0,18.6,44.2,0.9385,2004-05-30 07:00:00
2004-05-30,08:00:00,67.0,1272.0,20.2,37.8,0.8837,2004-05-30 08:00:00
2004-05-30,09:00:00,60.0,1269.0,22.0,31.9,0.8335,2004-05-30 09:00:00
2004-05-30,10:00:00,64.0,1292.0,25.5,25.9,0.8339,2004-05-30 10:00:00
2004-05-30,11:00:00,64.0,1294.0,27.5,22.8,0.8249,2004-05-30 11:00:00
2004-05-30,12:00:00,59.0,1299.0,28.7,20.7,0.8024,2004-05-30 12:00:00
2004-05-30,13:00:00,41.0,1210.0,29.1,19.6,0.7771,2004-05-30 13:00:00
2004-05-30,14:00:00,46.0,1215.0,29.8,18.4,0.7595,2004-05-30 14:00:00
2004-05-30,15:00:00,46.0,1256.0,32.0,15.0,0.7028,2004-05-30 15:00:00
2004-05-30,16:00:00,77.0,1368.0,30.3,17.0,0.7232,2004-05-30 16:00:00
2004-05-30,17:00:00,83.0,1339.0,31.7,16.2,0.745,2004-05-30 17:00:00
2004-05-30,18:00:00,90.0,1447.0,29.2,19.6,0.7817,2004-05-30 18:00:00
2004-05-30,19:00:00,95.0,1506.0,27.4,23.8,0.858,2004-05-30 19:00:00
2004-05-30,20:00:00,113.0,1591.0,25.0,26.9,0.8408,2004-05-30 20:00:00
2004-05-30,21:00:00,128.0,1573.0,23.6,30.1,0.8663,2004-05-30 21:00:00
2004-05-30,22:00:00,117.0,1515.0,22.3,33.6,0.8913,2004-05-30 22:00:00
2004-05-30,23:00:00,64.0,1407.0,21.4,36.9,0.9271,2004-05-30 23:00:00
2004-05-31,00:00:00,28.0,1353.0,20.6,39.9,0.9597,2004-05-31 00:00:00
2004-05-31,01:00:00,46.0,1418.0,19.7,43.2,0.9812,2004-05-31 01:00:00
2004-05-31,02:00:00,8.0,1286.0,19.7,42.4,0.9636,2004-05-31 02:00:00
2004-05-31,03:00:00,80.11538461538461,1257.0,18.9,45.0,0.9703,2004-05-31 03:00:00
2004-05-31,04:00:00,32.0,1254.0,18.7,45.4,0.9694,2004-05-31 04:00:00
2004-05-31,05:00:00,57.0,1319.0,16.4,52.4,0.9709,2004-05-31 05:00:00
2004-05-31,06:00:00,60.0,1527.0,16.6,52.1,0.9785,2004-05-31 06:00:00
2004-05-31,07:00:00,83.0,1801.0,17.4,50.9,1.0017,2004-05-31 07:00:00
2004-05-31,08:00:00,129.0,2120.0,19.3,46.0,1.0185,2004-05-31 08:00:00
2004-05-31,09:00:00,137.0,1901.0,20.9,43.6,1.0683,2004-05-31 09:00:00
2004-05-31,10:00:00,121.0,1790.0,25.6,33.3,1.0773,2004-05-31 10:00:00
2004-05-31,11:00:00,123.0,1683.0,28.9,26.0,1.0188,2004-05-31 11:00:00
2004-05-31,12:00:00,120.0,1677.0,30.3,22.8,0.9695,2004-05-31 12:00:00
2004-05-31,13:00:00,119.0,1721.0,30.9,24.4,1.0724,2004-05-31 13:00:00
2004-05-31,14:00:00,121.0,1733.0,30.5,26.2,1.1278,2004-05-31 14:00:00
2004-05-31,15:00:00,111.0,1636.0,30.7,23.4,1.015,2004-05-31 15:00:00
2004-05-31,16:00:00,128.0,1803.0,28.1,29.8,1.1132,2004-05-31 16:00:00
2004-05-31,17:00:00,159.0,1971.0,26.9,32.2,1.1267,2004-05-31 17:00:00
2004-05-31,18:00:00,161.0,2093.0,26.0,34.6,1.1485,2004-05-31 18:00:00
2004-05-31,19:00:00,116.0,1858.0,24.5,37.7,1.1454,2004-05-31 19:00:00
2004-05-31,20:00:00,96.0,1716.0,21.7,46.9,1.2044,2004-05-31 20:00:00
2004-05-31,21:00:00,69.0,1694.0,19.3,68.8,1.519,2004-05-31 21:00:00
2004-05-31,22:00:00,58.0,1633.0,17.6,81.6,1.6296,2004-05-31 22:00:00
2004-05-31,23:00:00,59.0,1676.0,17.8,80.3,1.6212,2004-05-31 23:00:00
2004-06-01,00:00:00,45.0,1585.0,18.6,75.7,1.6074,2004-06-01 00:00:00
2004-06-01,01:00:00,23.0,1487.0,19.6,68.4,1.5443,2004-06-01 01:00:00
2004-06-01,02:00:00,26.0,1494.0,18.0,76.4,1.5608,2004-06-01 02:00:00
2004-06-01,03:00:00,80.11538461538461,1413.0,17.3,77.2,1.5104,2004-06-01 03:00:00
2004-06-01,04:00:00,24.0,1435.0,16.5,82.3,1.5318,2004-06-01 04:00:00
2004-06-01,05:00:00,41.0,1515.0,16.8,81.3,1.5452,2004-06-01 05:00:00
2004-06-01,06:00:00,65.0,1677.0,17.3,78.6,1.5412,2004-06-01 06:00:00
2004-06-01,07:00:00,94.0,1922.0,16.9,80.9,1.5472,2004-06-01 07:00:00
2004-06-01,08:00:00,100.0,2180.0,17.1,79.8,1.542,2004-06-01 08:00:00
2004-06-01,09:00:00,103.0,1958.0,18.5,70.3,1.4826,2004-06-01 09:00:00
2004-06-01,10:00:00,89.0,1870.0,19.6,66.7,1.5023,2004-06-01 10:00:00
2004-06-01,11:00:00,86.0,1905.0,20.4,63.1,1.4969,2004-06-01 11:00:00
2004-06-01,12:00:00,89.0,2060.0,21.6,61.8,1.5775,2004-06-01 12:00:00
2004-06-01,13:00:00,88.0,2029.0,24.0,49.3,1.4509,2004-06-01 13:00:00
2004-06-01,14:00:00,73.0,1884.0,25.7,43.8,1.4262,2004-06-01 14:00:00
2004-06-01,15:00:00,78.0,1886.0,24.6,47.5,1.4487,2004-06-01 15:00:00
2004-06-01,16:00:00,95.0,2041.0,24.8,47.4,1.4628,2004-06-01 16:00:00
2004-06-01,17:00:00,109.0,2201.0,23.7,50.5,1.4636,2004-06-01 17:00:00
2004-06-01,18:00:00,95.0,2178.0,23.0,53.8,1.4968,2004-06-01 18:00:00
2004-06-01,19:00:00,101.0,2486.0,21.5,65.8,1.6688,2004-06-01 19:00:00
2004-06-01,20:00:00,88.0,2158.0,21.0,66.9,1.6436,2004-06-01 20:00:00
2004-06-01,21:00:00,77.0,2020.0,20.6,68.1,1.6329,2004-06-01 21:00:00
2004-06-01,22:00:00,75.0,1883.0,20.5,66.9,1.5914,2004-06-01 22:00:00
2004-06-01,23:00:00,81.0,1889.0,20.2,65.2,1.5251,2004-06-01 23:00:00
2004-06-02,00:00:00,57.0,1764.0,19.5,68.0,1.5269,2004-06-02 00:00:00
2004-06-02,01:00:00,49.0,1692.0,19.9,66.4,1.5203,2004-06-02 01:00:00
2004-06-02,02:00:00,38.0,1622.0,19.1,69.0,1.5043,2004-06-02 02:00:00
2004-06-02,03:00:00,80.11538461538461,1641.0,18.5,70.7,1.4962,2004-06-02 03:00:00
2004-06-02,04:00:00,31.0,1556.0,18.9,67.8,1.4689,2004-06-02 04:00:00
2004-06-02,05:00:00,23.0,1529.0,20.0,63.7,1.4742,2004-06-02 05:00:00
2004-06-02,06:00:00,22.0,1538.0,19.8,64.7,1.4769,2004-06-02 06:00:00
2004-06-02,07:00:00,33.0,1601.0,19.7,65.3,1.4843,2004-06-02 07:00:00
2004-06-02,08:00:00,43.0,1751.0,20.8,62.0,1.5002,2004-06-02 08:00:00
2004-06-02,09:00:00,53.0,1777.0,22.2,56.6,1.4973,2004-06-02 09:00:00
2004-06-02,10:00:00,54.0,1791.0,24.3,49.0,1.4724,2004-06-02 10:00:00
2004-06-02,11:00:00,62.0,1749.0,25.0,46.5,1.4492,2004-06-02 11:00:00
2004-06-02,12:00:00,53.0,1669.0,28.9,34.8,1.3603,2004-06-02 12:00:00
2004-06-02,13:00:00,34.0,1560.0,29.6,33.4,1.3581,2004-06-02 13:00:00
2004-06-02,14:00:00,30.0,1523.0,30.9,30.7,1.3493,2004-06-02 14:00:00
2004-06-02,15:00:00,37.0,1645.0,31.8,31.0,1.4286,2004-06-02 15:00:00
2004-06-02,16:00:00,47.0,1707.0,31.4,31.2,1.4127,2004-06-02 16:00:00
2004-06-02,17:00:00,44.0,1676.0,28.9,35.7,1.3985,2004-06-02 17:00:00
2004-06-02,18:00:00,53.0,1807.0,27.2,42.5,1.5135,2004-06-02 18:00:00
2004-06-02,19:00:00,88.0,1965.0,26.2,46.4,1.5573,2004-06-02 19:00:00
2004-06-02,20:00:00,95.0,1888.0,24.5,51.0,1.5454,2004-06-02 20:00:00
2004-06-02,21:00:00,82.0,1781.0,22.8,56.1,1.5353,2004-06-02 21:00:00
2004-06-02,22:00:00,59.0,1787.0,21.9,60.9,1.5799,2004-06-02 22:00:00
2004-06-02,23:00:00,43.0,1732.0,21.7,61.0,1.5617,2004-06-02 23:00:00
2004-06-03,00:00:00,51.0,1741.0,20.8,64.8,1.568,2004-06-03 00:00:00
2004-06-03,01:00:00,49.0,1756.0,20.3,70.9,1.6699,2004-06-03 01:00:00
2004-06-03,02:00:00,36.0,1664.0,18.9,79.0,1.704,2004-06-03 02:00:00
2004-06-03,03:00:00,80.11538461538461,1362.0,18.1,64.6,1.3276,2004-06-03 03:00:00
2004-06-03,04:00:00,24.0,1414.0,18.6,64.5,1.3655,2004-06-03 04:00:00
2004-06-03,05:00:00,58.0,1504.0,17.6,67.4,1.346,2004-06-03 05:00:00
2004-06-03,06:00:00,73.0,1796.0,17.6,67.6,1.3479,2004-06-03 06:00:00
2004-06-03,07:00:00,74.0,2144.0,19.0,61.7,1.3393,2004-06-03 07:00:00
2004-06-03,08:00:00,97.0,2180.0,20.0,57.4,1.3268,2004-06-03 08:00:00
2004-06-03,09:00:00,108.0,2108.0,22.6,45.9,1.2418,2004-06-03 09:00:00
2004-06-03,10:00:00,93.0,1877.0,27.3,34.3,1.2284,2004-06-03 10:00:00
2004-06-03,11:00:00,130.4131736526946,1697.0,27.4,31.0,1.1184,2004-06-03 11:00:00
2004-06-03,12:00:00,124.45671641791044,1720.0,26.2,33.6,1.1244,2004-06-03 12:00:00
2004-06-03,13:00:00,119.31231231231232,1742.0,26.8,32.4,1.1263,2004-06-03 13:00:00
2004-06-03,14:00:00,116.46846846846847,1582.0,28.7,27.7,1.071,2004-06-03 14:00:00
2004-06-03,15:00:00,117.19161676646706,1565.0,28.7,25.0,0.9684,2004-06-03 15:00:00
2004-06-03,16:00:00,123.31044776119403,1597.0,29.1,22.3,0.8811,2004-06-03 16:00:00
2004-06-03,17:00:00,135.8041543026706,1781.0,29.0,24.5,0.9655,2004-06-03 17:00:00
2004-06-03,18:00:00,145.91964285714286,1756.0,27.2,28.3,1.0016,2004-06-03 18:00:00
2004-06-03,19:00:00,150.0919881305638,1899.0,25.3,30.0,0.952,2004-06-03 19:00:00
2004-06-03,20:00:00,145.1186943620178,1797.0,24.1,34.8,1.0333,2004-06-03 20:00:00
2004-06-03,21:00:00,130.91071428571428,1611.0,23.0,43.1,1.1993,2004-06-03 21:00:00
2004-06-03,22:00:00,115.0955223880597,1593.0,22.1,43.9,1.1521,2004-06-03 22:00:00
2004-06-03,23:00:00,108.07164179104478,1616.0,21.0,48.1,1.178,2004-06-03 23:00:00
2004-06-04,00:00:00,103.32142857142857,1638.0,20.6,49.2,1.1754,2004-06-04 00:00:00
2004-06-04,01:00:00,90.50299401197604,1533.0,21.2,47.6,1.1799,2004-06-04 01:00:00
2004-06-04,02:00:00,75.4367469879518,1526.0,21.0,50.1,1.2338,2004-06-04 02:00:00
2004-06-04,03:00:00,80.11538461538461,1564.0,20.1,53.1,1.2342,2004-06-04 03:00:00
2004-06-04,04:00:00,58.62048192771084,1496.0,19.0,54.0,1.1745,2004-06-04 04:00:00
2004-06-04,05:00:00,59.612612612612615,1318.0,19.2,51.1,1.124,2004-06-04 05:00:00
2004-06-04,06:00:00,71.74251497005989,1459.0,19.2,53.1,1.1662,2004-06-04 06:00:00
2004-06-04,07:00:00,94.70958083832335,2058.0,20.6,49.0,1.1748,2004-06-04 07:00:00
2004-06-04,08:00:00,121.26829268292683,1667.0,21.8,41.9,1.077,2004-06-04 08:00:00
2004-06-04,09:00:00,130.87687687687688,1495.0,22.8,37.6,1.0315,2004-06-04 09:00:00
2004-06-04,10:00:00,133.67857142857142,1456.0,24.8,31.3,0.9646,2004-06-04 10:00:00
2004-06-04,11:00:00,130.4131736526946,1509.0,26.0,29.4,0.976,2004-06-04 11:00:00
2004-06-04,12:00:00,124.45671641791044,1577.0,27.0,27.8,0.9731,2004-06-04 12:00:00
2004-06-04,13:00:00,119.31231231231232,1668.0,27.0,29.3,1.0277,2004-06-04 13:00:00
2004-06-04,14:00:00,116.46846846846847,1554.0,27.0,29.6,1.0419,2004-06-04 14:00:00
2004-06-04,15:00:00,117.19161676646706,1680.0,25.8,32.6,1.072,2004-06-04 15:00:00
2004-06-04,16:00:00,123.31044776119403,1749.0,26.2,32.6,1.0892,2004-06-04 16:00:00
2004-06-04,17:00:00,135.8041543026706,1863.0,28.3,27.5,1.0418,2004-06-04 17:00:00
2004-06-04,18:00:00,145.91964285714286,1867.0,26.5,29.7,1.0123,2004-06-04 18:00:00
2004-06-04,19:00:00,150.0919881305638,1938.0,25.7,31.8,1.0317,2004-06-04 19:00:00
2004-06-04,20:00:00,145.1186943620178,1769.0,24.4,35.2,1.0632,2004-06-04 20:00:00
2004-06-04,21:00:00,130.91071428571428,1615.0,23.5,36.9,1.0518,2004-06-04 21:00:00
2004-06-04,22:00:00,115.0955223880597,1652.0,22.4,41.0,1.1006,2004-06-04 22:00:00
2004-06-04,23:00:00,108.07164179104478,1785.0,21.7,44.7,1.1451,2004-06-04 23:00:00
2004-06-05,00:00:00,103.32142857142857,1787.0,21.1,48.1,1.1864,2004-06-05 00:00:00
2004-06-05,01:00:00,90.50299401197604,1625.0,20.7,50.0,1.203,2004-06-05 01:00:00
2004-06-05,02:00:00,75.4367469879518,1702.0,19.8,53.1,1.2093,2004-06-05 02:00:00
2004-06-05,03:00:00,80.11538461538461,1604.0,19.8,53.6,1.2214,2004-06-05 03:00:00
2004-06-05,04:00:00,63.0,1525.0,19.6,54.8,1.236,2004-06-05 04:00:00
2004-06-05,05:00:00,71.0,1542.0,19.3,57.3,1.265,2004-06-05 05:00:00
2004-06-05,06:00:00,91.0,1702.0,19.7,58.4,1.3254,2004-06-05 06:00:00
2004-06-05,07:00:00,95.0,1682.0,19.8,59.4,1.3554,2004-06-05 07:00:00
2004-06-05,08:00:00,96.0,1691.0,20.9,54.8,1.3387,2004-06-05 08:00:00
2004-06-05,09:00:00,81.0,1685.0,22.4,47.9,1.2817,2004-06-05 09:00:00
2004-06-05,10:00:00,68.0,1543.0,24.1,41.3,1.2202,2004-06-05 10:00:00
2004-06-05,11:00:00,57.0,1545.0,25.9,36.9,1.2133,2004-06-05 11:00:00
2004-06-05,12:00:00,68.0,1596.0,30.7,26.0,1.1287,2004-06-05 12:00:00
2004-06-05,13:00:00,72.0,1577.0,30.3,25.2,1.0652,2004-06-05 13:00:00
2004-06-05,14:00:00,62.0,1463.0,30.1,25.4,1.0641,2004-06-05 14:00:00
2004-06-05,15:00:00,75.0,1599.0,27.6,35.1,1.2764,2004-06-05 15:00:00
2004-06-05,16:00:00,92.0,1897.0,26.6,47.6,1.6315,2004-06-05 16:00:00
2004-06-05,17:00:00,89.0,1744.0,30.4,31.3,1.3331,2004-06-05 17:00:00
2004-06-05,18:00:00,105.0,1915.0,27.8,35.0,1.282,2004-06-05 18:00:00
2004-06-05,19:00:00,111.0,1970.0,26.6,37.9,1.2994,2004-06-05 19:00:00
2004-06-05,20:00:00,102.0,1681.0,23.4,44.4,1.2646,2004-06-05 20:00:00
2004-06-05,21:00:00,30.0,1508.0,23.0,51.1,1.4175,2004-06-05 21:00:00
2004-06-05,22:00:00,43.0,1588.0,22.1,53.5,1.4087,2004-06-05 22:00:00
2004-06-05,23:00:00,67.0,1681.0,21.6,53.6,1.3674,2004-06-05 23:00:00
2004-06-06,00:00:00,58.0,1574.0,21.9,52.7,1.365,2004-06-06 00:00:00
2004-06-06,01:00:00,24.0,1529.0,21.3,54.9,1.3707,2004-06-06 01:00:00
2004-06-06,02:00:00,58.0,1727.0,17.5,79.1,1.5709,2004-06-06 02:00:00
2004-06-06,03:00:00,80.11538461538461,1739.0,17.6,78.6,1.5722,2004-06-06 03:00:00
2004-06-06,04:00:00,62.0,1660.0,17.1,81.8,1.5816,2004-06-06 04:00:00
2004-06-06,05:00:00,34.0,1525.0,16.6,80.2,1.5002,2004-06-06 05:00:00
2004-06-06,06:00:00,46.0,1552.0,16.8,77.4,1.4739,2004-06-06 06:00:00
2004-06-06,07:00:00,62.0,1623.0,18.3,66.5,1.381,2004-06-06 07:00:00
2004-06-06,08:00:00,70.0,1614.0,20.4,55.8,1.3196,2004-06-06 08:00:00
2004-06-06,09:00:00,54.0,1412.0,21.6,45.3,1.1533,2004-06-06 09:00:00
2004-06-06,10:00:00,61.0,1414.0,23.1,39.4,1.0983,2004-06-06 10:00:00
2004-06-06,11:00:00,53.0,1365.0,25.4,31.6,1.0058,2004-06-06 11:00:00
2004-06-06,12:00:00,49.0,1374.0,26.6,29.0,0.9928,2004-06-06 12:00:00
2004-06-06,13:00:00,48.0,1303.0,25.9,28.8,0.9475,2004-06-06 13:00:00
2004-06-06,14:00:00,45.0,1345.0,27.0,28.0,0.981,2004-06-06 14:00:00
2004-06-06,15:00:00,60.0,1435.0,23.6,38.1,1.0917,2004-06-06 15:00:00
2004-06-06,16:00:00,59.0,1418.0,25.9,32.0,1.0529,2004-06-06 16:00:00
2004-06-06,17:00:00,67.0,1445.0,26.3,31.5,1.0643,2004-06-06 17:00:00
2004-06-06,18:00:00,72.0,1510.0,23.9,36.8,1.0774,2004-06-06 18:00:00
2004-06-06,19:00:00,88.0,1547.0,23.7,36.8,1.0609,2004-06-06 19:00:00
2004-06-06,20:00:00,94.0,1549.0,22.5,37.8,1.0157,2004-06-06 20:00:00
2004-06-06,21:00:00,89.0,1535.0,21.8,39.2,1.0115,2004-06-06 21:00:00
2004-06-06,22:00:00,96.0,1569.0,20.9,42.6,1.04,2004-06-06 22:00:00
2004-06-06,23:00:00,98.0,1631.0,20.0,45.6,1.0555,2004-06-06 23:00:00
2004-06-07,00:00:00,95.0,1557.0,19.3,47.9,1.059,2004-06-07 00:00:00
2004-06-07,01:00:00,64.0,1439.0,18.7,49.0,1.0462,2004-06-07 01:00:00
2004-06-07,02:00:00,38.0,1386.0,17.8,54.1,1.0938,2004-06-07 02:00:00
2004-06-07,03:00:00,80.11538461538461,1394.0,18.6,52.7,1.1206,2004-06-07 03:00:00
2004-06-07,04:00:00,34.0,1386.0,17.2,57.9,1.127,2004-06-07 04:00:00
2004-06-07,05:00:00,40.0,1413.0,18.2,54.1,1.1155,2004-06-07 05:00:00
2004-06-07,06:00:00,76.0,1705.0,17.3,57.6,1.1289,2004-06-07 06:00:00
2004-06-07,07:00:00,90.0,1898.0,19.9,49.4,1.1354,2004-06-07 07:00:00
2004-06-07,08:00:00,118.0,2249.0,21.7,44.2,1.1321,2004-06-07 08:00:00
2004-06-07,09:00:00,118.0,1894.0,23.5,40.0,1.1386,2004-06-07 09:00:00
2004-06-07,10:00:00,122.0,1943.0,28.4,29.7,1.1345,2004-06-07 10:00:00
2004-06-07,11:00:00,120.0,1780.0,31.6,24.1,1.0994,2004-06-07 11:00:00
2004-06-07,12:00:00,132.0,1744.0,31.3,24.1,1.0816,2004-06-07 12:00:00
2004-06-07,13:00:00,115.0,1842.0,34.4,20.4,1.0857,2004-06-07 13:00:00
2004-06-07,14:00:00,127.0,1815.0,33.7,21.3,1.0988,2004-06-07 14:00:00
2004-06-07,15:00:00,126.0,1848.0,35.9,18.9,1.0999,2004-06-07 15:00:00
2004-06-07,16:00:00,113.0,1840.0,34.3,19.4,1.0279,2004-06-07 16:00:00
2004-06-07,17:00:00,124.0,1910.0,33.5,19.9,1.0112,2004-06-07 17:00:00
2004-06-07,18:00:00,108.0,1896.0,30.5,24.2,1.0386,2004-06-07 18:00:00
2004-06-07,19:00:00,142.0,2281.0,30.3,26.2,1.1161,2004-06-07 19:00:00
2004-06-07,20:00:00,125.0,1827.0,27.0,36.7,1.2898,2004-06-07 20:00:00
2004-06-07,21:00:00,116.0,1754.0,24.6,41.9,1.2752,2004-06-07 21:00:00
2004-06-07,22:00:00,101.0,1683.0,23.3,44.5,1.2566,2004-06-07 22:00:00
2004-06-07,23:00:00,101.0,1668.0,22.4,46.9,1.2544,2004-06-07 23:00:00
2004-06-08,00:00:00,92.0,1615.0,21.7,50.8,1.3019,2004-06-08 00:00:00
2004-06-08,01:00:00,55.0,1511.0,21.0,51.9,1.2794,2004-06-08 01:00:00
2004-06-08,02:00:00,42.0,1452.0,20.5,54.3,1.2926,2004-06-08 02:00:00
2004-06-08,03:00:00,80.11538461538461,1423.0,20.9,52.5,1.2852,2004-06-08 03:00:00
2004-06-08,04:00:00,30.0,1400.0,21.0,53.1,1.3031,2004-06-08 04:00:00
2004-06-08,05:00:00,40.0,1467.0,19.6,57.1,1.2851,2004-06-08 05:00:00
2004-06-08,06:00:00,69.0,1745.0,18.2,62.3,1.2903,2004-06-08 06:00:00
2004-06-08,07:00:00,100.0,2144.0,19.5,57.7,1.2966,2004-06-08 07:00:00
2004-06-08,08:00:00,125.0,2746.0,21.6,51.7,1.313,2004-06-08 08:00:00
2004-06-08,09:00:00,174.0,2367.0,23.9,44.4,1.3029,2004-06-08 09:00:00
2004-06-08,10:00:00,171.0,2049.0,28.1,35.2,1.312,2004-06-08 10:00:00
2004-06-08,11:00:00,149.0,1925.0,31.4,28.6,1.298,2004-06-08 11:00:00
2004-06-08,12:00:00,124.0,1902.0,33.7,25.5,1.3095,2004-06-08 12:00:00
2004-06-08,13:00:00,119.0,1806.0,35.9,20.8,1.2103,2004-06-08 13:00:00
2004-06-08,14:00:00,130.0,1875.0,37.5,18.1,1.1529,2004-06-08 14:00:00
2004-06-08,15:00:00,143.0,1793.0,37.7,17.7,1.1383,2004-06-08 15:00:00
2004-06-08,16:00:00,123.31044776119403,1723.0,37.8,17.4,1.1219,2004-06-08 16:00:00
2004-06-08,17:00:00,183.0,2066.0,36.6,20.6,1.2445,2004-06-08 17:00:00
2004-06-08,18:00:00,161.0,2144.0,32.5,26.0,1.2502,2004-06-08 18:00:00
2004-06-08,19:00:00,170.0,2151.0,30.8,27.2,1.1832,2004-06-08 19:00:00
2004-06-08,20:00:00,143.0,2090.0,28.8,30.2,1.1761,2004-06-08 20:00:00
2004-06-08,21:00:00,123.0,1894.0,26.7,35.4,1.2233,2004-06-08 21:00:00
2004-06-08,22:00:00,89.0,1739.0,25.3,40.7,1.291,2004-06-08 22:00:00
2004-06-08,23:00:00,67.0,1647.0,24.9,41.2,1.2809,2004-06-08 23:00:00
2004-06-09,00:00:00,81.0,1753.0,23.7,45.1,1.3033,2004-06-09 00:00:00
2004-06-09,01:00:00,54.0,1644.0,22.5,49.0,1.3151,2004-06-09 01:00:00
2004-06-09,02:00:00,57.0,1609.0,22.3,50.6,1.3486,2004-06-09 02:00:00
2004-06-09,03:00:00,80.11538461538461,1517.0,22.0,50.5,1.3199,2004-06-09 03:00:00
2004-06-09,04:00:00,51.0,1501.0,20.8,54.4,1.3229,2004-06-09 04:00:00
2004-06-09,05:00:00,58.0,1525.0,20.3,56.0,1.3204,2004-06-09 05:00:00
2004-06-09,06:00:00,69.0,1675.0,20.5,54.8,1.3073,2004-06-09 06:00:00
2004-06-09,07:00:00,107.0,2214.0,21.7,50.6,1.2981,2004-06-09 07:00:00
2004-06-09,08:00:00,151.0,2691.0,23.4,46.1,1.3091,2004-06-09 08:00:00
2004-06-09,09:00:00,146.0,1987.0,25.1,43.0,1.3488,2004-06-09 09:00:00
2004-06-09,10:00:00,165.0,2059.0,30.1,32.8,1.3795,2004-06-09 10:00:00
2004-06-09,11:00:00,159.0,1972.0,34.7,25.9,1.4069,2004-06-09 11:00:00
2004-06-09,12:00:00,174.0,2000.0,37.2,23.2,1.4478,2004-06-09 12:00:00
2004-06-09,13:00:00,167.0,1937.0,39.5,18.3,1.2917,2004-06-09 13:00:00
2004-06-09,14:00:00,137.0,1761.0,40.6,15.3,1.1485,2004-06-09 14:00:00
2004-06-09,15:00:00,116.0,1665.0,40.3,16.1,1.1896,2004-06-09 15:00:00
2004-06-09,16:00:00,125.0,1610.0,40.3,14.2,1.0494,2004-06-09 16:00:00
2004-06-09,17:00:00,194.0,2008.0,39.6,16.7,1.1867,2004-06-09 17:00:00
2004-06-09,18:00:00,222.0,2288.0,37.3,23.4,1.4672,2004-06-09 18:00:00
2004-06-09,19:00:00,206.0,2195.0,33.7,27.7,1.4213,2004-06-09 19:00:00
2004-06-09,20:00:00,162.0,2019.0,30.7,32.2,1.3983,2004-06-09 20:00:00
2004-06-09,21:00:00,132.0,1894.0,28.4,35.7,1.3549,2004-06-09 21:00:00
2004-06-09,22:00:00,107.0,1763.0,26.5,38.6,1.3154,2004-06-09 22:00:00
2004-06-09,23:00:00,84.0,1654.0,25.4,40.1,1.2822,2004-06-09 23:00:00
2004-06-10,00:00:00,61.0,1607.0,24.1,43.3,1.2839,2004-06-10 00:00:00
2004-06-10,01:00:00,42.0,1527.0,23.9,45.6,1.3328,2004-06-10 01:00:00
2004-06-10,02:00:00,66.0,1598.0,22.0,52.8,1.3752,2004-06-10 02:00:00
2004-06-10,03:00:00,80.11538461538461,1498.0,20.7,56.1,1.3565,2004-06-10 03:00:00
2004-06-10,04:00:00,50.0,1488.0,20.1,57.3,1.3352,2004-06-10 04:00:00
2004-06-10,05:00:00,76.0,1607.0,19.5,59.4,1.3328,2004-06-10 05:00:00
2004-06-10,06:00:00,78.0,1711.0,20.0,56.6,1.3095,2004-06-10 06:00:00
2004-06-10,07:00:00,104.0,2087.0,21.7,53.9,1.3848,2004-06-10 07:00:00
2004-06-10,08:00:00,139.0,2525.0,23.7,49.0,1.4152,2004-06-10 08:00:00
2004-06-10,09:00:00,166.0,2316.0,25.9,44.3,1.4544,2004-06-10 09:00:00
2004-06-10,10:00:00,151.0,1981.0,30.1,34.3,1.4414,2004-06-10 10:00:00
2004-06-10,11:00:00,134.0,1868.0,33.5,27.2,1.3859,2004-06-10 11:00:00
2004-06-10,12:00:00,148.0,1935.0,35.4,26.1,1.4806,2004-06-10 12:00:00
2004-06-10,13:00:00,126.0,1893.0,37.9,23.2,1.502,2004-06-10 13:00:00
2004-06-10,14:00:00,144.0,1944.0,39.7,18.7,1.3306,2004-06-10 14:00:00
2004-06-10,15:00:00,133.0,1789.0,40.4,17.2,1.2774,2004-06-10 15:00:00
2004-06-10,16:00:00,139.0,1792.0,40.0,18.8,1.363,2004-06-10 16:00:00
2004-06-10,17:00:00,178.0,2054.0,38.9,18.8,1.29,2004-06-10 17:00:00
2004-06-10,18:00:00,206.0,2183.0,35.8,22.1,1.2792,2004-06-10 18:00:00
2004-06-10,19:00:00,211.0,2183.0,33.1,25.9,1.2923,2004-06-10 19:00:00
2004-06-10,20:00:00,180.0,2146.0,30.9,28.2,1.2388,2004-06-10 20:00:00
2004-06-10,21:00:00,116.0,1758.0,27.5,32.6,1.176,2004-06-10 21:00:00
2004-06-10,22:00:00,118.0,1826.0,26.3,34.3,1.1605,2004-06-10 22:00:00
2004-06-10,23:00:00,115.0,1813.0,25.5,34.1,1.0968,2004-06-10 23:00:00
2004-06-11,00:00:00,96.0,1710.0,24.7,39.3,1.2065,2004-06-11 00:00:00
2004-06-11,01:00:00,86.0,1628.0,24.2,39.5,1.1764,2004-06-11 01:00:00
2004-06-11,02:00:00,65.0,1435.0,24.8,37.8,1.1639,2004-06-11 02:00:00
2004-06-11,03:00:00,80.11538461538461,1403.0,22.7,43.8,1.1952,2004-06-11 03:00:00
2004-06-11,04:00:00,53.0,1407.0,22.0,44.3,1.1553,2004-06-11 04:00:00
2004-06-11,05:00:00,74.0,1491.0,19.3,51.4,1.1364,2004-06-11 05:00:00
2004-06-11,06:00:00,69.0,1608.0,19.8,50.4,1.1525,2004-06-11 06:00:00
2004-06-11,07:00:00,131.0,2264.0,20.5,48.2,1.1474,2004-06-11 07:00:00
2004-06-11,08:00:00,134.0,2397.0,22.8,42.7,1.1667,2004-06-11 08:00:00
2004-06-11,09:00:00,148.0,2104.0,25.6,35.8,1.1548,2004-06-11 09:00:00
2004-06-11,10:00:00,133.67857142857142,1774.0,30.0,27.5,1.1509,2004-06-11 10:00:00
2004-06-11,11:00:00,130.4131736526946,1734.0,34.4,21.0,1.1248,2004-06-11 11:00:00
2004-06-11,12:00:00,111.0,1759.0,35.9,19.6,1.1422,2004-06-11 12:00:00
2004-06-11,13:00:00,110.0,1769.0,37.2,18.2,1.1389,2004-06-11 13:00:00
2004-06-11,14:00:00,110.0,1689.0,37.3,16.6,1.0435,2004-06-11 14:00:00
2004-06-11,15:00:00,116.0,1654.0,37.4,14.9,0.9413,2004-06-11 15:00:00
2004-06-11,16:00:00,120.0,1668.0,36.4,15.1,0.9005,2004-06-11 16:00:00
2004-06-11,17:00:00,142.0,1691.0,35.4,14.7,0.8323,2004-06-11 17:00:00
2004-06-11,18:00:00,146.0,1833.0,34.2,14.2,0.7502,2004-06-11 18:00:00
2004-06-11,19:00:00,153.0,1863.0,31.1,18.7,0.8302,2004-06-11 19:00:00
2004-06-11,20:00:00,158.0,1851.0,29.1,22.0,0.8702,2004-06-11 20:00:00
2004-06-11,21:00:00,140.0,1731.0,27.2,22.5,0.7962,2004-06-11 21:00:00
2004-06-11,22:00:00,127.0,1683.0,25.3,24.6,0.7796,2004-06-11 22:00:00
2004-06-11,23:00:00,97.0,1430.0,24.9,27.2,0.8429,2004-06-11 23:00:00
2004-06-12,00:00:00,91.0,1543.0,23.5,32.2,0.922,2004-06-12 00:00:00
2004-06-12,01:00:00,68.0,1453.0,23.5,32.7,0.9349,2004-06-12 01:00:00
2004-06-12,02:00:00,52.0,1368.0,24.1,32.0,0.9467,2004-06-12 02:00:00
2004-06-12,03:00:00,80.11538461538461,1349.0,22.6,34.8,0.9441,2004-06-12 03:00:00
2004-06-12,04:00:00,58.0,1414.0,20.8,40.2,0.9725,2004-06-12 04:00:00
2004-06-12,05:00:00,78.0,1524.0,18.8,46.6,1.0027,2004-06-12 05:00:00
2004-06-12,06:00:00,61.0,1489.0,19.8,46.0,1.0524,2004-06-12 06:00:00
2004-06-12,07:00:00,64.0,1451.0,21.3,42.3,1.0625,2004-06-12 07:00:00
2004-06-12,08:00:00,81.0,1622.0,21.3,41.8,1.0449,2004-06-12 08:00:00
2004-06-12,09:00:00,92.0,1789.0,24.0,36.6,1.0772,2004-06-12 09:00:00
2004-06-12,10:00:00,101.0,1823.0,27.2,30.7,1.0884,2004-06-12 10:00:00
2004-06-12,11:00:00,96.0,1724.0,32.3,23.6,1.1271,2004-06-12 11:00:00
2004-06-12,12:00:00,101.0,1700.0,31.9,25.8,1.2023,2004-06-12 12:00:00
2004-06-12,13:00:00,91.0,1658.0,35.1,21.8,1.2093,2004-06-12 13:00:00
2004-06-12,14:00:00,68.0,1573.0,36.0,20.5,1.1995,2004-06-12 14:00:00
2004-06-12,15:00:00,76.0,1683.0,37.0,20.1,1.2423,2004-06-12 15:00:00
2004-06-12,16:00:00,84.0,1678.0,36.4,21.0,1.2515,2004-06-12 16:00:00
2004-06-12,17:00:00,76.0,1605.0,35.2,22.6,1.267,2004-06-12 17:00:00
2004-06-12,18:00:00,61.0,1599.0,32.5,27.6,1.3229,2004-06-12 18:00:00
2004-06-12,19:00:00,52.0,1601.0,29.1,35.1,1.3919,2004-06-12 19:00:00
2004-06-12,20:00:00,59.0,1618.0,26.9,39.7,1.3898,2004-06-12 20:00:00
2004-06-12,21:00:00,89.0,1806.0,26.1,42.2,1.4039,2004-06-12 21:00:00
2004-06-12,22:00:00,113.0,1860.0,25.5,43.8,1.4095,2004-06-12 22:00:00
2004-06-12,23:00:00,112.0,1870.0,24.9,45.6,1.4135,2004-06-12 23:00:00
2004-06-13,00:00:00,89.0,1729.0,25.2,45.2,1.4262,2004-06-13 00:00:00
2004-06-13,01:00:00,53.0,1620.0,25.4,45.5,1.457,2004-06-13 01:00:00
2004-06-13,02:00:00,36.0,1500.0,26.2,43.6,1.4599,2004-06-13 02:00:00
2004-06-13,03:00:00,80.11538461538461,1561.0,24.3,48.2,1.4476,2004-06-13 03:00:00
2004-06-13,04:00:00,39.0,1511.0,24.4,48.3,1.4499,2004-06-13 04:00:00
2004-06-13,05:00:00,33.0,1444.0,23.3,51.0,1.4346,2004-06-13 05:00:00
2004-06-13,06:00:00,37.0,1347.0,21.6,48.1,1.2259,2004-06-13 06:00:00
2004-06-13,07:00:00,36.0,1322.0,21.4,47.8,1.2005,2004-06-13 07:00:00
2004-06-13,08:00:00,42.0,1287.0,20.5,46.8,1.1152,2004-06-13 08:00:00
2004-06-13,09:00:00,52.0,1286.0,20.8,40.7,0.9882,2004-06-13 09:00:00
2004-06-13,10:00:00,60.0,1307.0,22.3,35.3,0.9371,2004-06-13 10:00:00
2004-06-13,11:00:00,74.0,1325.0,21.7,38.3,0.9842,2004-06-13 11:00:00
2004-06-13,12:00:00,65.0,1302.0,24.4,29.6,0.8921,2004-06-13 12:00:00
2004-06-13,13:00:00,52.0,1303.0,23.4,34.9,0.991,2004-06-13 13:00:00
2004-06-13,14:00:00,40.0,1306.0,23.5,35.2,1.0019,2004-06-13 14:00:00
2004-06-13,15:00:00,49.0,1350.0,22.4,39.0,1.04,2004-06-13 15:00:00
2004-06-13,16:00:00,56.0,1379.0,22.0,41.7,1.0865,2004-06-13 16:00:00
2004-06-13,17:00:00,59.0,1387.0,21.7,42.7,1.0949,2004-06-13 17:00:00
2004-06-13,18:00:00,68.0,1364.0,20.7,43.4,1.047,2004-06-13 18:00:00
2004-06-13,19:00:00,72.0,1378.0,20.3,42.6,1.0045,2004-06-13 19:00:00
2004-06-13,20:00:00,78.0,1388.0,20.3,44.1,1.0392,2004-06-13 20:00:00
2004-06-13,21:00:00,71.0,1403.0,20.1,45.2,1.0538,2004-06-13 21:00:00
2004-06-13,22:00:00,54.0,1337.0,19.8,45.7,1.0424,2004-06-13 22:00:00
2004-06-13,23:00:00,57.0,1351.0,19.6,45.3,1.0244,2004-06-13 23:00:00
2004-06-14,00:00:00,45.0,1311.0,19.4,45.9,1.0242,2004-06-14 00:00:00
2004-06-14,01:00:00,30.0,1261.0,19.7,44.8,1.0172,2004-06-14 01:00:00
2004-06-14,02:00:00,16.0,1235.0,19.5,46.3,1.0363,2004-06-14 02:00:00
2004-06-14,03:00:00,80.11538461538461,1227.0,19.0,49.0,1.063,2004-06-14 03:00:00
2004-06-14,04:00:00,18.0,1256.0,19.1,50.7,1.109,2004-06-14 04:00:00
2004-06-14,05:00:00,28.0,1301.0,19.1,52.7,1.1545,2004-06-14 05:00:00
2004-06-14,06:00:00,62.0,1483.0,20.3,49.3,1.1596,2004-06-14 06:00:00
2004-06-14,07:00:00,92.0,1584.0,21.1,46.2,1.1389,2004-06-14 07:00:00
2004-06-14,08:00:00,96.0,1665.0,21.5,44.5,1.129,2004-06-14 08:00:00
2004-06-14,09:00:00,87.0,1561.0,22.4,43.6,1.1637,2004-06-14 09:00:00
2004-06-14,10:00:00,84.0,1613.0,24.8,39.1,1.2039,2004-06-14 10:00:00
2004-06-14,11:00:00,73.0,1538.0,23.9,42.1,1.2335,2004-06-14 11:00:00
2004-06-14,12:00:00,72.0,1544.0,25.5,38.3,1.2328,2004-06-14 12:00:00
2004-06-14,13:00:00,68.0,1585.0,25.4,39.2,1.2534,2004-06-14 13:00:00
2004-06-14,14:00:00,62.0,1449.0,25.6,37.0,1.2006,2004-06-14 14:00:00
2004-06-14,15:00:00,70.0,1550.0,24.5,38.4,1.1669,2004-06-14 15:00:00
2004-06-14,16:00:00,83.0,1563.0,23.9,39.9,1.1639,2004-06-14 16:00:00
2004-06-14,17:00:00,92.0,1820.0,24.2,39.2,1.1665,2004-06-14 17:00:00
2004-06-14,18:00:00,103.0,1726.0,23.5,41.2,1.1759,2004-06-14 18:00:00
2004-06-14,19:00:00,82.0,1583.0,22.3,44.9,1.1973,2004-06-14 19:00:00
2004-06-14,20:00:00,74.0,1531.0,21.7,46.5,1.1917,2004-06-14 20:00:00
2004-06-14,21:00:00,67.0,1471.0,22.0,44.9,1.1699,2004-06-14 21:00:00
2004-06-14,22:00:00,74.0,1487.0,22.2,44.1,1.1654,2004-06-14 22:00:00
2004-06-14,23:00:00,72.0,1514.0,21.8,45.6,1.1763,2004-06-14 23:00:00
2004-06-15,00:00:00,79.0,1532.0,21.6,46.0,1.1742,2004-06-15 00:00:00
2004-06-15,01:00:00,43.0,1400.0,21.6,45.8,1.1715,2004-06-15 01:00:00
2004-06-15,02:00:00,33.0,1335.0,20.7,48.3,1.168,2004-06-15 02:00:00
2004-06-15,03:00:00,80.11538461538461,1321.0,21.0,47.1,1.1546,2004-06-15 03:00:00
2004-06-15,04:00:00,38.0,1392.0,20.8,48.5,1.18,2004-06-15 04:00:00
2004-06-15,05:00:00,51.0,1450.0,20.8,49.4,1.1994,2004-06-15 05:00:00
2004-06-15,06:00:00,69.0,1651.0,19.9,51.8,1.1911,2004-06-15 06:00:00
2004-06-15,07:00:00,116.0,2319.0,20.9,49.3,1.2049,2004-06-15 07:00:00
2004-06-15,08:00:00,119.0,2244.0,23.7,39.9,1.1508,2004-06-15 08:00:00
2004-06-15,09:00:00,96.0,1710.0,25.3,35.8,1.1421,2004-06-15 09:00:00
2004-06-15,10:00:00,109.0,1763.0,28.8,29.1,1.1349,2004-06-15 10:00:00
2004-06-15,11:00:00,115.0,1928.0,30.3,26.9,1.1399,2004-06-15 11:00:00
2004-06-15,12:00:00,118.0,1863.0,32.8,23.3,1.138,2004-06-15 12:00:00
2004-06-15,13:00:00,118.0,1745.0,33.9,21.4,1.1135,2004-06-15 13:00:00
2004-06-15,14:00:00,112.0,1698.0,35.3,19.6,1.1036,2004-06-15 14:00:00
2004-06-15,15:00:00,140.0,1808.0,34.0,20.8,1.0898,2004-06-15 15:00:00
2004-06-15,16:00:00,137.0,1852.0,35.3,18.8,1.0572,2004-06-15 16:00:00
2004-06-15,17:00:00,143.0,1940.0,32.6,24.1,1.1688,2004-06-15 17:00:00
2004-06-15,18:00:00,148.0,1856.0,30.8,28.7,1.2507,2004-06-15 18:00:00
2004-06-15,19:00:00,158.0,2001.0,28.7,31.2,1.2099,2004-06-15 19:00:00
2004-06-15,20:00:00,127.0,1884.0,26.8,35.1,1.2201,2004-06-15 20:00:00
2004-06-15,21:00:00,109.0,1763.0,25.3,39.4,1.2524,2004-06-15 21:00:00
2004-06-15,22:00:00,101.0,1680.0,23.9,40.9,1.1966,2004-06-15 22:00:00
2004-06-15,23:00:00,114.0,1728.0,23.0,44.4,1.2354,2004-06-15 23:00:00
2004-06-16,00:00:00,104.0,1770.0,22.2,53.9,1.4237,2004-06-16 00:00:00
2004-06-16,01:00:00,81.0,1645.0,20.9,59.8,1.4659,2004-06-16 01:00:00
2004-06-16,02:00:00,51.0,1522.0,21.3,58.1,1.457,2004-06-16 02:00:00
2004-06-16,03:00:00,80.11538461538461,1489.0,20.8,58.4,1.4189,2004-06-16 03:00:00
2004-06-16,04:00:00,40.0,1471.0,20.3,58.9,1.3878,2004-06-16 04:00:00
2004-06-16,05:00:00,34.0,1462.0,21.3,54.5,1.3682,2004-06-16 05:00:00
2004-06-16,06:00:00,61.0,1640.0,20.6,57.4,1.3753,2004-06-16 06:00:00
2004-06-16,07:00:00,95.0,2084.0,21.3,56.9,1.4226,2004-06-16 07:00:00
2004-06-16,08:00:00,142.0,2530.0,22.9,52.4,1.4442,2004-06-16 08:00:00
2004-06-16,09:00:00,128.0,1929.0,24.1,46.5,1.3802,2004-06-16 09:00:00
2004-06-16,10:00:00,115.0,1879.0,27.1,38.8,1.3705,2004-06-16 10:00:00
2004-06-16,11:00:00,84.0,1670.0,28.4,34.4,1.314,2004-06-16 11:00:00
2004-06-16,12:00:00,85.0,1703.0,30.1,30.9,1.2958,2004-06-16 12:00:00
2004-06-16,13:00:00,110.0,1839.0,32.7,25.8,1.2547,2004-06-16 13:00:00
2004-06-16,14:00:00,107.0,1811.0,32.4,25.7,1.2271,2004-06-16 14:00:00
2004-06-16,15:00:00,107.0,1748.0,33.6,24.4,1.2472,2004-06-16 15:00:00
2004-06-16,16:00:00,113.0,1772.0,33.0,26.0,1.2877,2004-06-16 16:00:00
2004-06-16,17:00:00,107.0,1802.0,33.2,23.7,1.1855,2004-06-16 17:00:00
2004-06-16,18:00:00,106.0,1737.0,31.3,25.4,1.1415,2004-06-16 18:00:00
2004-06-16,19:00:00,125.0,1986.0,28.3,31.7,1.1968,2004-06-16 19:00:00
2004-06-16,20:00:00,139.0,1930.0,26.5,35.0,1.1981,2004-06-16 20:00:00
2004-06-16,21:00:00,117.0,1798.0,24.4,40.0,1.2079,2004-06-16 21:00:00
2004-06-16,22:00:00,107.0,1840.0,23.3,43.4,1.2251,2004-06-16 22:00:00
2004-06-16,23:00:00,98.0,1838.0,22.5,45.3,1.2226,2004-06-16 23:00:00
2004-06-17,00:00:00,97.0,1854.0,21.8,47.8,1.2325,2004-06-17 00:00:00
2004-06-17,01:00:00,95.0,1722.0,20.9,51.0,1.2446,2004-06-17 01:00:00
2004-06-17,02:00:00,68.0,1501.0,20.8,51.7,1.2572,2004-06-17 02:00:00
2004-06-17,03:00:00,80.11538461538461,1522.0,19.3,57.1,1.2661,2004-06-17 03:00:00
2004-06-17,04:00:00,51.0,1479.0,18.8,58.6,1.2581,2004-06-17 04:00:00
2004-06-17,05:00:00,44.0,1473.0,20.2,53.8,1.2569,2004-06-17 05:00:00
2004-06-17,06:00:00,77.0,1735.0,18.3,60.8,1.2635,2004-06-17 06:00:00
2004-06-17,07:00:00,100.0,2241.0,20.2,54.5,1.2777,2004-06-17 07:00:00
2004-06-17,08:00:00,125.0,2385.0,21.9,49.9,1.2957,2004-06-17 08:00:00
2004-06-17,09:00:00,154.0,2128.0,25.2,43.0,1.3548,2004-06-17 09:00:00
2004-06-17,10:00:00,125.0,1705.0,28.0,36.6,1.3603,2004-06-17 10:00:00
2004-06-17,11:00:00,117.0,1696.0,27.1,38.3,1.3548,2004-06-17 11:00:00
2004-06-17,12:00:00,105.0,1728.0,27.4,37.0,1.3319,2004-06-17 12:00:00
2004-06-17,13:00:00,103.0,1697.0,29.4,32.9,1.3244,2004-06-17 13:00:00
2004-06-17,14:00:00,106.0,1682.0,31.3,28.7,1.2885,2004-06-17 14:00:00
2004-06-17,15:00:00,107.0,1657.0,31.5,28.7,1.3058,2004-06-17 15:00:00
2004-06-17,16:00:00,102.0,1684.0,30.9,30.3,1.3306,2004-06-17 16:00:00
2004-06-17,17:00:00,124.0,1936.0,31.4,30.3,1.3689,2004-06-17 17:00:00
2004-06-17,18:00:00,133.0,2082.0,30.7,31.4,1.3686,2004-06-17 18:00:00
2004-06-17,19:00:00,125.0,1907.0,29.0,33.4,1.3169,2004-06-17 19:00:00
2004-06-17,20:00:00,124.0,1883.0,27.3,37.5,1.342,2004-06-17 20:00:00
2004-06-17,21:00:00,97.0,1675.0,25.8,40.9,1.3389,2004-06-17 21:00:00
2004-06-17,22:00:00,94.0,1724.0,25.2,43.0,1.358,2004-06-17 22:00:00
2004-06-17,23:00:00,120.0,1983.0,24.6,45.8,1.394,2004-06-17 23:00:00
2004-06-18,00:00:00,105.0,1751.0,24.0,47.3,1.3914,2004-06-18 00:00:00
2004-06-18,01:00:00,81.0,1592.0,23.5,48.3,1.3777,2004-06-18 01:00:00
2004-06-18,02:00:00,43.0,1467.0,24.0,45.8,1.3467,2004-06-18 02:00:00
2004-06-18,03:00:00,80.11538461538461,1431.0,22.2,50.7,1.3405,2004-06-18 03:00:00
2004-06-18,04:00:00,32.0,1404.0,22.8,48.1,1.3184,2004-06-18 04:00:00
2004-06-18,05:00:00,36.0,1437.0,21.9,50.1,1.3002,2004-06-18 05:00:00
2004-06-18,06:00:00,59.0,1598.0,20.4,54.1,1.28,2004-06-18 06:00:00
2004-06-18,07:00:00,92.0,1922.0,20.8,52.6,1.2758,2004-06-18 07:00:00
2004-06-18,08:00:00,121.0,2450.0,22.8,47.9,1.3156,2004-06-18 08:00:00
2004-06-18,09:00:00,151.0,2157.0,25.2,42.9,1.3552,2004-06-18 09:00:00
2004-06-18,10:00:00,142.0,1917.0,29.3,34.8,1.397,2004-06-18 10:00:00
2004-06-18,11:00:00,141.0,1949.0,33.3,27.8,1.4013,2004-06-18 11:00:00
2004-06-18,12:00:00,129.0,1856.0,34.9,24.9,1.363,2004-06-18 12:00:00
2004-06-18,13:00:00,106.0,1766.0,36.1,22.7,1.3324,2004-06-18 13:00:00
2004-06-18,14:00:00,125.0,1810.0,37.6,21.1,1.3478,2004-06-18 14:00:00
2004-06-18,15:00:00,126.0,1780.0,37.3,21.9,1.3761,2004-06-18 15:00:00
2004-06-18,16:00:00,147.0,1840.0,37.2,21.6,1.3514,2004-06-18 16:00:00
2004-06-18,17:00:00,180.0,1956.0,35.6,23.4,1.341,2004-06-18 17:00:00
2004-06-18,18:00:00,164.0,1834.0,33.1,24.3,1.2087,2004-06-18 18:00:00
2004-06-18,19:00:00,180.0,2043.0,30.5,29.5,1.2635,2004-06-18 19:00:00
2004-06-18,20:00:00,153.0,1921.0,28.7,35.8,1.3834,2004-06-18 20:00:00
2004-06-18,21:00:00,105.0,1635.0,26.6,42.2,1.4452,2004-06-18 21:00:00
2004-06-18,22:00:00,98.0,1796.0,25.2,46.6,1.4733,2004-06-18 22:00:00
2004-06-18,23:00:00,107.0,1892.0,24.7,47.7,1.4649,2004-06-18 23:00:00
2004-06-19,00:00:00,87.0,1731.0,24.4,47.4,1.4301,2004-06-19 00:00:00
2004-06-19,01:00:00,80.0,1604.0,23.3,49.9,1.4135,2004-06-19 01:00:00
2004-06-19,02:00:00,62.0,1528.0,23.8,47.3,1.3783,2004-06-19 02:00:00
2004-06-19,03:00:00,80.11538461538461,1478.0,22.9,50.2,1.3808,2004-06-19 03:00:00
2004-06-19,04:00:00,54.0,1511.0,21.2,55.0,1.3689,2004-06-19 04:00:00
2004-06-19,05:00:00,56.0,1472.0,21.7,52.6,1.35,2004-06-19 05:00:00
2004-06-19,06:00:00,62.0,1475.0,22.8,48.9,1.3424,2004-06-19 06:00:00
2004-06-19,07:00:00,72.0,1595.0,23.5,47.6,1.3611,2004-06-19 07:00:00
2004-06-19,08:00:00,86.0,1697.0,24.6,44.9,1.3661,2004-06-19 08:00:00
2004-06-19,09:00:00,99.0,1774.0,27.0,39.9,1.402,2004-06-19 09:00:00
2004-06-19,10:00:00,98.0,1736.0,29.3,35.9,1.4411,2004-06-19 10:00:00
2004-06-19,11:00:00,102.0,1743.0,31.2,32.4,1.4517,2004-06-19 11:00:00
2004-06-19,12:00:00,84.0,1714.0,34.4,26.6,1.423,2004-06-19 12:00:00
2004-06-19,13:00:00,83.0,1718.0,36.1,22.1,1.3004,2004-06-19 13:00:00
2004-06-19,14:00:00,68.0,1709.0,35.65897435897436,22.94871794871795,1.2975564102564103,2004-06-19 14:00:00
2004-06-19,15:00:00,63.0,1700.0,35.21794871794872,23.7974358974359,1.2947128205128204,2004-06-19 15:00:00
2004-06-19,16:00:00,65.0,1691.0,34.776923076923076,24.646153846153847,1.2918692307692308,2004-06-19 16:00:00
2004-06-19,17:00:00,63.0,1682.0,34.33589743589744,25.494871794871795,1.289025641025641,2004-06-19 17:00:00
2004-06-19,18:00:00,56.0,1673.0,33.8948717948718,26.343589743589746,1.2861820512820512,2004-06-19 18:00:00
2004-06-19,19:00:00,77.0,1664.0,33.45384615384616,27.192307692307693,1.2833384615384615,2004-06-19 19:00:00
2004-06-19,20:00:00,91.0,1655.0,33.01282051282051,28.04102564102564,1.2804948717948719,2004-06-19 20:00:00
2004-06-19,21:00:00,70.0,1646.0,32.57179487179487,28.889743589743592,1.277651282051282,2004-06-19 21:00:00
2004-06-19,22:00:00,95.0,1637.0,32.13076923076923,29.73846153846154,1.2748076923076923,2004-06-19 22:00:00
2004-06-19,23:00:00,113.0,1628.0,31.68974358974359,30.58717948717949,1.2719641025641026,2004-06-19 23:00:00
2004-06-20,00:00:00,109.0,1619.0,31.24871794871795,31.435897435897438,1.2691205128205127,2004-06-20 00:00:00
2004-06-20,01:00:00,65.0,1610.0,30.807692307692307,32.284615384615385,1.266276923076923,2004-06-20 01:00:00
2004-06-20,02:00:00,60.0,1601.0,30.366666666666667,33.13333333333333,1.2634333333333334,2004-06-20 02:00:00
2004-06-20,03:00:00,80.11538461538461,1592.0,29.925641025641028,33.98205128205129,1.2605897435897435,2004-06-20 03:00:00
2004-06-20,04:00:00,62.0,1583.0,29.484615384615385,34.830769230769235,1.2577461538461538,2004-06-20 04:00:00
2004-06-20,05:00:00,60.0,1574.0,29.04358974358974,35.67948717948718,1.2549025641025642,2004-06-20 05:00:00
2004-06-20,06:00:00,65.0,1565.0,28.602564102564102,36.52820512820513,1.2520589743589743,2004-06-20 06:00:00
2004-06-20,07:00:00,55.0,1556.0,28.161538461538463,37.37692307692308,1.2492153846153846,2004-06-20 07:00:00
2004-06-20,08:00:00,66.0,1547.0,27.72051282051282,38.225641025641025,1.246371794871795,2004-06-20 08:00:00
2004-06-20,09:00:00,67.0,1538.0,27.279487179487177,39.07435897435897,1.243528205128205,2004-06-20 09:00:00
2004-06-20,10:00:00,64.0,1529.0,26.838461538461537,39.92307692307692,1.2406846153846154,2004-06-20 10:00:00
2004-06-20,11:00:00,59.0,1520.0,26.397435897435898,40.771794871794874,1.2378410256410257,2004-06-20 11:00:00
2004-06-20,12:00:00,59.0,1511.0,25.956410256410255,41.62051282051282,1.2349974358974358,2004-06-20 12:00:00
2004-06-20,13:00:00,36.0,1502.0,25.515384615384615,42.46923076923077,1.2321538461538462,2004-06-20 13:00:00
2004-06-20,14:00:00,35.0,1493.0,25.074358974358972,43.317948717948724,1.2293102564102565,2004-06-20 14:00:00
2004-06-20,15:00:00,54.0,1484.0,24.633333333333333,44.16666666666667,1.2264666666666666,2004-06-20 15:00:00
2004-06-20,16:00:00,71.0,1475.0,24.192307692307693,45.01538461538462,1.223623076923077,2004-06-20 16:00:00
2004-06-20,17:00:00,86.0,1466.0,23.75128205128205,45.864102564102566,1.2207794871794873,2004-06-20 17:00:00
2004-06-20,18:00:00,114.0,1457.0,23.310256410256407,46.712820512820514,1.2179358974358974,2004-06-20 18:00:00
2004-06-20,19:00:00,105.0,1448.0,22.869230769230768,47.56153846153846,1.2150923076923077,2004-06-20 19:00:00
2004-06-20,20:00:00,87.0,1439.0,22.42820512820513,48.41025641025641,1.212248717948718,2004-06-20 20:00:00
2004-06-20,21:00:00,85.0,1430.0,21.987179487179485,49.258974358974356,1.2094051282051281,2004-06-20 21:00:00
2004-06-20,22:00:00,91.0,1421.0,21.546153846153842,50.107692307692304,1.2065615384615385,2004-06-20 22:00:00
2004-06-20,23:00:00,108.0,1412.0,21.105128205128203,50.95641025641026,1.2037179487179488,2004-06-20 23:00:00
2004-06-21,00:00:00,99.0,1403.0,20.664102564102564,51.805128205128206,1.200874358974359,2004-06-21 00:00:00
2004-06-21,01:00:00,83.0,1394.0,20.22307692307692,52.65384615384615,1.1980307692307692,2004-06-21 01:00:00
2004-06-21,02:00:00,36.0,1385.0,19.78205128205128,53.50256410256411,1.1951871794871796,2004-06-21 02:00:00
2004-06-21,03:00:00,80.11538461538461,1376.0,19.341025641025638,54.351282051282055,1.1923435897435897,2004-06-21 03:00:00
2004-06-21,04:00:00,24.0,1367.0,18.9,55.2,1.1895,2004-06-21 04:00:00
2004-06-21,05:00:00,43.0,1463.0,18.2,57.6,1.193,2004-06-21 05:00:00
2004-06-21,06:00:00,64.0,1639.0,18.6,56.0,1.1865,2004-06-21 06:00:00
2004-06-21,07:00:00,91.0,1910.0,20.8,48.0,1.1702,2004-06-21 07:00:00
2004-06-21,08:00:00,109.0,2138.0,23.3,38.6,1.0919,2004-06-21 08:00:00
2004-06-21,09:00:00,110.0,1753.0,25.1,32.4,1.017,2004-06-21 09:00:00
2004-06-21,10:00:00,111.0,1597.0,27.8,25.8,0.9473,2004-06-21 10:00:00
2004-06-21,11:00:00,106.0,1480.0,29.6,21.0,0.8548,2004-06-21 11:00:00
2004-06-21,12:00:00,104.0,1467.0,30.2,18.0,0.7613,2004-06-21 12:00:00
2004-06-21,13:00:00,76.0,1454.0,30.1,18.5,0.7747,2004-06-21 13:00:00
2004-06-21,14:00:00,84.0,1504.0,29.5,19.4,0.7872,2004-06-21 14:00:00
2004-06-21,15:00:00,102.0,1564.0,31.1,18.2,0.8079,2004-06-21 15:00:00
2004-06-21,16:00:00,102.0,1492.0,30.3,19.0,0.8103,2004-06-21 16:00:00
2004-06-21,17:00:00,124.0,1645.0,30.1,19.3,0.8083,2004-06-21 17:00:00
2004-06-21,18:00:00,147.0,1787.0,28.6,22.3,0.859,2004-06-21 18:00:00
2004-06-21,19:00:00,138.0,1813.0,26.1,28.3,0.9407,2004-06-21 19:00:00
2004-06-21,20:00:00,126.0,1793.0,24.5,35.7,1.0807,2004-06-21 20:00:00
2004-06-21,21:00:00,112.0,1737.0,23.1,41.5,1.1582,2004-06-21 21:00:00
2004-06-21,22:00:00,95.0,1686.0,21.8,46.3,1.1913,2004-06-21 22:00:00
2004-06-21,23:00:00,80.0,1594.0,20.9,48.9,1.1945,2004-06-21 23:00:00
2004-06-22,00:00:00,79.0,1570.0,20.5,49.9,1.1903,2004-06-22 00:00:00
2004-06-22,01:00:00,49.0,1462.0,20.0,50.9,1.1794,2004-06-22 01:00:00
2004-06-22,02:00:00,36.0,1374.0,22.1,44.3,1.1665,2004-06-22 02:00:00
2004-06-22,03:00:00,80.11538461538461,1350.0,21.0,47.5,1.1666,2004-06-22 03:00:00
2004-06-22,04:00:00,40.0,1343.0,19.8,50.3,1.1444,2004-06-22 04:00:00
2004-06-22,05:00:00,37.0,1381.0,19.0,52.8,1.1489,2004-06-22 05:00:00
2004-06-22,06:00:00,67.0,1594.0,17.8,56.5,1.1375,2004-06-22 06:00:00
2004-06-22,07:00:00,106.0,2002.0,18.2,55.8,1.1529,2004-06-22 07:00:00
2004-06-22,08:00:00,134.0,2394.0,20.6,47.7,1.1448,2004-06-22 08:00:00
2004-06-22,09:00:00,123.0,1832.0,22.8,41.9,1.1496,2004-06-22 09:00:00
2004-06-22,10:00:00,136.0,1856.0,27.1,31.7,1.1147,2004-06-22 10:00:00
2004-06-22,11:00:00,109.0,1766.0,30.4,26.4,1.131,2004-06-22 11:00:00
2004-06-22,12:00:00,144.0,1940.0,31.1,26.2,1.1647,2004-06-22 12:00:00
2004-06-22,13:00:00,154.0,1912.0,31.4,25.3,1.1444,2004-06-22 13:00:00
2004-06-22,14:00:00,126.0,1772.0,30.8,26.7,1.168,2004-06-22 14:00:00
2004-06-22,15:00:00,98.0,1747.0,31.8,25.6,1.1868,2004-06-22 15:00:00
2004-06-22,16:00:00,120.0,1782.0,33.5,22.9,1.1649,2004-06-22 16:00:00
2004-06-22,17:00:00,145.0,2011.0,33.1,23.5,1.1673,2004-06-22 17:00:00
2004-06-22,18:00:00,139.0,2017.0,31.7,25.9,1.1883,2004-06-22 18:00:00
2004-06-22,19:00:00,148.0,2085.0,29.0,30.4,1.2013,2004-06-22 19:00:00
2004-06-22,20:00:00,139.0,2016.0,27.4,33.6,1.2095,2004-06-22 20:00:00
2004-06-22,21:00:00,93.0,1640.0,25.2,36.4,1.1528,2004-06-22 21:00:00
2004-06-22,22:00:00,96.0,1726.0,24.0,39.6,1.1662,2004-06-22 22:00:00
2004-06-22,23:00:00,104.0,1807.0,23.8,39.6,1.1558,2004-06-22 23:00:00
2004-06-23,00:00:00,83.0,1631.0,22.9,43.6,1.1974,2004-06-23 00:00:00
2004-06-23,01:00:00,66.0,1496.0,22.8,43.9,1.202,2004-06-23 01:00:00
2004-06-23,02:00:00,55.0,1455.0,21.8,47.3,1.2189,2004-06-23 02:00:00
2004-06-23,03:00:00,80.11538461538461,1405.0,21.7,47.3,1.2135,2004-06-23 03:00:00
2004-06-23,04:00:00,37.0,1402.0,20.8,50.3,1.2207,2004-06-23 04:00:00
2004-06-23,05:00:00,40.0,1396.0,21.7,46.8,1.2031,2004-06-23 05:00:00
2004-06-23,06:00:00,51.0,1656.0,20.3,52.3,1.2367,2004-06-23 06:00:00
2004-06-23,07:00:00,117.0,2210.0,20.5,52.3,1.245,2004-06-23 07:00:00
2004-06-23,08:00:00,110.0,2046.0,21.7,49.6,1.2673,2004-06-23 08:00:00
2004-06-23,09:00:00,136.0,2090.0,24.0,43.1,1.2677,2004-06-23 09:00:00
2004-06-23,10:00:00,152.0,1944.0,28.5,31.7,1.2144,2004-06-23 10:00:00
2004-06-23,11:00:00,119.0,1790.0,32.2,25.1,1.189,2004-06-23 11:00:00
2004-06-23,12:00:00,106.0,1762.0,34.9,20.5,1.1279,2004-06-23 12:00:00
2004-06-23,13:00:00,101.0,1711.0,35.4,19.9,1.1222,2004-06-23 13:00:00
2004-06-23,14:00:00,110.0,1786.0,34.4,22.5,1.205,2004-06-23 14:00:00
2004-06-23,15:00:00,124.0,1854.0,34.8,22.8,1.2488,2004-06-23 15:00:00
2004-06-23,16:00:00,137.0,1825.0,34.3,22.4,1.1907,2004-06-23 16:00:00
2004-06-23,17:00:00,159.0,2030.0,32.5,25.3,1.2165,2004-06-23 17:00:00
2004-06-23,18:00:00,152.0,2075.0,31.3,27.3,1.2234,2004-06-23 18:00:00
2004-06-23,19:00:00,166.0,2134.0,30.2,29.0,1.2224,2004-06-23 19:00:00
2004-06-23,20:00:00,163.0,2118.0,28.5,33.3,1.2775,2004-06-23 20:00:00
2004-06-23,21:00:00,121.0,1829.0,27.3,35.3,1.2606,2004-06-23 21:00:00
2004-06-23,22:00:00,125.0,1897.0,26.1,37.8,1.2575,2004-06-23 22:00:00
2004-06-23,23:00:00,120.0,2023.0,24.7,47.1,1.44,2004-06-23 23:00:00
2004-06-24,00:00:00,103.0,1978.0,23.6,59.8,1.7193,2004-06-24 00:00:00
2004-06-24,01:00:00,64.0,1793.0,23.3,60.5,1.706,2004-06-24 01:00:00
2004-06-24,02:00:00,44.0,1645.0,23.3,59.4,1.6753,2004-06-24 02:00:00
2004-06-24,03:00:00,80.11538461538461,1570.0,22.9,57.7,1.5902,2004-06-24 03:00:00
2004-06-24,04:00:00,35.0,1528.0,23.7,53.5,1.546,2004-06-24 04:00:00
2004-06-24,05:00:00,46.0,1530.0,21.2,60.9,1.5092,2004-06-24 05:00:00
2004-06-24,06:00:00,54.0,1548.0,22.1,56.2,1.48,2004-06-24 06:00:00
2004-06-24,07:00:00,68.0,1700.0,21.9,57.0,1.4742,2004-06-24 07:00:00
2004-06-24,08:00:00,77.0,1750.0,24.7,45.9,1.4061,2004-06-24 08:00:00
2004-06-24,09:00:00,74.0,1649.0,27.0,40.8,1.4286,2004-06-24 09:00:00
2004-06-24,10:00:00,92.0,1656.0,29.1,37.4,1.4833,2004-06-24 10:00:00
2004-06-24,11:00:00,83.0,1651.0,31.1,32.4,1.4351,2004-06-24 11:00:00
2004-06-24,12:00:00,58.0,1561.0,31.9,30.3,1.4125,2004-06-24 12:00:00
2004-06-24,13:00:00,55.0,1576.0,32.8,28.9,1.412,2004-06-24 13:00:00
2004-06-24,14:00:00,61.0,1596.0,33.4,27.8,1.4119,2004-06-24 14:00:00
2004-06-24,15:00:00,65.0,1565.0,35.3,23.7,1.3331,2004-06-24 15:00:00
2004-06-24,16:00:00,74.0,1629.0,35.8,22.4,1.2915,2004-06-24 16:00:00
2004-06-24,17:00:00,89.0,1602.0,35.3,20.8,1.1664,2004-06-24 17:00:00
2004-06-24,18:00:00,103.0,1732.0,33.3,23.9,1.2085,2004-06-24 18:00:00
2004-06-24,19:00:00,128.0,1934.0,30.3,30.8,1.3044,2004-06-24 19:00:00
2004-06-24,20:00:00,122.0,1878.0,28.3,34.5,1.3084,2004-06-24 20:00:00
2004-06-24,21:00:00,125.0,2176.0,27.1,38.9,1.3758,2004-06-24 21:00:00
2004-06-24,22:00:00,119.0,1967.0,25.4,43.2,1.3805,2004-06-24 22:00:00
2004-06-24,23:00:00,126.0,2114.0,24.6,45.3,1.3767,2004-06-24 23:00:00
2004-06-25,00:00:00,100.0,1838.0,23.7,46.0,1.3346,2004-06-25 00:00:00
2004-06-25,01:00:00,94.0,1752.0,23.0,48.1,1.3322,2004-06-25 01:00:00
2004-06-25,02:00:00,52.0,1457.0,24.8,43.4,1.3366,2004-06-25 02:00:00
2004-06-25,03:00:00,80.11538461538461,1482.0,23.1,47.4,1.3208,2004-06-25 03:00:00
2004-06-25,04:00:00,64.0,1427.0,21.7,50.2,1.2917,2004-06-25 04:00:00
2004-06-25,05:00:00,46.0,1442.0,21.9,50.7,1.3138,2004-06-25 05:00:00
2004-06-25,06:00:00,88.0,1743.0,20.1,57.0,1.3216,2004-06-25 06:00:00
2004-06-25,07:00:00,104.0,1927.0,21.5,51.8,1.3129,2004-06-25 07:00:00
2004-06-25,08:00:00,125.0,1968.0,22.9,48.7,1.3416,2004-06-25 08:00:00
2004-06-25,09:00:00,151.0,1924.0,25.7,41.0,1.3351,2004-06-25 09:00:00
2004-06-25,10:00:00,113.0,1671.0,29.9,33.2,1.3793,2004-06-25 10:00:00
2004-06-25,11:00:00,102.0,1713.0,32.9,28.0,1.3789,2004-06-25 11:00:00
2004-06-25,12:00:00,108.0,1688.0,34.0,25.6,1.3363,2004-06-25 12:00:00
2004-06-25,13:00:00,93.0,1684.0,34.7,22.6,1.2297,2004-06-25 13:00:00
2004-06-25,14:00:00,89.0,1596.0,35.5,20.3,1.1586,2004-06-25 14:00:00
2004-06-25,15:00:00,84.0,1539.0,35.9,18.8,1.0912,2004-06-25 15:00:00
2004-06-25,16:00:00,111.0,1690.0,36.2,18.6,1.0945,2004-06-25 16:00:00
2004-06-25,17:00:00,115.0,1659.0,35.4,15.3,0.8613,2004-06-25 17:00:00
2004-06-25,18:00:00,127.0,1642.0,32.9,15.5,0.7649,2004-06-25 18:00:00
2004-06-25,19:00:00,129.0,1786.0,29.9,19.8,0.8211,2004-06-25 19:00:00
2004-06-25,20:00:00,140.0,1743.0,28.1,22.4,0.8394,2004-06-25 20:00:00
2004-06-25,21:00:00,137.0,1680.0,26.1,24.7,0.8233,2004-06-25 21:00:00
2004-06-25,22:00:00,130.0,1670.0,25.0,28.7,0.8944,2004-06-25 22:00:00
2004-06-25,23:00:00,121.0,1598.0,24.3,31.0,0.9268,2004-06-25 23:00:00
2004-06-26,00:00:00,79.0,1398.0,24.0,31.2,0.919,2004-06-26 00:00:00
2004-06-26,01:00:00,69.0,1390.0,22.4,34.9,0.9362,2004-06-26 01:00:00
2004-06-26,02:00:00,61.0,1382.0,21.2,37.6,0.9355,2004-06-26 02:00:00
2004-06-26,03:00:00,80.11538461538461,1409.0,19.5,42.3,0.9461,2004-06-26 03:00:00
2004-06-26,04:00:00,58.0,1321.0,21.2,39.4,0.9802,2004-06-26 04:00:00
2004-06-26,05:00:00,58.0,1314.0,19.5,42.4,0.9515,2004-06-26 05:00:00
2004-06-26,06:00:00,70.0,1466.0,18.6,45.8,0.9723,2004-06-26 06:00:00
2004-06-26,07:00:00,104.0,1680.0,19.7,44.1,1.0039,2004-06-26 07:00:00
2004-06-26,08:00:00,109.0,1773.0,21.9,39.4,1.0243,2004-06-26 08:00:00
2004-06-26,09:00:00,129.0,1791.0,24.5,34.3,1.0407,2004-06-26 09:00:00
2004-06-26,10:00:00,144.0,1734.0,30.0,25.6,1.0674,2004-06-26 10:00:00
2004-06-26,11:00:00,101.0,1508.0,34.5,18.9,1.0168,2004-06-26 11:00:00
2004-06-26,12:00:00,90.0,1540.0,36.3,17.5,1.0411,2004-06-26 12:00:00
2004-06-26,13:00:00,86.0,1523.0,37.7,16.0,1.0231,2004-06-26 13:00:00
2004-06-26,14:00:00,69.0,1446.0,38.3,15.8,1.0465,2004-06-26 14:00:00
2004-06-26,15:00:00,65.0,1481.0,38.4,17.5,1.1609,2004-06-26 15:00:00
2004-06-26,16:00:00,73.0,1565.0,37.2,20.5,1.2813,2004-06-26 16:00:00
2004-06-26,17:00:00,73.0,1567.0,34.0,26.4,1.3781,2004-06-26 17:00:00
2004-06-26,18:00:00,78.0,1599.0,32.3,30.4,1.445,2004-06-26 18:00:00
2004-06-26,19:00:00,98.0,1726.0,30.5,33.9,1.4564,2004-06-26 19:00:00
2004-06-26,20:00:00,99.0,1686.0,29.2,37.8,1.5098,2004-06-26 20:00:00
2004-06-26,21:00:00,83.0,1645.0,28.4,39.1,1.4881,2004-06-26 21:00:00
2004-06-26,22:00:00,88.0,1747.0,27.7,40.6,1.4828,2004-06-26 22:00:00
2004-06-26,23:00:00,117.0,1938.0,27.2,42.5,1.5069,2004-06-26 23:00:00
2004-06-27,00:00:00,97.0,1830.0,26.5,44.8,1.528,2004-06-27 00:00:00
2004-06-27,01:00:00,75.0,1750.0,25.5,47.6,1.5318,2004-06-27 01:00:00
2004-06-27,02:00:00,53.0,1638.0,25.2,47.8,1.5076,2004-06-27 02:00:00
2004-06-27,03:00:00,80.11538461538461,1685.0,23.2,53.7,1.5046,2004-06-27 03:00:00
2004-06-27,04:00:00,45.0,1522.0,23.2,52.3,1.4668,2004-06-27 04:00:00
2004-06-27,05:00:00,42.0,1490.0,24.0,50.3,1.4811,2004-06-27 05:00:00
2004-06-27,06:00:00,44.0,1496.0,23.5,51.2,1.4634,2004-06-27 06:00:00
2004-06-27,07:00:00,50.0,1511.0,23.5,50.8,1.452,2004-06-27 07:00:00
2004-06-27,08:00:00,60.0,1634.0,24.7,47.6,1.4597,2004-06-27 08:00:00
2004-06-27,09:00:00,100.0,1688.0,27.2,41.1,1.4611,2004-06-27 09:00:00
2004-06-27,10:00:00,111.0,1771.0,31.0,32.4,1.4294,2004-06-27 10:00:00
2004-06-27,11:00:00,110.0,1648.0,35.2,24.8,1.3854,2004-06-27 11:00:00
2004-06-27,12:00:00,74.0,1486.0,37.8,18.5,1.1977,2004-06-27 12:00:00
2004-06-27,13:00:00,56.0,1285.0,39.0,15.1,1.0424,2004-06-27 13:00:00
2004-06-27,14:00:00,50.0,1339.0,41.3,12.8,0.9933,2004-06-27 14:00:00
2004-06-27,15:00:00,54.0,1294.0,41.8,11.9,0.9476,2004-06-27 15:00:00
2004-06-27,16:00:00,90.0,1488.0,42.2,14.2,1.1609,2004-06-27 16:00:00
2004-06-27,17:00:00,109.0,1537.0,41.4,15.5,1.2089,2004-06-27 17:00:00
2004-06-27,18:00:00,110.0,1609.0,38.9,21.4,1.4605,2004-06-27 18:00:00
2004-06-27,19:00:00,103.0,1685.0,34.3,26.0,1.3865,2004-06-27 19:00:00
2004-06-27,20:00:00,120.0,1695.0,32.7,27.7,1.3439,2004-06-27 20:00:00
2004-06-27,21:00:00,134.0,1784.0,30.5,30.4,1.3031,2004-06-27 21:00:00
2004-06-27,22:00:00,137.0,1751.0,29.0,33.6,1.3277,2004-06-27 22:00:00
2004-06-27,23:00:00,99.0,1636.0,28.2,36.6,1.3781,2004-06-27 23:00:00
2004-06-28,00:00:00,78.0,1616.0,27.2,38.9,1.3821,2004-06-28 00:00:00
2004-06-28,01:00:00,63.0,1508.0,26.7,40.0,1.3754,2004-06-28 01:00:00
2004-06-28,02:00:00,41.0,1444.0,26.0,41.2,1.3598,2004-06-28 02:00:00
2004-06-28,03:00:00,80.11538461538461,1464.0,22.8,50.1,1.3677,2004-06-28 03:00:00
2004-06-28,04:00:00,39.0,1438.0,24.0,46.6,1.37,2004-06-28 04:00:00
2004-06-28,05:00:00,60.0,1447.0,24.0,46.4,1.3689,2004-06-28 05:00:00
2004-06-28,06:00:00,54.0,1552.0,23.7,47.1,1.3602,2004-06-28 06:00:00
2004-06-28,07:00:00,119.0,2172.0,23.6,47.3,1.3634,2004-06-28 07:00:00
2004-06-28,08:00:00,159.0,2568.0,25.5,43.1,1.3891,2004-06-28 08:00:00
2004-06-28,09:00:00,182.0,2199.0,28.5,36.8,1.4128,2004-06-28 09:00:00
2004-06-28,10:00:00,183.0,1907.0,32.6,28.0,1.3566,2004-06-28 10:00:00
2004-06-28,11:00:00,144.0,1795.0,36.3,23.4,1.3902,2004-06-28 11:00:00
2004-06-28,12:00:00,118.0,1748.0,37.5,21.5,1.3673,2004-06-28 12:00:00
2004-06-28,13:00:00,106.0,1773.0,39.6,19.0,1.3447,2004-06-28 13:00:00
2004-06-28,14:00:00,97.0,1739.0,40.1,19.3,1.4013,2004-06-28 14:00:00
2004-06-28,15:00:00,129.0,1820.0,40.4,20.0,1.4854,2004-06-28 15:00:00
2004-06-28,16:00:00,130.0,1720.0,39.9,20.1,1.4495,2004-06-28 16:00:00
2004-06-28,17:00:00,163.0,1905.0,39.1,19.6,1.3542,2004-06-28 17:00:00
2004-06-28,18:00:00,160.0,2023.0,37.0,21.9,1.3503,2004-06-28 18:00:00
2004-06-28,19:00:00,140.0,2067.0,33.9,26.8,1.3899,2004-06-28 19:00:00
2004-06-28,20:00:00,115.0,1912.0,31.9,30.6,1.4201,2004-06-28 20:00:00
2004-06-28,21:00:00,92.0,1760.0,29.7,33.9,1.3874,2004-06-28 21:00:00
2004-06-28,22:00:00,99.0,1786.0,28.6,36.8,1.416,2004-06-28 22:00:00
2004-06-28,23:00:00,96.0,1790.0,27.8,38.7,1.4187,2004-06-28 23:00:00
2004-06-29,00:00:00,80.0,1748.0,27.8,40.0,1.4691,2004-06-29 00:00:00
2004-06-29,01:00:00,65.0,1592.0,27.5,41.3,1.4962,2004-06-29 01:00:00
2004-06-29,02:00:00,46.0,1534.0,27.3,41.6,1.4906,2004-06-29 02:00:00
2004-06-29,03:00:00,80.11538461538461,1480.0,26.0,44.2,1.4657,2004-06-29 03:00:00
2004-06-29,04:00:00,57.0,1519.0,24.8,48.0,1.4857,2004-06-29 04:00:00
2004-06-29,05:00:00,54.0,1504.0,25.9,45.1,1.4889,2004-06-29 05:00:00
2004-06-29,06:00:00,62.0,1634.0,25.3,47.6,1.5108,2004-06-29 06:00:00
2004-06-29,07:00:00,102.0,2316.0,24.7,49.5,1.5201,2004-06-29 07:00:00
2004-06-29,08:00:00,140.0,2622.0,27.1,43.1,1.5224,2004-06-29 08:00:00
2004-06-29,09:00:00,121.0,1963.0,28.3,39.8,1.5053,2004-06-29 09:00:00
2004-06-29,10:00:00,132.0,1968.0,32.4,32.3,1.5484,2004-06-29 10:00:00
2004-06-29,11:00:00,122.0,1870.0,35.4,27.8,1.5733,2004-06-29 11:00:00
2004-06-29,12:00:00,148.0,1955.0,35.5,27.4,1.5635,2004-06-29 12:00:00
2004-06-29,13:00:00,133.0,1963.0,37.8,24.4,1.5722,2004-06-29 13:00:00
2004-06-29,14:00:00,130.0,1825.0,37.2,25.5,1.5914,2004-06-29 14:00:00
2004-06-29,15:00:00,141.0,1912.0,37.2,25.6,1.6014,2004-06-29 15:00:00
2004-06-29,16:00:00,172.0,2040.0,38.0,25.0,1.6312,2004-06-29 16:00:00
2004-06-29,17:00:00,198.0,2132.0,37.1,26.9,1.6635,2004-06-29 17:00:00
2004-06-29,18:00:00,181.0,2268.0,36.9,27.8,1.7099,2004-06-29 18:00:00
2004-06-29,19:00:00,202.0,2332.0,34.7,31.9,1.7325,2004-06-29 19:00:00
2004-06-29,20:00:00,120.0,1979.0,31.9,38.4,1.7897,2004-06-29 20:00:00
2004-06-29,21:00:00,115.0,1994.0,30.5,42.3,1.8173,2004-06-29 21:00:00
2004-06-29,22:00:00,112.0,1929.0,29.3,45.8,1.8362,2004-06-29 22:00:00
2004-06-29,23:00:00,97.0,1985.0,28.2,48.1,1.8144,2004-06-29 23:00:00
2004-06-30,00:00:00,100.0,1954.0,27.3,51.0,1.8287,2004-06-30 00:00:00
2004-06-30,01:00:00,47.0,1681.0,26.8,52.4,1.8141,2004-06-30 01:00:00
2004-06-30,02:00:00,44.0,1683.0,26.0,54.9,1.8141,2004-06-30 02:00:00
2004-06-30,03:00:00,80.11538461538461,1586.0,26.8,51.9,1.8058,2004-06-30 03:00:00
2004-06-30,04:00:00,42.0,1558.0,26.9,51.8,1.805,2004-06-30 04:00:00
2004-06-30,05:00:00,57.0,1656.0,24.6,59.1,1.8013,2004-06-30 05:00:00
2004-06-30,06:00:00,61.0,1738.0,26.4,53.1,1.7987,2004-06-30 06:00:00
2004-06-30,07:00:00,106.0,1992.0,27.3,46.4,1.6542,2004-06-30 07:00:00
2004-06-30,08:00:00,136.0,2039.0,28.4,40.4,1.5442,2004-06-30 08:00:00
2004-06-30,09:00:00,157.0,2015.0,30.8,37.1,1.6169,2004-06-30 09:00:00
2004-06-30,10:00:00,171.0,2024.0,34.2,30.7,1.6252,2004-06-30 10:00:00
2004-06-30,11:00:00,190.0,1920.0,37.0,26.5,1.6352,2004-06-30 11:00:00
2004-06-30,12:00:00,155.0,1832.0,36.6,27.8,1.676,2004-06-30 12:00:00
2004-06-30,13:00:00,139.0,1857.0,36.9,26.9,1.6477,2004-06-30 13:00:00
2004-06-30,14:00:00,152.0,1810.0,39.3,22.2,1.552,2004-06-30 14:00:00
2004-06-30,15:00:00,143.0,1675.0,38.5,22.4,1.5018,2004-06-30 15:00:00
2004-06-30,16:00:00,168.0,1765.0,39.7,20.4,1.4594,2004-06-30 16:00:00
2004-06-30,17:00:00,226.0,2250.0,38.8,24.2,1.6433,2004-06-30 17:00:00
2004-06-30,18:00:00,207.0,2485.0,33.5,38.0,1.939,2004-06-30 18:00:00
2004-06-30,19:00:00,197.0,2205.0,34.0,32.9,1.7251,2004-06-30 19:00:00
2004-06-30,20:00:00,158.0,2040.0,31.9,33.7,1.5663,2004-06-30 20:00:00
2004-06-30,21:00:00,124.0,1936.0,30.2,37.6,1.587,2004-06-30 21:00:00
2004-06-30,22:00:00,110.0,1941.0,28.9,41.0,1.6096,2004-06-30 22:00:00
2004-06-30,23:00:00,112.0,1921.0,27.8,45.2,1.6604,2004-06-30 23:00:00
2004-07-01,00:00:00,102.0,1874.0,27.1,47.4,1.6701,2004-07-01 00:00:00
2004-07-01,01:00:00,77.0,1800.0,26.2,49.4,1.6555,2004-07-01 01:00:00
2004-07-01,02:00:00,50.0,1607.0,26.9,49.3,1.7196,2004-07-01 02:00:00
2004-07-01,03:00:00,80.11538461538461,1536.0,26.3,50.8,1.7058,2004-07-01 03:00:00
2004-07-01,04:00:00,40.0,1568.0,24.9,54.6,1.6908,2004-07-01 04:00:00
2004-07-01,05:00:00,66.0,1685.0,23.4,58.6,1.6651,2004-07-01 05:00:00
2004-07-01,06:00:00,60.0,1711.0,24.4,55.2,1.6604,2004-07-01 06:00:00
2004-07-01,07:00:00,85.0,2090.0,25.1,54.3,1.7057,2004-07-01 07:00:00
2004-07-01,08:00:00,120.0,2337.0,26.6,51.2,1.7565,2004-07-01 08:00:00
2004-07-01,09:00:00,134.0,2021.0,28.2,47.1,1.7752,2004-07-01 09:00:00
2004-07-01,10:00:00,149.0,1942.0,31.6,39.4,1.7969,2004-07-01 10:00:00
2004-07-01,11:00:00,125.0,1805.0,34.2,31.8,1.6837,2004-07-01 11:00:00
2004-07-01,12:00:00,132.0,1940.0,36.6,27.1,1.6352,2004-07-01 12:00:00
2004-07-01,13:00:00,114.0,1842.0,37.6,26.9,1.715,2004-07-01 13:00:00
2004-07-01,14:00:00,110.0,1803.0,38.1,26.3,1.7213,2004-07-01 14:00:00
2004-07-01,15:00:00,121.0,1814.0,37.8,26.9,1.7392,2004-07-01 15:00:00
2004-07-01,16:00:00,127.0,1730.0,37.8,22.7,1.4653,2004-07-01 16:00:00
2004-07-01,17:00:00,157.0,1949.0,36.9,24.7,1.5134,2004-07-01 17:00:00
2004-07-01,18:00:00,169.0,1986.0,34.5,28.5,1.531,2004-07-01 18:00:00
2004-07-01,19:00:00,179.0,2168.0,32.5,30.9,1.4875,2004-07-01 19:00:00
2004-07-01,20:00:00,149.0,1888.0,30.9,30.4,1.338,2004-07-01 20:00:00
2004-07-01,21:00:00,111.0,1697.0,28.7,34.7,1.3457,2004-07-01 21:00:00
2004-07-01,22:00:00,112.0,1779.0,27.7,39.3,1.4372,2004-07-01 22:00:00
2004-07-01,23:00:00,120.0,1930.0,26.8,45.1,1.5645,2004-07-01 23:00:00
2004-07-02,00:00:00,105.0,1862.0,26.1,45.3,1.5115,2004-07-02 00:00:00
2004-07-02,01:00:00,90.0,1733.0,25.9,46.1,1.5174,2004-07-02 01:00:00
2004-07-02,02:00:00,87.0,1662.0,25.3,47.6,1.513,2004-07-02 02:00:00
2004-07-02,03:00:00,80.11538461538461,1501.0,26.6,43.0,1.4773,2004-07-02 03:00:00
2004-07-02,04:00:00,54.0,1513.0,25.3,47.2,1.5025,2004-07-02 04:00:00
2004-07-02,05:00:00,61.0,1500.0,25.1,48.0,1.5115,2004-07-02 05:00:00
2004-07-02,06:00:00,63.0,1629.0,24.8,50.6,1.5654,2004-07-02 06:00:00
2004-07-02,07:00:00,102.0,2077.0,25.7,49.7,1.615,2004-07-02 07:00:00
2004-07-02,08:00:00,149.0,2559.0,27.4,45.5,1.6396,2004-07-02 08:00:00
2004-07-02,09:00:00,147.0,2052.0,29.3,40.0,1.6082,2004-07-02 09:00:00
2004-07-02,10:00:00,158.0,1952.0,33.6,28.7,1.4693,2004-07-02 10:00:00
2004-07-02,11:00:00,112.0,1745.0,34.6,27.7,1.4991,2004-07-02 11:00:00
2004-07-02,12:00:00,108.0,1810.0,35.6,27.2,1.5557,2004-07-02 12:00:00
2004-07-02,13:00:00,120.0,1771.0,36.9,23.3,1.4313,2004-07-02 13:00:00
2004-07-02,14:00:00,117.0,1732.0,38.8,20.7,1.4036,2004-07-02 14:00:00
2004-07-02,15:00:00,119.0,1735.0,38.1,22.6,1.4868,2004-07-02 15:00:00
2004-07-02,16:00:00,149.0,1681.0,37.1,23.0,1.4229,2004-07-02 16:00:00
2004-07-02,17:00:00,174.0,1647.0,34.8,19.3,1.0543,2004-07-02 17:00:00
2004-07-02,18:00:00,163.0,1691.0,33.6,20.7,1.059,2004-07-02 18:00:00
2004-07-02,19:00:00,161.0,1729.0,31.4,18.5,0.8376,2004-07-02 19:00:00
2004-07-02,20:00:00,154.0,1688.0,29.5,23.8,0.9623,2004-07-02 20:00:00
2004-07-02,21:00:00,124.0,1588.0,27.4,27.1,0.9736,2004-07-02 21:00:00
2004-07-02,22:00:00,122.0,1693.0,26.1,31.1,1.0338,2004-07-02 22:00:00
2004-07-02,23:00:00,119.0,1643.0,25.5,34.0,1.0935,2004-07-02 23:00:00
2004-07-03,00:00:00,131.0,1738.0,24.0,37.8,1.1125,2004-07-03 00:00:00
2004-07-03,01:00:00,84.0,1528.0,24.2,37.3,1.1118,2004-07-03 01:00:00
2004-07-03,02:00:00,77.0,1461.0,23.4,40.6,1.1571,2004-07-03 02:00:00
2004-07-03,03:00:00,80.11538461538461,1494.0,21.8,46.6,1.1991,2004-07-03 03:00:00
2004-07-03,04:00:00,41.0,1371.0,22.6,43.0,1.1629,2004-07-03 04:00:00
2004-07-03,05:00:00,68.0,1479.0,20.2,50.7,1.1844,2004-07-03 05:00:00
2004-07-03,06:00:00,69.0,1530.0,20.5,49.3,1.176,2004-07-03 06:00:00
2004-07-03,07:00:00,101.0,1743.0,21.4,48.0,1.2086,2004-07-03 07:00:00
2004-07-03,08:00:00,120.0,1885.0,23.2,43.9,1.2344,2004-07-03 08:00:00
2004-07-03,09:00:00,124.0,1725.0,25.3,40.7,1.2921,2004-07-03 09:00:00
2004-07-03,10:00:00,113.0,1669.0,29.9,31.1,1.2883,2004-07-03 10:00:00
2004-07-03,11:00:00,97.0,1536.0,33.9,21.3,1.1067,2004-07-03 11:00:00
2004-07-03,12:00:00,94.0,1550.0,36.3,16.0,0.9465,2004-07-03 12:00:00
2004-07-03,13:00:00,86.0,1436.0,36.6,15.2,0.9177,2004-07-03 13:00:00
2004-07-03,14:00:00,70.0,1426.0,37.4,15.8,0.9998,2004-07-03 14:00:00
2004-07-03,15:00:00,70.0,1391.0,37.9,15.0,0.9721,2004-07-03 15:00:00
2004-07-03,16:00:00,82.0,1479.0,38.0,16.8,1.0933,2004-07-03 16:00:00
2004-07-03,17:00:00,93.0,1524.0,36.9,17.5,1.0789,2004-07-03 17:00:00
2004-07-03,18:00:00,89.0,1454.0,35.3,17.0,0.9561,2004-07-03 18:00:00
2004-07-03,19:00:00,90.0,1484.0,31.9,20.4,0.9462,2004-07-03 19:00:00
2004-07-03,20:00:00,67.0,1537.0,29.1,29.6,1.1792,2004-07-03 20:00:00
2004-07-03,21:00:00,94.0,1658.0,27.4,33.4,1.2022,2004-07-03 21:00:00
2004-07-03,22:00:00,109.0,1726.0,26.7,35.8,1.2318,2004-07-03 22:00:00
2004-07-03,23:00:00,103.0,1710.0,25.2,42.7,1.3473,2004-07-03 23:00:00
2004-07-04,00:00:00,101.0,1840.0,24.0,51.9,1.5252,2004-07-04 00:00:00
2004-07-04,01:00:00,71.0,1585.0,24.5,44.4,1.3476,2004-07-04 01:00:00
2004-07-04,02:00:00,71.0,1639.0,22.6,51.0,1.3805,2004-07-04 02:00:00
2004-07-04,03:00:00,80.11538461538461,1613.0,22.2,52.7,1.3891,2004-07-04 03:00:00
2004-07-04,04:00:00,49.0,1550.0,21.2,56.8,1.4094,2004-07-04 04:00:00
2004-07-04,05:00:00,43.0,1528.0,20.3,59.6,1.3994,2004-07-04 05:00:00
2004-07-04,06:00:00,44.0,1559.0,21.3,56.7,1.4178,2004-07-04 06:00:00
2004-07-04,07:00:00,42.0,1573.0,23.0,54.6,1.5177,2004-07-04 07:00:00
2004-07-04,08:00:00,69.0,1669.0,23.7,54.3,1.5731,2004-07-04 08:00:00
2004-07-04,09:00:00,65.0,1634.0,25.4,49.3,1.5732,2004-07-04 09:00:00
2004-07-04,10:00:00,68.0,1606.0,29.6,37.7,1.544,2004-07-04 10:00:00
2004-07-04,11:00:00,58.0,1543.0,33.9,26.2,1.3664,2004-07-04 11:00:00
2004-07-04,12:00:00,52.0,1459.0,35.8,22.4,1.2933,2004-07-04 12:00:00
2004-07-04,13:00:00,46.0,1394.0,37.9,18.8,1.222,2004-07-04 13:00:00
2004-07-04,14:00:00,40.0,1270.0,38.5,14.8,0.9942,2004-07-04 14:00:00
2004-07-04,15:00:00,47.0,1307.0,39.3,14.5,1.0149,2004-07-04 15:00:00
2004-07-04,16:00:00,56.0,1331.0,38.9,15.6,1.0613,2004-07-04 16:00:00
2004-07-04,17:00:00,64.0,1298.0,37.9,12.7,0.8211,2004-07-04 17:00:00
2004-07-04,18:00:00,71.0,1310.0,35.8,13.4,0.7749,2004-07-04 18:00:00
2004-07-04,19:00:00,103.0,1541.0,32.3,19.7,0.9345,2004-07-04 19:00:00
2004-07-04,20:00:00,97.0,1541.0,30.1,23.5,0.9869,2004-07-04 20:00:00
2004-07-04,21:00:00,108.0,1631.0,28.2,28.7,1.0806,2004-07-04 21:00:00
2004-07-04,22:00:00,87.0,1580.0,26.0,35.7,1.1842,2004-07-04 22:00:00
2004-07-04,23:00:00,104.0,1656.0,25.3,39.2,1.2452,2004-07-04 23:00:00
2004-07-05,00:00:00,93.0,1635.0,24.7,38.7,1.1845,2004-07-05 00:00:00
2004-07-05,01:00:00,55.0,1412.0,25.5,35.7,1.1499,2004-07-05 01:00:00
2004-07-05,02:00:00,49.0,1405.0,22.5,43.2,1.1589,2004-07-05 02:00:00
2004-07-05,03:00:00,80.11538461538461,1400.0,21.6,46.1,1.1761,2004-07-05 03:00:00
2004-07-05,04:00:00,56.0,1422.0,19.7,51.4,1.1688,2004-07-05 04:00:00
2004-07-05,05:00:00,43.0,1387.0,21.6,45.7,1.1665,2004-07-05 05:00:00
2004-07-05,06:00:00,57.0,1521.0,21.1,47.3,1.1654,2004-07-05 06:00:00
2004-07-05,07:00:00,80.0,1815.0,21.6,44.1,1.1269,2004-07-05 07:00:00
2004-07-05,08:00:00,134.0,2311.0,23.7,37.9,1.0988,2004-07-05 08:00:00
2004-07-05,09:00:00,157.0,1901.0,26.0,30.1,0.9953,2004-07-05 09:00:00
2004-07-05,10:00:00,175.0,1779.0,30.6,23.2,1.001,2004-07-05 10:00:00
2004-07-05,11:00:00,147.0,1638.0,34.1,19.1,1.0048,2004-07-05 11:00:00
2004-07-05,12:00:00,140.0,1633.0,36.2,18.0,1.0636,2004-07-05 12:00:00
2004-07-05,13:00:00,137.0,1641.0,37.4,17.3,1.0914,2004-07-05 13:00:00
2004-07-05,14:00:00,123.0,1580.0,39.5,15.6,1.102,2004-07-05 14:00:00
2004-07-05,15:00:00,138.0,1671.0,40.4,14.9,1.1033,2004-07-05 15:00:00
2004-07-05,16:00:00,132.0,1624.0,40.1,16.1,1.1699,2004-07-05 16:00:00
2004-07-05,17:00:00,174.0,1942.0,39.3,18.9,1.3251,2004-07-05 17:00:00
2004-07-05,18:00:00,203.0,2072.0,37.3,19.9,1.2437,2004-07-05 18:00:00
2004-07-05,19:00:00,176.0,1906.0,33.6,22.9,1.1747,2004-07-05 19:00:00
2004-07-05,20:00:00,125.0,1768.0,30.7,28.9,1.2501,2004-07-05 20:00:00
2004-07-05,21:00:00,98.0,1684.0,28.8,32.8,1.2776,2004-07-05 21:00:00
2004-07-05,22:00:00,103.0,1757.0,27.3,36.8,1.3207,2004-07-05 22:00:00
2004-07-05,23:00:00,104.0,1674.0,26.2,39.7,1.3249,2004-07-05 23:00:00
2004-07-06,00:00:00,105.0,1694.0,25.4,43.0,1.37,2004-07-06 00:00:00
2004-07-06,01:00:00,75.0,1497.0,25.8,41.0,1.3461,2004-07-06 01:00:00
2004-07-06,02:00:00,60.0,1510.0,23.3,48.4,1.3677,2004-07-06 02:00:00
2004-07-06,03:00:00,80.11538461538461,1477.0,23.5,47.8,1.3607,2004-07-06 03:00:00
2004-07-06,04:00:00,36.0,1410.0,23.5,46.7,1.3361,2004-07-06 04:00:00
2004-07-06,05:00:00,66.0,1540.0,21.8,52.3,1.3539,2004-07-06 05:00:00
2004-07-06,06:00:00,97.0,1780.0,21.8,52.5,1.3529,2004-07-06 06:00:00
2004-07-06,07:00:00,115.0,2196.0,22.9,49.1,1.3546,2004-07-06 07:00:00
2004-07-06,08:00:00,145.0,2460.0,24.9,43.3,1.3422,2004-07-06 08:00:00
2004-07-06,09:00:00,162.0,1954.0,26.7,39.4,1.3556,2004-07-06 09:00:00
2004-07-06,10:00:00,147.0,1835.0,30.5,32.9,1.4135,2004-07-06 10:00:00
2004-07-06,11:00:00,132.0,1818.0,34.2,27.2,1.4404,2004-07-06 11:00:00
2004-07-06,12:00:00,179.0,1953.0,38.2,20.9,1.3701,2004-07-06 12:00:00
2004-07-06,13:00:00,174.0,1892.0,39.6,16.9,1.2028,2004-07-06 13:00:00
2004-07-06,14:00:00,132.0,1622.0,39.9,15.8,1.141,2004-07-06 14:00:00
2004-07-06,15:00:00,151.0,1604.0,40.2,13.9,1.02,2004-07-06 15:00:00
2004-07-06,16:00:00,168.0,1674.0,39.6,13.2,0.9332,2004-07-06 16:00:00
2004-07-06,17:00:00,192.0,1845.0,39.5,12.6,0.8894,2004-07-06 17:00:00
2004-07-06,18:00:00,194.0,1946.0,37.9,13.9,0.9015,2004-07-06 18:00:00
2004-07-06,19:00:00,155.0,1864.0,34.2,17.9,0.9444,2004-07-06 19:00:00
2004-07-06,20:00:00,159.0,1975.0,32.6,20.6,0.9939,2004-07-06 20:00:00
2004-07-06,21:00:00,125.0,1717.0,30.4,23.2,0.9889,2004-07-06 21:00:00
2004-07-06,22:00:00,108.0,1668.0,28.8,25.1,0.9793,2004-07-06 22:00:00
2004-07-06,23:00:00,110.0,1737.0,27.8,29.9,1.1018,2004-07-06 23:00:00
2004-07-07,00:00:00,99.0,1771.0,26.9,32.6,1.1381,2004-07-07 00:00:00
2004-07-07,01:00:00,95.0,1609.0,26.3,33.7,1.1377,2004-07-07 01:00:00
2004-07-07,02:00:00,69.0,1463.0,25.7,33.9,1.1065,2004-07-07 02:00:00
2004-07-07,03:00:00,80.11538461538461,1377.0,24.8,36.0,1.1109,2004-07-07 03:00:00
2004-07-07,04:00:00,45.0,1362.0,25.5,34.6,1.1096,2004-07-07 04:00:00
2004-07-07,05:00:00,53.0,1432.0,24.0,37.8,1.1077,2004-07-07 05:00:00
2004-07-07,06:00:00,88.0,1673.0,23.9,39.3,1.1522,2004-07-07 06:00:00
2004-07-07,07:00:00,136.0,2305.0,24.8,38.4,1.1808,2004-07-07 07:00:00
2004-07-07,08:00:00,141.0,2275.0,26.9,34.4,1.2036,2004-07-07 08:00:00
2004-07-07,09:00:00,189.0,2081.0,29.6,28.7,1.1706,2004-07-07 09:00:00
2004-07-07,10:00:00,166.0,1707.0,34.6,21.1,1.1398,2004-07-07 10:00:00
2004-07-07,11:00:00,154.0,1623.0,38.3,17.0,1.1216,2004-07-07 11:00:00
2004-07-07,12:00:00,149.0,1640.0,40.4,14.5,1.0736,2004-07-07 12:00:00
2004-07-07,13:00:00,142.0,1683.0,42.6,9.6,0.8012,2004-07-07 13:00:00
2004-07-07,14:00:00,130.0,1629.0,42.5,10.2,0.8478,2004-07-07 14:00:00
2004-07-07,15:00:00,121.0,1555.0,41.0,11.6,0.8872,2004-07-07 15:00:00
2004-07-07,16:00:00,116.0,1546.0,41.3,13.0,1.0154,2004-07-07 16:00:00
2004-07-07,17:00:00,177.0,1925.0,39.2,14.5,1.0106,2004-07-07 17:00:00
2004-07-07,18:00:00,233.0,1903.0,36.9,17.9,1.096,2004-07-07 18:00:00
2004-07-07,19:00:00,223.0,2199.0,35.6,20.4,1.1646,2004-07-07 19:00:00
2004-07-07,20:00:00,184.0,2005.0,33.7,22.6,1.1658,2004-07-07 20:00:00
2004-07-07,21:00:00,165.0,2017.0,31.5,27.8,1.2671,2004-07-07 21:00:00
2004-07-07,22:00:00,132.0,1880.0,31.1,29.3,1.3055,2004-07-07 22:00:00
2004-07-07,23:00:00,122.0,1827.0,30.2,30.9,1.3026,2004-07-07 23:00:00
2004-07-08,00:00:00,88.0,1627.0,29.8,30.2,1.2502,2004-07-08 00:00:00
2004-07-08,01:00:00,79.0,1532.0,28.4,32.5,1.2361,2004-07-08 01:00:00
2004-07-08,02:00:00,60.0,1507.0,27.5,34.0,1.231,2004-07-08 02:00:00
2004-07-08,03:00:00,80.11538461538461,1443.0,26.8,35.3,1.2243,2004-07-08 03:00:00
2004-07-08,04:00:00,60.0,1485.0,24.5,40.4,1.2251,2004-07-08 04:00:00
2004-07-08,05:00:00,74.0,1503.0,25.6,38.8,1.2545,2004-07-08 05:00:00
2004-07-08,06:00:00,62.0,1511.0,27.5,34.6,1.2518,2004-07-08 06:00:00
2004-07-08,07:00:00,115.0,1914.0,25.9,37.4,1.2289,2004-07-08 07:00:00
2004-07-08,08:00:00,119.0,2082.0,28.5,32.5,1.2441,2004-07-08 08:00:00
2004-07-08,09:00:00,155.0,1919.0,29.5,32.7,1.3229,2004-07-08 09:00:00
2004-07-08,10:00:00,162.0,1903.0,29.8,33.1,1.3693,2004-07-08 10:00:00
2004-07-08,11:00:00,189.0,1934.0,33.4,26.8,1.3586,2004-07-08 11:00:00
2004-07-08,12:00:00,115.0,1538.0,40.3,15.8,1.1604,2004-07-08 12:00:00
2004-07-08,13:00:00,109.0,1525.0,41.8,15.0,1.1989,2004-07-08 13:00:00
2004-07-08,14:00:00,108.0,1609.0,41.1,15.7,1.2071,2004-07-08 14:00:00
2004-07-08,15:00:00,145.0,1775.0,41.9,14.8,1.1944,2004-07-08 15:00:00
2004-07-08,16:00:00,167.0,1807.0,40.9,14.6,1.114,2004-07-08 16:00:00
2004-07-08,17:00:00,200.0,1891.0,39.1,16.9,1.1705,2004-07-08 17:00:00
2004-07-08,18:00:00,178.0,2021.0,36.4,27.3,1.6308,2004-07-08 18:00:00
2004-07-08,19:00:00,206.0,2371.0,34.9,29.3,1.611,2004-07-08 19:00:00
2004-07-08,20:00:00,192.0,2113.0,33.6,26.4,1.3515,2004-07-08 20:00:00
2004-07-08,21:00:00,137.0,1900.0,32.2,27.6,1.3044,2004-07-08 21:00:00
2004-07-08,22:00:00,128.0,1834.0,30.5,29.7,1.2742,2004-07-08 22:00:00
2004-07-08,23:00:00,121.0,1934.0,29.4,35.6,1.4383,2004-07-08 23:00:00
2004-07-09,00:00:00,136.0,1996.0,29.1,34.8,1.38,2004-07-09 00:00:00
2004-07-09,01:00:00,109.0,1905.0,27.7,41.9,1.537,2004-07-09 01:00:00
2004-07-09,02:00:00,74.0,1585.0,27.9,41.6,1.5425,2004-07-09 02:00:00
2004-07-09,03:00:00,80.11538461538461,1458.0,27.8,43.7,1.6039,2004-07-09 03:00:00
2004-07-09,04:00:00,40.0,1432.0,27.4,42.2,1.5177,2004-07-09 04:00:00
2004-07-09,05:00:00,61.0,1509.0,26.6,42.8,1.4713,2004-07-09 05:00:00
2004-07-09,06:00:00,83.0,1636.0,26.9,40.3,1.4041,2004-07-09 06:00:00
2004-07-09,07:00:00,129.0,1989.0,27.0,37.3,1.3081,2004-07-09 07:00:00
2004-07-09,08:00:00,121.26829268292683,1877.0,27.0,35.3,1.2396,2004-07-09 08:00:00
2004-07-09,09:00:00,115.0,1640.0,27.4,32.0,1.1545,2004-07-09 09:00:00
2004-07-09,10:00:00,130.0,1527.0,30.5,24.7,1.0592,2004-07-09 10:00:00
2004-07-09,11:00:00,137.0,1546.0,32.9,20.1,0.9902,2004-07-09 11:00:00
2004-07-09,12:00:00,116.0,1544.0,33.9,18.4,0.9587,2004-07-09 12:00:00
2004-07-09,13:00:00,129.0,1545.0,34.4,19.3,1.0325,2004-07-09 13:00:00
2004-07-09,14:00:00,117.0,1527.0,34.2,19.6,1.0399,2004-07-09 14:00:00
2004-07-09,15:00:00,138.0,1577.0,33.2,20.4,1.0195,2004-07-09 15:00:00
2004-07-09,16:00:00,139.0,1554.0,32.4,19.1,0.915,2004-07-09 16:00:00
2004-07-09,17:00:00,180.0,1602.0,32.2,17.1,0.8124,2004-07-09 17:00:00
2004-07-09,18:00:00,162.0,1579.0,31.0,17.1,0.7526,2004-07-09 18:00:00
2004-07-09,19:00:00,158.0,1738.0,28.3,24.9,0.9412,2004-07-09 19:00:00
2004-07-09,20:00:00,162.0,1672.0,26.6,30.2,1.033,2004-07-09 20:00:00
2004-07-09,21:00:00,112.0,1614.0,24.8,36.8,1.1357,2004-07-09 21:00:00
2004-07-09,22:00:00,104.0,1648.0,23.7,43.4,1.2495,2004-07-09 22:00:00
2004-07-09,23:00:00,125.0,1719.0,23.0,46.2,1.2815,2004-07-09 23:00:00
2004-07-10,00:00:00,127.0,1792.0,22.7,47.7,1.2977,2004-07-10 00:00:00
2004-07-10,01:00:00,95.0,1661.0,22.2,49.5,1.3081,2004-07-10 01:00:00
2004-07-10,02:00:00,70.0,1539.0,21.6,51.9,1.3254,2004-07-10 02:00:00
2004-07-10,03:00:00,80.11538461538461,1405.0,22.3,50.4,1.3379,2004-07-10 03:00:00
2004-07-10,04:00:00,33.0,1406.0,22.4,49.7,1.3333,2004-07-10 04:00:00
2004-07-10,05:00:00,45.0,1475.0,21.7,52.0,1.3313,2004-07-10 05:00:00
2004-07-10,06:00:00,56.0,1471.0,21.1,53.2,1.3181,2004-07-10 06:00:00
2004-07-10,07:00:00,74.0,1551.0,22.0,51.0,1.3296,2004-07-10 07:00:00
2004-07-10,08:00:00,84.0,1572.0,25.0,41.6,1.301,2004-07-10 08:00:00
2004-07-10,09:00:00,93.0,1612.0,26.7,36.4,1.2596,2004-07-10 09:00:00
2004-07-10,10:00:00,97.0,1511.0,29.1,29.7,1.1751,2004-07-10 10:00:00
2004-07-10,11:00:00,83.0,1473.0,31.2,23.4,1.0487,2004-07-10 11:00:00
2004-07-10,12:00:00,71.0,1416.0,32.4,20.5,0.9806,2004-07-10 12:00:00
2004-07-10,13:00:00,78.0,1409.0,33.3,19.2,0.9634,2004-07-10 13:00:00
2004-07-10,14:00:00,62.0,1323.0,33.1,16.8,0.8391,2004-07-10 14:00:00
2004-07-10,15:00:00,54.0,1323.0,33.1,18.3,0.9081,2004-07-10 15:00:00
2004-07-10,16:00:00,59.0,1303.0,32.4,18.0,0.8599,2004-07-10 16:00:00
2004-07-10,17:00:00,69.0,1328.0,31.8,18.7,0.8624,2004-07-10 17:00:00
2004-07-10,18:00:00,67.0,1363.0,30.3,21.4,0.9064,2004-07-10 18:00:00
2004-07-10,19:00:00,58.0,1387.0,27.2,28.2,1.0013,2004-07-10 19:00:00
2004-07-10,20:00:00,77.0,1559.0,26.1,33.7,1.1228,2004-07-10 20:00:00
2004-07-10,21:00:00,94.0,1551.0,24.7,38.8,1.1929,2004-07-10 21:00:00
2004-07-10,22:00:00,97.0,1588.0,23.4,43.2,1.229,2004-07-10 22:00:00
2004-07-10,23:00:00,110.0,1682.0,23.1,44.2,1.2317,2004-07-10 23:00:00
2004-07-11,00:00:00,116.0,1713.0,22.7,45.3,1.2299,2004-07-11 00:00:00
2004-07-11,01:00:00,74.0,1513.0,21.6,47.5,1.2118,2004-07-11 01:00:00
2004-07-11,02:00:00,51.0,1423.0,22.0,45.8,1.1965,2004-07-11 02:00:00
2004-07-11,03:00:00,80.11538461538461,1548.0,20.4,51.3,1.2131,2004-07-11 03:00:00
2004-07-11,04:00:00,40.0,1387.0,20.6,50.3,1.2041,2004-07-11 04:00:00
2004-07-11,05:00:00,36.0,1385.0,20.6,50.6,1.2119,2004-07-11 05:00:00
2004-07-11,06:00:00,35.0,1369.0,21.3,48.8,1.2189,2004-07-11 06:00:00
2004-07-11,07:00:00,48.0,1427.0,20.4,52.6,1.247,2004-07-11 07:00:00
2004-07-11,08:00:00,38.0,1402.0,23.5,44.0,1.2596,2004-07-11 08:00:00
2004-07-11,09:00:00,54.0,1442.0,25.7,37.9,1.2334,2004-07-11 09:00:00
2004-07-11,10:00:00,57.0,1486.0,27.9,33.6,1.2433,2004-07-11 10:00:00
2004-07-11,11:00:00,54.0,1380.0,29.0,28.3,1.1116,2004-07-11 11:00:00
2004-07-11,12:00:00,46.0,1371.0,29.5,25.9,1.0489,2004-07-11 12:00:00
2004-07-11,13:00:00,36.0,1321.0,31.8,22.3,1.0366,2004-07-11 13:00:00
2004-07-11,14:00:00,19.0,1272.0,32.2,20.0,0.9488,2004-07-11 14:00:00
2004-07-11,15:00:00,34.0,1282.0,32.4,19.3,0.922,2004-07-11 15:00:00
2004-07-11,16:00:00,63.0,1327.0,33.0,17.7,0.8758,2004-07-11 16:00:00
2004-07-11,17:00:00,86.0,1359.0,32.0,19.8,0.9273,2004-07-11 17:00:00
2004-07-11,18:00:00,65.0,1347.0,29.6,24.1,0.9831,2004-07-11 18:00:00
2004-07-11,19:00:00,101.0,1467.0,26.9,27.1,0.948,2004-07-11 19:00:00
2004-07-11,20:00:00,116.0,1565.0,25.3,30.9,0.9815,2004-07-11 20:00:00
2004-07-11,21:00:00,124.0,1651.0,24.2,35.9,1.0684,2004-07-11 21:00:00
2004-07-11,22:00:00,136.0,1700.0,23.2,43.2,1.2104,2004-07-11 22:00:00
2004-07-11,23:00:00,108.0,1615.0,22.7,43.9,1.1962,2004-07-11 23:00:00
2004-07-12,00:00:00,82.0,1550.0,21.6,44.0,1.1244,2004-07-12 00:00:00
2004-07-12,01:00:00,68.0,1478.0,20.7,46.4,1.1198,2004-07-12 01:00:00
2004-07-12,02:00:00,22.0,1323.0,21.2,46.2,1.1482,2004-07-12 02:00:00
2004-07-12,03:00:00,80.11538461538461,1303.0,22.7,42.3,1.1491,2004-07-12 03:00:00
2004-07-12,04:00:00,34.0,1331.0,19.9,51.3,1.1803,2004-07-12 04:00:00
2004-07-12,05:00:00,43.0,1423.0,20.0,51.8,1.1967,2004-07-12 05:00:00
2004-07-12,06:00:00,84.0,1671.0,18.5,57.4,1.2076,2004-07-12 06:00:00
2004-07-12,07:00:00,108.0,2085.0,19.6,54.3,1.2278,2004-07-12 07:00:00
2004-07-12,08:00:00,112.0,1945.0,21.3,49.7,1.2452,2004-07-12 08:00:00
2004-07-12,09:00:00,104.0,1586.0,21.7,46.3,1.1867,2004-07-12 09:00:00
2004-07-12,10:00:00,107.0,1496.0,23.4,39.4,1.1172,2004-07-12 10:00:00
2004-07-12,11:00:00,102.0,1525.0,25.7,33.0,1.0763,2004-07-12 11:00:00
2004-07-12,12:00:00,104.0,1690.0,28.5,27.3,1.0479,2004-07-12 12:00:00
2004-07-12,13:00:00,96.0,1592.0,27.0,27.9,0.9812,2004-07-12 13:00:00
2004-07-12,14:00:00,80.0,1550.0,24.2,36.9,1.0966,2004-07-12 14:00:00
2004-07-12,15:00:00,72.0,1514.0,26.0,34.9,1.1509,2004-07-12 15:00:00
2004-07-12,16:00:00,106.0,1551.0,24.8,33.1,1.0222,2004-07-12 16:00:00
2004-07-12,17:00:00,119.0,1762.0,24.0,36.3,1.0708,2004-07-12 17:00:00
2004-07-12,18:00:00,119.0,1782.0,23.6,35.5,1.0187,2004-07-12 18:00:00
2004-07-12,19:00:00,128.0,1797.0,23.6,35.7,1.0282,2004-07-12 19:00:00
2004-07-12,20:00:00,112.0,1625.0,23.3,34.5,0.9768,2004-07-12 20:00:00
2004-07-12,21:00:00,95.0,1488.0,22.5,36.8,0.988,2004-07-12 21:00:00
2004-07-12,22:00:00,85.0,1414.0,21.3,38.7,0.9686,2004-07-12 22:00:00
2004-07-12,23:00:00,101.0,1493.0,20.9,39.4,0.9596,2004-07-12 23:00:00
2004-07-13,00:00:00,94.0,1563.0,19.8,47.7,1.093,2004-07-13 00:00:00
2004-07-13,01:00:00,76.0,1476.0,19.3,51.4,1.1387,2004-07-13 01:00:00
2004-07-13,02:00:00,50.0,1353.0,18.4,53.4,1.117,2004-07-13 02:00:00
2004-07-13,03:00:00,80.11538461538461,1315.0,18.8,51.1,1.1,2004-07-13 03:00:00
2004-07-13,04:00:00,51.0,1372.0,16.3,59.8,1.1042,2004-07-13 04:00:00
2004-07-13,05:00:00,42.0,1365.0,16.6,56.8,1.0629,2004-07-13 05:00:00
2004-07-13,06:00:00,62.0,1528.0,16.2,57.4,1.0515,2004-07-13 06:00:00
2004-07-13,07:00:00,111.0,2120.0,17.3,54.3,1.0631,2004-07-13 07:00:00
2004-07-13,08:00:00,129.0,2245.0,19.2,48.8,1.0751,2004-07-13 08:00:00
2004-07-13,09:00:00,135.0,1821.0,21.7,42.4,1.0859,2004-07-13 09:00:00
2004-07-13,10:00:00,139.0,1656.0,26.4,29.9,1.0138,2004-07-13 10:00:00
2004-07-13,11:00:00,134.0,1629.0,31.3,19.1,0.8634,2004-07-13 11:00:00
2004-07-13,12:00:00,141.0,1619.0,33.7,15.4,0.7913,2004-07-13 12:00:00
2004-07-13,13:00:00,112.0,1469.0,34.5,13.3,0.7158,2004-07-13 13:00:00
2004-07-13,14:00:00,105.0,1448.0,33.8,13.9,0.7172,2004-07-13 14:00:00
2004-07-13,15:00:00,72.0,1339.0,30.1,19.4,0.8157,2004-07-13 15:00:00
2004-07-13,16:00:00,90.0,1460.0,28.3,21.3,0.8054,2004-07-13 16:00:00
2004-07-13,17:00:00,126.0,1635.0,31.9,18.3,0.8523,2004-07-13 17:00:00
2004-07-13,18:00:00,154.0,1840.0,32.0,20.1,0.9364,2004-07-13 18:00:00
2004-07-13,19:00:00,173.0,2092.0,28.9,24.1,0.9495,2004-07-13 19:00:00
2004-07-13,20:00:00,162.0,1884.0,27.3,27.1,0.967,2004-07-13 20:00:00
2004-07-13,21:00:00,128.0,1666.0,26.0,28.5,0.9484,2004-07-13 21:00:00
2004-07-13,22:00:00,120.0,1592.0,25.2,28.6,0.9008,2004-07-13 22:00:00
2004-07-13,23:00:00,111.0,1585.0,24.3,31.1,0.9316,2004-07-13 23:00:00
2004-07-14,00:00:00,89.0,1522.0,23.6,33.8,0.9685,2004-07-14 00:00:00
2004-07-14,01:00:00,69.0,1448.0,23.0,33.8,0.9406,2004-07-14 01:00:00
2004-07-14,02:00:00,70.0,1469.0,22.2,38.4,1.0126,2004-07-14 02:00:00
2004-07-14,03:00:00,80.11538461538461,1380.0,20.4,42.6,1.0083,2004-07-14 03:00:00
2004-07-14,04:00:00,59.0,1334.0,20.5,42.3,1.0091,2004-07-14 04:00:00
2004-07-14,05:00:00,73.0,1444.0,18.8,49.0,1.0505,2004-07-14 05:00:00
2004-07-14,06:00:00,89.0,1616.0,18.8,49.4,1.0624,2004-07-14 06:00:00
2004-07-14,07:00:00,142.0,2194.0,19.9,46.5,1.071,2004-07-14 07:00:00
2004-07-14,08:00:00,145.0,2357.0,22.1,41.7,1.098,2004-07-14 08:00:00
2004-07-14,09:00:00,156.0,1913.0,24.0,36.4,1.0706,2004-07-14 09:00:00
2004-07-14,10:00:00,148.0,1717.0,30.2,22.8,0.9616,2004-07-14 10:00:00
2004-07-14,11:00:00,122.0,1523.0,33.4,17.1,0.8627,2004-07-14 11:00:00
2004-07-14,12:00:00,106.0,1547.0,35.1,15.0,0.8381,2004-07-14 12:00:00
2004-07-14,13:00:00,106.0,1525.0,34.1,16.0,0.8408,2004-07-14 13:00:00
2004-07-14,14:00:00,127.0,1612.0,35.7,13.6,0.7836,2004-07-14 14:00:00
2004-07-14,15:00:00,113.0,1539.0,35.3,13.8,0.7767,2004-07-14 15:00:00
2004-07-14,16:00:00,136.0,1496.0,32.3,16.7,0.7946,2004-07-14 16:00:00
2004-07-14,17:00:00,153.0,1729.0,36.0,13.3,0.7773,2004-07-14 17:00:00
2004-07-14,18:00:00,172.0,1795.0,35.8,13.7,0.7868,2004-07-14 18:00:00
2004-07-14,19:00:00,190.0,1901.0,32.3,18.4,0.8753,2004-07-14 19:00:00
2004-07-14,20:00:00,160.0,1705.0,29.7,25.0,1.0246,2004-07-14 20:00:00
2004-07-14,21:00:00,159.0,1753.0,27.8,26.6,0.9748,2004-07-14 21:00:00
2004-07-14,22:00:00,123.0,1552.0,26.3,27.3,0.9238,2004-07-14 22:00:00
2004-07-14,23:00:00,101.0,1488.0,25.3,30.0,0.9508,2004-07-14 23:00:00
2004-07-15,00:00:00,116.0,1631.0,24.0,34.9,1.0271,2004-07-15 00:00:00
2004-07-15,01:00:00,80.0,1566.0,23.4,38.6,1.0968,2004-07-15 01:00:00
2004-07-15,02:00:00,51.0,1355.0,23.5,38.3,1.0972,2004-07-15 02:00:00
2004-07-15,03:00:00,80.11538461538461,1332.0,22.0,42.6,1.1146,2004-07-15 03:00:00
2004-07-15,04:00:00,37.0,1303.0,21.6,44.0,1.1225,2004-07-15 04:00:00
2004-07-15,05:00:00,46.0,1342.0,21.4,45.6,1.1493,2004-07-15 05:00:00
2004-07-15,06:00:00,64.0,1454.0,21.1,47.1,1.1641,2004-07-15 06:00:00
2004-07-15,07:00:00,108.0,1827.0,21.3,48.4,1.2119,2004-07-15 07:00:00
2004-07-15,08:00:00,151.0,2239.0,22.9,47.9,1.3208,2004-07-15 08:00:00
2004-07-15,09:00:00,153.0,1927.0,24.4,45.5,1.3721,2004-07-15 09:00:00
2004-07-15,10:00:00,116.0,1665.0,27.6,38.0,1.3818,2004-07-15 10:00:00
2004-07-15,11:00:00,116.0,1563.0,31.1,29.6,1.318,2004-07-15 11:00:00
2004-07-15,12:00:00,130.0,1677.0,33.4,24.7,1.2516,2004-07-15 12:00:00
2004-07-15,13:00:00,131.0,1619.0,35.7,18.9,1.0865,2004-07-15 13:00:00
2004-07-15,14:00:00,131.0,1554.0,36.2,18.1,1.0724,2004-07-15 14:00:00
2004-07-15,15:00:00,135.0,1646.0,37.1,17.7,1.094,2004-07-15 15:00:00
2004-07-15,16:00:00,152.0,1694.0,36.5,18.1,1.0887,2004-07-15 16:00:00
2004-07-15,17:00:00,198.0,1886.0,35.5,19.1,1.0888,2004-07-15 17:00:00
2004-07-15,18:00:00,183.0,1845.0,33.7,20.0,1.0275,2004-07-15 18:00:00
2004-07-15,19:00:00,175.0,1879.0,30.5,22.7,0.9763,2004-07-15 19:00:00
2004-07-15,20:00:00,193.0,1940.0,28.7,26.2,1.0144,2004-07-15 20:00:00
2004-07-15,21:00:00,140.0,1699.0,26.7,28.9,0.9981,2004-07-15 21:00:00
2004-07-15,22:00:00,128.0,1730.0,25.7,31.6,1.0285,2004-07-15 22:00:00
2004-07-15,23:00:00,100.0,1589.0,24.5,35.7,1.0807,2004-07-15 23:00:00
2004-07-16,00:00:00,97.0,1572.0,24.3,36.3,1.0852,2004-07-16 00:00:00
2004-07-16,01:00:00,67.0,1440.0,23.8,36.9,1.0748,2004-07-16 01:00:00
2004-07-16,02:00:00,58.0,1360.0,23.7,37.3,1.076,2004-07-16 02:00:00
2004-07-16,03:00:00,80.11538461538461,1319.0,22.2,40.6,1.0729,2004-07-16 03:00:00
2004-07-16,04:00:00,45.0,1291.0,21.6,42.2,1.0762,2004-07-16 04:00:00
2004-07-16,05:00:00,62.0,1379.0,20.3,46.8,1.1,2004-07-16 05:00:00
2004-07-16,06:00:00,59.0,1384.0,20.7,45.9,1.1088,2004-07-16 06:00:00
2004-07-16,07:00:00,102.0,1819.0,20.5,47.7,1.1419,2004-07-16 07:00:00
2004-07-16,08:00:00,154.0,2276.0,22.4,46.6,1.247,2004-07-16 08:00:00
2004-07-16,09:00:00,157.0,1860.0,24.2,48.5,1.4452,2004-07-16 09:00:00
2004-07-16,10:00:00,138.0,1593.0,28.8,33.0,1.2825,2004-07-16 10:00:00
2004-07-16,11:00:00,142.0,1701.0,32.8,25.2,1.2325,2004-07-16 11:00:00
2004-07-16,12:00:00,125.0,1548.0,34.4,19.9,1.0647,2004-07-16 12:00:00
2004-07-16,13:00:00,120.0,1578.0,36.5,16.7,1.0045,2004-07-16 13:00:00
2004-07-16,14:00:00,150.0,1606.0,37.5,14.3,0.9099,2004-07-16 14:00:00
2004-07-16,15:00:00,120.0,1473.0,38.0,15.5,1.0119,2004-07-16 15:00:00
2004-07-16,16:00:00,173.0,1648.0,38.1,16.5,1.0828,2004-07-16 16:00:00
2004-07-16,17:00:00,187.0,1782.0,37.3,17.3,1.084,2004-07-16 17:00:00
2004-07-16,18:00:00,206.0,1914.0,35.9,17.7,1.0316,2004-07-16 18:00:00
2004-07-16,19:00:00,187.0,1881.0,32.4,21.5,1.0303,2004-07-16 19:00:00
2004-07-16,20:00:00,170.0,1937.0,30.3,25.6,1.0879,2004-07-16 20:00:00
2004-07-16,21:00:00,149.0,1762.0,28.5,27.8,1.0665,2004-07-16 21:00:00
2004-07-16,22:00:00,124.0,1629.0,26.9,30.5,1.0671,2004-07-16 22:00:00
2004-07-16,23:00:00,119.0,1686.0,25.7,33.5,1.0918,2004-07-16 23:00:00
2004-07-17,00:00:00,108.0,1673.0,24.7,36.9,1.1302,2004-07-17 00:00:00
2004-07-17,01:00:00,93.0,1581.0,23.6,39.2,1.1306,2004-07-17 01:00:00
2004-07-17,02:00:00,77.0,1552.0,22.2,43.0,1.1363,2004-07-17 02:00:00
2004-07-17,03:00:00,80.11538461538461,1489.0,21.2,45.8,1.1353,2004-07-17 03:00:00
2004-07-17,04:00:00,76.0,1415.0,21.3,45.9,1.1471,2004-07-17 04:00:00
2004-07-17,05:00:00,58.0,1367.0,21.6,45.0,1.151,2004-07-17 05:00:00
2004-07-17,06:00:00,63.0,1430.0,21.3,46.5,1.1608,2004-07-17 06:00:00
2004-07-17,07:00:00,75.0,1546.0,21.1,46.9,1.1585,2004-07-17 07:00:00
2004-07-17,08:00:00,111.0,1628.0,22.8,43.0,1.1731,2004-07-17 08:00:00
2004-07-17,09:00:00,116.0,1633.0,25.0,38.3,1.198,2004-07-17 09:00:00
2004-07-17,10:00:00,138.0,1675.0,30.9,26.9,1.1835,2004-07-17 10:00:00
2004-07-17,11:00:00,117.0,1543.0,35.1,19.2,1.0664,2004-07-17 11:00:00
2004-07-17,12:00:00,94.0,1428.0,36.9,17.2,1.0576,2004-07-17 12:00:00
2004-07-17,13:00:00,91.0,1427.0,39.3,13.9,0.9715,2004-07-17 13:00:00
2004-07-17,14:00:00,60.0,1308.0,40.3,12.6,0.9302,2004-07-17 14:00:00
2004-07-17,15:00:00,66.0,1282.0,39.7,13.5,0.965,2004-07-17 15:00:00
2004-07-17,16:00:00,87.0,1435.0,41.1,13.1,1.0124,2004-07-17 16:00:00
2004-07-17,17:00:00,106.0,1512.0,40.1,14.9,1.0828,2004-07-17 17:00:00
2004-07-17,18:00:00,94.0,1464.0,37.4,17.0,1.0757,2004-07-17 18:00:00
2004-07-17,19:00:00,112.0,1524.0,34.0,19.2,1.0073,2004-07-17 19:00:00
2004-07-17,20:00:00,120.0,1496.0,31.7,21.6,0.9959,2004-07-17 20:00:00
2004-07-17,21:00:00,106.0,1475.0,29.7,24.2,0.9926,2004-07-17 21:00:00
2004-07-17,22:00:00,112.0,1611.0,27.9,27.6,1.0252,2004-07-17 22:00:00
2004-07-17,23:00:00,120.0,1644.0,26.8,29.9,1.0402,2004-07-17 23:00:00
2004-07-18,00:00:00,114.0,1591.0,25.8,33.0,1.0826,2004-07-18 00:00:00
2004-07-18,01:00:00,70.0,1422.0,26.3,33.1,1.1199,2004-07-18 01:00:00
2004-07-18,02:00:00,64.0,1447.0,24.3,38.1,1.1398,2004-07-18 02:00:00
2004-07-18,03:00:00,80.11538461538461,1381.0,24.7,36.4,1.1158,2004-07-18 03:00:00
2004-07-18,04:00:00,55.0,1338.0,23.3,39.5,1.1176,2004-07-18 04:00:00
2004-07-18,05:00:00,50.0,1355.0,21.1,45.6,1.1246,2004-07-18 05:00:00
2004-07-18,06:00:00,62.0,1415.0,20.2,48.5,1.1319,2004-07-18 06:00:00
2004-07-18,07:00:00,53.0,1395.0,21.3,45.5,1.1405,2004-07-18 07:00:00
2004-07-18,08:00:00,85.0,1417.0,22.6,31.0,0.8372,2004-07-18 08:00:00
2004-07-18,09:00:00,102.0,1519.0,25.7,34.8,1.1292,2004-07-18 09:00:00
2004-07-18,10:00:00,97.0,1481.0,31.6,23.8,1.0842,2004-07-18 10:00:00
2004-07-18,11:00:00,91.0,1407.0,36.3,16.3,0.9727,2004-07-18 11:00:00
2004-07-18,12:00:00,62.0,1263.0,37.9,15.0,0.9728,2004-07-18 12:00:00
2004-07-18,13:00:00,57.0,1252.0,39.4,13.7,0.9639,2004-07-18 13:00:00
2004-07-18,14:00:00,40.0,1234.0,40.2,12.3,0.8983,2004-07-18 14:00:00
2004-07-18,15:00:00,60.0,1383.0,41.3,11.9,0.9252,2004-07-18 15:00:00
2004-07-18,16:00:00,70.0,1356.0,41.4,11.8,0.9282,2004-07-18 16:00:00
2004-07-18,17:00:00,53.0,1325.0,40.1,13.6,0.9953,2004-07-18 17:00:00
2004-07-18,18:00:00,54.0,1374.0,37.6,16.4,1.0458,2004-07-18 18:00:00
2004-07-18,19:00:00,58.0,1399.0,33.9,20.3,1.0522,2004-07-18 19:00:00
2004-07-18,20:00:00,73.0,1464.0,31.6,22.9,1.0469,2004-07-18 20:00:00
2004-07-18,21:00:00,99.0,1520.0,29.7,24.8,1.016,2004-07-18 21:00:00
2004-07-18,22:00:00,102.0,1635.0,29.0,27.0,1.063,2004-07-18 22:00:00
2004-07-18,23:00:00,101.0,1628.0,27.9,30.4,1.1249,2004-07-18 23:00:00
2004-07-19,00:00:00,77.0,1448.0,28.0,30.6,1.1396,2004-07-19 00:00:00
2004-07-19,01:00:00,55.0,1393.0,26.8,32.3,1.1235,2004-07-19 01:00:00
2004-07-19,02:00:00,51.0,1343.0,26.6,33.0,1.1338,2004-07-19 02:00:00
2004-07-19,03:00:00,80.11538461538461,1317.0,23.7,38.6,1.1159,2004-07-19 03:00:00
2004-07-19,04:00:00,50.0,1374.0,22.2,42.8,1.1317,2004-07-19 04:00:00
2004-07-19,05:00:00,75.0,1455.0,21.2,46.3,1.1501,2004-07-19 05:00:00
2004-07-19,06:00:00,89.0,1604.0,21.4,46.5,1.172,2004-07-19 06:00:00
2004-07-19,07:00:00,112.0,1906.0,22.9,43.0,1.1826,2004-07-19 07:00:00
2004-07-19,08:00:00,142.0,2234.0,25.2,38.6,1.2215,2004-07-19 08:00:00
2004-07-19,09:00:00,145.0,1924.0,27.1,34.9,1.231,2004-07-19 09:00:00
2004-07-19,10:00:00,165.0,1842.0,32.4,24.8,1.1886,2004-07-19 10:00:00
2004-07-19,11:00:00,159.0,1732.0,36.8,18.0,1.0945,2004-07-19 11:00:00
2004-07-19,12:00:00,159.0,1678.0,39.1,16.0,1.11,2004-07-19 12:00:00
2004-07-19,13:00:00,131.0,1534.0,39.2,16.4,1.1439,2004-07-19 13:00:00
2004-07-19,14:00:00,123.0,1523.0,40.5,14.9,1.111,2004-07-19 14:00:00
2004-07-19,15:00:00,129.0,1523.0,41.4,13.8,1.0786,2004-07-19 15:00:00
2004-07-19,16:00:00,126.0,1533.0,40.5,14.9,1.114,2004-07-19 16:00:00
2004-07-19,17:00:00,149.0,1781.0,39.6,17.0,1.2064,2004-07-19 17:00:00
2004-07-19,18:00:00,200.0,1911.0,37.7,19.8,1.2715,2004-07-19 18:00:00
2004-07-19,19:00:00,174.0,1863.0,34.3,24.2,1.2857,2004-07-19 19:00:00
2004-07-19,20:00:00,131.0,1737.0,31.7,28.1,1.2912,2004-07-19 20:00:00
2004-07-19,21:00:00,135.0,1761.0,30.2,30.8,1.3008,2004-07-19 21:00:00
2004-07-19,22:00:00,134.0,1820.0,29.4,33.0,1.3343,2004-07-19 22:00:00
2004-07-19,23:00:00,96.0,1619.0,29.2,33.1,1.3202,2004-07-19 23:00:00
2004-07-20,00:00:00,94.0,1576.0,27.6,36.6,1.332,2004-07-20 00:00:00
2004-07-20,01:00:00,79.0,1531.0,27.2,36.9,1.3147,2004-07-20 01:00:00
2004-07-20,02:00:00,79.0,1513.0,25.4,41.0,1.3079,2004-07-20 02:00:00
2004-07-20,03:00:00,80.11538461538461,1440.0,25.2,41.5,1.3106,2004-07-20 03:00:00
2004-07-20,04:00:00,89.0,1481.0,23.4,47.4,1.3475,2004-07-20 04:00:00
2004-07-20,05:00:00,69.0,1493.0,25.1,44.0,1.3794,2004-07-20 05:00:00
2004-07-20,06:00:00,91.0,1716.0,23.9,46.5,1.3637,2004-07-20 06:00:00
2004-07-20,07:00:00,135.0,2257.0,24.8,43.2,1.3387,2004-07-20 07:00:00
2004-07-20,08:00:00,166.0,2643.0,27.0,38.7,1.361,2004-07-20 08:00:00
2004-07-20,09:00:00,189.0,2238.0,29.4,33.6,1.3526,2004-07-20 09:00:00
2004-07-20,10:00:00,193.0,2002.0,34.8,23.4,1.2781,2004-07-20 10:00:00
2004-07-20,11:00:00,164.0,1747.0,38.1,18.5,1.2108,2004-07-20 11:00:00
2004-07-20,12:00:00,139.0,1632.0,38.9,18.0,1.2318,2004-07-20 12:00:00
2004-07-20,13:00:00,130.0,1615.0,39.8,16.0,1.1444,2004-07-20 13:00:00
2004-07-20,14:00:00,129.0,1615.0,41.7,12.5,0.9941,2004-07-20 14:00:00
2004-07-20,15:00:00,132.0,1625.0,42.8,12.3,1.0326,2004-07-20 15:00:00
2004-07-20,16:00:00,101.0,1544.0,41.4,14.2,1.1128,2004-07-20 16:00:00
2004-07-20,17:00:00,145.0,1796.0,41.3,15.5,1.21,2004-07-20 17:00:00
2004-07-20,18:00:00,133.0,1662.0,38.3,19.4,1.2851,2004-07-20 18:00:00
2004-07-20,19:00:00,110.0,1753.0,34.7,23.3,1.2653,2004-07-20 19:00:00
2004-07-20,20:00:00,126.0,1793.0,32.6,26.3,1.2754,2004-07-20 20:00:00
2004-07-20,21:00:00,102.0,1644.0,30.9,29.0,1.275,2004-07-20 21:00:00
2004-07-20,22:00:00,104.0,1782.0,30.1,30.2,1.2711,2004-07-20 22:00:00
2004-07-20,23:00:00,112.0,1799.0,29.0,33.4,1.3149,2004-07-20 23:00:00
2004-07-21,00:00:00,89.0,1683.0,28.3,36.8,1.3906,2004-07-21 00:00:00
2004-07-21,01:00:00,67.0,1574.0,27.6,38.2,1.3911,2004-07-21 01:00:00
2004-07-21,02:00:00,63.0,1545.0,25.8,43.1,1.4113,2004-07-21 02:00:00
2004-07-21,03:00:00,80.11538461538461,1440.0,27.4,39.1,1.4072,2004-07-21 03:00:00
2004-07-21,04:00:00,34.0,1421.0,26.3,40.9,1.3803,2004-07-21 04:00:00
2004-07-21,05:00:00,73.0,1562.0,23.3,50.1,1.41,2004-07-21 05:00:00
2004-07-21,06:00:00,76.0,1634.0,23.1,49.7,1.3863,2004-07-21 06:00:00
2004-07-21,07:00:00,102.0,1999.0,24.2,46.4,1.3834,2004-07-21 07:00:00
2004-07-21,08:00:00,140.0,2405.0,25.8,42.2,1.3774,2004-07-21 08:00:00
2004-07-21,09:00:00,150.0,1951.0,28.1,37.3,1.3922,2004-07-21 09:00:00
2004-07-21,10:00:00,194.0,2063.0,33.9,26.8,1.397,2004-07-21 10:00:00
2004-07-21,11:00:00,162.0,1770.0,38.0,17.2,1.1227,2004-07-21 11:00:00
2004-07-21,12:00:00,138.0,1571.0,38.9,15.9,1.0896,2004-07-21 12:00:00
2004-07-21,13:00:00,123.0,1561.0,40.4,15.0,1.1125,2004-07-21 13:00:00
2004-07-21,14:00:00,86.0,1421.0,40.1,15.2,1.1065,2004-07-21 14:00:00
2004-07-21,15:00:00,107.0,1537.0,42.0,14.2,1.1517,2004-07-21 15:00:00
2004-07-21,16:00:00,106.0,1532.0,42.7,14.4,1.2092,2004-07-21 16:00:00
2004-07-21,17:00:00,99.0,1576.0,41.6,14.5,1.1483,2004-07-21 17:00:00
2004-07-21,18:00:00,140.0,1813.0,39.6,18.8,1.3413,2004-07-21 18:00:00
2004-07-21,19:00:00,163.0,1998.0,36.1,25.5,1.4949,2004-07-21 19:00:00
2004-07-21,20:00:00,144.0,1914.0,33.3,29.9,1.5079,2004-07-21 20:00:00
2004-07-21,21:00:00,120.0,1837.0,31.2,33.2,1.4831,2004-07-21 21:00:00
2004-07-21,22:00:00,120.0,1917.0,30.1,35.8,1.5034,2004-07-21 22:00:00
2004-07-21,23:00:00,106.0,1839.0,28.9,39.1,1.537,2004-07-21 23:00:00
2004-07-22,00:00:00,95.0,1866.0,27.8,43.3,1.5929,2004-07-22 00:00:00
2004-07-22,01:00:00,70.0,1719.0,26.9,46.1,1.608,2004-07-22 01:00:00
2004-07-22,02:00:00,67.0,1580.0,26.4,47.1,1.5947,2004-07-22 02:00:00
2004-07-22,03:00:00,80.11538461538461,1545.0,25.2,51.4,1.621,2004-07-22 03:00:00
2004-07-22,04:00:00,70.0,1595.0,23.8,55.4,1.6073,2004-07-22 04:00:00
2004-07-22,05:00:00,50.0,1527.0,24.9,50.6,1.5755,2004-07-22 05:00:00
2004-07-22,06:00:00,60.0,1627.0,25.0,49.2,1.5418,2004-07-22 06:00:00
2004-07-22,07:00:00,127.0,2388.0,24.7,50.9,1.5593,2004-07-22 07:00:00
2004-07-22,08:00:00,149.0,2662.0,26.4,46.3,1.5722,2004-07-22 08:00:00
2004-07-22,09:00:00,158.0,2003.0,28.1,42.0,1.5735,2004-07-22 09:00:00
2004-07-22,10:00:00,190.0,2031.0,34.0,29.9,1.5614,2004-07-22 10:00:00
2004-07-22,11:00:00,127.0,1735.0,37.3,22.9,1.4373,2004-07-22 11:00:00
2004-07-22,12:00:00,130.0,1742.0,40.1,19.0,1.3849,2004-07-22 12:00:00
2004-07-22,13:00:00,125.0,1624.0,42.0,15.8,1.2759,2004-07-22 13:00:00
2004-07-22,14:00:00,113.0,1559.0,42.8,14.3,1.2003,2004-07-22 14:00:00
2004-07-22,15:00:00,143.0,1654.0,44.3,13.0,1.183,2004-07-22 15:00:00
2004-07-22,16:00:00,157.0,1686.0,44.6,12.6,1.1684,2004-07-22 16:00:00
2004-07-22,17:00:00,170.0,1813.0,43.4,14.8,1.2882,2004-07-22 17:00:00
2004-07-22,18:00:00,187.0,1990.0,40.6,18.2,1.368,2004-07-22 18:00:00
2004-07-22,19:00:00,181.0,2017.0,37.1,21.3,1.3223,2004-07-22 19:00:00
2004-07-22,20:00:00,158.0,1996.0,34.5,25.5,1.368,2004-07-22 20:00:00
2004-07-22,21:00:00,112.0,1849.0,32.2,30.4,1.4433,2004-07-22 21:00:00
2004-07-22,22:00:00,100.0,1838.0,30.4,35.4,1.5144,2004-07-22 22:00:00
2004-07-22,23:00:00,105.0,1887.0,29.4,38.7,1.5581,2004-07-22 23:00:00
2004-07-23,00:00:00,107.0,1917.0,28.6,38.7,1.4921,2004-07-23 00:00:00
2004-07-23,01:00:00,72.0,1658.0,27.7,40.5,1.4835,2004-07-23 01:00:00
2004-07-23,02:00:00,59.0,1544.0,28.0,39.8,1.4803,2004-07-23 02:00:00
2004-07-23,03:00:00,80.11538461538461,1564.0,24.8,48.5,1.4953,2004-07-23 03:00:00
2004-07-23,04:00:00,55.0,1500.0,25.6,45.8,1.4801,2004-07-23 04:00:00
2004-07-23,05:00:00,70.0,1597.0,23.6,51.5,1.4852,2004-07-23 05:00:00
2004-07-23,06:00:00,59.0,1707.0,25.1,46.5,1.4615,2004-07-23 06:00:00
2004-07-23,07:00:00,95.0,2116.0,24.5,48.3,1.4593,2004-07-23 07:00:00
2004-07-23,08:00:00,120.0,2283.0,26.6,42.8,1.4675,2004-07-23 08:00:00
2004-07-23,09:00:00,133.0,2141.0,29.0,37.6,1.4866,2004-07-23 09:00:00
2004-07-23,10:00:00,133.0,1925.0,34.2,28.5,1.5071,2004-07-23 10:00:00
2004-07-23,11:00:00,120.0,1670.0,37.3,22.9,1.4369,2004-07-23 11:00:00
2004-07-23,12:00:00,132.0,1784.0,40.1,17.5,1.2721,2004-07-23 12:00:00
2004-07-23,13:00:00,135.0,1696.0,42.2,14.6,1.192,2004-07-23 13:00:00
2004-07-23,14:00:00,121.0,1621.0,41.9,15.2,1.2173,2004-07-23 14:00:00
2004-07-23,15:00:00,123.0,1622.0,43.1,13.8,1.1803,2004-07-23 15:00:00
2004-07-23,16:00:00,129.0,1638.0,42.8,13.8,1.1681,2004-07-23 16:00:00
2004-07-23,17:00:00,129.0,1746.0,41.1,16.5,1.2701,2004-07-23 17:00:00
2004-07-23,18:00:00,156.0,1990.0,38.7,20.3,1.3743,2004-07-23 18:00:00
2004-07-23,19:00:00,131.0,1971.0,35.8,24.1,1.3924,2004-07-23 19:00:00
2004-07-23,20:00:00,115.0,1832.0,33.1,28.3,1.4121,2004-07-23 20:00:00
2004-07-23,21:00:00,79.0,1634.0,30.1,33.9,1.4257,2004-07-23 21:00:00
2004-07-23,22:00:00,86.0,1744.0,29.0,36.6,1.4431,2004-07-23 22:00:00
2004-07-23,23:00:00,91.0,1831.0,28.5,38.4,1.468,2004-07-23 23:00:00
2004-07-24,00:00:00,99.0,1897.0,27.8,39.9,1.4682,2004-07-24 00:00:00
2004-07-24,01:00:00,83.0,1785.0,27.0,42.8,1.503,2004-07-24 01:00:00
2004-07-24,02:00:00,74.0,1748.0,26.4,44.5,1.5119,2004-07-24 02:00:00
2004-07-24,03:00:00,80.11538461538461,1599.0,25.8,46.6,1.5269,2004-07-24 03:00:00
2004-07-24,04:00:00,64.0,1602.0,25.1,48.5,1.5266,2004-07-24 04:00:00
2004-07-24,05:00:00,61.0,1597.0,24.6,52.2,1.5881,2004-07-24 05:00:00
2004-07-24,06:00:00,62.0,1586.0,24.4,50.5,1.5243,2004-07-24 06:00:00
2004-07-24,07:00:00,65.0,1715.0,25.2,49.1,1.5546,2004-07-24 07:00:00
2004-07-24,08:00:00,79.0,1829.0,26.6,50.8,1.7419,2004-07-24 08:00:00
2004-07-24,09:00:00,90.0,1800.0,28.0,46.9,1.748,2004-07-24 09:00:00
2004-07-24,10:00:00,116.0,1883.0,32.7,34.5,1.6798,2004-07-24 10:00:00
2004-07-24,11:00:00,89.0,1686.0,36.6,26.5,1.599,2004-07-24 11:00:00
2004-07-24,12:00:00,68.0,1628.0,37.8,26.3,1.6951,2004-07-24 12:00:00
2004-07-24,13:00:00,53.0,1623.0,38.3,27.1,1.797,2004-07-24 13:00:00
2004-07-24,14:00:00,34.0,1488.0,35.4,32.4,1.837,2004-07-24 14:00:00
2004-07-24,15:00:00,38.0,1505.0,37.3,28.8,1.8087,2004-07-24 15:00:00
2004-07-24,16:00:00,53.0,1547.0,36.6,28.2,1.697,2004-07-24 16:00:00
2004-07-24,17:00:00,62.0,1545.0,35.1,29.6,1.6452,2004-07-24 17:00:00
2004-07-24,18:00:00,82.0,1563.0,32.3,33.4,1.59,2004-07-24 18:00:00
2004-07-24,19:00:00,88.0,1549.0,29.9,37.9,1.5745,2004-07-24 19:00:00
2004-07-24,20:00:00,70.0,1494.0,28.2,41.9,1.5776,2004-07-24 20:00:00
2004-07-24,21:00:00,53.0,1475.0,27.2,45.9,1.6316,2004-07-24 21:00:00
2004-07-24,22:00:00,57.0,1557.0,27.3,45.7,1.6308,2004-07-24 22:00:00
2004-07-24,23:00:00,73.0,1673.0,27.0,47.1,1.6573,2004-07-24 23:00:00
2004-07-25,00:00:00,83.0,1760.0,23.7,69.3,2.0042,2004-07-25 00:00:00
2004-07-25,01:00:00,52.0,1549.0,23.8,63.5,1.8495,2004-07-25 01:00:00
2004-07-25,02:00:00,52.0,1530.0,24.7,56.9,1.739,2004-07-25 02:00:00
2004-07-25,03:00:00,80.11538461538461,1432.0,25.0,53.1,1.6541,2004-07-25 03:00:00
2004-07-25,04:00:00,26.0,1463.0,24.1,59.6,1.7657,2004-07-25 04:00:00
2004-07-25,05:00:00,17.0,1458.0,22.5,69.1,1.8578,2004-07-25 05:00:00
2004-07-25,06:00:00,28.0,1476.0,23.4,64.4,1.835,2004-07-25 06:00:00
2004-07-25,07:00:00,29.0,1442.0,24.4,57.9,1.7476,2004-07-25 07:00:00
2004-07-25,08:00:00,37.0,1443.0,24.5,56.9,1.7225,2004-07-25 08:00:00
2004-07-25,09:00:00,31.0,1435.0,24.9,54.8,1.7063,2004-07-25 09:00:00
2004-07-25,10:00:00,46.0,1494.0,27.0,47.4,1.6661,2004-07-25 10:00:00
2004-07-25,11:00:00,66.0,1491.0,27.6,43.7,1.5877,2004-07-25 11:00:00
2004-07-25,12:00:00,54.0,1446.0,28.2,42.6,1.6062,2004-07-25 12:00:00
2004-07-25,13:00:00,50.0,1446.0,29.1,40.8,1.6203,2004-07-25 13:00:00
2004-07-25,14:00:00,44.0,1417.0,29.8,38.6,1.5911,2004-07-25 14:00:00
2004-07-25,15:00:00,52.0,1452.0,31.5,34.5,1.5666,2004-07-25 15:00:00
2004-07-25,16:00:00,37.0,1403.0,31.2,36.3,1.6217,2004-07-25 16:00:00
2004-07-25,17:00:00,51.0,1466.0,30.0,41.3,1.7259,2004-07-25 17:00:00
2004-07-25,18:00:00,78.0,1552.0,27.6,47.5,1.7266,2004-07-25 18:00:00
2004-07-25,19:00:00,90.0,1637.0,28.8,41.3,1.6164,2004-07-25 19:00:00
2004-07-25,20:00:00,110.0,1636.0,28.5,41.6,1.5959,2004-07-25 20:00:00
2004-07-25,21:00:00,86.0,1653.0,27.7,43.4,1.5833,2004-07-25 21:00:00
2004-07-25,22:00:00,88.0,1643.0,27.3,44.1,1.5751,2004-07-25 22:00:00
2004-07-25,23:00:00,91.0,1627.0,26.9,45.5,1.5926,2004-07-25 23:00:00
2004-07-26,00:00:00,93.0,1611.0,26.6,47.2,1.616,2004-07-26 00:00:00
2004-07-26,01:00:00,68.0,1553.0,26.0,48.0,1.5882,2004-07-26 01:00:00
2004-07-26,02:00:00,48.0,1465.0,26.2,45.7,1.5324,2004-07-26 02:00:00
2004-07-26,03:00:00,80.11538461538461,1414.0,25.9,46.3,1.524,2004-07-26 03:00:00
2004-07-26,04:00:00,22.0,1396.0,25.6,46.8,1.5111,2004-07-26 04:00:00
2004-07-26,05:00:00,59.0,1466.0,25.3,47.6,1.5159,2004-07-26 05:00:00
2004-07-26,06:00:00,102.0,1663.0,25.4,48.5,1.5507,2004-07-26 06:00:00
2004-07-26,07:00:00,116.0,1842.0,26.5,46.3,1.5768,2004-07-26 07:00:00
2004-07-26,08:00:00,109.0,1744.0,27.9,42.7,1.5754,2004-07-26 08:00:00
2004-07-26,09:00:00,98.0,1637.0,28.8,38.9,1.5184,2004-07-26 09:00:00
2004-07-26,10:00:00,97.0,1559.0,31.7,31.5,1.4487,2004-07-26 10:00:00
2004-07-26,11:00:00,97.0,1596.0,33.9,26.9,1.3964,2004-07-26 11:00:00
2004-07-26,12:00:00,90.0,1635.0,34.7,26.5,1.4408,2004-07-26 12:00:00
2004-07-26,13:00:00,92.0,1590.0,35.4,24.8,1.4017,2004-07-26 13:00:00
2004-07-26,14:00:00,76.0,1464.0,35.2,24.1,1.351,2004-07-26 14:00:00
2004-07-26,15:00:00,97.0,1563.0,36.3,22.8,1.3564,2004-07-26 15:00:00
2004-07-26,16:00:00,101.0,1546.0,35.4,23.8,1.3443,2004-07-26 16:00:00
2004-07-26,17:00:00,118.0,1651.0,34.6,23.5,1.2691,2004-07-26 17:00:00
2004-07-26,18:00:00,129.0,1931.0,33.0,28.2,1.3921,2004-07-26 18:00:00
2004-07-26,19:00:00,131.0,1763.0,32.5,27.9,1.3373,2004-07-26 19:00:00
2004-07-26,20:00:00,130.0,1697.0,30.5,29.9,1.2875,2004-07-26 20:00:00
2004-07-26,21:00:00,106.0,1616.0,29.1,33.1,1.3126,2004-07-26 21:00:00
2004-07-26,22:00:00,92.0,1549.0,28.4,35.8,1.3665,2004-07-26 22:00:00
2004-07-26,23:00:00,97.0,1613.0,27.7,37.9,1.3842,2004-07-26 23:00:00
2004-07-27,00:00:00,80.0,1511.0,28.3,35.5,1.3414,2004-07-27 00:00:00
2004-07-27,01:00:00,40.0,1479.0,27.1,38.6,1.3632,2004-07-27 01:00:00
2004-07-27,02:00:00,49.0,1466.0,25.8,40.9,1.3377,2004-07-27 02:00:00
2004-07-27,03:00:00,80.11538461538461,1392.0,26.0,40.6,1.3467,2004-07-27 03:00:00
2004-07-27,04:00:00,46.0,1396.0,24.6,43.4,1.3248,2004-07-27 04:00:00
2004-07-27,05:00:00,37.0,1402.0,25.1,42.3,1.326,2004-07-27 05:00:00
2004-07-27,06:00:00,92.0,1621.0,23.1,48.8,1.3638,2004-07-27 06:00:00
2004-07-27,07:00:00,115.0,1724.0,24.7,46.8,1.4337,2004-07-27 07:00:00
2004-07-27,08:00:00,102.0,1694.0,24.6,45.1,1.3714,2004-07-27 08:00:00
2004-07-27,09:00:00,104.0,1608.0,26.2,38.5,1.2932,2004-07-27 09:00:00
2004-07-27,10:00:00,109.0,1600.0,29.3,31.0,1.2445,2004-07-27 10:00:00
2004-07-27,11:00:00,108.0,1572.0,31.2,26.6,1.192,2004-07-27 11:00:00
2004-07-27,12:00:00,90.0,1478.0,31.1,26.2,1.1619,2004-07-27 12:00:00
2004-07-27,13:00:00,81.0,1528.0,31.7,26.4,1.2153,2004-07-27 13:00:00
2004-07-27,14:00:00,87.0,1474.0,31.7,25.6,1.179,2004-07-27 14:00:00
2004-07-27,15:00:00,82.0,1413.0,32.6,22.5,1.0901,2004-07-27 15:00:00
2004-07-27,16:00:00,99.0,1470.0,32.8,22.2,1.0835,2004-07-27 16:00:00
2004-07-27,17:00:00,119.0,1577.0,32.4,22.4,1.0701,2004-07-27 17:00:00
2004-07-27,18:00:00,128.0,1602.0,31.4,22.7,1.027,2004-07-27 18:00:00
2004-07-27,19:00:00,111.0,1536.0,28.4,24.7,0.9404,2004-07-27 19:00:00
2004-07-27,20:00:00,114.0,1479.0,27.7,24.2,0.882,2004-07-27 20:00:00
2004-07-27,21:00:00,100.0,1438.0,26.1,28.3,0.9456,2004-07-27 21:00:00
2004-07-27,22:00:00,88.0,1421.0,25.3,28.4,0.9041,2004-07-27 22:00:00
2004-07-27,23:00:00,78.0,1355.0,25.2,27.7,0.874,2004-07-27 23:00:00
2004-07-28,00:00:00,101.0,1482.0,24.5,28.0,0.8489,2004-07-28 00:00:00
2004-07-28,01:00:00,77.0,1426.0,23.6,31.9,0.9195,2004-07-28 01:00:00
2004-07-28,02:00:00,78.0,1336.0,22.8,34.7,0.9514,2004-07-28 02:00:00
2004-07-28,03:00:00,80.11538461538461,1283.0,23.6,33.2,0.9577,2004-07-28 03:00:00
2004-07-28,04:00:00,65.0,1337.0,20.5,41.2,0.9802,2004-07-28 04:00:00
2004-07-28,05:00:00,74.0,1363.0,20.6,41.5,0.9982,2004-07-28 05:00:00
2004-07-28,06:00:00,83.0,1449.0,20.2,42.5,0.9949,2004-07-28 06:00:00
2004-07-28,07:00:00,96.0,1726.0,20.9,40.4,0.9884,2004-07-28 07:00:00
2004-07-28,08:00:00,120.0,2112.0,22.4,38.0,1.0201,2004-07-28 08:00:00
2004-07-28,09:00:00,147.0,1964.0,26.0,29.7,0.9831,2004-07-28 09:00:00
2004-07-28,10:00:00,148.0,1662.0,31.4,18.6,0.8398,2004-07-28 10:00:00
2004-07-28,11:00:00,91.0,1481.0,34.2,15.8,0.8371,2004-07-28 11:00:00
2004-07-28,12:00:00,94.0,1517.0,35.4,15.3,0.8649,2004-07-28 12:00:00
2004-07-28,13:00:00,95.0,1409.0,34.6,15.5,0.8435,2004-07-28 13:00:00
2004-07-28,14:00:00,92.0,1383.0,33.9,16.2,0.8454,2004-07-28 14:00:00
2004-07-28,15:00:00,113.0,1473.0,35.3,15.0,0.8463,2004-07-28 15:00:00
2004-07-28,16:00:00,111.0,1464.0,36.8,13.7,0.8335,2004-07-28 16:00:00
2004-07-28,17:00:00,166.0,1697.0,34.4,16.4,0.8761,2004-07-28 17:00:00
2004-07-28,18:00:00,145.91964285714286,1732.0,35.3,16.8,0.9448,2004-07-28 18:00:00
2004-07-28,19:00:00,143.0,1713.0,32.3,20.7,0.9875,2004-07-28 19:00:00
2004-07-28,20:00:00,131.0,1682.0,29.6,26.1,1.0682,2004-07-28 20:00:00
2004-07-28,21:00:00,102.0,1532.0,28.6,27.2,1.048,2004-07-28 21:00:00
2004-07-28,22:00:00,94.0,1528.0,27.6,27.4,0.9926,2004-07-28 22:00:00
2004-07-28,23:00:00,96.0,1472.0,26.3,29.0,0.9807,2004-07-28 23:00:00
2004-07-29,00:00:00,88.0,1518.0,25.4,30.1,0.9602,2004-07-29 00:00:00
2004-07-29,01:00:00,72.0,1480.0,24.7,32.1,0.9878,2004-07-29 01:00:00
2004-07-29,02:00:00,33.0,1276.0,25.7,30.9,1.0048,2004-07-29 02:00:00
2004-07-29,03:00:00,80.11538461538461,1259.0,25.1,32.6,1.0203,2004-07-29 03:00:00
2004-07-29,04:00:00,33.0,1265.0,23.9,34.4,1.0079,2004-07-29 04:00:00
2004-07-29,05:00:00,60.0,1371.0,21.4,40.3,1.0157,2004-07-29 05:00:00
2004-07-29,06:00:00,72.0,1488.0,21.2,41.2,1.0246,2004-07-29 06:00:00
2004-07-29,07:00:00,97.0,1850.0,21.6,40.9,1.0468,2004-07-29 07:00:00
2004-07-29,08:00:00,136.0,2179.0,24.0,36.6,1.0763,2004-07-29 08:00:00
2004-07-29,09:00:00,140.0,1809.0,26.8,29.5,1.0209,2004-07-29 09:00:00
2004-07-29,10:00:00,171.0,1709.0,31.8,19.4,0.8936,2004-07-29 10:00:00
2004-07-29,11:00:00,150.0,1586.0,34.4,16.6,0.8892,2004-07-29 11:00:00
2004-07-29,12:00:00,117.0,1480.0,35.3,16.7,0.9402,2004-07-29 12:00:00
2004-07-29,13:00:00,106.0,1484.0,36.4,16.8,1.0033,2004-07-29 13:00:00
2004-07-29,14:00:00,95.0,1417.0,34.8,19.5,1.0667,2004-07-29 14:00:00
2004-07-29,15:00:00,137.0,1601.0,38.6,16.1,1.0853,2004-07-29 15:00:00
2004-07-29,16:00:00,129.0,1558.0,38.5,16.5,1.1037,2004-07-29 16:00:00
2004-07-29,17:00:00,135.0,1600.0,37.4,18.1,1.1467,2004-07-29 17:00:00
2004-07-29,18:00:00,127.0,1668.0,35.7,19.8,1.1399,2004-07-29 18:00:00
2004-07-29,19:00:00,122.0,1694.0,32.0,24.9,1.1663,2004-07-29 19:00:00
2004-07-29,20:00:00,118.0,1641.0,29.7,28.1,1.1544,2004-07-29 20:00:00
2004-07-29,21:00:00,135.0,1752.0,28.5,32.1,1.2296,2004-07-29 21:00:00
2004-07-29,22:00:00,134.0,1868.0,27.6,40.5,1.4715,2004-07-29 22:00:00
2004-07-29,23:00:00,105.0,1754.0,26.3,45.6,1.5349,2004-07-29 23:00:00
2004-07-30,00:00:00,104.0,1720.0,25.7,46.1,1.5025,2004-07-30 00:00:00
2004-07-30,01:00:00,81.0,1620.0,25.1,46.3,1.4486,2004-07-30 01:00:00
2004-07-30,02:00:00,69.0,1551.0,23.5,51.3,1.467,2004-07-30 02:00:00
2004-07-30,03:00:00,80.11538461538461,1669.0,23.1,52.1,1.4518,2004-07-30 03:00:00
2004-07-30,04:00:00,51.0,1477.0,23.7,51.2,1.4795,2004-07-30 04:00:00
2004-07-30,05:00:00,52.0,1494.0,23.0,52.2,1.4516,2004-07-30 05:00:00
2004-07-30,06:00:00,48.0,1504.0,23.0,49.9,1.3849,2004-07-30 06:00:00
2004-07-30,07:00:00,105.0,2132.0,23.0,50.9,1.4105,2004-07-30 07:00:00
2004-07-30,08:00:00,150.0,2322.0,24.4,49.3,1.4814,2004-07-30 08:00:00
2004-07-30,09:00:00,160.0,2186.0,26.8,46.6,1.6157,2004-07-30 09:00:00
2004-07-30,10:00:00,167.0,1972.0,32.2,32.6,1.5412,2004-07-30 10:00:00
2004-07-30,11:00:00,141.0,1722.0,34.8,26.0,1.4241,2004-07-30 11:00:00
2004-07-30,12:00:00,104.0,1628.0,36.1,24.8,1.4628,2004-07-30 12:00:00
2004-07-30,13:00:00,101.0,1610.0,37.7,21.8,1.3977,2004-07-30 13:00:00
2004-07-30,14:00:00,118.0,1580.0,36.9,21.8,1.3384,2004-07-30 14:00:00
2004-07-30,15:00:00,121.0,1564.0,39.1,18.7,1.2884,2004-07-30 15:00:00
2004-07-30,16:00:00,124.0,1554.0,39.3,18.9,1.318,2004-07-30 16:00:00
2004-07-30,17:00:00,127.0,1723.0,38.2,21.8,1.4312,2004-07-30 17:00:00
2004-07-30,18:00:00,137.0,1840.0,36.6,23.3,1.4042,2004-07-30 18:00:00
2004-07-30,19:00:00,137.0,1874.0,33.3,28.7,1.4454,2004-07-30 19:00:00
2004-07-30,20:00:00,135.0,1828.0,30.9,34.2,1.5064,2004-07-30 20:00:00
2004-07-30,21:00:00,118.0,1808.0,29.1,38.9,1.5384,2004-07-30 21:00:00
2004-07-30,22:00:00,111.0,1827.0,28.1,40.3,1.5086,2004-07-30 22:00:00
2004-07-30,23:00:00,85.0,1667.0,27.0,41.6,1.4596,2004-07-30 23:00:00
2004-07-31,00:00:00,158.0,1616.5,26.35,44.2,1.4912999999999998,2004-07-31 00:00:00
2004-07-31,01:00:00,77.0,1566.0,25.7,46.8,1.523,2004-07-31 01:00:00
2004-07-31,02:00:00,56.0,1588.0,25.1,51.1,1.6044,2004-07-31 02:00:00
2004-07-31,03:00:00,80.11538461538461,1613.0,23.7,56.5,1.6341,2004-07-31 03:00:00
2004-07-31,04:00:00,37.0,1529.0,23.8,55.3,1.6068,2004-07-31 04:00:00
2004-07-31,05:00:00,49.0,1559.0,23.7,54.6,1.5823,2004-07-31 05:00:00
2004-07-31,06:00:00,71.0,1666.0,22.6,58.8,1.5903,2004-07-31 06:00:00
2004-07-31,07:00:00,71.0,1600.0,24.0,53.4,1.5748,2004-07-31 07:00:00
2004-07-31,08:00:00,86.0,1763.0,25.2,51.0,1.6131,2004-07-31 08:00:00
2004-07-31,09:00:00,125.0,1879.0,27.3,47.1,1.6807,2004-07-31 09:00:00
2004-07-31,10:00:00,160.0,1957.0,32.8,33.4,1.633,2004-07-31 10:00:00
2004-07-31,11:00:00,174.0,1895.0,36.0,28.0,1.6304,2004-07-31 11:00:00
2004-07-31,12:00:00,146.0,1797.0,38.5,23.8,1.5944,2004-07-31 12:00:00
2004-07-31,13:00:00,127.0,1611.0,39.8,20.5,1.4687,2004-07-31 13:00:00
2004-07-31,14:00:00,114.0,1423.0,38.1,22.0,1.4402,2004-07-31 14:00:00
2004-07-31,15:00:00,65.0,1418.0,40.0,20.0,1.4517,2004-07-31 15:00:00
2004-07-31,16:00:00,77.0,1467.0,40.4,19.8,1.4724,2004-07-31 16:00:00
2004-07-31,17:00:00,68.0,1452.0,39.1,20.7,1.427,2004-07-31 17:00:00
2004-07-31,18:00:00,92.0,1554.0,37.3,24.3,1.5222,2004-07-31 18:00:00
2004-07-31,19:00:00,104.0,1711.0,34.0,30.9,1.6158,2004-07-31 19:00:00
2004-07-31,20:00:00,114.0,1704.0,31.8,34.5,1.5911,2004-07-31 20:00:00
2004-07-31,21:00:00,105.0,1817.0,30.1,37.7,1.5799,2004-07-31 21:00:00
2004-07-31,22:00:00,85.0,1758.0,28.6,42.3,1.6251,2004-07-31 22:00:00
2004-07-31,23:00:00,92.0,1816.0,27.7,44.6,1.6304,2004-07-31 23:00:00
2004-08-01,00:00:00,82.0,1771.0,26.6,47.5,1.6265,2004-08-01 00:00:00
2004-08-01,01:00:00,70.0,1724.0,25.7,50.7,1.6491,2004-08-01 01:00:00
2004-08-01,02:00:00,40.0,1637.0,25.1,53.9,1.689,2004-08-01 02:00:00
2004-08-01,03:00:00,80.11538461538461,1553.0,24.8,58.7,1.8089,2004-08-01 03:00:00
2004-08-01,04:00:00,26.0,1584.0,23.5,63.6,1.8223,2004-08-01 04:00:00
2004-08-01,05:00:00,21.0,1513.0,24.3,59.4,1.7838,2004-08-01 05:00:00
2004-08-01,06:00:00,30.0,1530.0,23.3,62.0,1.7547,2004-08-01 06:00:00
2004-08-01,07:00:00,21.0,1559.0,24.1,63.1,1.8619,2004-08-01 07:00:00
2004-08-01,08:00:00,35.0,1624.0,25.0,60.7,1.892,2004-08-01 08:00:00
2004-08-01,09:00:00,36.0,1657.0,27.3,52.4,1.8707,2004-08-01 09:00:00
2004-08-01,10:00:00,48.0,1638.0,32.4,37.3,1.7808,2004-08-01 10:00:00
2004-08-01,11:00:00,39.0,1531.0,35.4,31.3,1.7736,2004-08-01 11:00:00
2004-08-01,12:00:00,34.0,1495.0,37.4,28.2,1.7808,2004-08-01 12:00:00
2004-08-01,13:00:00,33.0,1331.0,39.2,20.2,1.4104,2004-08-01 13:00:00
2004-08-01,14:00:00,42.0,1270.0,38.1,18.5,1.2141,2004-08-01 14:00:00
2004-08-01,15:00:00,85.0,1325.0,40.2,17.7,1.2989,2004-08-01 15:00:00
2004-08-01,16:00:00,92.0,1373.0,39.7,19.1,1.3646,2004-08-01 16:00:00
2004-08-01,17:00:00,84.0,1379.0,38.5,19.8,1.326,2004-08-01 17:00:00
2004-08-01,18:00:00,100.0,1482.0,36.6,24.6,1.4872,2004-08-01 18:00:00
2004-08-01,19:00:00,95.0,1584.0,33.1,32.7,1.62,2004-08-01 19:00:00
2004-08-01,20:00:00,77.0,1667.0,30.7,38.7,1.678,2004-08-01 20:00:00
2004-08-01,21:00:00,85.0,1655.0,29.5,42.7,1.7316,2004-08-01 21:00:00
2004-08-01,22:00:00,83.0,1736.0,27.8,52.6,1.9398,2004-08-01 22:00:00
2004-08-01,23:00:00,88.0,1798.0,27.4,55.5,1.9998,2004-08-01 23:00:00
2004-08-02,00:00:00,68.0,1775.0,27.3,57.1,2.0426,2004-08-02 00:00:00
2004-08-02,01:00:00,97.0,1573.0,26.7,60.1,2.067,2004-08-02 01:00:00
2004-08-02,02:00:00,51.0,1542.0,26.2,61.6,2.0575,2004-08-02 02:00:00
2004-08-02,03:00:00,80.11538461538461,1463.0,25.5,62.8,2.0236,2004-08-02 03:00:00
2004-08-02,04:00:00,5.0,1418.0,25.5,61.8,1.9831,2004-08-02 04:00:00
2004-08-02,05:00:00,35.0,1504.0,25.1,62.4,1.9602,2004-08-02 05:00:00
2004-08-02,06:00:00,56.0,1650.0,24.6,62.7,1.9158,2004-08-02 06:00:00
2004-08-02,07:00:00,110.0,1947.0,25.7,58.9,1.9156,2004-08-02 07:00:00
2004-08-02,08:00:00,121.26829268292683,2129.0,27.1,54.4,1.9206,2004-08-02 08:00:00
2004-08-02,09:00:00,124.0,1866.0,28.4,50.7,1.9329,2004-08-02 09:00:00
2004-08-02,10:00:00,115.0,1774.0,32.7,36.9,1.7953,2004-08-02 10:00:00
2004-08-02,11:00:00,119.0,1781.0,34.0,32.7,1.7146,2004-08-02 11:00:00
2004-08-02,12:00:00,107.0,1761.0,35.6,29.2,1.6684,2004-08-02 12:00:00
2004-08-02,13:00:00,99.0,1635.0,37.1,25.6,1.5868,2004-08-02 13:00:00
2004-08-02,14:00:00,95.0,1636.0,36.1,26.4,1.5505,2004-08-02 14:00:00
2004-08-02,15:00:00,105.0,1654.0,37.9,23.8,1.5392,2004-08-02 15:00:00
2004-08-02,16:00:00,117.0,1636.0,38.0,22.2,1.4483,2004-08-02 16:00:00
2004-08-02,17:00:00,157.0,1731.0,36.9,22.7,1.3887,2004-08-02 17:00:00
2004-08-02,18:00:00,173.0,1801.0,35.5,25.7,1.4626,2004-08-02 18:00:00
2004-08-02,19:00:00,139.0,1775.0,32.8,32.2,1.5779,2004-08-02 19:00:00
2004-08-02,20:00:00,116.0,1773.0,30.5,38.2,1.6376,2004-08-02 20:00:00
2004-08-02,21:00:00,91.0,1733.0,28.8,43.5,1.6989,2004-08-02 21:00:00
2004-08-02,22:00:00,98.0,1746.0,28.0,46.2,1.721,2004-08-02 22:00:00
2004-08-02,23:00:00,93.0,1724.0,27.1,49.4,1.7398,2004-08-02 23:00:00
2004-08-03,00:00:00,74.0,1692.0,26.4,52.2,1.7708,2004-08-03 00:00:00
2004-08-03,01:00:00,50.0,1640.0,26.2,52.3,1.7561,2004-08-03 01:00:00
2004-08-03,02:00:00,36.0,1469.0,27.1,47.4,1.6809,2004-08-03 02:00:00
2004-08-03,03:00:00,80.11538461538461,1428.0,28.0,45.2,1.6832,2004-08-03 03:00:00
2004-08-03,04:00:00,55.0,1459.0,25.8,50.9,1.6605,2004-08-03 04:00:00
2004-08-03,05:00:00,86.0,1456.0,27.2,47.2,1.6803,2004-08-03 05:00:00
2004-08-03,06:00:00,137.0,1503.0,27.0,48.3,1.6946,2004-08-03 06:00:00
2004-08-03,07:00:00,140.0,2188.0,25.9,51.5,1.7,2004-08-03 07:00:00
2004-08-03,08:00:00,142.0,2256.0,27.4,48.6,1.7447,2004-08-03 08:00:00
2004-08-03,09:00:00,185.0,2068.0,29.1,45.5,1.7998,2004-08-03 09:00:00
2004-08-03,10:00:00,173.0,1965.0,32.8,36.9,1.803,2004-08-03 10:00:00
2004-08-03,11:00:00,158.0,1788.0,34.7,32.1,1.741,2004-08-03 11:00:00
2004-08-03,12:00:00,127.0,1858.0,33.7,35.1,1.8022,2004-08-03 12:00:00
2004-08-03,13:00:00,111.0,1779.0,35.1,32.4,1.7996,2004-08-03 13:00:00
2004-08-03,14:00:00,114.0,1718.0,35.4,30.9,1.7505,2004-08-03 14:00:00
2004-08-03,15:00:00,109.0,1675.0,36.5,28.7,1.7256,2004-08-03 15:00:00
2004-08-03,16:00:00,123.31044776119403,1749.0,38.0,24.7,1.6073,2004-08-03 16:00:00
2004-08-03,17:00:00,137.0,1780.0,37.5,24.4,1.5515,2004-08-03 17:00:00
2004-08-03,18:00:00,134.0,1854.0,35.5,28.9,1.6468,2004-08-03 18:00:00
2004-08-03,19:00:00,114.0,1854.0,31.9,37.5,1.7442,2004-08-03 19:00:00
2004-08-03,20:00:00,100.0,1807.0,30.1,45.0,1.8891,2004-08-03 20:00:00
2004-08-03,21:00:00,92.0,1798.0,28.8,48.9,1.9105,2004-08-03 21:00:00
2004-08-03,22:00:00,97.0,1821.0,28.8,48.8,1.9039,2004-08-03 22:00:00
2004-08-03,23:00:00,111.0,1835.0,28.0,49.0,1.8237,2004-08-03 23:00:00
2004-08-04,00:00:00,89.0,1751.0,27.5,51.5,1.8664,2004-08-04 00:00:00
2004-08-04,01:00:00,87.0,1717.0,27.3,51.5,1.844,2004-08-04 01:00:00
2004-08-04,02:00:00,69.0,1658.0,26.7,53.3,1.8366,2004-08-04 02:00:00
2004-08-04,03:00:00,80.11538461538461,1566.0,25.9,55.1,1.8117,2004-08-04 03:00:00
2004-08-04,04:00:00,58.62048192771084,1526.0,27.0,51.8,1.8147,2004-08-04 04:00:00
2004-08-04,05:00:00,59.612612612612615,1529.0,26.8,50.9,1.7693,2004-08-04 05:00:00
2004-08-04,06:00:00,71.74251497005989,1743.0,25.0,57.0,1.7792,2004-08-04 06:00:00
2004-08-04,07:00:00,94.70958083832335,2182.0,26.2,52.8,1.7729,2004-08-04 07:00:00
2004-08-04,08:00:00,121.26829268292683,2404.0,28.3,47.6,1.7981,2004-08-04 08:00:00
2004-08-04,09:00:00,130.87687687687688,1783.0,29.9,42.1,1.7474,2004-08-04 09:00:00
2004-08-04,10:00:00,133.67857142857142,1687.0,33.0,35.4,1.7504,2004-08-04 10:00:00
2004-08-04,11:00:00,130.4131736526946,1753.0,35.6,30.6,1.7493,2004-08-04 11:00:00
2004-08-04,12:00:00,124.45671641791044,1662.0,37.1,27.9,1.7309,2004-08-04 12:00:00
2004-08-04,13:00:00,119.31231231231232,1643.0,37.9,25.7,1.6651,2004-08-04 13:00:00
2004-08-04,14:00:00,116.46846846846847,1489.0,37.2,23.6,1.4764,2004-08-04 14:00:00
2004-08-04,15:00:00,117.19161676646706,1589.0,39.1,21.7,1.5031,2004-08-04 15:00:00
2004-08-04,16:00:00,123.31044776119403,1590.0,39.3,22.0,1.5366,2004-08-04 16:00:00
2004-08-04,17:00:00,135.8041543026706,1710.0,38.2,23.8,1.5666,2004-08-04 17:00:00
2004-08-04,18:00:00,145.91964285714286,1659.0,34.0,33.2,1.7395,2004-08-04 18:00:00
2004-08-04,19:00:00,150.0919881305638,1751.0,25.5,58.6,1.8891,2004-08-04 19:00:00
2004-08-04,20:00:00,145.1186943620178,1644.0,27.2,46.0,1.6376,2004-08-04 20:00:00
2004-08-04,21:00:00,130.91071428571428,1571.0,27.6,45.2,1.6479,2004-08-04 21:00:00
2004-08-04,22:00:00,115.0955223880597,1608.0,25.4,52.7,1.6867,2004-08-04 22:00:00
2004-08-04,23:00:00,108.07164179104478,1539.0,26.1,49.4,1.6491,2004-08-04 23:00:00
2004-08-05,00:00:00,103.32142857142857,1664.0,25.0,53.6,1.6721,2004-08-05 00:00:00
2004-08-05,01:00:00,90.50299401197604,1548.0,25.4,52.9,1.698,2004-08-05 01:00:00
2004-08-05,02:00:00,75.4367469879518,1547.0,25.4,54.4,1.7384,2004-08-05 02:00:00
2004-08-05,03:00:00,80.11538461538461,1488.0,25.4,54.6,1.7432,2004-08-05 03:00:00
2004-08-05,04:00:00,58.62048192771084,1482.0,24.5,57.1,1.7327,2004-08-05 04:00:00
2004-08-05,05:00:00,59.612612612612615,1578.0,22.8,63.7,1.7392,2004-08-05 05:00:00
2004-08-05,06:00:00,71.74251497005989,1675.0,22.6,64.1,1.7358,2004-08-05 06:00:00
2004-08-05,07:00:00,94.70958083832335,2015.0,24.3,58.0,1.7429,2004-08-05 07:00:00
2004-08-05,08:00:00,121.26829268292683,1962.0,26.5,50.4,1.7215,2004-08-05 08:00:00
2004-08-05,09:00:00,130.87687687687688,1727.0,28.1,45.4,1.697,2004-08-05 09:00:00
2004-08-05,10:00:00,133.67857142857142,1789.0,31.7,36.7,1.6843,2004-08-05 10:00:00
2004-08-05,11:00:00,115.0,1731.0,35.8,28.7,1.6626,2004-08-05 11:00:00
2004-08-05,12:00:00,108.0,1708.0,36.8,27.2,1.6623,2004-08-05 12:00:00
2004-08-05,13:00:00,86.0,1567.0,38.3,24.5,1.622,2004-08-05 13:00:00
2004-08-05,14:00:00,84.0,1541.0,34.2,30.8,1.6299,2004-08-05 14:00:00
2004-08-05,15:00:00,97.0,1695.0,28.7,51.4,1.9871,2004-08-05 15:00:00
2004-08-05,16:00:00,102.0,1700.0,23.9,69.1,2.0202,2004-08-05 16:00:00
2004-08-05,17:00:00,102.0,1815.0,21.5,78.8,1.9939,2004-08-05 17:00:00
2004-08-05,18:00:00,99.0,1801.0,21.6,78.5,1.994,2004-08-05 18:00:00
2004-08-05,19:00:00,97.0,1826.0,21.5,78.4,1.9818,2004-08-05 19:00:00
2004-08-05,20:00:00,101.0,1721.0,20.8,80.9,1.9637,2004-08-05 20:00:00
2004-08-05,21:00:00,92.0,1623.0,20.7,81.8,1.9717,2004-08-05 21:00:00
2004-08-05,22:00:00,70.0,1594.0,23.1,70.1,1.9582,2004-08-05 22:00:00
2004-08-05,23:00:00,72.0,1619.0,22.7,68.4,1.8627,2004-08-05 23:00:00
2004-08-06,00:00:00,80.0,1685.0,22.1,72.6,1.9105,2004-08-06 00:00:00
2004-08-06,01:00:00,71.0,1691.0,21.8,74.1,1.915,2004-08-06 01:00:00
2004-08-06,02:00:00,69.0,1616.0,21.9,72.8,1.8944,2004-08-06 02:00:00
2004-08-06,03:00:00,80.11538461538461,1586.0,21.7,73.2,1.8763,2004-08-06 03:00:00
2004-08-06,04:00:00,55.0,1567.0,21.4,75.5,1.9033,2004-08-06 04:00:00
2004-08-06,05:00:00,57.0,1607.0,21.4,75.5,1.9069,2004-08-06 05:00:00
2004-08-06,06:00:00,56.0,1760.0,21.9,74.9,1.9396,2004-08-06 06:00:00
2004-08-06,07:00:00,72.0,1989.0,22.0,75.9,1.9817,2004-08-06 07:00:00
2004-08-06,08:00:00,84.0,2191.0,22.5,74.9,2.019,2004-08-06 08:00:00
2004-08-06,09:00:00,97.0,2033.0,24.5,66.2,2.0011,2004-08-06 09:00:00
2004-08-06,10:00:00,107.0,1974.0,25.6,61.2,1.9808,2004-08-06 10:00:00
2004-08-06,11:00:00,117.0,2000.0,29.3,48.4,1.9367,2004-08-06 11:00:00
2004-08-06,12:00:00,120.0,1911.0,33.5,36.0,1.8395,2004-08-06 12:00:00
2004-08-06,13:00:00,110.0,1730.0,35.6,29.8,1.7045,2004-08-06 13:00:00
2004-08-06,14:00:00,104.0,1742.0,33.7,33.4,1.7186,2004-08-06 14:00:00
2004-08-06,15:00:00,110.0,1715.0,34.1,33.3,1.7509,2004-08-06 15:00:00
2004-08-06,16:00:00,111.0,1834.0,31.5,43.5,1.9797,2004-08-06 16:00:00
2004-08-06,17:00:00,64.0,1649.0,32.5,40.6,1.9481,2004-08-06 17:00:00
2004-08-06,18:00:00,92.0,1873.0,29.8,45.2,1.8642,2004-08-06 18:00:00
2004-08-06,19:00:00,114.0,1952.0,27.7,49.9,1.8189,2004-08-06 19:00:00
2004-08-06,20:00:00,116.0,1886.0,26.4,54.6,1.8459,2004-08-06 20:00:00
2004-08-06,21:00:00,94.0,1760.0,25.5,58.0,1.8611,2004-08-06 21:00:00
2004-08-06,22:00:00,77.0,1723.0,25.1,59.9,1.8797,2004-08-06 22:00:00
2004-08-06,23:00:00,74.0,1820.0,24.1,63.5,1.8828,2004-08-06 23:00:00
2004-08-07,00:00:00,62.0,1755.0,23.8,65.0,1.8897,2004-08-07 00:00:00
2004-08-07,01:00:00,57.0,1662.0,23.4,64.9,1.843,2004-08-07 01:00:00
2004-08-07,02:00:00,45.0,1530.0,24.4,58.6,1.7714,2004-08-07 02:00:00
2004-08-07,03:00:00,80.11538461538461,1519.0,23.3,63.3,1.7895,2004-08-07 03:00:00
2004-08-07,04:00:00,49.0,1530.0,21.9,67.1,1.7414,2004-08-07 04:00:00
2004-08-07,05:00:00,45.0,1507.0,23.6,61.2,1.7588,2004-08-07 05:00:00
2004-08-07,06:00:00,44.0,1538.0,22.6,63.4,1.7136,2004-08-07 06:00:00
2004-08-07,07:00:00,43.0,1608.0,22.9,62.6,1.7253,2004-08-07 07:00:00
2004-08-07,08:00:00,51.0,1705.0,23.3,61.8,1.7504,2004-08-07 08:00:00
2004-08-07,09:00:00,84.0,1838.0,25.4,56.2,1.7961,2004-08-07 09:00:00
2004-08-07,10:00:00,96.0,1782.0,30.6,41.9,1.8104,2004-08-07 10:00:00
2004-08-07,11:00:00,88.0,1653.0,33.5,34.0,1.73,2004-08-07 11:00:00
2004-08-07,12:00:00,67.0,1541.0,35.5,29.8,1.7004,2004-08-07 12:00:00
2004-08-07,13:00:00,64.0,1518.0,37.5,24.7,1.5637,2004-08-07 13:00:00
2004-08-07,14:00:00,54.0,1390.0,35.1,25.2,1.402,2004-08-07 14:00:00
2004-08-07,15:00:00,56.0,1431.0,38.1,21.1,1.3863,2004-08-07 15:00:00
2004-08-07,16:00:00,68.0,1460.0,38.5,21.8,1.4653,2004-08-07 16:00:00
2004-08-07,17:00:00,67.0,1577.0,36.8,29.5,1.8037,2004-08-07 17:00:00
2004-08-07,18:00:00,95.0,1643.0,34.9,33.4,1.8384,2004-08-07 18:00:00
2004-08-07,19:00:00,86.0,1648.0,32.2,37.4,1.7655,2004-08-07 19:00:00
2004-08-07,20:00:00,93.0,1649.0,29.7,41.7,1.7081,2004-08-07 20:00:00
2004-08-07,21:00:00,68.0,1589.0,27.7,47.4,1.7344,2004-08-07 21:00:00
2004-08-07,22:00:00,95.0,1751.0,27.3,49.4,1.7602,2004-08-07 22:00:00
2004-08-07,23:00:00,93.0,1768.0,26.3,51.3,1.7251,2004-08-07 23:00:00
2004-08-08,00:00:00,69.0,1617.0,25.7,54.1,1.7546,2004-08-08 00:00:00
2004-08-08,01:00:00,55.0,1571.0,25.4,55.1,1.7628,2004-08-08 01:00:00
2004-08-08,02:00:00,39.0,1548.0,24.9,57.3,1.7822,2004-08-08 02:00:00
2004-08-08,03:00:00,80.11538461538461,1590.0,24.1,61.8,1.8339,2004-08-08 03:00:00
2004-08-08,04:00:00,33.0,1473.0,23.9,61.2,1.7871,2004-08-08 04:00:00
2004-08-08,05:00:00,29.0,1532.0,23.8,61.3,1.7881,2004-08-08 05:00:00
2004-08-08,06:00:00,36.0,1518.0,23.4,61.7,1.7495,2004-08-08 06:00:00
2004-08-08,07:00:00,38.0,1506.0,24.3,58.4,1.7508,2004-08-08 07:00:00
2004-08-08,08:00:00,47.0,1585.0,25.1,56.6,1.7798,2004-08-08 08:00:00
2004-08-08,09:00:00,64.0,1621.0,27.3,51.3,1.835,2004-08-08 09:00:00
2004-08-08,10:00:00,49.0,1574.0,29.5,45.9,1.8662,2004-08-08 10:00:00
2004-08-08,11:00:00,64.0,1649.0,27.6,52.4,1.9055,2004-08-08 11:00:00
2004-08-08,12:00:00,79.0,1695.0,25.4,68.0,2.1806,2004-08-08 12:00:00
2004-08-08,13:00:00,45.0,1543.0,32.2,40.3,1.8999,2004-08-08 13:00:00
2004-08-08,14:00:00,30.0,1433.0,31.6,38.9,1.7838,2004-08-08 14:00:00
2004-08-08,15:00:00,35.0,1471.0,33.0,37.3,1.8481,2004-08-08 15:00:00
2004-08-08,16:00:00,37.0,1488.0,35.1,32.1,1.7841,2004-08-08 16:00:00
2004-08-08,17:00:00,46.0,1479.0,35.0,31.1,1.7173,2004-08-08 17:00:00
2004-08-08,18:00:00,54.0,1491.0,33.8,32.1,1.6596,2004-08-08 18:00:00
2004-08-08,19:00:00,79.0,1577.0,31.1,38.8,1.7295,2004-08-08 19:00:00
2004-08-08,20:00:00,79.0,1634.0,29.0,46.1,1.8141,2004-08-08 20:00:00
2004-08-08,21:00:00,98.0,1702.0,28.1,50.6,1.8969,2004-08-08 21:00:00
2004-08-08,22:00:00,93.0,1791.0,27.1,54.7,1.9284,2004-08-08 22:00:00
2004-08-08,23:00:00,89.0,1744.0,26.6,56.4,1.9349,2004-08-08 23:00:00
2004-08-09,00:00:00,57.0,1662.0,25.8,60.4,1.9759,2004-08-09 00:00:00
2004-08-09,01:00:00,51.0,1637.0,25.5,61.6,1.9804,2004-08-09 01:00:00
2004-08-09,02:00:00,39.0,1605.0,24.9,63.5,1.9647,2004-08-09 02:00:00
2004-08-09,03:00:00,80.11538461538461,1526.0,24.3,65.1,1.9475,2004-08-09 03:00:00
2004-08-09,04:00:00,30.0,1511.0,23.8,65.7,1.9079,2004-08-09 04:00:00
2004-08-09,05:00:00,46.0,1583.0,23.2,68.0,1.9045,2004-08-09 05:00:00
2004-08-09,06:00:00,55.0,1727.0,23.2,67.5,1.899,2004-08-09 06:00:00
2004-08-09,07:00:00,63.0,2005.0,24.3,63.3,1.8929,2004-08-09 07:00:00
2004-08-09,08:00:00,42.0,2003.0,25.5,59.7,1.9193,2004-08-09 08:00:00
2004-08-09,09:00:00,5.0,1946.0,27.7,52.5,1.9138,2004-08-09 09:00:00
2004-08-09,10:00:00,39.0,1751.0,31.8,38.9,1.8005,2004-08-09 10:00:00
2004-08-09,11:00:00,39.0,1608.0,32.7,34.1,1.6592,2004-08-09 11:00:00
2004-08-09,12:00:00,71.0,1661.0,34.3,31.5,1.6745,2004-08-09 12:00:00
2004-08-09,13:00:00,65.0,1630.0,34.2,31.5,1.6675,2004-08-09 13:00:00
2004-08-09,14:00:00,71.0,1567.0,33.9,32.3,1.6809,2004-08-09 14:00:00
2004-08-09,15:00:00,72.0,1617.0,34.4,31.9,1.7005,2004-08-09 15:00:00
2004-08-09,16:00:00,76.0,1630.6,33.48,33.86,1.7037399999999998,2004-08-09 16:00:00
2004-08-09,17:00:00,75.0,1644.2,32.56,35.82,1.70698,2004-08-09 17:00:00
2004-08-09,18:00:00,86.0,1657.8,31.64,37.78,1.7102199999999999,2004-08-09 18:00:00
2004-08-09,19:00:00,96.0,1671.4,30.72,39.74,1.71346,2004-08-09 19:00:00
2004-08-09,20:00:00,95.0,1685.0,29.8,41.7,1.7167,2004-08-09 20:00:00
2004-08-09,21:00:00,74.0,1742.0,28.8,45.9,1.7884,2004-08-09 21:00:00
2004-08-09,22:00:00,76.0,1772.0,28.2,51.1,1.9221,2004-08-09 22:00:00
2004-08-09,23:00:00,66.0,1765.0,27.5,54.4,1.9705,2004-08-09 23:00:00
2004-08-10,00:00:00,49.0,1680.0,27.4,55.0,1.9827,2004-08-10 00:00:00
2004-08-10,01:00:00,29.0,1567.0,28.1,51.6,1.9269,2004-08-10 01:00:00
2004-08-10,02:00:00,11.0,1535.0,26.3,56.5,1.9027,2004-08-10 02:00:00
2004-08-10,03:00:00,80.11538461538461,1603.0,24.4,65.0,1.9612,2004-08-10 03:00:00
2004-08-10,04:00:00,25.0,1559.0,24.4,63.6,1.9218,2004-08-10 04:00:00
2004-08-10,05:00:00,34.0,1633.0,23.5,67.4,1.9305,2004-08-10 05:00:00
2004-08-10,06:00:00,42.0,1742.0,23.4,65.7,1.872,2004-08-10 06:00:00
2004-08-10,07:00:00,47.0,2009.0,24.5,61.3,1.8522,2004-08-10 07:00:00
2004-08-10,08:00:00,62.0,2114.0,26.0,55.8,1.8536,2004-08-10 08:00:00
2004-08-10,09:00:00,81.0,1939.0,28.5,48.5,1.8607,2004-08-10 09:00:00
2004-08-10,10:00:00,90.0,1909.0,33.6,35.7,1.8229,2004-08-10 10:00:00
2004-08-10,11:00:00,95.0,1777.0,36.5,28.9,1.7359,2004-08-10 11:00:00
2004-08-10,12:00:00,86.0,1607.0,39.0,23.7,1.6346,2004-08-10 12:00:00
2004-08-10,13:00:00,64.0,1385.0,38.8,23.7,1.6093,2004-08-10 13:00:00
2004-08-10,14:00:00,62.0,1443.0,38.0,24.0,1.5686,2004-08-10 14:00:00
2004-08-10,15:00:00,75.0,1544.0,40.5,23.3,1.7416,2004-08-10 15:00:00
2004-08-10,16:00:00,88.0,1566.0,39.8,25.4,1.8213,2004-08-10 16:00:00
2004-08-10,17:00:00,126.0,1649.0,39.6,23.3,1.6535,2004-08-10 17:00:00
2004-08-10,18:00:00,96.0,1725.0,38.8,24.7,1.6772,2004-08-10 18:00:00
2004-08-10,19:00:00,79.0,1766.0,34.7,35.9,1.9528,2004-08-10 19:00:00
2004-08-10,20:00:00,67.0,1801.0,32.3,43.6,2.07,2004-08-10 20:00:00
2004-08-10,21:00:00,62.0,1757.0,30.7,48.1,2.0821,2004-08-10 21:00:00
2004-08-10,22:00:00,64.0,1823.0,29.5,50.6,2.0492,2004-08-10 22:00:00
2004-08-10,23:00:00,63.0,1816.0,28.8,52.0,2.0297,2004-08-10 23:00:00
2004-08-11,00:00:00,60.0,1748.0,28.2,55.0,2.0697,2004-08-11 00:00:00
2004-08-11,01:00:00,49.0,1700.0,27.2,59.1,2.0997,2004-08-11 01:00:00
2004-08-11,02:00:00,36.0,1665.0,26.7,60.7,2.0977,2004-08-11 02:00:00
2004-08-11,03:00:00,80.11538461538461,1581.0,26.9,60.3,2.1074,2004-08-11 03:00:00
2004-08-11,04:00:00,24.0,1590.0,26.4,61.6,2.0931,2004-08-11 04:00:00
2004-08-11,05:00:00,32.0,1632.0,25.9,63.6,2.102,2004-08-11 05:00:00
2004-08-11,06:00:00,42.0,1768.0,26.1,63.7,2.117,2004-08-11 06:00:00
2004-08-11,07:00:00,42.0,1836.0,26.8,60.5,2.1008,2004-08-11 07:00:00
2004-08-11,08:00:00,51.0,1904.0,27.9,56.5,2.0895,2004-08-11 08:00:00
2004-08-11,09:00:00,58.0,1825.0,29.8,51.1,2.1054,2004-08-11 09:00:00
2004-08-11,10:00:00,67.0,1819.0,33.6,41.0,2.0995,2004-08-11 10:00:00
2004-08-11,11:00:00,68.0,1782.0,35.1,38.1,2.1144,2004-08-11 11:00:00
2004-08-11,12:00:00,56.0,1657.0,36.2,34.9,2.0578,2004-08-11 12:00:00
2004-08-11,13:00:00,47.0,1620.0,38.0,30.7,2.0022,2004-08-11 13:00:00
2004-08-11,14:00:00,46.0,1576.0,36.6,30.8,1.8617,2004-08-11 14:00:00
2004-08-11,15:00:00,50.0,1526.0,38.8,25.4,1.7282,2004-08-11 15:00:00
2004-08-11,16:00:00,65.0,1607.0,38.7,25.8,1.7426,2004-08-11 16:00:00
2004-08-11,17:00:00,69.0,1691.0,37.4,29.9,1.8848,2004-08-11 17:00:00
2004-08-11,18:00:00,63.0,1672.0,36.2,31.1,1.8371,2004-08-11 18:00:00
2004-08-11,19:00:00,69.0,1760.0,33.8,34.5,1.7788,2004-08-11 19:00:00
2004-08-11,20:00:00,57.0,1701.0,31.4,40.7,1.8377,2004-08-11 20:00:00
2004-08-11,21:00:00,59.0,1728.0,30.8,45.0,1.9733,2004-08-11 21:00:00
2004-08-11,22:00:00,54.0,1696.0,29.4,50.0,2.0181,2004-08-11 22:00:00
2004-08-11,23:00:00,57.0,1726.0,28.1,54.1,2.029,2004-08-11 23:00:00
2004-08-12,00:00:00,46.0,1727.0,27.3,57.8,2.0646,2004-08-12 00:00:00
2004-08-12,01:00:00,65.0,1716.0,26.7,60.6,2.0942,2004-08-12 01:00:00
2004-08-12,02:00:00,62.0,1638.0,25.9,64.5,2.1247,2004-08-12 02:00:00
2004-08-12,03:00:00,80.11538461538461,1565.0,25.6,63.5,2.0566,2004-08-12 03:00:00
2004-08-12,04:00:00,25.0,1561.0,26.7,61.0,2.101,2004-08-12 04:00:00
2004-08-12,05:00:00,37.0,1651.0,25.8,64.6,2.1195,2004-08-12 05:00:00
2004-08-12,06:00:00,41.0,1623.0,26.5,60.6,2.063,2004-08-12 06:00:00
2004-08-12,07:00:00,60.0,1932.0,26.4,61.7,2.0929,2004-08-12 07:00:00
2004-08-12,08:00:00,65.0,2019.0,27.5,60.1,2.1719,2004-08-12 08:00:00
2004-08-12,09:00:00,71.0,1841.0,29.4,53.1,2.1362,2004-08-12 09:00:00
2004-08-12,10:00:00,61.0,1712.0,33.4,39.9,2.0177,2004-08-12 10:00:00
2004-08-12,11:00:00,65.0,1717.0,33.2,39.2,1.9642,2004-08-12 11:00:00
2004-08-12,12:00:00,54.0,1629.0,34.5,35.1,1.8856,2004-08-12 12:00:00
2004-08-12,13:00:00,58.0,1597.0,37.1,30.5,1.8962,2004-08-12 13:00:00
2004-08-12,14:00:00,56.0,1579.0,35.9,32.1,1.8697,2004-08-12 14:00:00
2004-08-12,15:00:00,60.0,1582.0,37.3,28.0,1.7537,2004-08-12 15:00:00
2004-08-12,16:00:00,69.0,1567.0,38.1,26.3,1.7252,2004-08-12 16:00:00
2004-08-12,17:00:00,67.0,1607.0,37.1,27.2,1.6844,2004-08-12 17:00:00
2004-08-12,18:00:00,79.0,1653.0,35.2,31.2,1.7485,2004-08-12 18:00:00
2004-08-12,19:00:00,86.0,1702.0,32.1,38.7,1.819,2004-08-12 19:00:00
2004-08-12,20:00:00,79.0,1697.0,30.3,45.1,1.9129,2004-08-12 20:00:00
2004-08-12,21:00:00,67.0,1691.0,29.3,50.2,2.0127,2004-08-12 21:00:00
2004-08-12,22:00:00,65.0,1657.0,28.6,53.7,2.0691,2004-08-12 22:00:00
2004-08-12,23:00:00,67.0,1761.0,27.8,57.4,2.1107,2004-08-12 23:00:00
2004-08-13,00:00:00,62.0,1736.0,27.4,59.4,2.1395,2004-08-13 00:00:00
2004-08-13,01:00:00,48.0,1688.0,27.2,59.3,2.1059,2004-08-13 01:00:00
2004-08-13,02:00:00,33.0,1557.0,26.7,61.0,2.1005,2004-08-13 02:00:00
2004-08-13,03:00:00,80.11538461538461,1485.0,26.0,62.7,2.0737,2004-08-13 03:00:00
2004-08-13,04:00:00,11.0,1485.0,25.4,63.1,2.0184,2004-08-13 04:00:00
2004-08-13,05:00:00,34.0,1499.0,26.1,60.3,2.012,2004-08-13 05:00:00
2004-08-13,06:00:00,52.0,1641.0,25.2,67.1,2.1164,2004-08-13 06:00:00
2004-08-13,07:00:00,80.0,1806.0,26.0,61.9,2.0511,2004-08-13 07:00:00
2004-08-13,08:00:00,86.0,1818.0,27.0,57.5,2.0183,2004-08-13 08:00:00
2004-08-13,09:00:00,77.0,1722.0,30.5,44.4,1.9076,2004-08-13 09:00:00
2004-08-13,10:00:00,93.0,1704.0,33.4,35.1,1.781,2004-08-13 10:00:00
2004-08-13,11:00:00,109.0,1573.0,35.7,29.0,1.6716,2004-08-13 11:00:00
2004-08-13,12:00:00,89.0,1537.0,35.8,27.7,1.6041,2004-08-13 12:00:00
2004-08-13,13:00:00,71.0,1490.0,36.3,27.4,1.6264,2004-08-13 13:00:00
2004-08-13,14:00:00,56.0,1394.0,33.6,28.8,1.4695,2004-08-13 14:00:00
2004-08-13,15:00:00,68.0,1332.0,35.2,20.5,1.1418,2004-08-13 15:00:00
2004-08-13,16:00:00,61.0,1382.0,35.0,22.4,1.2371,2004-08-13 16:00:00
2004-08-13,17:00:00,70.0,1400.0,34.0,25.2,1.314,2004-08-13 17:00:00
2004-08-13,18:00:00,76.0,1465.0,32.0,28.2,1.3204,2004-08-13 18:00:00
2004-08-13,19:00:00,78.0,1511.0,29.4,34.4,1.3899,2004-08-13 19:00:00
2004-08-13,20:00:00,80.0,1538.0,28.1,41.1,1.535,2004-08-13 20:00:00
2004-08-13,21:00:00,71.0,1528.0,26.9,47.5,1.6595,2004-08-13 21:00:00
2004-08-13,22:00:00,74.0,1534.0,26.6,50.4,1.724,2004-08-13 22:00:00
2004-08-13,23:00:00,90.0,1580.0,25.9,52.9,1.7478,2004-08-13 23:00:00
2004-08-14,00:00:00,78.0,1570.0,25.4,54.6,1.7483,2004-08-14 00:00:00
2004-08-14,01:00:00,63.0,1534.0,25.1,55.7,1.7471,2004-08-14 01:00:00
2004-08-14,02:00:00,42.0,1442.0,25.1,55.3,1.733,2004-08-14 02:00:00
2004-08-14,03:00:00,80.11538461538461,1414.0,25.0,56.0,1.7428,2004-08-14 03:00:00
2004-08-14,04:00:00,27.0,1426.0,25.2,55.0,1.7405,2004-08-14 04:00:00
2004-08-14,05:00:00,29.0,1445.0,25.6,53.5,1.7291,2004-08-14 05:00:00
2004-08-14,06:00:00,41.0,1471.0,24.7,55.9,1.7114,2004-08-14 06:00:00
2004-08-14,07:00:00,61.0,1639.0,24.0,57.2,1.6835,2004-08-14 07:00:00
2004-08-14,08:00:00,68.0,1626.0,25.0,53.2,1.663,2004-08-14 08:00:00
2004-08-14,09:00:00,58.0,1535.0,28.0,43.4,1.6162,2004-08-14 09:00:00
2004-08-14,10:00:00,52.0,1551.0,31.6,35.5,1.6269,2004-08-14 10:00:00
2004-08-14,11:00:00,57.0,1494.0,35.0,29.0,1.6017,2004-08-14 11:00:00
2004-08-14,12:00:00,51.0,1496.0,35.3,27.6,1.5512,2004-08-14 12:00:00
2004-08-14,13:00:00,53.0,1413.0,36.2,24.1,1.4235,2004-08-14 13:00:00
2004-08-14,14:00:00,49.0,1350.0,34.8,24.5,1.3373,2004-08-14 14:00:00
2004-08-14,15:00:00,44.0,1339.0,38.2,19.6,1.2915,2004-08-14 15:00:00
2004-08-14,16:00:00,48.0,1402.0,38.9,20.3,1.382,2004-08-14 16:00:00
2004-08-14,17:00:00,46.0,1438.0,36.9,27.1,1.6683,2004-08-14 17:00:00
2004-08-14,18:00:00,56.0,1546.0,35.2,32.1,1.7898,2004-08-14 18:00:00
2004-08-14,19:00:00,73.0,1614.0,32.0,38.2,1.788,2004-08-14 19:00:00
2004-08-14,20:00:00,85.0,1633.0,29.8,41.8,1.7269,2004-08-14 20:00:00
2004-08-14,21:00:00,72.0,1590.0,28.2,45.9,1.7272,2004-08-14 21:00:00
2004-08-14,22:00:00,53.0,1562.0,27.1,48.2,1.7075,2004-08-14 22:00:00
2004-08-14,23:00:00,47.0,1544.0,26.7,49.5,1.7048,2004-08-14 23:00:00
2004-08-15,00:00:00,37.0,1475.0,26.1,50.8,1.6917,2004-08-15 00:00:00
2004-08-15,01:00:00,34.0,1479.0,25.7,52.5,1.7077,2004-08-15 01:00:00
2004-08-15,02:00:00,33.0,1473.0,24.8,55.4,1.7054,2004-08-15 02:00:00
2004-08-15,03:00:00,80.11538461538461,1454.0,23.8,57.5,1.6723,2004-08-15 03:00:00
2004-08-15,04:00:00,27.0,1457.0,22.4,62.2,1.6648,2004-08-15 04:00:00
2004-08-15,05:00:00,27.0,1443.0,22.5,61.8,1.6654,2004-08-15 05:00:00
2004-08-15,06:00:00,27.0,1414.0,22.7,59.2,1.6139,2004-08-15 06:00:00
2004-08-15,07:00:00,28.0,1425.0,23.0,58.4,1.6223,2004-08-15 07:00:00
2004-08-15,08:00:00,36.0,1457.0,23.9,56.3,1.6489,2004-08-15 08:00:00
2004-08-15,09:00:00,59.0,1562.0,26.3,50.1,1.6889,2004-08-15 09:00:00
2004-08-15,10:00:00,56.0,1520.0,32.1,34.0,1.6039,2004-08-15 10:00:00
2004-08-15,11:00:00,70.0,1531.0,35.8,25.7,1.4861,2004-08-15 11:00:00
2004-08-15,12:00:00,36.0,1402.0,38.3,19.8,1.3067,2004-08-15 12:00:00
2004-08-15,13:00:00,17.0,1312.0,37.3,20.5,1.286,2004-08-15 13:00:00
2004-08-15,14:00:00,14.0,1209.0,36.3,18.4,1.0976,2004-08-15 14:00:00
2004-08-15,15:00:00,24.0,1204.0,36.8,16.9,1.0347,2004-08-15 15:00:00
2004-08-15,16:00:00,36.0,1239.0,37.9,15.9,1.0296,2004-08-15 16:00:00
2004-08-15,17:00:00,43.0,1254.0,36.7,17.1,1.0398,2004-08-15 17:00:00
2004-08-15,18:00:00,60.0,1291.0,33.8,21.9,1.1303,2004-08-15 18:00:00
2004-08-15,19:00:00,81.0,1379.0,32.6,24.6,1.1885,2004-08-15 19:00:00
2004-08-15,20:00:00,87.0,1384.0,30.6,28.4,1.2247,2004-08-15 20:00:00
2004-08-15,21:00:00,85.0,1430.0,29.4,30.5,1.2288,2004-08-15 21:00:00
2004-08-15,22:00:00,91.0,1561.0,28.4,34.4,1.314,2004-08-15 22:00:00
2004-08-15,23:00:00,55.0,1399.0,28.3,34.1,1.2951,2004-08-15 23:00:00
2004-08-16,00:00:00,42.0,1367.0,27.8,35.2,1.2968,2004-08-16 00:00:00
2004-08-16,01:00:00,43.0,1377.0,25.3,39.7,1.2656,2004-08-16 01:00:00
2004-08-16,02:00:00,20.0,1337.0,24.5,41.5,1.2589,2004-08-16 02:00:00
2004-08-16,03:00:00,80.11538461538461,1267.0,24.8,39.8,1.2231,2004-08-16 03:00:00
2004-08-16,04:00:00,23.0,1244.0,23.3,41.9,1.1856,2004-08-16 04:00:00
2004-08-16,05:00:00,43.0,1306.0,21.5,45.6,1.1558,2004-08-16 05:00:00
2004-08-16,06:00:00,68.0,1446.0,21.3,47.0,1.1793,2004-08-16 06:00:00
2004-08-16,07:00:00,62.0,1534.0,22.2,45.0,1.1867,2004-08-16 07:00:00
2004-08-16,08:00:00,65.0,1616.0,23.6,40.8,1.1746,2004-08-16 08:00:00
2004-08-16,09:00:00,93.0,1624.0,27.1,32.4,1.1462,2004-08-16 09:00:00
2004-08-16,10:00:00,110.0,1515.0,33.4,20.1,1.0142,2004-08-16 10:00:00
2004-08-16,11:00:00,106.0,1369.0,35.3,17.0,0.9546,2004-08-16 11:00:00
2004-08-16,12:00:00,77.0,1363.0,37.4,14.7,0.9295,2004-08-16 12:00:00
2004-08-16,13:00:00,60.0,1277.0,38.6,14.6,0.9821,2004-08-16 13:00:00
2004-08-16,14:00:00,67.0,1256.0,35.8,17.8,1.0274,2004-08-16 14:00:00
2004-08-16,15:00:00,57.0,1267.0,38.4,16.4,1.0957,2004-08-16 15:00:00
2004-08-16,16:00:00,60.0,1346.0,39.7,15.3,1.0963,2004-08-16 16:00:00
2004-08-16,17:00:00,69.0,1420.0,38.8,15.8,1.0706,2004-08-16 17:00:00
2004-08-16,18:00:00,77.0,1463.0,35.2,22.3,1.2467,2004-08-16 18:00:00
2004-08-16,19:00:00,77.0,1503.0,31.7,28.2,1.2962,2004-08-16 19:00:00
2004-08-16,20:00:00,87.0,1543.0,30.4,30.9,1.3219,2004-08-16 20:00:00
2004-08-16,21:00:00,88.0,1508.0,29.5,32.1,1.3005,2004-08-16 21:00:00
2004-08-16,22:00:00,84.0,1459.0,28.0,34.9,1.2989,2004-08-16 22:00:00
2004-08-16,23:00:00,65.0,1443.0,28.2,36.6,1.3722,2004-08-16 23:00:00
2004-08-17,00:00:00,54.0,1460.0,26.5,40.7,1.3873,2004-08-17 00:00:00
2004-08-17,01:00:00,37.0,1349.0,28.3,36.7,1.3878,2004-08-17 01:00:00
2004-08-17,02:00:00,36.0,1385.0,25.7,43.8,1.4233,2004-08-17 02:00:00
2004-08-17,03:00:00,80.11538461538461,1397.0,24.3,49.0,1.4666,2004-08-17 03:00:00
2004-08-17,04:00:00,29.0,1346.0,24.3,48.3,1.4449,2004-08-17 04:00:00
2004-08-17,05:00:00,25.0,1354.0,23.6,49.2,1.4153,2004-08-17 05:00:00
2004-08-17,06:00:00,41.0,1493.0,22.2,53.9,1.4201,2004-08-17 06:00:00
2004-08-17,07:00:00,68.0,1761.0,22.5,52.3,1.41,2004-08-17 07:00:00
2004-08-17,08:00:00,82.0,1850.0,24.3,47.8,1.4321,2004-08-17 08:00:00
2004-08-17,09:00:00,137.0,1695.0,27.3,40.7,1.4548,2004-08-17 09:00:00
2004-08-17,10:00:00,119.0,1633.0,33.3,28.2,1.4189,2004-08-17 10:00:00
2004-08-17,11:00:00,130.4131736526946,1499.0,35.3,23.1,1.2989,2004-08-17 11:00:00
2004-08-17,12:00:00,124.45671641791044,1391.0,36.1,21.3,1.2502,2004-08-17 12:00:00
2004-08-17,13:00:00,119.31231231231232,1422.0,38.5,18.0,1.2055,2004-08-17 13:00:00
2004-08-17,14:00:00,116.46846846846847,1358.0,36.5,20.8,1.2446,2004-08-17 14:00:00
2004-08-17,15:00:00,117.19161676646706,1447.0,38.8,19.1,1.3035,2004-08-17 15:00:00
2004-08-17,16:00:00,123.31044776119403,1463.0,38.8,19.8,1.3513,2004-08-17 16:00:00
2004-08-17,17:00:00,135.8041543026706,1373.0,38.1,19.7,1.2928,2004-08-17 17:00:00
2004-08-17,18:00:00,145.91964285714286,1317.0,36.1,20.7,1.2151,2004-08-17 18:00:00
2004-08-17,19:00:00,150.0919881305638,1380.0,32.8,24.3,1.1894,2004-08-17 19:00:00
2004-08-17,20:00:00,145.1186943620178,1489.0,30.4,29.8,1.2712,2004-08-17 20:00:00
2004-08-17,21:00:00,130.91071428571428,1601.0,29.1,33.6,1.3314,2004-08-17 21:00:00
2004-08-17,22:00:00,115.0955223880597,1618.0,28.6,35.7,1.3726,2004-08-17 22:00:00
2004-08-17,23:00:00,108.07164179104478,1545.0,28.0,36.1,1.3425,2004-08-17 23:00:00
2004-08-18,00:00:00,103.32142857142857,1455.0,25.8,39.5,1.2949,2004-08-18 00:00:00
2004-08-18,01:00:00,90.50299401197604,1464.0,25.1,40.1,1.2544,2004-08-18 01:00:00
2004-08-18,02:00:00,75.4367469879518,1428.0,24.4,42.5,1.2854,2004-08-18 02:00:00
2004-08-18,03:00:00,80.11538461538461,1410.0,23.0,46.2,1.2783,2004-08-18 03:00:00
2004-08-18,04:00:00,58.62048192771084,1379.0,22.5,46.7,1.261,2004-08-18 04:00:00
2004-08-18,05:00:00,59.612612612612615,1389.0,22.9,45.7,1.2621,2004-08-18 05:00:00
2004-08-18,06:00:00,71.74251497005989,1450.0,23.8,41.8,1.2149,2004-08-18 06:00:00
2004-08-18,07:00:00,94.70958083832335,1633.0,24.4,42.6,1.2866,2004-08-18 07:00:00
2004-08-18,08:00:00,121.26829268292683,1624.0,27.3,36.8,1.3189,2004-08-18 08:00:00
2004-08-18,09:00:00,130.87687687687688,1498.0,29.6,35.4,1.4426,2004-08-18 09:00:00
2004-08-18,10:00:00,133.67857142857142,1501.0,34.6,28.3,1.5338,2004-08-18 10:00:00
2004-08-18,11:00:00,130.4131736526946,1576.0,33.1,32.6,1.6188,2004-08-18 11:00:00
2004-08-18,12:00:00,124.45671641791044,1567.0,33.3,33.1,1.6642,2004-08-18 12:00:00
2004-08-18,13:00:00,119.31231231231232,1518.0,34.6,30.1,1.6296,2004-08-18 13:00:00
2004-08-18,14:00:00,116.46846846846847,1514.0,34.9,29.5,1.6275,2004-08-18 14:00:00
2004-08-18,15:00:00,117.19161676646706,1590.0,35.6,28.5,1.6293,2004-08-18 15:00:00
2004-08-18,16:00:00,71.0,1590.0,36.4,27.1,1.6226,2004-08-18 16:00:00
2004-08-18,17:00:00,78.0,1650.0,36.8,26.2,1.5984,2004-08-18 17:00:00
2004-08-18,18:00:00,72.0,1630.0,36.4,26.8,1.6038,2004-08-18 18:00:00
2004-08-18,19:00:00,74.0,1671.0,33.3,32.8,1.6527,2004-08-18 19:00:00
2004-08-18,20:00:00,70.0,1683.0,31.3,39.5,1.7798,2004-08-18 20:00:00
2004-08-18,21:00:00,55.0,1693.0,29.9,44.7,1.8511,2004-08-18 21:00:00
2004-08-18,22:00:00,54.0,1624.0,29.1,48.4,1.9186,2004-08-18 22:00:00
2004-08-18,23:00:00,53.0,1686.0,28.0,52.9,1.964,2004-08-18 23:00:00
2004-08-19,00:00:00,46.0,1642.0,27.7,53.0,1.9423,2004-08-19 00:00:00
2004-08-19,01:00:00,38.0,1551.0,27.7,52.6,1.9202,2004-08-19 01:00:00
2004-08-19,02:00:00,30.0,1465.0,28.3,49.5,1.8782,2004-08-19 02:00:00
2004-08-19,03:00:00,80.11538461538461,1444.0,28.8,49.0,1.9112,2004-08-19 03:00:00
2004-08-19,04:00:00,16.0,1464.0,27.7,52.5,1.923,2004-08-19 04:00:00
2004-08-19,05:00:00,12.0,1494.0,27.5,53.0,1.9097,2004-08-19 05:00:00
2004-08-19,06:00:00,38.0,1605.0,27.1,54.4,1.9168,2004-08-19 06:00:00
2004-08-19,07:00:00,56.0,1734.0,27.6,52.1,1.8936,2004-08-19 07:00:00
2004-08-19,08:00:00,57.0,1697.0,29.0,48.5,1.9133,2004-08-19 08:00:00
2004-08-19,09:00:00,39.0,1612.0,31.0,42.9,1.8909,2004-08-19 09:00:00
2004-08-19,10:00:00,47.0,1640.0,32.5,39.4,1.8982,2004-08-19 10:00:00
2004-08-19,11:00:00,35.0,1614.0,36.9,30.9,1.8934,2004-08-19 11:00:00
2004-08-19,12:00:00,44.0,1606.0,36.2,30.6,1.8105,2004-08-19 12:00:00
2004-08-19,13:00:00,43.0,1549.0,37.7,27.7,1.778,2004-08-19 13:00:00
2004-08-19,14:00:00,34.0,1552.0,37.1,27.2,1.6874,2004-08-19 14:00:00
2004-08-19,15:00:00,36.0,1530.0,39.5,24.3,1.7216,2004-08-19 15:00:00
2004-08-19,16:00:00,44.0,1583.0,39.9,23.8,1.7127,2004-08-19 16:00:00
2004-08-19,17:00:00,63.0,1688.0,39.6,24.3,1.7255,2004-08-19 17:00:00
2004-08-19,18:00:00,60.0,1676.0,37.2,29.1,1.8185,2004-08-19 18:00:00
2004-08-19,19:00:00,66.0,1759.0,33.9,37.1,1.9264,2004-08-19 19:00:00
2004-08-19,20:00:00,68.0,1748.0,31.6,43.6,1.9944,2004-08-19 20:00:00
2004-08-19,21:00:00,130.91071428571428,1677.0,30.3,47.3,2.0034,2004-08-19 21:00:00
2004-08-19,22:00:00,115.0955223880597,1702.0,29.8,49.1,2.0248,2004-08-19 22:00:00
2004-08-19,23:00:00,108.07164179104478,1638.0,29.0,51.7,2.0375,2004-08-19 23:00:00
2004-08-20,00:00:00,103.32142857142857,1608.0,28.5,52.1,2.0036,2004-08-20 00:00:00
2004-08-20,01:00:00,90.50299401197604,1619.0,27.7,53.7,1.9661,2004-08-20 01:00:00
2004-08-20,02:00:00,75.4367469879518,1562.0,27.4,53.5,1.9267,2004-08-20 02:00:00
2004-08-20,03:00:00,80.11538461538461,1383.0,28.5,48.7,1.872,2004-08-20 03:00:00
2004-08-20,04:00:00,58.62048192771084,1353.0,28.9,48.4,1.8982,2004-08-20 04:00:00
2004-08-20,05:00:00,59.612612612612615,1484.0,27.1,54.8,1.9309,2004-08-20 05:00:00
2004-08-20,06:00:00,71.74251497005989,1595.0,26.1,59.0,1.9669,2004-08-20 06:00:00
2004-08-20,07:00:00,94.70958083832335,1792.0,26.7,58.0,2.0023,2004-08-20 07:00:00
2004-08-20,08:00:00,121.26829268292683,1931.0,27.9,54.9,2.0353,2004-08-20 08:00:00
2004-08-20,09:00:00,130.87687687687688,1753.0,29.7,50.5,2.0767,2004-08-20 09:00:00
2004-08-20,10:00:00,133.67857142857142,1690.0,32.2,41.4,1.9624,2004-08-20 10:00:00
2004-08-20,11:00:00,130.4131736526946,1665.0,35.6,32.2,1.8408,2004-08-20 11:00:00
2004-08-20,12:00:00,124.45671641791044,1632.0,35.7,31.4,1.8025,2004-08-20 12:00:00
2004-08-20,13:00:00,119.31231231231232,1537.0,35.5,34.9,1.9841,2004-08-20 13:00:00
2004-08-20,14:00:00,116.46846846846847,1522.0,35.0,35.5,1.962,2004-08-20 14:00:00
2004-08-20,15:00:00,117.19161676646706,1508.0,35.1,34.6,1.9255,2004-08-20 15:00:00
2004-08-20,16:00:00,123.31044776119403,1561.0,36.8,30.5,1.8572,2004-08-20 16:00:00
2004-08-20,17:00:00,135.8041543026706,1607.0,34.5,34.7,1.8667,2004-08-20 17:00:00
2004-08-20,18:00:00,145.91964285714286,1619.0,33.0,38.1,1.8813,2004-08-20 18:00:00
2004-08-20,19:00:00,150.0919881305638,1607.0,30.8,43.1,1.8761,2004-08-20 19:00:00
2004-08-20,20:00:00,145.1186943620178,1634.0,29.1,46.9,1.8652,2004-08-20 20:00:00
2004-08-20,21:00:00,130.91071428571428,1657.0,28.2,49.8,1.8795,2004-08-20 21:00:00
2004-08-20,22:00:00,115.0955223880597,1685.0,27.5,50.4,1.823,2004-08-20 22:00:00
2004-08-20,23:00:00,108.07164179104478,1632.0,27.3,49.1,1.7503,2004-08-20 23:00:00
2004-08-21,00:00:00,103.32142857142857,1563.0,26.7,46.7,1.6121,2004-08-21 00:00:00
2004-08-21,01:00:00,90.50299401197604,1502.0,26.0,45.0,1.4913,2004-08-21 01:00:00
2004-08-21,02:00:00,75.4367469879518,1407.0,25.0,47.3,1.4771,2004-08-21 02:00:00
2004-08-21,03:00:00,80.11538461538461,1300.0,25.3,44.3,1.4032,2004-08-21 03:00:00
2004-08-21,04:00:00,58.62048192771084,1320.0,24.3,46.3,1.3857,2004-08-21 04:00:00
2004-08-21,05:00:00,59.612612612612615,1332.0,24.8,43.4,1.3347,2004-08-21 05:00:00
2004-08-21,06:00:00,71.74251497005989,1342.0,24.5,40.6,1.2327,2004-08-21 06:00:00
2004-08-21,07:00:00,94.70958083832335,1331.0,25.7,36.9,1.1991,2004-08-21 07:00:00
2004-08-21,08:00:00,121.26829268292683,1323.0,26.8,35.0,1.2175,2004-08-21 08:00:00
2004-08-21,09:00:00,130.87687687687688,1309.0,28.0,34.9,1.3008,2004-08-21 09:00:00
2004-08-21,10:00:00,133.67857142857142,1368.0,29.0,34.1,1.3445,2004-08-21 10:00:00
2004-08-21,11:00:00,130.4131736526946,1332.0,30.4,30.8,1.3155,2004-08-21 11:00:00
2004-08-21,12:00:00,124.45671641791044,1328.0,32.4,26.3,1.2523,2004-08-21 12:00:00
2004-08-21,13:00:00,119.31231231231232,1336.0,31.0,28.9,1.277,2004-08-21 13:00:00
2004-08-21,14:00:00,116.46846846846847,1314.0,29.3,33.1,1.322,2004-08-21 14:00:00
2004-08-21,15:00:00,117.19161676646706,1354.0,26.9,35.2,1.2334,2004-08-21 15:00:00
2004-08-21,16:00:00,123.31044776119403,1368.0,28.1,34.2,1.2802,2004-08-21 16:00:00
2004-08-21,17:00:00,135.8041543026706,1328.0,28.5,29.4,1.1298,2004-08-21 17:00:00
2004-08-21,18:00:00,145.91964285714286,1395.0,27.3,31.0,1.111,2004-08-21 18:00:00
2004-08-21,19:00:00,150.0919881305638,1535.0,25.4,36.2,1.1562,2004-08-21 19:00:00
2004-08-21,20:00:00,145.1186943620178,1474.0,24.6,38.0,1.158,2004-08-21 20:00:00
2004-08-21,21:00:00,130.91071428571428,1425.0,24.3,41.6,1.2467,2004-08-21 21:00:00
2004-08-21,22:00:00,115.0955223880597,1426.0,24.9,40.8,1.2696,2004-08-21 22:00:00
2004-08-21,23:00:00,108.07164179104478,1483.0,23.8,44.7,1.3019,2004-08-21 23:00:00
2004-08-22,00:00:00,103.32142857142857,1549.0,22.8,49.8,1.367,2004-08-22 00:00:00
2004-08-22,01:00:00,90.50299401197604,1492.0,22.8,49.4,1.3568,2004-08-22 01:00:00
2004-08-22,02:00:00,75.4367469879518,1486.0,20.9,57.4,1.4037,2004-08-22 02:00:00
2004-08-22,03:00:00,80.11538461538461,1492.0,20.5,60.6,1.447,2004-08-22 03:00:00
2004-08-22,04:00:00,58.62048192771084,1426.0,19.6,63.7,1.4396,2004-08-22 04:00:00
2004-08-22,05:00:00,59.612612612612615,1415.0,19.4,64.5,1.4394,2004-08-22 05:00:00
2004-08-22,06:00:00,71.74251497005989,1389.0,18.6,67.4,1.4302,2004-08-22 06:00:00
2004-08-22,07:00:00,94.70958083832335,1455.0,19.6,63.7,1.4419,2004-08-22 07:00:00
2004-08-22,08:00:00,121.26829268292683,1448.0,21.7,56.4,1.4496,2004-08-22 08:00:00
2004-08-22,09:00:00,130.87687687687688,1519.0,25.2,47.4,1.4978,2004-08-22 09:00:00
2004-08-22,10:00:00,133.67857142857142,1512.0,30.4,34.1,1.4577,2004-08-22 10:00:00
2004-08-22,11:00:00,130.4131736526946,1407.0,33.4,25.1,1.2665,2004-08-22 11:00:00
2004-08-22,12:00:00,124.45671641791044,1305.0,35.5,18.2,1.0376,2004-08-22 12:00:00
2004-08-22,13:00:00,119.31231231231232,1127.0,35.1,15.7,0.8757,2004-08-22 13:00:00
2004-08-22,14:00:00,116.46846846846847,1110.0,33.3,17.1,0.8592,2004-08-22 14:00:00
2004-08-22,15:00:00,117.19161676646706,1084.0,36.6,11.8,0.7107,2004-08-22 15:00:00
2004-08-22,16:00:00,123.31044776119403,1104.0,38.3,10.0,0.6591,2004-08-22 16:00:00
2004-08-22,17:00:00,135.8041543026706,1144.0,37.3,10.9,0.6846,2004-08-22 17:00:00
2004-08-22,18:00:00,145.91964285714286,1347.0,34.6,20.0,1.0817,2004-08-22 18:00:00
2004-08-22,19:00:00,150.0919881305638,1447.0,30.4,28.2,1.204,2004-08-22 19:00:00
2004-08-22,20:00:00,145.1186943620178,1493.0,28.1,34.3,1.2821,2004-08-22 20:00:00
2004-08-22,21:00:00,130.91071428571428,1500.0,26.5,36.6,1.2484,2004-08-22 21:00:00
2004-08-22,22:00:00,115.0955223880597,1454.0,25.7,38.5,1.2548,2004-08-22 22:00:00
2004-08-22,23:00:00,108.07164179104478,1428.0,24.7,41.6,1.2751,2004-08-22 23:00:00
2004-08-23,00:00:00,103.32142857142857,1462.0,23.6,45.4,1.3067,2004-08-23 00:00:00
2004-08-23,01:00:00,90.50299401197604,1392.0,23.4,46.3,1.3134,2004-08-23 01:00:00
2004-08-23,02:00:00,75.4367469879518,1348.0,21.6,51.6,1.3171,2004-08-23 02:00:00
2004-08-23,03:00:00,80.11538461538461,1321.0,21.2,53.3,1.328,2004-08-23 03:00:00
2004-08-23,04:00:00,58.62048192771084,1306.0,20.6,55.1,1.3237,2004-08-23 04:00:00
2004-08-23,05:00:00,59.612612612612615,1288.0,22.1,49.6,1.3022,2004-08-23 05:00:00
2004-08-23,06:00:00,71.74251497005989,1384.0,21.1,51.6,1.2784,2004-08-23 06:00:00
2004-08-23,07:00:00,94.70958083832335,1486.0,21.8,48.6,1.2556,2004-08-23 07:00:00
2004-08-23,08:00:00,121.26829268292683,1766.0,21.7,49.1,1.2602,2004-08-23 08:00:00
2004-08-23,09:00:00,130.87687687687688,1659.0,25.3,41.7,1.3243,2004-08-23 09:00:00
2004-08-23,10:00:00,133.67857142857142,1572.0,30.3,30.9,1.3096,2004-08-23 10:00:00
2004-08-23,11:00:00,83.0,1466.0,32.9,24.9,1.2269,2004-08-23 11:00:00
2004-08-23,12:00:00,64.0,1408.0,34.4,23.5,1.2541,2004-08-23 12:00:00
2004-08-23,13:00:00,50.0,1344.0,34.3,22.5,1.1974,2004-08-23 13:00:00
2004-08-23,14:00:00,53.0,1305.0,33.4,21.6,1.0927,2004-08-23 14:00:00
2004-08-23,15:00:00,57.0,1314.0,36.1,18.4,1.0827,2004-08-23 15:00:00
2004-08-23,16:00:00,55.0,1258.0,37.3,15.4,0.9692,2004-08-23 16:00:00
2004-08-23,17:00:00,70.0,1363.0,36.8,16.2,0.9922,2004-08-23 17:00:00
2004-08-23,18:00:00,68.0,1406.0,34.9,20.9,1.1463,2004-08-23 18:00:00
2004-08-23,19:00:00,73.0,1442.0,30.8,26.5,1.1603,2004-08-23 19:00:00
2004-08-23,20:00:00,92.0,1480.0,28.9,28.3,1.1078,2004-08-23 20:00:00
2004-08-23,21:00:00,80.0,1410.0,27.0,30.7,1.079,2004-08-23 21:00:00
2004-08-23,22:00:00,60.0,1371.0,26.6,30.6,1.0459,2004-08-23 22:00:00
2004-08-23,23:00:00,49.0,1355.0,26.0,33.1,1.0955,2004-08-23 23:00:00
2004-08-24,00:00:00,53.0,1400.0,24.1,37.9,1.1204,2004-08-24 00:00:00
2004-08-24,01:00:00,50.0,1409.0,22.2,43.1,1.1396,2004-08-24 01:00:00
2004-08-24,02:00:00,34.0,1265.0,22.8,41.3,1.1284,2004-08-24 02:00:00
2004-08-24,03:00:00,80.11538461538461,1245.0,21.2,43.8,1.088,2004-08-24 03:00:00
2004-08-24,04:00:00,21.0,1208.0,21.7,42.6,1.0907,2004-08-24 04:00:00
2004-08-24,05:00:00,48.0,1270.0,20.2,47.1,1.1021,2004-08-24 05:00:00
2004-08-24,06:00:00,71.0,1392.0,20.1,47.8,1.1093,2004-08-24 06:00:00
2004-08-24,07:00:00,94.0,1515.0,20.6,45.5,1.0925,2004-08-24 07:00:00
2004-08-24,08:00:00,118.0,1662.0,22.4,41.1,1.0979,2004-08-24 08:00:00
2004-08-24,09:00:00,105.0,1509.0,25.0,36.6,1.143,2004-08-24 09:00:00
2004-08-24,10:00:00,122.0,1549.0,29.9,26.2,1.0891,2004-08-24 10:00:00
2004-08-24,11:00:00,121.0,1441.0,32.9,21.8,1.0714,2004-08-24 11:00:00
2004-08-24,12:00:00,115.0,1438.0,35.0,17.9,0.99,2004-08-24 12:00:00
2004-08-24,13:00:00,107.0,1363.0,34.6,18.2,0.9832,2004-08-24 13:00:00
2004-08-24,14:00:00,86.0,1343.0,33.8,22.8,1.1781,2004-08-24 14:00:00
2004-08-24,15:00:00,118.0,1509.0,36.3,19.5,1.1539,2004-08-24 15:00:00
2004-08-24,16:00:00,129.0,1549.0,38.3,17.9,1.181,2004-08-24 16:00:00
2004-08-24,17:00:00,90.0,1520.0,36.9,20.9,1.2864,2004-08-24 17:00:00
2004-08-24,18:00:00,87.0,1568.0,33.9,30.0,1.56,2004-08-24 18:00:00
2004-08-24,19:00:00,65.0,1604.0,29.8,43.4,1.7988,2004-08-24 19:00:00
2004-08-24,20:00:00,61.0,1568.0,27.5,50.4,1.8274,2004-08-24 20:00:00
2004-08-24,21:00:00,62.0,1604.0,27.5,50.4,1.8284,2004-08-24 21:00:00
2004-08-24,22:00:00,85.0,1639.0,28.1,48.0,1.7933,2004-08-24 22:00:00
2004-08-24,23:00:00,83.0,1678.0,26.9,49.6,1.7299,2004-08-24 23:00:00
2004-08-25,00:00:00,84.0,1609.0,26.0,48.0,1.5899,2004-08-25 00:00:00
2004-08-25,01:00:00,71.0,1559.0,24.9,50.6,1.5747,2004-08-25 01:00:00
2004-08-25,02:00:00,62.0,1464.0,23.7,53.2,1.5418,2004-08-25 02:00:00
2004-08-25,03:00:00,80.11538461538461,1363.0,24.5,50.9,1.5416,2004-08-25 03:00:00
2004-08-25,04:00:00,40.0,1439.0,22.9,56.1,1.5492,2004-08-25 04:00:00
2004-08-25,05:00:00,50.0,1493.0,23.3,55.5,1.5636,2004-08-25 05:00:00
2004-08-25,06:00:00,78.0,1581.0,23.6,54.2,1.5583,2004-08-25 06:00:00
2004-08-25,07:00:00,89.0,1815.0,24.9,52.9,1.643,2004-08-25 07:00:00
2004-08-25,08:00:00,106.0,2143.0,26.4,50.8,1.7166,2004-08-25 08:00:00
2004-08-25,09:00:00,107.0,1938.0,28.1,47.4,1.7753,2004-08-25 09:00:00
2004-08-25,10:00:00,93.0,1835.0,30.2,43.2,1.823,2004-08-25 10:00:00
2004-08-25,11:00:00,95.0,1729.0,31.2,41.9,1.871,2004-08-25 11:00:00
2004-08-25,12:00:00,78.0,1715.0,33.9,36.0,1.8692,2004-08-25 12:00:00
2004-08-25,13:00:00,76.0,1648.0,33.9,34.1,1.7754,2004-08-25 13:00:00
2004-08-25,14:00:00,66.0,1535.0,34.4,30.6,1.6402,2004-08-25 14:00:00
2004-08-25,15:00:00,71.0,1544.0,35.3,28.5,1.6034,2004-08-25 15:00:00
2004-08-25,16:00:00,61.0,1520.0,36.3,28.3,1.6851,2004-08-25 16:00:00
2004-08-25,17:00:00,73.0,1592.0,35.3,29.4,1.6577,2004-08-25 17:00:00
2004-08-25,18:00:00,54.0,1504.0,32.5,34.1,1.6453,2004-08-25 18:00:00
2004-08-25,19:00:00,53.0,1541.0,29.1,42.1,1.6695,2004-08-25 19:00:00
2004-08-25,20:00:00,69.0,1434.0,27.8,35.6,1.3116,2004-08-25 20:00:00
2004-08-25,21:00:00,77.0,1346.0,27.0,30.0,1.0542,2004-08-25 21:00:00
2004-08-25,22:00:00,83.0,1479.0,26.3,37.3,1.2555,2004-08-25 22:00:00
2004-08-25,23:00:00,94.0,1474.0,25.2,40.8,1.2877,2004-08-25 23:00:00
2004-08-26,00:00:00,84.0,1485.0,24.3,43.3,1.2973,2004-08-26 00:00:00
2004-08-26,01:00:00,55.0,1388.0,23.3,45.3,1.2794,2004-08-26 01:00:00
2004-08-26,02:00:00,35.0,1276.0,24.1,44.0,1.3034,2004-08-26 02:00:00
2004-08-26,03:00:00,80.11538461538461,1257.0,23.8,44.8,1.3061,2004-08-26 03:00:00
2004-08-26,04:00:00,31.0,1231.0,23.0,47.7,1.3232,2004-08-26 04:00:00
2004-08-26,05:00:00,45.0,1293.0,23.7,46.7,1.3501,2004-08-26 05:00:00
2004-08-26,06:00:00,59.0,1294.4782608695652,23.61521739130435,46.97391304347826,1.350108695652174,2004-08-26 06:00:00
2004-08-26,07:00:00,83.0,1295.9565217391305,23.530434782608694,47.24782608695652,1.3501173913043478,2004-08-26 07:00:00
2004-08-26,08:00:00,90.0,1297.4347826086957,23.445652173913043,47.52173913043479,1.350126086956522,2004-08-26 08:00:00
2004-08-26,09:00:00,87.0,1298.9130434782608,23.360869565217392,47.79565217391305,1.3501347826086958,2004-08-26 09:00:00
2004-08-26,10:00:00,83.0,1300.391304347826,23.276086956521738,48.06956521739131,1.3501434782608697,2004-08-26 10:00:00
2004-08-26,11:00:00,71.0,1301.8695652173913,23.191304347826087,48.34347826086957,1.3501521739130435,2004-08-26 11:00:00
2004-08-26,12:00:00,77.0,1303.3478260869565,23.106521739130436,48.61739130434783,1.3501608695652174,2004-08-26 12:00:00
2004-08-26,13:00:00,75.0,1304.8260869565217,23.02173913043478,48.891304347826086,1.3501695652173913,2004-08-26 13:00:00
2004-08-26,14:00:00,52.0,1306.304347826087,22.93695652173913,49.16521739130435,1.3501782608695654,2004-08-26 14:00:00
2004-08-26,15:00:00,76.0,1307.7826086956522,22.85217391304348,49.43913043478261,1.3501869565217393,2004-08-26 15:00:00
2004-08-26,16:00:00,60.0,1309.2608695652175,22.767391304347825,49.71304347826087,1.3501956521739131,2004-08-26 16:00:00
2004-08-26,17:00:00,99.0,1310.7391304347825,22.682608695652174,49.98695652173913,1.350204347826087,2004-08-26 17:00:00
2004-08-26,18:00:00,88.0,1312.2173913043478,22.597826086956523,50.26086956521739,1.3502130434782609,2004-08-26 18:00:00
2004-08-26,19:00:00,91.0,1313.695652173913,22.51304347826087,50.53478260869565,1.3502217391304348,2004-08-26 19:00:00
2004-08-26,20:00:00,91.0,1315.1739130434783,22.428260869565218,50.80869565217392,1.3502304347826088,2004-08-26 20:00:00
2004-08-26,21:00:00,68.0,1316.6521739130435,22.343478260869563,51.082608695652176,1.3502391304347827,2004-08-26 21:00:00
2004-08-26,22:00:00,71.0,1318.1304347826087,22.258695652173913,51.356521739130436,1.3502478260869566,2004-08-26 22:00:00
2004-08-26,23:00:00,49.0,1319.608695652174,22.17391304347826,51.630434782608695,1.3502565217391305,2004-08-26 23:00:00
2004-08-27,00:00:00,71.0,1321.0869565217392,22.089130434782607,51.904347826086955,1.3502652173913043,2004-08-27 00:00:00
2004-08-27,01:00:00,76.0,1322.5652173913043,22.004347826086956,52.17826086956522,1.3502739130434782,2004-08-27 01:00:00
2004-08-27,02:00:00,67.0,1324.0434782608695,21.919565217391305,52.45217391304348,1.3502826086956523,2004-08-27 02:00:00
2004-08-27,03:00:00,80.11538461538461,1325.5217391304348,21.83478260869565,52.72608695652174,1.3502913043478262,2004-08-27 03:00:00
2004-08-27,04:00:00,58.0,1327.0,21.75,53.0,1.3503,2004-08-27 04:00:00
2004-08-27,05:00:00,53.0,1328.4782608695652,21.66521739130435,53.27391304347826,1.350308695652174,2004-08-27 05:00:00
2004-08-27,06:00:00,52.0,1329.9565217391305,21.580434782608695,53.54782608695652,1.3503173913043478,2004-08-27 06:00:00
2004-08-27,07:00:00,68.0,1331.4347826086957,21.495652173913044,53.82173913043478,1.350326086956522,2004-08-27 07:00:00
2004-08-27,08:00:00,69.0,1332.9130434782608,21.410869565217393,54.095652173913045,1.3503347826086958,2004-08-27 08:00:00
2004-08-27,09:00:00,83.0,1334.391304347826,21.32608695652174,54.369565217391305,1.3503434782608696,2004-08-27 09:00:00
2004-08-27,10:00:00,99.0,1335.8695652173913,21.241304347826087,54.643478260869564,1.3503521739130435,2004-08-27 10:00:00
2004-08-27,11:00:00,101.0,1337.3478260869565,21.156521739130437,54.917391304347824,1.3503608695652174,2004-08-27 11:00:00
2004-08-27,12:00:00,104.0,1338.8260869565217,21.071739130434782,55.19130434782608,1.3503695652173913,2004-08-27 12:00:00
2004-08-27,13:00:00,89.0,1340.304347826087,20.98695652173913,55.46521739130435,1.3503782608695654,2004-08-27 13:00:00
2004-08-27,14:00:00,88.0,1341.7826086956522,20.902173913043477,55.73913043478261,1.3503869565217392,2004-08-27 14:00:00
2004-08-27,15:00:00,89.0,1343.2608695652175,20.817391304347826,56.01304347826087,1.350395652173913,2004-08-27 15:00:00
2004-08-27,16:00:00,92.0,1344.7391304347825,20.732608695652175,56.28695652173913,1.350404347826087,2004-08-27 16:00:00
2004-08-27,17:00:00,109.0,1346.2173913043478,20.64782608695652,56.56086956521739,1.3504130434782609,2004-08-27 17:00:00
2004-08-27,18:00:00,107.0,1347.695652173913,20.56304347826087,56.83478260869565,1.3504217391304347,2004-08-27 18:00:00
2004-08-27,19:00:00,116.0,1349.1739130434783,20.47826086956522,57.10869565217391,1.3504304347826088,2004-08-27 19:00:00
2004-08-27,20:00:00,124.0,1350.6521739130435,20.393478260869564,57.38260869565217,1.3504391304347827,2004-08-27 20:00:00
2004-08-27,21:00:00,112.0,1352.1304347826087,20.308695652173913,57.65652173913043,1.3504478260869566,2004-08-27 21:00:00
2004-08-27,22:00:00,99.0,1353.608695652174,20.223913043478262,57.93043478260869,1.3504565217391304,2004-08-27 22:00:00
2004-08-27,23:00:00,85.0,1355.086956521739,20.139130434782608,58.20434782608695,1.3504652173913043,2004-08-27 23:00:00
2004-08-28,00:00:00,69.0,1356.5652173913043,20.054347826086957,58.47826086956522,1.3504739130434782,2004-08-28 00:00:00
2004-08-28,01:00:00,58.0,1358.0434782608695,19.969565217391306,58.75217391304348,1.3504826086956523,2004-08-28 01:00:00
2004-08-28,02:00:00,49.0,1359.5217391304348,19.88478260869565,59.02608695652174,1.3504913043478262,2004-08-28 02:00:00
2004-08-28,03:00:00,80.11538461538461,1361.0,19.8,59.3,1.3505,2004-08-28 03:00:00
2004-08-28,04:00:00,56.0,1322.0,20.0,59.3,1.3681,2004-08-28 04:00:00
2004-08-28,05:00:00,33.0,1255.0,22.5,48.6,1.3077,2004-08-28 05:00:00
2004-08-28,06:00:00,39.0,1303.0,19.5,57.0,1.2739,2004-08-28 06:00:00
2004-08-28,07:00:00,43.0,1330.0,19.6,56.1,1.2651,2004-08-28 07:00:00
2004-08-28,08:00:00,62.0,1483.0,20.7,53.3,1.287,2004-08-28 08:00:00
2004-08-28,09:00:00,81.0,1512.0,24.7,41.8,1.2839,2004-08-28 09:00:00
2004-08-28,10:00:00,102.0,1570.0,29.9,30.5,1.2616,2004-08-28 10:00:00
2004-08-28,11:00:00,86.0,1478.0,32.3,27.2,1.2933,2004-08-28 11:00:00
2004-08-28,12:00:00,37.0,1468.0,34.3,24.5,1.3021,2004-08-28 12:00:00
2004-08-28,13:00:00,64.0,1361.0,33.4,22.5,1.1398,2004-08-28 13:00:00
2004-08-28,14:00:00,116.46846846846847,1294.0,32.7,22.8,1.1069,2004-08-28 14:00:00
2004-08-28,15:00:00,117.19161676646706,1332.0,34.5,20.5,1.1028,2004-08-28 15:00:00
2004-08-28,16:00:00,123.31044776119403,1379.0,35.9,20.3,1.18,2004-08-28 16:00:00
2004-08-28,17:00:00,135.8041543026706,1481.0,35.8,23.0,1.3323,2004-08-28 17:00:00
2004-08-28,18:00:00,145.91964285714286,1502.0,33.5,29.0,1.4797,2004-08-28 18:00:00
2004-08-28,19:00:00,150.0919881305638,1613.0,29.8,39.6,1.6324,2004-08-28 19:00:00
2004-08-28,20:00:00,145.1186943620178,1539.0,27.9,43.1,1.6004,2004-08-28 20:00:00
2004-08-28,21:00:00,130.91071428571428,1648.0,27.3,44.5,1.5885,2004-08-28 21:00:00
2004-08-28,22:00:00,115.0955223880597,1617.0,26.0,47.6,1.5806,2004-08-28 22:00:00
2004-08-28,23:00:00,108.07164179104478,1690.0,25.3,52.9,1.6765,2004-08-28 23:00:00
2004-08-29,00:00:00,103.32142857142857,1592.0,24.5,56.3,1.7026,2004-08-29 00:00:00
2004-08-29,01:00:00,90.50299401197604,1605.0,23.5,59.8,1.7141,2004-08-29 01:00:00
2004-08-29,02:00:00,75.4367469879518,1580.0,22.6,62.6,1.6945,2004-08-29 02:00:00
2004-08-29,03:00:00,80.11538461538461,1537.0,21.8,64.6,1.6721,2004-08-29 03:00:00
2004-08-29,04:00:00,58.62048192771084,1529.0,21.0,66.9,1.6454,2004-08-29 04:00:00
2004-08-29,05:00:00,59.612612612612615,1476.0,21.2,66.4,1.6468,2004-08-29 05:00:00
2004-08-29,06:00:00,71.74251497005989,1463.0,21.0,66.5,1.6344,2004-08-29 06:00:00
2004-08-29,07:00:00,94.70958083832335,1445.0,21.3,64.1,1.6043,2004-08-29 07:00:00
2004-08-29,08:00:00,121.26829268292683,1518.0,22.7,58.1,1.5856,2004-08-29 08:00:00
2004-08-29,09:00:00,130.87687687687688,1460.0,25.1,51.8,1.6304,2004-08-29 09:00:00
2004-08-29,10:00:00,133.67857142857142,1561.0,29.5,39.0,1.5868,2004-08-29 10:00:00
2004-08-29,11:00:00,130.4131736526946,1511.0,32.3,31.8,1.5128,2004-08-29 11:00:00
2004-08-29,12:00:00,124.45671641791044,1435.0,33.6,28.9,1.4792,2004-08-29 12:00:00
2004-08-29,13:00:00,119.31231231231232,1377.0,31.9,28.2,1.3116,2004-08-29 13:00:00
2004-08-29,14:00:00,116.46846846846847,1343.0,32.5,25.9,1.2437,2004-08-29 14:00:00
2004-08-29,15:00:00,117.19161676646706,1352.0,34.1,23.4,1.2307,2004-08-29 15:00:00
2004-08-29,16:00:00,123.31044776119403,1397.0,36.2,21.4,1.2664,2004-08-29 16:00:00
2004-08-29,17:00:00,135.8041543026706,1534.0,35.6,22.6,1.2984,2004-08-29 17:00:00
2004-08-29,18:00:00,145.91964285714286,1530.0,33.6,25.7,1.3101,2004-08-29 18:00:00
2004-08-29,19:00:00,150.0919881305638,1807.0,29.9,35.2,1.4603,2004-08-29 19:00:00
2004-08-29,20:00:00,145.1186943620178,1694.0,28.3,39.2,1.4826,2004-08-29 20:00:00
2004-08-29,21:00:00,130.91071428571428,1602.0,27.0,43.0,1.5118,2004-08-29 21:00:00
2004-08-29,22:00:00,115.0955223880597,1635.0,26.2,46.8,1.5669,2004-08-29 22:00:00
2004-08-29,23:00:00,108.07164179104478,1764.0,25.1,51.5,1.621,2004-08-29 23:00:00
2004-08-30,00:00:00,103.32142857142857,1589.0,24.1,55.3,1.6363,2004-08-30 00:00:00
2004-08-30,01:00:00,90.50299401197604,1474.0,23.8,57.8,1.677,2004-08-30 01:00:00
2004-08-30,02:00:00,75.4367469879518,1376.0,23.7,56.2,1.6255,2004-08-30 02:00:00
2004-08-30,03:00:00,80.11538461538461,1328.0,24.8,52.2,1.6086,2004-08-30 03:00:00
2004-08-30,04:00:00,58.62048192771084,1350.0,22.9,59.4,1.6353,2004-08-30 04:00:00
2004-08-30,05:00:00,59.612612612612615,1463.0,22.0,62.3,1.6266,2004-08-30 05:00:00
2004-08-30,06:00:00,71.74251497005989,1609.0,21.5,64.0,1.6256,2004-08-30 06:00:00
2004-08-30,07:00:00,94.70958083832335,2133.0,22.6,60.3,1.6287,2004-08-30 07:00:00
2004-08-30,08:00:00,121.26829268292683,2381.0,23.8,56.5,1.64,2004-08-30 08:00:00
2004-08-30,09:00:00,130.87687687687688,2007.0,25.7,50.6,1.6475,2004-08-30 09:00:00
2004-08-30,10:00:00,133.67857142857142,1818.0,27.8,45.4,1.6751,2004-08-30 10:00:00
2004-08-30,11:00:00,130.4131736526946,1747.0,29.9,39.6,1.6397,2004-08-30 11:00:00
2004-08-30,12:00:00,124.45671641791044,1653.0,31.6,34.7,1.589,2004-08-30 12:00:00
2004-08-30,13:00:00,119.31231231231232,1644.0,31.5,34.4,1.5665,2004-08-30 13:00:00
2004-08-30,14:00:00,116.46846846846847,1553.0,31.2,35.0,1.5669,2004-08-30 14:00:00
2004-08-30,15:00:00,117.19161676646706,1719.0,33.0,31.4,1.5583,2004-08-30 15:00:00
2004-08-30,16:00:00,123.31044776119403,1716.0,33.8,29.2,1.5143,2004-08-30 16:00:00
2004-08-30,17:00:00,135.8041543026706,1711.0,33.0,29.5,1.4613,2004-08-30 17:00:00
2004-08-30,18:00:00,145.91964285714286,1757.0,32.3,30.2,1.4347,2004-08-30 18:00:00
2004-08-30,19:00:00,150.0919881305638,1677.0,28.4,38.4,1.4616,2004-08-30 19:00:00
2004-08-30,20:00:00,145.1186943620178,1649.0,26.9,43.2,1.5052,2004-08-30 20:00:00
2004-08-30,21:00:00,130.91071428571428,1649.0,26.0,43.6,1.4407,2004-08-30 21:00:00
2004-08-30,22:00:00,115.0955223880597,1581.0,25.0,47.6,1.4872,2004-08-30 22:00:00
2004-08-30,23:00:00,108.07164179104478,1539.0,24.6,50.9,1.5508,2004-08-30 23:00:00
2004-08-31,00:00:00,103.32142857142857,1467.0,24.0,55.6,1.6381,2004-08-31 00:00:00
2004-08-31,01:00:00,90.50299401197604,1482.0,23.5,58.3,1.6672,2004-08-31 01:00:00
2004-08-31,02:00:00,75.4367469879518,1401.0,22.7,60.8,1.6519,2004-08-31 02:00:00
2004-08-31,03:00:00,80.11538461538461,1347.0,24.1,55.5,1.6481,2004-08-31 03:00:00
2004-08-31,04:00:00,58.62048192771084,1399.0,22.5,60.9,1.6424,2004-08-31 04:00:00
2004-08-31,05:00:00,59.612612612612615,1487.0,22.0,64.5,1.6847,2004-08-31 05:00:00
2004-08-31,06:00:00,71.74251497005989,1555.0,22.3,62.9,1.6754,2004-08-31 06:00:00
2004-08-31,07:00:00,94.70958083832335,2098.0,23.1,60.0,1.6711,2004-08-31 07:00:00
2004-08-31,08:00:00,121.26829268292683,2231.0,24.7,55.1,1.6872,2004-08-31 08:00:00
2004-08-31,09:00:00,130.87687687687688,1911.0,27.7,46.1,1.6852,2004-08-31 09:00:00
2004-08-31,10:00:00,133.67857142857142,1874.0,29.8,38.8,1.6029,2004-08-31 10:00:00
2004-08-31,11:00:00,130.4131736526946,1884.0,31.5,32.6,1.478,2004-08-31 11:00:00
2004-08-31,12:00:00,124.45671641791044,1770.0,31.8,30.5,1.4083,2004-08-31 12:00:00
2004-08-31,13:00:00,119.31231231231232,1716.0,31.4,31.8,1.441,2004-08-31 13:00:00
2004-08-31,14:00:00,116.46846846846847,1583.0,32.5,28.7,1.3796,2004-08-31 14:00:00
2004-08-31,15:00:00,101.0,1625.0,33.8,25.8,1.3338,2004-08-31 15:00:00
2004-08-31,16:00:00,71.0,1560.0,34.5,28.6,1.5393,2004-08-31 16:00:00
2004-08-31,17:00:00,82.0,1676.0,32.7,33.0,1.5987,2004-08-31 17:00:00
2004-08-31,18:00:00,104.0,1806.0,31.4,35.4,1.5972,2004-08-31 18:00:00
2004-08-31,19:00:00,105.0,1816.0,27.7,43.5,1.592,2004-08-31 19:00:00
2004-08-31,20:00:00,87.0,1694.0,26.2,47.8,1.5979,2004-08-31 20:00:00
2004-08-31,21:00:00,98.0,1730.0,25.7,48.7,1.5825,2004-08-31 21:00:00
2004-08-31,22:00:00,105.0,1655.0,25.2,50.1,1.58,2004-08-31 22:00:00
2004-08-31,23:00:00,104.0,1672.0,24.4,53.4,1.6031,2004-08-31 23:00:00
2004-09-01,00:00:00,96.0,1637.0,23.7,55.4,1.6031,2004-09-01 00:00:00
2004-09-01,01:00:00,79.0,1544.0,22.8,58.5,1.5992,2004-09-01 01:00:00
2004-09-01,02:00:00,61.0,1412.0,22.8,58.5,1.5985,2004-09-01 02:00:00
2004-09-01,03:00:00,80.11538461538461,1378.0,22.3,59.7,1.5889,2004-09-01 03:00:00
2004-09-01,04:00:00,48.0,1391.0,20.8,64.9,1.571,2004-09-01 04:00:00
2004-09-01,05:00:00,63.0,1418.0,19.7,66.8,1.5184,2004-09-01 05:00:00
2004-09-01,06:00:00,92.0,1556.0,19.8,64.3,1.4678,2004-09-01 06:00:00
2004-09-01,07:00:00,99.0,2001.0,20.6,62.3,1.4915,2004-09-01 07:00:00
2004-09-01,08:00:00,117.0,2555.0,23.2,54.0,1.5143,2004-09-01 08:00:00
2004-09-01,09:00:00,142.0,1941.0,26.3,43.1,1.4542,2004-09-01 09:00:00
2004-09-01,10:00:00,121.0,1705.0,29.1,35.4,1.4008,2004-09-01 10:00:00
2004-09-01,11:00:00,122.0,1603.0,30.0,31.6,1.3176,2004-09-01 11:00:00
2004-09-01,12:00:00,108.0,1675.0,32.4,26.3,1.2594,2004-09-01 12:00:00
2004-09-01,13:00:00,80.0,1588.0,31.3,29.1,1.3054,2004-09-01 13:00:00
2004-09-01,14:00:00,93.0,1580.0,31.1,28.6,1.2718,2004-09-01 14:00:00
2004-09-01,15:00:00,108.0,1601.0,33.3,24.4,1.232,2004-09-01 15:00:00
2004-09-01,16:00:00,118.0,1588.0,35.5,21.2,1.2022,2004-09-01 16:00:00
2004-09-01,17:00:00,149.0,1791.0,34.6,22.0,1.189,2004-09-01 17:00:00
2004-09-01,18:00:00,171.0,1868.0,33.3,23.6,1.1842,2004-09-01 18:00:00
2004-09-01,19:00:00,154.0,2061.0,30.0,28.5,1.1896,2004-09-01 19:00:00
2004-09-01,20:00:00,122.0,1708.0,28.0,33.0,1.2264,2004-09-01 20:00:00
2004-09-01,21:00:00,126.0,1612.0,27.2,37.4,1.3279,2004-09-01 21:00:00
2004-09-01,22:00:00,121.0,1560.0,26.6,39.9,1.3657,2004-09-01 22:00:00
2004-09-01,23:00:00,125.0,1632.0,25.3,41.7,1.3247,2004-09-01 23:00:00
2004-09-02,00:00:00,126.0,1663.0,24.3,44.7,1.3432,2004-09-02 00:00:00
2004-09-02,01:00:00,96.0,1484.0,24.4,45.6,1.3779,2004-09-02 01:00:00
2004-09-02,02:00:00,73.0,1416.0,23.1,49.9,1.3891,2004-09-02 02:00:00
2004-09-02,03:00:00,80.11538461538461,1312.0,22.7,51.3,1.3977,2004-09-02 03:00:00
2004-09-02,04:00:00,65.0,1348.0,21.8,54.1,1.4004,2004-09-02 04:00:00
2004-09-02,05:00:00,90.0,1394.0,21.0,56.9,1.3999,2004-09-02 05:00:00
2004-09-02,06:00:00,58.0,1471.0,21.8,55.5,1.4323,2004-09-02 06:00:00
2004-09-02,07:00:00,27.0,1997.0,21.6,57.2,1.4607,2004-09-02 07:00:00
2004-09-02,08:00:00,67.0,2366.0,22.8,54.2,1.4886,2004-09-02 08:00:00
2004-09-02,09:00:00,96.0,1940.0,26.2,45.0,1.5098,2004-09-02 09:00:00
2004-09-02,10:00:00,133.67857142857142,1824.0,30.8,34.8,1.5165,2004-09-02 10:00:00
2004-09-02,11:00:00,130.4131736526946,1767.0,34.1,28.8,1.5105,2004-09-02 11:00:00
2004-09-02,12:00:00,124.45671641791044,1726.0,35.9,24.7,1.437,2004-09-02 12:00:00
2004-09-02,13:00:00,119.31231231231232,1587.0,33.7,25.1,1.2915,2004-09-02 13:00:00
2004-09-02,14:00:00,116.46846846846847,1569.0,34.4,24.0,1.279,2004-09-02 14:00:00
2004-09-02,15:00:00,117.19161676646706,1635.0,36.4,20.3,1.214,2004-09-02 15:00:00
2004-09-02,16:00:00,123.31044776119403,1570.0,38.7,17.3,1.1729,2004-09-02 16:00:00
2004-09-02,17:00:00,135.8041543026706,1626.0,37.2,18.9,1.1774,2004-09-02 17:00:00
2004-09-02,18:00:00,145.91964285714286,1917.0,36.1,20.0,1.1767,2004-09-02 18:00:00
2004-09-02,19:00:00,150.0919881305638,2069.0,32.8,29.4,1.4344,2004-09-02 19:00:00
2004-09-02,20:00:00,145.1186943620178,1809.0,30.0,35.9,1.4958,2004-09-02 20:00:00
2004-09-02,21:00:00,130.91071428571428,1616.0,28.7,38.2,1.4794,2004-09-02 21:00:00
2004-09-02,22:00:00,115.0955223880597,1557.0,28.1,40.4,1.512,2004-09-02 22:00:00
2004-09-02,23:00:00,108.07164179104478,1540.0,27.4,41.4,1.4877,2004-09-02 23:00:00
2004-09-03,00:00:00,103.32142857142857,1554.0,26.4,44.0,1.4919,2004-09-03 00:00:00
2004-09-03,01:00:00,90.50299401197604,1495.0,24.9,47.9,1.4855,2004-09-03 01:00:00
2004-09-03,02:00:00,75.4367469879518,1407.0,24.0,50.3,1.476,2004-09-03 02:00:00
2004-09-03,03:00:00,80.11538461538461,1356.0,25.2,47.9,1.5129,2004-09-03 03:00:00
2004-09-03,04:00:00,58.62048192771084,1316.0,24.2,50.6,1.5011,2004-09-03 04:00:00
2004-09-03,05:00:00,59.612612612612615,1354.0,23.1,55.0,1.5357,2004-09-03 05:00:00
2004-09-03,06:00:00,71.74251497005989,1438.0,22.9,56.2,1.5522,2004-09-03 06:00:00
2004-09-03,07:00:00,94.70958083832335,1953.0,22.0,59.3,1.5523,2004-09-03 07:00:00
2004-09-03,08:00:00,121.26829268292683,2537.0,23.7,54.0,1.5627,2004-09-03 08:00:00
2004-09-03,09:00:00,130.87687687687688,1989.0,26.7,45.7,1.5747,2004-09-03 09:00:00
2004-09-03,10:00:00,133.67857142857142,1941.0,31.4,34.5,1.5599,2004-09-03 10:00:00
2004-09-03,11:00:00,130.4131736526946,1832.0,34.5,28.5,1.5324,2004-09-03 11:00:00
2004-09-03,12:00:00,124.45671641791044,1636.0,36.4,23.6,1.4064,2004-09-03 12:00:00
2004-09-03,13:00:00,119.31231231231232,1570.0,35.1,23.2,1.2884,2004-09-03 13:00:00
2004-09-03,14:00:00,116.46846846846847,1585.0,35.7,22.2,1.2765,2004-09-03 14:00:00
2004-09-03,15:00:00,117.19161676646706,1609.0,37.6,19.6,1.2534,2004-09-03 15:00:00
2004-09-03,16:00:00,123.31044776119403,1623.0,38.8,17.6,1.1979,2004-09-03 16:00:00
2004-09-03,17:00:00,135.8041543026706,1830.0,39.3,16.0,1.1138,2004-09-03 17:00:00
2004-09-03,18:00:00,145.91964285714286,1961.0,37.0,23.6,1.4639,2004-09-03 18:00:00
2004-09-03,19:00:00,150.0919881305638,2092.0,33.2,30.1,1.5095,2004-09-03 19:00:00
2004-09-03,20:00:00,145.1186943620178,1843.0,31.0,33.1,1.462,2004-09-03 20:00:00
2004-09-03,21:00:00,130.91071428571428,1662.0,29.5,33.4,1.3562,2004-09-03 21:00:00
2004-09-03,22:00:00,115.0955223880597,1460.0,29.1,36.7,1.4502,2004-09-03 22:00:00
2004-09-03,23:00:00,108.07164179104478,1516.0,27.8,40.7,1.5002,2004-09-03 23:00:00
2004-09-04,00:00:00,103.32142857142857,1628.0,26.0,45.3,1.4999,2004-09-04 00:00:00
2004-09-04,01:00:00,90.50299401197604,1430.0,25.8,45.4,1.487,2004-09-04 01:00:00
2004-09-04,02:00:00,75.4367469879518,1400.0,25.4,45.9,1.4684,2004-09-04 02:00:00
2004-09-04,03:00:00,80.11538461538461,1409.0,25.2,46.4,1.464,2004-09-04 03:00:00
2004-09-04,04:00:00,58.62048192771084,1431.0,23.0,52.7,1.4568,2004-09-04 04:00:00
2004-09-04,05:00:00,59.612612612612615,1419.0,22.1,54.5,1.4337,2004-09-04 05:00:00
2004-09-04,06:00:00,71.74251497005989,1467.0,22.5,53.6,1.4422,2004-09-04 06:00:00
2004-09-04,07:00:00,94.70958083832335,1613.0,22.0,55.4,1.4436,2004-09-04 07:00:00
2004-09-04,08:00:00,121.26829268292683,1681.0,23.4,51.6,1.4639,2004-09-04 08:00:00
2004-09-04,09:00:00,130.87687687687688,1634.0,26.7,43.0,1.4808,2004-09-04 09:00:00
2004-09-04,10:00:00,133.67857142857142,1644.0,31.3,32.9,1.4771,2004-09-04 10:00:00
2004-09-04,11:00:00,130.4131736526946,1697.0,34.8,27.1,1.4837,2004-09-04 11:00:00
2004-09-04,12:00:00,124.45671641791044,1637.0,38.3,21.5,1.4263,2004-09-04 12:00:00
2004-09-04,13:00:00,119.31231231231232,1459.0,37.1,21.2,1.3107,2004-09-04 13:00:00
2004-09-04,14:00:00,116.46846846846847,1351.0,37.3,20.3,1.2771,2004-09-04 14:00:00
2004-09-04,15:00:00,117.19161676646706,1373.0,38.3,19.3,1.2736,2004-09-04 15:00:00
2004-09-04,16:00:00,123.31044776119403,1564.0,40.7,17.0,1.2793,2004-09-04 16:00:00
2004-09-04,17:00:00,135.8041543026706,1580.0,39.5,18.5,1.3076,2004-09-04 17:00:00
2004-09-04,18:00:00,145.91964285714286,1538.0,36.6,22.6,1.3664,2004-09-04 18:00:00
2004-09-04,19:00:00,150.0919881305638,1524.0,32.8,28.2,1.3842,2004-09-04 19:00:00
2004-09-04,20:00:00,145.1186943620178,1408.0,30.7,30.7,1.3338,2004-09-04 20:00:00
2004-09-04,21:00:00,130.91071428571428,1490.0,30.1,28.7,1.2052,2004-09-04 21:00:00
2004-09-04,22:00:00,115.0955223880597,1369.0,29.7,25.4,1.044,2004-09-04 22:00:00
2004-09-04,23:00:00,108.07164179104478,1537.0,29.6,24.3,0.9889,2004-09-04 23:00:00
2004-09-05,00:00:00,103.32142857142857,2052.0,28.0,29.1,1.0846,2004-09-05 00:00:00
2004-09-05,01:00:00,90.50299401197604,1694.0,27.2,33.3,1.1788,2004-09-05 01:00:00
2004-09-05,02:00:00,75.4367469879518,1376.0,27.5,30.9,1.1155,2004-09-05 02:00:00
2004-09-05,03:00:00,80.11538461538461,1264.0,27.1,33.3,1.1762,2004-09-05 03:00:00
2004-09-05,04:00:00,58.62048192771084,1335.0,26.4,35.1,1.1919,2004-09-05 04:00:00
2004-09-05,05:00:00,59.612612612612615,1338.0,25.6,37.6,1.2131,2004-09-05 05:00:00
2004-09-05,06:00:00,71.74251497005989,1252.0,25.4,38.6,1.2352,2004-09-05 06:00:00
2004-09-05,07:00:00,94.70958083832335,1250.0,25.5,38.2,1.2296,2004-09-05 07:00:00
2004-09-05,08:00:00,121.26829268292683,1231.0,27.0,34.3,1.2089,2004-09-05 08:00:00
2004-09-05,09:00:00,130.87687687687688,1248.0,29.9,29.6,1.2296,2004-09-05 09:00:00
2004-09-05,10:00:00,133.67857142857142,1254.0,31.9,26.8,1.2477,2004-09-05 10:00:00
2004-09-05,11:00:00,130.4131736526946,1214.0,33.0,23.5,1.1583,2004-09-05 11:00:00
2004-09-05,12:00:00,124.45671641791044,1193.0,34.5,19.3,1.0369,2004-09-05 12:00:00
2004-09-05,13:00:00,119.31231231231232,1138.0,33.2,19.0,0.9533,2004-09-05 13:00:00
2004-09-05,14:00:00,116.46846846846847,1106.0,32.2,20.5,0.9699,2004-09-05 14:00:00
2004-09-05,15:00:00,117.19161676646706,1060.0,32.6,17.5,0.8467,2004-09-05 15:00:00
2004-09-05,16:00:00,123.31044776119403,1103.0,33.0,17.5,0.8683,2004-09-05 16:00:00
2004-09-05,17:00:00,135.8041543026706,1139.0,32.9,17.5,0.8622,2004-09-05 17:00:00
2004-09-05,18:00:00,145.91964285714286,1167.0,31.6,18.0,0.8243,2004-09-05 18:00:00
2004-09-05,19:00:00,150.0919881305638,1267.0,29.3,20.4,0.8162,2004-09-05 19:00:00
2004-09-05,20:00:00,145.1186943620178,1245.0,27.8,24.4,0.9002,2004-09-05 20:00:00
2004-09-05,21:00:00,130.91071428571428,1341.0,27.1,26.9,0.9524,2004-09-05 21:00:00
2004-09-05,22:00:00,115.0955223880597,1349.0,26.3,29.5,0.9959,2004-09-05 22:00:00
2004-09-05,23:00:00,108.07164179104478,1315.0,25.9,32.9,1.0826,2004-09-05 23:00:00
2004-09-06,00:00:00,103.32142857142857,1322.0,25.3,36.9,1.1764,2004-09-06 00:00:00
2004-09-06,01:00:00,90.50299401197604,1288.0,24.8,40.1,1.2378,2004-09-06 01:00:00
2004-09-06,02:00:00,75.4367469879518,1224.0,24.3,42.9,1.2906,2004-09-06 02:00:00
2004-09-06,03:00:00,80.11538461538461,1204.0,24.0,45.5,1.3404,2004-09-06 03:00:00
2004-09-06,04:00:00,58.62048192771084,1189.0,23.9,47.4,1.3881,2004-09-06 04:00:00
2004-09-06,05:00:00,59.612612612612615,1271.0,23.5,49.1,1.3991,2004-09-06 05:00:00
2004-09-06,06:00:00,71.74251497005989,1342.0,23.7,49.2,1.4195,2004-09-06 06:00:00
2004-09-06,07:00:00,94.70958083832335,1546.0,23.6,49.6,1.4247,2004-09-06 07:00:00
2004-09-06,08:00:00,121.26829268292683,1534.0,24.3,45.4,1.365,2004-09-06 08:00:00
2004-09-06,09:00:00,130.87687687687688,1470.0,26.3,38.3,1.2932,2004-09-06 09:00:00
2004-09-06,10:00:00,133.67857142857142,1372.0,27.6,34.2,1.2464,2004-09-06 10:00:00
2004-09-06,11:00:00,130.4131736526946,1390.0,29.2,29.1,1.1586,2004-09-06 11:00:00
2004-09-06,12:00:00,124.45671641791044,1333.0,29.2,28.6,1.1423,2004-09-06 12:00:00
2004-09-06,13:00:00,119.31231231231232,1369.0,29.4,28.3,1.1434,2004-09-06 13:00:00
2004-09-06,14:00:00,116.46846846846847,1356.0,29.8,28.0,1.1558,2004-09-06 14:00:00
2004-09-06,15:00:00,117.19161676646706,1385.0,30.1,26.7,1.1217,2004-09-06 15:00:00
2004-09-06,16:00:00,123.31044776119403,1394.0,30.1,27.2,1.1406,2004-09-06 16:00:00
2004-09-06,17:00:00,135.8041543026706,1586.0,29.6,27.5,1.1229,2004-09-06 17:00:00
2004-09-06,18:00:00,145.91964285714286,1632.0,29.6,27.7,1.1278,2004-09-06 18:00:00
2004-09-06,19:00:00,150.0919881305638,1669.0,28.0,30.1,1.1226,2004-09-06 19:00:00
2004-09-06,20:00:00,145.1186943620178,1490.0,26.8,33.8,1.1723,2004-09-06 20:00:00
2004-09-06,21:00:00,130.91071428571428,1342.0,25.7,35.8,1.16,2004-09-06 21:00:00
2004-09-06,22:00:00,115.0955223880597,1365.0,25.4,35.2,1.1255,2004-09-06 22:00:00
2004-09-06,23:00:00,108.07164179104478,1310.0,25.0,37.3,1.1614,2004-09-06 23:00:00
2004-09-07,00:00:00,103.32142857142857,1352.0,24.6,40.5,1.2362,2004-09-07 00:00:00
2004-09-07,01:00:00,90.50299401197604,1272.0,24.2,43.8,1.3057,2004-09-07 01:00:00
2004-09-07,02:00:00,75.4367469879518,1258.0,24.0,43.7,1.2876,2004-09-07 02:00:00
2004-09-07,03:00:00,80.11538461538461,1260.0,21.9,48.3,1.2522,2004-09-07 03:00:00
2004-09-07,04:00:00,58.62048192771084,1308.0,22.4,47.2,1.2593,2004-09-07 04:00:00
2004-09-07,05:00:00,59.612612612612615,1310.0,22.9,46.5,1.2861,2004-09-07 05:00:00
2004-09-07,06:00:00,64.0,1485.0,23.1,47.0,1.3122,2004-09-07 06:00:00
2004-09-07,07:00:00,72.0,1719.0,23.7,46.2,1.3376,2004-09-07 07:00:00
2004-09-07,08:00:00,73.0,1957.0,25.8,41.9,1.3688,2004-09-07 08:00:00
2004-09-07,09:00:00,64.0,1546.0,27.3,38.3,1.3669,2004-09-07 09:00:00
2004-09-07,10:00:00,74.0,1539.0,31.0,29.1,1.2885,2004-09-07 10:00:00
2004-09-07,11:00:00,89.0,1412.0,31.6,25.5,1.1638,2004-09-07 11:00:00
2004-09-07,12:00:00,124.45671641791044,1465.0,32.5,21.2,1.0173,2004-09-07 12:00:00
2004-09-07,13:00:00,119.31231231231232,1439.0,31.7,20.5,0.9428,2004-09-07 13:00:00
2004-09-07,14:00:00,116.46846846846847,1374.0,31.5,21.5,0.9768,2004-09-07 14:00:00
2004-09-07,15:00:00,117.19161676646706,1293.0,31.6,20.8,0.9562,2004-09-07 15:00:00
2004-09-07,16:00:00,123.31044776119403,1380.0,32.4,19.4,0.9279,2004-09-07 16:00:00
2004-09-07,17:00:00,135.8041543026706,1451.0,31.7,20.3,0.9336,2004-09-07 17:00:00
2004-09-07,18:00:00,145.91964285714286,1604.0,31.1,21.0,0.9337,2004-09-07 18:00:00
2004-09-07,19:00:00,150.0919881305638,1744.0,28.9,25.4,0.9933,2004-09-07 19:00:00
2004-09-07,20:00:00,145.1186943620178,1653.0,27.4,30.8,1.1112,2004-09-07 20:00:00
2004-09-07,21:00:00,130.91071428571428,1554.0,26.3,34.1,1.1453,2004-09-07 21:00:00
2004-09-07,22:00:00,115.0955223880597,1517.0,25.4,35.2,1.1288,2004-09-07 22:00:00
2004-09-07,23:00:00,108.07164179104478,1503.2727272727273,25.154545454545453,35.0,1.1078818181818182,2004-09-07 23:00:00
2004-09-08,00:00:00,103.32142857142857,1489.5454545454545,24.909090909090907,34.800000000000004,1.0869636363636364,2004-09-08 00:00:00
2004-09-08,01:00:00,90.50299401197604,1475.8181818181818,24.663636363636364,34.6,1.0660454545454545,2004-09-08 01:00:00
2004-09-08,02:00:00,75.4367469879518,1462.090909090909,24.418181818181818,34.4,1.0451272727272727,2004-09-08 02:00:00
2004-09-08,03:00:00,80.11538461538461,1448.3636363636365,24.172727272727272,34.2,1.0242090909090908,2004-09-08 03:00:00
2004-09-08,04:00:00,58.62048192771084,1434.6363636363637,23.927272727272726,34.0,1.003290909090909,2004-09-08 04:00:00
2004-09-08,05:00:00,59.612612612612615,1420.909090909091,23.68181818181818,33.800000000000004,0.9823727272727273,2004-09-08 05:00:00
2004-09-08,06:00:00,71.74251497005989,1407.1818181818182,23.436363636363634,33.6,0.9614545454545456,2004-09-08 06:00:00
2004-09-08,07:00:00,94.70958083832335,1393.4545454545455,23.19090909090909,33.4,0.9405363636363637,2004-09-08 07:00:00
2004-09-08,08:00:00,121.26829268292683,1379.7272727272727,22.945454545454545,33.2,0.9196181818181819,2004-09-08 08:00:00
2004-09-08,09:00:00,130.87687687687688,1366.0,22.7,33.0,0.8987,2004-09-08 09:00:00
2004-09-08,10:00:00,133.67857142857142,1374.3333333333333,23.77777777777778,31.533333333333335,0.9042222222222223,2004-09-08 10:00:00
2004-09-08,11:00:00,130.4131736526946,1382.6666666666667,24.855555555555554,30.066666666666666,0.9097444444444445,2004-09-08 11:00:00
2004-09-08,12:00:00,124.45671641791044,1391.0,25.933333333333334,28.6,0.9152666666666667,2004-09-08 12:00:00
2004-09-08,13:00:00,119.31231231231232,1399.3333333333333,27.01111111111111,27.133333333333333,0.9207888888888889,2004-09-08 13:00:00
2004-09-08,14:00:00,116.46846846846847,1407.6666666666667,28.08888888888889,25.666666666666668,0.9263111111111112,2004-09-08 14:00:00
2004-09-08,15:00:00,117.19161676646706,1416.0,29.166666666666664,24.200000000000003,0.9318333333333334,2004-09-08 15:00:00
2004-09-08,16:00:00,123.31044776119403,1424.3333333333333,30.244444444444444,22.733333333333334,0.9373555555555556,2004-09-08 16:00:00
2004-09-08,17:00:00,135.8041543026706,1432.6666666666667,31.322222222222223,21.266666666666666,0.9428777777777778,2004-09-08 17:00:00
2004-09-08,18:00:00,188.0,1441.0,32.4,19.8,0.9484,2004-09-08 18:00:00
2004-09-08,19:00:00,176.0,1582.0,29.9,22.3,0.9235,2004-09-08 19:00:00
2004-09-08,20:00:00,163.0,1463.0,28.2,24.8,0.936,2004-09-08 20:00:00
2004-09-08,21:00:00,155.0,1481.0,26.8,28.9,1.0019,2004-09-08 21:00:00
2004-09-08,22:00:00,146.0,1481.0,25.1,32.3,1.0131,2004-09-08 22:00:00
2004-09-08,23:00:00,131.0,1361.0,25.4,30.5,0.9722,2004-09-08 23:00:00
2004-09-09,00:00:00,119.0,1261.0,24.9,28.3,0.8775,2004-09-09 00:00:00
2004-09-09,01:00:00,98.0,1258.0,23.2,30.5,0.8558,2004-09-09 01:00:00
2004-09-09,02:00:00,89.0,1157.0,22.3,33.6,0.8959,2004-09-09 02:00:00
2004-09-09,03:00:00,80.11538461538461,1131.0,23.0,33.0,0.9184,2004-09-09 03:00:00
2004-09-09,04:00:00,68.0,1132.0,21.4,35.7,0.8982,2004-09-09 04:00:00
2004-09-09,05:00:00,65.0,1108.0,21.7,33.4,0.8545,2004-09-09 05:00:00
2004-09-09,06:00:00,81.0,1213.0,20.3,35.5,0.8342,2004-09-09 06:00:00
2004-09-09,07:00:00,136.0,1574.0,19.7,37.5,0.8501,2004-09-09 07:00:00
2004-09-09,08:00:00,130.0,1681.0,21.0,35.6,0.8736,2004-09-09 08:00:00
2004-09-09,09:00:00,157.0,1691.0,25.0,28.9,0.9025,2004-09-09 09:00:00
2004-09-09,10:00:00,171.0,1626.0,31.0,21.9,0.9708,2004-09-09 10:00:00
2004-09-09,11:00:00,143.0,1490.0,34.9,18.5,1.0189,2004-09-09 11:00:00
2004-09-09,12:00:00,116.0,1380.0,37.1,15.0,0.9297,2004-09-09 12:00:00
2004-09-09,13:00:00,129.0,1430.0,35.0,17.3,0.9542,2004-09-09 13:00:00
2004-09-09,14:00:00,168.0,1522.0,35.1,17.5,0.9733,2004-09-09 14:00:00
2004-09-09,15:00:00,152.0,1473.0,35.4,16.6,0.9385,2004-09-09 15:00:00
2004-09-09,16:00:00,175.0,1500.0,38.4,13.8,0.9221,2004-09-09 16:00:00
2004-09-09,17:00:00,212.0,1689.0,37.6,14.5,0.9277,2004-09-09 17:00:00
2004-09-09,18:00:00,220.0,1920.0,35.2,16.6,0.9242,2004-09-09 18:00:00
2004-09-09,19:00:00,175.0,1768.0,31.2,25.5,1.1379,2004-09-09 19:00:00
2004-09-09,20:00:00,165.0,1688.0,29.3,30.7,1.229,2004-09-09 20:00:00
2004-09-09,21:00:00,136.0,1470.0,28.3,30.1,1.1392,2004-09-09 21:00:00
2004-09-09,22:00:00,111.0,1452.0,27.4,31.5,1.133,2004-09-09 22:00:00
2004-09-09,23:00:00,114.0,1434.0,26.2,35.7,1.1929,2004-09-09 23:00:00
2004-09-10,00:00:00,96.0,1393.0,25.2,38.1,1.2049,2004-09-10 00:00:00
2004-09-10,01:00:00,75.0,1350.0,24.4,39.1,1.1784,2004-09-10 01:00:00
2004-09-10,02:00:00,58.0,1251.0,23.7,39.1,1.1289,2004-09-10 02:00:00
2004-09-10,03:00:00,80.11538461538461,1213.0,24.2,38.5,1.1491,2004-09-10 03:00:00
2004-09-10,04:00:00,41.0,1218.0,24.5,38.5,1.1688,2004-09-10 04:00:00
2004-09-10,05:00:00,55.0,1250.0,22.4,43.5,1.1624,2004-09-10 05:00:00
2004-09-10,06:00:00,73.0,1306.0,22.3,43.8,1.1631,2004-09-10 06:00:00
2004-09-10,07:00:00,108.0,1606.0,21.4,45.8,1.1515,2004-09-10 07:00:00
2004-09-10,08:00:00,147.0,1975.0,22.9,41.3,1.1383,2004-09-10 08:00:00
2004-09-10,09:00:00,150.0,1594.0,26.6,30.3,1.0378,2004-09-10 09:00:00
2004-09-10,10:00:00,131.0,1457.0,30.3,23.0,0.977,2004-09-10 10:00:00
2004-09-10,11:00:00,144.0,1523.0,32.8,18.9,0.9234,2004-09-10 11:00:00
2004-09-10,12:00:00,151.0,1499.0,34.3,17.7,0.9416,2004-09-10 12:00:00
2004-09-10,13:00:00,165.0,1492.0,33.3,18.9,0.9536,2004-09-10 13:00:00
2004-09-10,14:00:00,135.0,1423.0,33.0,20.1,0.9959,2004-09-10 14:00:00
2004-09-10,15:00:00,143.0,1406.0,33.6,19.6,1.0029,2004-09-10 15:00:00
2004-09-10,16:00:00,153.0,1450.0,34.9,18.4,1.0106,2004-09-10 16:00:00
2004-09-10,17:00:00,149.0,1511.0,33.4,20.3,1.027,2004-09-10 17:00:00
2004-09-10,18:00:00,164.0,1599.0,31.6,22.7,1.041,2004-09-10 18:00:00
2004-09-10,19:00:00,180.0,1599.0,29.2,26.9,1.0709,2004-09-10 19:00:00
2004-09-10,20:00:00,159.0,1478.0,27.7,30.1,1.0991,2004-09-10 20:00:00
2004-09-10,21:00:00,119.0,1354.0,27.1,31.0,1.0991,2004-09-10 21:00:00
2004-09-10,22:00:00,127.0,1391.0,26.0,33.4,1.1071,2004-09-10 22:00:00
2004-09-10,23:00:00,131.0,1393.0,25.1,35.7,1.1222,2004-09-10 23:00:00
2004-09-11,00:00:00,101.0,1429.0,24.3,38.5,1.1525,2004-09-11 00:00:00
2004-09-11,01:00:00,90.50299401197604,1343.0,23.4,40.7,1.1551,2004-09-11 01:00:00
2004-09-11,02:00:00,75.4367469879518,1259.0,23.2,41.2,1.1561,2004-09-11 02:00:00
2004-09-11,03:00:00,80.11538461538461,1213.0,23.6,40.5,1.1667,2004-09-11 03:00:00
2004-09-11,04:00:00,58.62048192771084,1190.0,23.5,40.9,1.1677,2004-09-11 04:00:00
2004-09-11,05:00:00,59.612612612612615,1234.0,20.5,48.4,1.1557,2004-09-11 05:00:00
2004-09-11,06:00:00,71.74251497005989,1285.0,20.7,48.4,1.1663,2004-09-11 06:00:00
2004-09-11,07:00:00,94.70958083832335,1535.0,19.9,50.8,1.1694,2004-09-11 07:00:00
2004-09-11,08:00:00,121.26829268292683,1624.0,21.3,47.2,1.1825,2004-09-11 08:00:00
2004-09-11,09:00:00,130.87687687687688,1506.0,24.0,40.8,1.1993,2004-09-11 09:00:00
2004-09-11,10:00:00,133.67857142857142,1702.0,28.7,30.3,1.1769,2004-09-11 10:00:00
2004-09-11,11:00:00,130.4131736526946,1532.0,31.9,24.7,1.1477,2004-09-11 11:00:00
2004-09-11,12:00:00,124.45671641791044,1386.0,33.8,21.9,1.1331,2004-09-11 12:00:00
2004-09-11,13:00:00,119.31231231231232,1366.0,32.7,22.7,1.1044,2004-09-11 13:00:00
2004-09-11,14:00:00,116.46846846846847,1270.0,33.0,21.3,1.0512,2004-09-11 14:00:00
2004-09-11,15:00:00,117.19161676646706,1308.0,33.9,21.2,1.0989,2004-09-11 15:00:00
2004-09-11,16:00:00,123.31044776119403,1387.0,35.9,20.3,1.1845,2004-09-11 16:00:00
2004-09-11,17:00:00,135.8041543026706,1418.0,34.2,22.6,1.197,2004-09-11 17:00:00
2004-09-11,18:00:00,145.91964285714286,1506.0,32.0,27.3,1.2752,2004-09-11 18:00:00
2004-09-11,19:00:00,150.0919881305638,1583.0,29.3,32.6,1.3105,2004-09-11 19:00:00
2004-09-11,20:00:00,145.1186943620178,1443.0,27.2,38.0,1.347,2004-09-11 20:00:00
2004-09-11,21:00:00,130.91071428571428,1562.0,26.1,41.1,1.3705,2004-09-11 21:00:00
2004-09-11,22:00:00,115.0955223880597,1595.0,25.3,44.6,1.4161,2004-09-11 22:00:00
2004-09-11,23:00:00,108.07164179104478,1583.0,24.6,47.2,1.4424,2004-09-11 23:00:00
2004-09-12,00:00:00,103.32142857142857,1602.0,24.1,48.8,1.4412,2004-09-12 00:00:00
2004-09-12,01:00:00,90.50299401197604,1462.0,23.6,50.4,1.447,2004-09-12 01:00:00
2004-09-12,02:00:00,75.4367469879518,1495.0,22.0,55.8,1.4585,2004-09-12 02:00:00
2004-09-12,03:00:00,80.11538461538461,1375.0,22.4,53.6,1.4379,2004-09-12 03:00:00
2004-09-12,04:00:00,58.62048192771084,1372.0,21.6,55.8,1.4228,2004-09-12 04:00:00
2004-09-12,05:00:00,59.612612612612615,1299.0,21.8,55.2,1.4184,2004-09-12 05:00:00
2004-09-12,06:00:00,71.74251497005989,1315.0,21.7,55.4,1.4192,2004-09-12 06:00:00
2004-09-12,07:00:00,94.70958083832335,1423.0,20.6,59.8,1.435,2004-09-12 07:00:00
2004-09-12,08:00:00,121.26829268292683,1480.0,22.1,55.3,1.4495,2004-09-12 08:00:00
2004-09-12,09:00:00,130.87687687687688,1470.0,24.8,48.2,1.4883,2004-09-12 09:00:00
2004-09-12,10:00:00,133.67857142857142,1528.0,27.9,43.4,1.6017,2004-09-12 10:00:00
2004-09-12,11:00:00,130.4131736526946,1456.0,30.1,38.5,1.6212,2004-09-12 11:00:00
2004-09-12,12:00:00,124.45671641791044,1542.0,28.2,48.6,1.8253,2004-09-12 12:00:00
2004-09-12,13:00:00,119.31231231231232,1660.0,24.8,70.4,2.1766,2004-09-12 13:00:00
2004-09-12,14:00:00,116.46846846846847,1421.0,27.8,49.4,1.8209,2004-09-12 14:00:00
2004-09-12,15:00:00,117.19161676646706,1438.0,25.4,59.9,1.9168,2004-09-12 15:00:00
2004-09-12,16:00:00,123.31044776119403,1602.0,26.1,66.8,2.231,2004-09-12 16:00:00
2004-09-12,17:00:00,135.8041543026706,1664.0,28.0,53.2,1.981,2004-09-12 17:00:00
2004-09-12,18:00:00,145.91964285714286,1604.0,27.4,51.4,1.8404,2004-09-12 18:00:00
2004-09-12,19:00:00,150.0919881305638,1763.0,25.7,55.8,1.8149,2004-09-12 19:00:00
2004-09-12,20:00:00,145.1186943620178,1886.0,24.6,60.3,1.8363,2004-09-12 20:00:00
2004-09-12,21:00:00,130.91071428571428,1796.0,24.2,61.6,1.8381,2004-09-12 21:00:00
2004-09-12,22:00:00,115.0955223880597,2260.0,23.8,63.5,1.8495,2004-09-12 22:00:00
2004-09-12,23:00:00,108.07164179104478,1772.0,23.0,64.8,1.802,2004-09-12 23:00:00
2004-09-13,00:00:00,103.32142857142857,1570.0,23.0,63.3,1.7589,2004-09-13 00:00:00
2004-09-13,01:00:00,90.50299401197604,1473.0,22.8,63.3,1.7355,2004-09-13 01:00:00
2004-09-13,02:00:00,75.4367469879518,1452.0,21.0,68.6,1.6873,2004-09-13 02:00:00
2004-09-13,03:00:00,80.11538461538461,1443.0,20.4,70.7,1.6734,2004-09-13 03:00:00
2004-09-13,04:00:00,58.62048192771084,1436.0,19.4,73.4,1.6417,2004-09-13 04:00:00
2004-09-13,05:00:00,59.612612612612615,1473.0,19.5,72.0,1.6118,2004-09-13 05:00:00
2004-09-13,06:00:00,71.74251497005989,1578.0,19.7,70.3,1.5925,2004-09-13 06:00:00
2004-09-13,07:00:00,94.70958083832335,2257.0,20.4,66.7,1.577,2004-09-13 07:00:00
2004-09-13,08:00:00,121.26829268292683,2374.0,21.8,61.8,1.5966,2004-09-13 08:00:00
2004-09-13,09:00:00,130.87687687687688,1889.0,23.0,60.2,1.6652,2004-09-13 09:00:00
2004-09-13,10:00:00,138.0,1890.0,25.4,53.0,1.6963,2004-09-13 10:00:00
2004-09-13,11:00:00,138.0,1825.0,30.0,41.6,1.7324,2004-09-13 11:00:00
2004-09-13,12:00:00,138.0,1907.0,32.6,34.8,1.6872,2004-09-13 12:00:00
2004-09-13,13:00:00,137.0,1869.0,32.2,34.2,1.6145,2004-09-13 13:00:00
2004-09-13,14:00:00,120.0,1653.0,32.1,33.5,1.569,2004-09-13 14:00:00
2004-09-13,15:00:00,208.0,1623.0,32.6,31.8,1.5361,2004-09-13 15:00:00
2004-09-13,16:00:00,128.0,1676.0,35.2,25.2,1.4111,2004-09-13 16:00:00
2004-09-13,17:00:00,145.0,1735.0,34.3,24.7,1.3154,2004-09-13 17:00:00
2004-09-13,18:00:00,145.91964285714286,1982.0,31.5,29.9,1.3638,2004-09-13 18:00:00
2004-09-13,19:00:00,168.0,2289.0,29.0,36.6,1.4452,2004-09-13 19:00:00
2004-09-13,20:00:00,177.0,2064.0,27.1,42.2,1.4949,2004-09-13 20:00:00
2004-09-13,21:00:00,172.0,1883.0,26.1,46.4,1.5445,2004-09-13 21:00:00
2004-09-13,22:00:00,112.0,1782.0,25.1,49.4,1.548,2004-09-13 22:00:00
2004-09-13,23:00:00,39.0,1499.0,26.0,46.4,1.5375,2004-09-13 23:00:00
2004-09-14,00:00:00,68.0,1456.0,24.7,49.2,1.5116,2004-09-14 00:00:00
2004-09-14,01:00:00,51.0,1382.0,24.8,49.0,1.5092,2004-09-14 01:00:00
2004-09-14,02:00:00,75.4367469879518,1375.0,23.5,52.6,1.5035,2004-09-14 02:00:00
2004-09-14,03:00:00,80.11538461538461,1403.0,20.8,62.1,1.5044,2004-09-14 03:00:00
2004-09-14,04:00:00,58.62048192771084,1428.0,19.9,65.5,1.5078,2004-09-14 04:00:00
2004-09-14,05:00:00,59.612612612612615,1462.0,20.6,62.9,1.5088,2004-09-14 05:00:00
2004-09-14,06:00:00,71.74251497005989,1633.0,21.3,59.4,1.4918,2004-09-14 06:00:00
2004-09-14,07:00:00,94.70958083832335,2301.0,22.0,58.3,1.5199,2004-09-14 07:00:00
2004-09-14,08:00:00,121.26829268292683,2382.0,23.2,55.4,1.5559,2004-09-14 08:00:00
2004-09-14,09:00:00,130.87687687687688,2004.0,26.5,50.2,1.713,2004-09-14 09:00:00
2004-09-14,10:00:00,133.67857142857142,1750.0,29.0,45.5,1.7976,2004-09-14 10:00:00
2004-09-14,11:00:00,130.4131736526946,1870.0,30.1,42.0,1.7602,2004-09-14 11:00:00
2004-09-14,12:00:00,124.45671641791044,1788.0,32.3,35.9,1.7067,2004-09-14 12:00:00
2004-09-14,13:00:00,119.31231231231232,1690.0,33.2,33.8,1.69,2004-09-14 13:00:00
2004-09-14,14:00:00,116.46846846846847,1516.0,34.0,33.6,1.7591,2004-09-14 14:00:00
2004-09-14,15:00:00,117.19161676646706,1791.0,29.9,45.6,1.8942,2004-09-14 15:00:00
2004-09-14,16:00:00,123.31044776119403,2010.0,27.7,53.7,1.967,2004-09-14 16:00:00
2004-09-14,17:00:00,135.8041543026706,2200.0,28.0,52.7,1.9604,2004-09-14 17:00:00
2004-09-14,18:00:00,145.91964285714286,1926.0,28.6,48.2,1.8616,2004-09-14 18:00:00
2004-09-14,19:00:00,150.0919881305638,1807.0,24.8,61.6,1.9067,2004-09-14 19:00:00
2004-09-14,20:00:00,145.1186943620178,1575.0,20.3,77.2,1.8204,2004-09-14 20:00:00
2004-09-14,21:00:00,130.91071428571428,1490.0,19.7,82.5,1.8674,2004-09-14 21:00:00
2004-09-14,22:00:00,115.0955223880597,1454.0,20.6,78.8,1.8885,2004-09-14 22:00:00
2004-09-14,23:00:00,108.07164179104478,1497.0,19.2,87.2,1.9195,2004-09-14 23:00:00
2004-09-15,00:00:00,103.32142857142857,1472.0,20.5,81.5,1.936,2004-09-15 00:00:00
2004-09-15,01:00:00,90.50299401197604,1405.0,21.4,74.0,1.8683,2004-09-15 01:00:00
2004-09-15,02:00:00,75.4367469879518,1460.0,20.5,78.2,1.8678,2004-09-15 02:00:00
2004-09-15,03:00:00,80.11538461538461,1468.0,20.7,77.8,1.8764,2004-09-15 03:00:00
2004-09-15,04:00:00,58.62048192771084,1481.0,20.5,78.0,1.8636,2004-09-15 04:00:00
2004-09-15,05:00:00,59.612612612612615,1499.0,20.6,76.2,1.8272,2004-09-15 05:00:00
2004-09-15,06:00:00,71.74251497005989,1654.0,20.1,77.4,1.802,2004-09-15 06:00:00
2004-09-15,07:00:00,94.70958083832335,1962.0,20.9,73.3,1.787,2004-09-15 07:00:00
2004-09-15,08:00:00,121.26829268292683,2345.0,21.2,72.3,1.8007,2004-09-15 08:00:00
2004-09-15,09:00:00,130.87687687687688,1968.0,22.5,68.9,1.8511,2004-09-15 09:00:00
2004-09-15,10:00:00,133.67857142857142,1989.0,23.7,64.5,1.8682,2004-09-15 10:00:00
2004-09-15,11:00:00,130.4131736526946,2080.0,23.2,68.4,1.9243,2004-09-15 11:00:00
2004-09-15,12:00:00,124.45671641791044,2044.0,23.5,69.2,1.9776,2004-09-15 12:00:00
2004-09-15,13:00:00,119.31231231231232,1975.0,24.1,65.5,1.9371,2004-09-15 13:00:00
2004-09-15,14:00:00,116.46846846846847,1930.0,24.2,65.6,1.9501,2004-09-15 14:00:00
2004-09-15,15:00:00,117.19161676646706,2031.0,24.6,63.9,1.9459,2004-09-15 15:00:00
2004-09-15,16:00:00,123.31044776119403,1939.0,26.3,56.5,1.9018,2004-09-15 16:00:00
2004-09-15,17:00:00,112.0,1929.0,26.9,53.1,1.8557,2004-09-15 17:00:00
2004-09-15,18:00:00,170.0,2265.0,26.5,50.8,1.7334,2004-09-15 18:00:00
2004-09-15,19:00:00,173.0,2409.0,25.1,55.8,1.7511,2004-09-15 19:00:00
2004-09-15,20:00:00,135.0,2016.0,23.9,58.9,1.7276,2004-09-15 20:00:00
2004-09-15,21:00:00,93.0,1635.0,23.1,62.8,1.7562,2004-09-15 21:00:00
2004-09-15,22:00:00,74.0,1724.0,22.1,67.3,1.7671,2004-09-15 22:00:00
2004-09-15,23:00:00,69.0,1640.0,22.1,66.5,1.7441,2004-09-15 23:00:00
2004-09-16,00:00:00,109.0,1649.0,21.1,70.1,1.7366,2004-09-16 00:00:00
2004-09-16,01:00:00,55.0,1496.0,21.9,67.1,1.7394,2004-09-16 01:00:00
2004-09-16,02:00:00,49.0,1421.0,21.7,67.4,1.7262,2004-09-16 02:00:00
2004-09-16,03:00:00,80.11538461538461,1485.0,20.2,73.8,1.7229,2004-09-16 03:00:00
2004-09-16,04:00:00,42.0,1471.0,19.1,76.0,1.6668,2004-09-16 04:00:00
2004-09-16,05:00:00,50.0,1562.0,19.4,75.4,1.6802,2004-09-16 05:00:00
2004-09-16,06:00:00,53.0,1699.0,19.7,74.4,1.6829,2004-09-16 06:00:00
2004-09-16,07:00:00,86.0,2140.0,19.9,74.3,1.7083,2004-09-16 07:00:00
2004-09-16,08:00:00,81.0,2194.0,20.4,72.8,1.7198,2004-09-16 08:00:00
2004-09-16,09:00:00,96.0,2033.0,21.6,67.7,1.7254,2004-09-16 09:00:00
2004-09-16,10:00:00,96.0,1758.0,22.9,59.1,1.633,2004-09-16 10:00:00
2004-09-16,11:00:00,79.0,1505.0,18.7,73.1,1.5608,2004-09-16 11:00:00
2004-09-16,12:00:00,95.0,1580.0,21.1,58.3,1.4444,2004-09-16 12:00:00
2004-09-16,13:00:00,127.0,1609.0,23.3,47.1,1.3281,2004-09-16 13:00:00
2004-09-16,14:00:00,102.0,1514.0,22.9,47.9,1.3208,2004-09-16 14:00:00
2004-09-16,15:00:00,107.0,1524.0,23.3,46.2,1.301,2004-09-16 15:00:00
2004-09-16,16:00:00,110.0,1574.0,23.7,45.4,1.315,2004-09-16 16:00:00
2004-09-16,17:00:00,124.0,1745.0,23.8,46.1,1.3373,2004-09-16 17:00:00
2004-09-16,18:00:00,113.0,1790.0,23.0,49.3,1.3689,2004-09-16 18:00:00
2004-09-16,19:00:00,104.0,1800.0,21.9,53.1,1.3787,2004-09-16 19:00:00
2004-09-16,20:00:00,117.0,1641.0,21.3,54.8,1.3742,2004-09-16 20:00:00
2004-09-16,21:00:00,94.0,1528.0,21.2,55.2,1.3699,2004-09-16 21:00:00
2004-09-16,22:00:00,115.0955223880597,1560.0,21.4,54.8,1.3813,2004-09-16 22:00:00
2004-09-16,23:00:00,108.07164179104478,1488.0,20.8,57.2,1.3925,2004-09-16 23:00:00
2004-09-17,00:00:00,109.0,1633.0,21.3,55.8,1.3974,2004-09-17 00:00:00
2004-09-17,01:00:00,72.0,1408.0,21.4,52.1,1.3125,2004-09-17 01:00:00
2004-09-17,02:00:00,40.0,1295.0,20.6,56.6,1.3583,2004-09-17 02:00:00
2004-09-17,03:00:00,80.11538461538461,1266.0,20.0,59.1,1.3694,2004-09-17 03:00:00
2004-09-17,04:00:00,23.0,1247.0,19.7,61.9,1.4017,2004-09-17 04:00:00
2004-09-17,05:00:00,24.0,1234.0,19.6,59.1,1.3346,2004-09-17 05:00:00
2004-09-17,06:00:00,41.0,1278.0,19.8,56.7,1.2941,2004-09-17 06:00:00
2004-09-17,07:00:00,99.0,1708.0,20.2,55.6,1.3043,2004-09-17 07:00:00
2004-09-17,08:00:00,91.0,1544.0,19.7,57.8,1.3112,2004-09-17 08:00:00
2004-09-17,09:00:00,81.0,1398.0,20.2,53.1,1.2442,2004-09-17 09:00:00
2004-09-17,10:00:00,95.0,1417.0,22.0,47.0,1.2259,2004-09-17 10:00:00
2004-09-17,11:00:00,113.0,1460.0,23.5,41.6,1.1884,2004-09-17 11:00:00
2004-09-17,12:00:00,89.0,1441.0,22.8,41.8,1.1417,2004-09-17 12:00:00
2004-09-17,13:00:00,88.0,1490.0,23.4,40.4,1.15,2004-09-17 13:00:00
2004-09-17,14:00:00,81.0,1357.0,23.2,42.8,1.2017,2004-09-17 14:00:00
2004-09-17,15:00:00,82.0,1476.0,23.6,43.2,1.2433,2004-09-17 15:00:00
2004-09-17,16:00:00,115.0,1556.0,23.9,40.8,1.1937,2004-09-17 16:00:00
2004-09-17,17:00:00,112.0,1660.0,23.6,42.8,1.23,2004-09-17 17:00:00
2004-09-17,18:00:00,116.0,1647.0,23.2,43.3,1.2161,2004-09-17 18:00:00
2004-09-17,19:00:00,129.0,1605.0,22.8,42.5,1.1608,2004-09-17 19:00:00
2004-09-17,20:00:00,110.0,1448.0,22.3,42.2,1.1209,2004-09-17 20:00:00
2004-09-17,21:00:00,105.0,1344.0,22.1,43.0,1.1271,2004-09-17 21:00:00
2004-09-17,22:00:00,90.0,1317.0,22.2,42.7,1.1237,2004-09-17 22:00:00
2004-09-17,23:00:00,94.0,1331.0,22.1,42.8,1.1265,2004-09-17 23:00:00
2004-09-18,00:00:00,96.0,1365.0,22.1,43.5,1.1443,2004-09-18 00:00:00
2004-09-18,01:00:00,70.0,1240.0,21.5,45.6,1.1528,2004-09-18 01:00:00
2004-09-18,02:00:00,57.0,1215.0,21.1,44.5,1.098,2004-09-18 02:00:00
2004-09-18,03:00:00,80.11538461538461,1189.0,20.4,47.1,1.1178,2004-09-18 03:00:00
2004-09-18,04:00:00,45.0,1195.0,20.6,45.9,1.0993,2004-09-18 04:00:00
2004-09-18,05:00:00,42.0,1190.0,20.2,46.7,1.0899,2004-09-18 05:00:00
2004-09-18,06:00:00,71.0,1257.0,20.1,47.8,1.1144,2004-09-18 06:00:00
2004-09-18,07:00:00,82.0,1371.0,20.0,50.7,1.1724,2004-09-18 07:00:00
2004-09-18,08:00:00,81.0,1317.0,20.7,49.7,1.197,2004-09-18 08:00:00
2004-09-18,09:00:00,89.0,1413.0,24.3,39.5,1.1842,2004-09-18 09:00:00
2004-09-18,10:00:00,83.0,1324.0,25.4,34.8,1.1119,2004-09-18 10:00:00
2004-09-18,11:00:00,82.0,1274.0,26.6,30.7,1.0501,2004-09-18 11:00:00
2004-09-18,12:00:00,78.0,1319.0,27.7,28.1,1.0272,2004-09-18 12:00:00
2004-09-18,13:00:00,79.0,1339.0,27.6,28.7,1.0406,2004-09-18 13:00:00
2004-09-18,14:00:00,78.0,1268.0,27.6,29.2,1.0594,2004-09-18 14:00:00
2004-09-18,15:00:00,73.0,1278.0,28.1,28.6,1.0715,2004-09-18 15:00:00
2004-09-18,16:00:00,73.0,1267.0,29.1,26.8,1.0648,2004-09-18 16:00:00
2004-09-18,17:00:00,100.0,1338.0,28.4,28.3,1.0798,2004-09-18 17:00:00
2004-09-18,18:00:00,122.0,1447.0,26.6,32.1,1.102,2004-09-18 18:00:00
2004-09-18,19:00:00,132.0,1512.0,25.3,35.3,1.1262,2004-09-18 19:00:00
2004-09-18,20:00:00,116.0,1424.0,24.7,37.1,1.1397,2004-09-18 20:00:00
2004-09-18,21:00:00,109.0,1404.0,23.5,40.6,1.1588,2004-09-18 21:00:00
2004-09-18,22:00:00,109.0,1456.0,22.8,43.4,1.1915,2004-09-18 22:00:00
2004-09-18,23:00:00,116.0,1563.0,22.2,47.9,1.2626,2004-09-18 23:00:00
2004-09-19,00:00:00,104.0,1534.0,21.3,50.5,1.2652,2004-09-19 00:00:00
2004-09-19,01:00:00,81.0,1436.0,20.6,53.2,1.2742,2004-09-19 01:00:00
2004-09-19,02:00:00,64.0,1415.0,19.6,56.6,1.2797,2004-09-19 02:00:00
2004-09-19,03:00:00,80.11538461538461,1484.0,18.8,59.8,1.2847,2004-09-19 03:00:00
2004-09-19,04:00:00,54.0,1339.0,18.8,59.5,1.2758,2004-09-19 04:00:00
2004-09-19,05:00:00,35.0,1256.0,19.3,57.0,1.2603,2004-09-19 05:00:00
2004-09-19,06:00:00,44.0,1289.0,18.2,60.8,1.2567,2004-09-19 06:00:00
2004-09-19,07:00:00,62.0,1351.0,16.8,66.8,1.2721,2004-09-19 07:00:00
2004-09-19,08:00:00,68.0,1451.0,18.6,60.0,1.2757,2004-09-19 08:00:00
2004-09-19,09:00:00,85.0,1465.0,22.2,48.0,1.2678,2004-09-19 09:00:00
2004-09-19,10:00:00,110.0,1536.0,26.5,35.7,1.2149,2004-09-19 10:00:00
2004-09-19,11:00:00,115.0,1485.0,30.0,28.5,1.1883,2004-09-19 11:00:00
2004-09-19,12:00:00,129.0,1508.0,32.2,24.7,1.1696,2004-09-19 12:00:00
2004-09-19,13:00:00,106.0,1549.0,29.6,28.6,1.1628,2004-09-19 13:00:00
2004-09-19,14:00:00,87.0,1545.0,29.8,28.5,1.1809,2004-09-19 14:00:00
2004-09-19,15:00:00,70.0,1289.0,31.1,26.1,1.163,2004-09-19 15:00:00
2004-09-19,16:00:00,106.0,1385.0,34.6,22.4,1.212,2004-09-19 16:00:00
2004-09-19,17:00:00,151.0,1816.0,33.2,25.4,1.2722,2004-09-19 17:00:00
2004-09-19,18:00:00,179.0,1655.0,30.0,31.4,1.3074,2004-09-19 18:00:00
2004-09-19,19:00:00,188.0,1806.0,27.5,38.1,1.3756,2004-09-19 19:00:00
2004-09-19,20:00:00,187.0,1704.0,26.2,42.5,1.423,2004-09-19 20:00:00
2004-09-19,21:00:00,121.0,1506.0,24.7,46.4,1.4206,2004-09-19 21:00:00
2004-09-19,22:00:00,99.0,1509.0,23.6,50.0,1.4383,2004-09-19 22:00:00
2004-09-19,23:00:00,100.0,1517.0,22.7,53.6,1.4632,2004-09-19 23:00:00
2004-09-20,00:00:00,79.0,1407.0,22.7,53.8,1.4666,2004-09-20 00:00:00
2004-09-20,01:00:00,57.0,1343.0,22.8,53.0,1.4577,2004-09-20 01:00:00
2004-09-20,02:00:00,43.0,1301.0,21.4,57.6,1.4469,2004-09-20 02:00:00
2004-09-20,03:00:00,80.11538461538461,1281.0,19.9,62.3,1.4363,2004-09-20 03:00:00
2004-09-20,04:00:00,50.0,1281.0,19.5,63.5,1.4269,2004-09-20 04:00:00
2004-09-20,05:00:00,47.0,1304.0,20.2,60.8,1.4243,2004-09-20 05:00:00
2004-09-20,06:00:00,60.0,1373.0,19.4,63.5,1.4139,2004-09-20 06:00:00
2004-09-20,07:00:00,91.0,2026.0,18.7,65.6,1.4039,2004-09-20 07:00:00
2004-09-20,08:00:00,121.26829268292683,2338.0,20.1,60.6,1.4062,2004-09-20 08:00:00
2004-09-20,09:00:00,159.0,2146.0,23.5,49.7,1.4156,2004-09-20 09:00:00
2004-09-20,10:00:00,173.0,1815.0,26.4,41.9,1.4237,2004-09-20 10:00:00
2004-09-20,11:00:00,174.0,1835.0,29.9,34.0,1.4096,2004-09-20 11:00:00
2004-09-20,12:00:00,165.0,1774.0,31.5,30.8,1.4017,2004-09-20 12:00:00
2004-09-20,13:00:00,136.0,1681.0,30.2,30.2,1.2744,2004-09-20 13:00:00
2004-09-20,14:00:00,125.0,1523.0,30.5,29.3,1.2612,2004-09-20 14:00:00
2004-09-20,15:00:00,122.0,1563.0,31.8,27.4,1.2673,2004-09-20 15:00:00
2004-09-20,16:00:00,124.0,1639.0,34.3,23.2,1.2326,2004-09-20 16:00:00
2004-09-20,17:00:00,184.0,1990.0,34.1,23.0,1.2081,2004-09-20 17:00:00
2004-09-20,18:00:00,200.0,2080.0,30.5,29.2,1.2585,2004-09-20 18:00:00
2004-09-20,19:00:00,225.0,2167.0,28.1,32.4,1.2173,2004-09-20 19:00:00
2004-09-20,20:00:00,168.0,1685.0,26.5,31.7,1.0787,2004-09-20 20:00:00
2004-09-20,21:00:00,118.0,1455.0,24.8,33.7,1.0377,2004-09-20 21:00:00
2004-09-20,22:00:00,115.0,1437.0,23.9,38.1,1.1123,2004-09-20 22:00:00
2004-09-20,23:00:00,94.0,1407.0,23.0,43.0,1.1897,2004-09-20 23:00:00
2004-09-21,00:00:00,62.0,1311.0,23.5,44.7,1.2755,2004-09-21 00:00:00
2004-09-21,01:00:00,68.0,1295.0,22.3,47.7,1.2643,2004-09-21 01:00:00
2004-09-21,02:00:00,50.0,1271.0,22.1,49.8,1.3094,2004-09-21 02:00:00
2004-09-21,03:00:00,80.11538461538461,1254.0,21.8,51.4,1.3272,2004-09-21 03:00:00
2004-09-21,04:00:00,36.0,1246.0,20.8,55.9,1.3581,2004-09-21 04:00:00
2004-09-21,05:00:00,53.0,1307.0,18.8,63.0,1.3582,2004-09-21 05:00:00
2004-09-21,06:00:00,79.0,1499.0,18.3,65.5,1.3686,2004-09-21 06:00:00
2004-09-21,07:00:00,133.0,2288.0,18.2,66.1,1.3679,2004-09-21 07:00:00
2004-09-21,08:00:00,148.0,2531.0,19.6,60.7,1.3713,2004-09-21 08:00:00
2004-09-21,09:00:00,161.0,2115.0,22.6,51.4,1.392,2004-09-21 09:00:00
2004-09-21,10:00:00,191.0,1991.0,25.8,44.2,1.4512,2004-09-21 10:00:00
2004-09-21,11:00:00,158.0,1792.0,28.5,39.0,1.4928,2004-09-21 11:00:00
2004-09-21,12:00:00,157.0,1768.0,30.1,35.1,1.4782,2004-09-21 12:00:00
2004-09-21,13:00:00,188.0,1846.0,29.4,36.4,1.4718,2004-09-21 13:00:00
2004-09-21,14:00:00,143.0,1635.0,29.2,37.9,1.5116,2004-09-21 14:00:00
2004-09-21,15:00:00,152.0,1696.0,30.5,34.9,1.5015,2004-09-21 15:00:00
2004-09-21,16:00:00,168.0,1759.0,31.5,31.4,1.431,2004-09-21 16:00:00
2004-09-21,17:00:00,205.0,2072.0,31.2,31.4,1.3987,2004-09-21 17:00:00
2004-09-21,18:00:00,204.0,2158.0,28.5,37.2,1.4282,2004-09-21 18:00:00
2004-09-21,19:00:00,210.0,2087.0,26.7,42.3,1.4618,2004-09-21 19:00:00
2004-09-21,20:00:00,173.0,1899.0,24.8,49.0,1.5092,2004-09-21 20:00:00
2004-09-21,21:00:00,123.0,1620.0,23.6,53.6,1.5374,2004-09-21 21:00:00
2004-09-21,22:00:00,92.0,1494.0,23.0,55.8,1.548,2004-09-21 22:00:00
2004-09-21,23:00:00,77.0,1491.0,22.1,58.4,1.5393,2004-09-21 23:00:00
2004-09-22,00:00:00,74.0,1430.0,22.6,56.3,1.5233,2004-09-22 00:00:00
2004-09-22,01:00:00,74.0,1409.0,21.0,61.3,1.5031,2004-09-22 01:00:00
2004-09-22,02:00:00,47.0,1302.0,23.0,54.0,1.501,2004-09-22 02:00:00
2004-09-22,03:00:00,80.11538461538461,1304.0,19.8,65.3,1.4894,2004-09-22 03:00:00
2004-09-22,04:00:00,44.0,1373.0,18.3,70.8,1.4794,2004-09-22 04:00:00
2004-09-22,05:00:00,69.0,1415.0,18.1,72.5,1.4876,2004-09-22 05:00:00
2004-09-22,06:00:00,79.0,1606.0,18.3,71.0,1.4807,2004-09-22 06:00:00
2004-09-22,07:00:00,108.0,2123.0,18.5,68.9,1.4565,2004-09-22 07:00:00
2004-09-22,08:00:00,119.0,2400.0,20.1,62.7,1.461,2004-09-22 08:00:00
2004-09-22,09:00:00,165.0,2201.0,23.5,52.0,1.4833,2004-09-22 09:00:00
2004-09-22,10:00:00,172.0,1888.0,26.8,42.7,1.4864,2004-09-22 10:00:00
2004-09-22,11:00:00,180.0,1813.0,29.1,36.7,1.4543,2004-09-22 11:00:00
2004-09-22,12:00:00,130.0,1631.0,30.8,32.0,1.4014,2004-09-22 12:00:00
2004-09-22,13:00:00,120.0,1646.0,27.9,37.0,1.372,2004-09-22 13:00:00
2004-09-22,14:00:00,117.0,1609.0,28.5,37.3,1.4291,2004-09-22 14:00:00
2004-09-22,15:00:00,141.0,1701.0,30.2,32.9,1.3865,2004-09-22 15:00:00
2004-09-22,16:00:00,151.0,1724.0,32.9,27.7,1.3622,2004-09-22 16:00:00
2004-09-22,17:00:00,218.0,2084.0,32.2,28.8,1.3624,2004-09-22 17:00:00
2004-09-22,18:00:00,213.0,2049.0,28.8,39.0,1.5203,2004-09-22 18:00:00
2004-09-22,19:00:00,194.0,2065.0,26.7,43.3,1.4881,2004-09-22 19:00:00
2004-09-22,20:00:00,167.0,1842.0,24.6,54.0,1.6461,2004-09-22 20:00:00
2004-09-22,21:00:00,115.0,1638.0,23.4,59.9,1.6992,2004-09-22 21:00:00
2004-09-22,22:00:00,98.0,1650.0,22.5,62.6,1.6883,2004-09-22 22:00:00
2004-09-22,23:00:00,93.0,1571.0,22.9,62.0,1.7127,2004-09-22 23:00:00
2004-09-23,00:00:00,87.0,1539.0,22.2,64.9,1.719,2004-09-23 00:00:00
2004-09-23,01:00:00,71.0,1513.0,21.4,68.5,1.7261,2004-09-23 01:00:00
2004-09-23,02:00:00,49.0,1385.0,22.2,63.0,1.6673,2004-09-23 02:00:00
2004-09-23,03:00:00,80.11538461538461,1336.0,22.4,59.9,1.6069,2004-09-23 03:00:00
2004-09-23,04:00:00,44.0,1337.0,21.1,63.8,1.5817,2004-09-23 04:00:00
2004-09-23,05:00:00,58.0,1339.0,22.9,57.5,1.5879,2004-09-23 05:00:00
2004-09-23,06:00:00,66.0,1491.0,21.3,63.2,1.5794,2004-09-23 06:00:00
2004-09-23,07:00:00,112.0,2049.0,21.3,63.5,1.5941,2004-09-23 07:00:00
2004-09-23,08:00:00,104.0,1897.0,23.7,54.4,1.5765,2004-09-23 08:00:00
2004-09-23,09:00:00,103.0,1853.0,25.0,50.8,1.5903,2004-09-23 09:00:00
2004-09-23,10:00:00,118.0,1766.0,26.3,48.1,1.6199,2004-09-23 10:00:00
2004-09-23,11:00:00,129.0,1784.0,26.4,47.3,1.6006,2004-09-23 11:00:00
2004-09-23,12:00:00,127.0,1775.0,29.3,39.5,1.5855,2004-09-23 12:00:00
2004-09-23,13:00:00,130.0,1795.0,29.0,39.6,1.5581,2004-09-23 13:00:00
2004-09-23,14:00:00,130.0,1746.0,29.8,38.0,1.5642,2004-09-23 14:00:00
2004-09-23,15:00:00,118.0,1733.0,30.4,37.2,1.588,2004-09-23 15:00:00
2004-09-23,16:00:00,146.0,1860.0,31.5,34.9,1.5903,2004-09-23 16:00:00
2004-09-23,17:00:00,190.0,2075.0,31.6,34.8,1.5925,2004-09-23 17:00:00
2004-09-23,18:00:00,189.0,2059.0,29.0,40.5,1.5949,2004-09-23 18:00:00
2004-09-23,19:00:00,173.0,2056.0,27.2,45.9,1.6302,2004-09-23 19:00:00
2004-09-23,20:00:00,148.0,1785.0,26.2,48.7,1.6256,2004-09-23 20:00:00
2004-09-23,21:00:00,116.0,1646.0,25.1,50.5,1.584,2004-09-23 21:00:00
2004-09-23,22:00:00,109.0,1559.0,24.1,50.7,1.4959,2004-09-23 22:00:00
2004-09-23,23:00:00,94.0,1504.0,22.5,53.7,1.4486,2004-09-23 23:00:00
2004-09-24,00:00:00,64.0,1437.0,22.7,53.7,1.458,2004-09-24 00:00:00
2004-09-24,01:00:00,59.0,1419.0,21.5,57.9,1.4658,2004-09-24 01:00:00
2004-09-24,02:00:00,64.0,1394.0,22.3,55.8,1.4828,2004-09-24 02:00:00
2004-09-24,03:00:00,80.11538461538461,1320.0,22.7,53.8,1.4673,2004-09-24 03:00:00
2004-09-24,04:00:00,52.0,1351.0,21.1,59.9,1.4789,2004-09-24 04:00:00
2004-09-24,05:00:00,55.0,1367.0,20.4,63.0,1.4946,2004-09-24 05:00:00
2004-09-24,06:00:00,83.0,1579.0,20.8,62.2,1.5119,2004-09-24 06:00:00
2004-09-24,07:00:00,114.0,2017.0,21.3,61.6,1.5452,2004-09-24 07:00:00
2004-09-24,08:00:00,137.0,2430.0,21.9,60.2,1.56,2004-09-24 08:00:00
2004-09-24,09:00:00,160.0,2214.0,23.0,56.4,1.5614,2004-09-24 09:00:00
2004-09-24,10:00:00,138.0,1929.0,25.1,49.5,1.5572,2004-09-24 10:00:00
2004-09-24,11:00:00,134.0,1866.0,26.6,44.3,1.5229,2004-09-24 11:00:00
2004-09-24,12:00:00,143.0,1998.0,26.2,46.0,1.5422,2004-09-24 12:00:00
2004-09-24,13:00:00,153.0,2114.0,25.4,48.7,1.5594,2004-09-24 13:00:00
2004-09-24,14:00:00,145.0,2026.0,25.6,48.3,1.558,2004-09-24 14:00:00
2004-09-24,15:00:00,123.0,1892.0,25.7,47.8,1.5548,2004-09-24 15:00:00
2004-09-24,16:00:00,96.0,1698.0,24.9,49.2,1.5251,2004-09-24 16:00:00
2004-09-24,17:00:00,107.0,1632.0,18.3,75.4,1.5682,2004-09-24 17:00:00
2004-09-24,18:00:00,119.0,1565.0,16.3,73.9,1.3601,2004-09-24 18:00:00
2004-09-24,19:00:00,109.0,1552.0,15.6,75.7,1.3345,2004-09-24 19:00:00
2004-09-24,20:00:00,107.0,1390.0,15.4,76.6,1.3334,2004-09-24 20:00:00
2004-09-24,21:00:00,57.0,1188.0,14.0,75.4,1.1988,2004-09-24 21:00:00
2004-09-24,22:00:00,60.0,1129.0,14.9,60.5,1.0213,2004-09-24 22:00:00
2004-09-24,23:00:00,22.0,1156.0,15.5,50.9,0.888,2004-09-24 23:00:00
2004-09-25,00:00:00,2.0,1161.0,15.6,50.0,0.8773,2004-09-25 00:00:00
2004-09-25,01:00:00,7.0,1178.0,15.4,53.6,0.9326,2004-09-25 01:00:00
2004-09-25,02:00:00,8.0,1106.0,15.4,53.9,0.9334,2004-09-25 02:00:00
2004-09-25,03:00:00,80.11538461538461,1059.0,15.3,52.4,0.9017,2004-09-25 03:00:00
2004-09-25,04:00:00,27.0,1071.0,15.3,53.1,0.9181,2004-09-25 04:00:00
2004-09-25,05:00:00,14.0,1072.0,15.4,53.7,0.9295,2004-09-25 05:00:00
2004-09-25,06:00:00,3.0,1097.0,15.5,53.3,0.9308,2004-09-25 06:00:00
2004-09-25,07:00:00,9.0,1130.0,15.4,52.7,0.9178,2004-09-25 07:00:00
2004-09-25,08:00:00,14.0,1138.0,15.7,51.1,0.9056,2004-09-25 08:00:00
2004-09-25,09:00:00,52.0,1207.0,16.9,47.7,0.9142,2004-09-25 09:00:00
2004-09-25,10:00:00,64.0,1171.0,18.2,41.9,0.8674,2004-09-25 10:00:00
2004-09-25,11:00:00,66.0,1243.0,19.1,37.0,0.8104,2004-09-25 11:00:00
2004-09-25,12:00:00,14.0,1183.0,19.3,34.8,0.771,2004-09-25 12:00:00
2004-09-25,13:00:00,9.0,1171.0,19.8,31.2,0.7127,2004-09-25 13:00:00
2004-09-25,14:00:00,12.0,1117.0,19.8,31.1,0.7104,2004-09-25 14:00:00
2004-09-25,15:00:00,14.0,1068.0,20.2,28.6,0.6717,2004-09-25 15:00:00
2004-09-25,16:00:00,21.0,1095.0,22.1,24.8,0.6514,2004-09-25 16:00:00
2004-09-25,17:00:00,43.0,1193.0,21.1,27.7,0.6853,2004-09-25 17:00:00
2004-09-25,18:00:00,62.0,1262.0,20.1,30.3,0.7045,2004-09-25 18:00:00
2004-09-25,19:00:00,68.0,1312.0,19.5,33.0,0.7384,2004-09-25 19:00:00
2004-09-25,20:00:00,81.0,1321.0,19.3,32.3,0.7163,2004-09-25 20:00:00
2004-09-25,21:00:00,88.0,1227.0,18.4,33.2,0.6975,2004-09-25 21:00:00
2004-09-25,22:00:00,99.0,1358.0,17.8,36.5,0.7366,2004-09-25 22:00:00
2004-09-25,23:00:00,98.0,1473.0,17.8,39.9,0.8035,2004-09-25 23:00:00
2004-09-26,00:00:00,97.0,1350.0,17.0,43.0,0.8242,2004-09-26 00:00:00
2004-09-26,01:00:00,101.0,1413.0,15.5,52.2,0.9136,2004-09-26 01:00:00
2004-09-26,02:00:00,90.0,1287.0,15.6,51.9,0.9135,2004-09-26 02:00:00
2004-09-26,03:00:00,80.11538461538461,1304.0,13.5,59.4,0.9176,2004-09-26 03:00:00
2004-09-26,04:00:00,61.0,1226.0,13.4,59.9,0.9173,2004-09-26 04:00:00
2004-09-26,05:00:00,55.0,1188.0,12.5,63.2,0.9146,2004-09-26 05:00:00
2004-09-26,06:00:00,46.0,1153.0,13.6,57.6,0.8941,2004-09-26 06:00:00
2004-09-26,07:00:00,56.0,1224.0,12.2,63.2,0.8964,2004-09-26 07:00:00
2004-09-26,08:00:00,83.0,1321.0,14.6,56.4,0.9319,2004-09-26 08:00:00
2004-09-26,09:00:00,55.0,1117.0,19.8,38.6,0.8831,2004-09-26 09:00:00
2004-09-26,10:00:00,47.0,1104.0,21.6,33.4,0.8519,2004-09-26 10:00:00
2004-09-26,11:00:00,61.0,1129.0,22.0,32.2,0.8407,2004-09-26 11:00:00
2004-09-26,12:00:00,58.0,1138.0,22.7,30.2,0.8217,2004-09-26 12:00:00
2004-09-26,13:00:00,59.0,1160.0,22.3,30.4,0.8063,2004-09-26 13:00:00
2004-09-26,14:00:00,54.0,1169.0,22.1,30.5,0.7981,2004-09-26 14:00:00
2004-09-26,15:00:00,69.0,1098.0,22.1,29.5,0.7761,2004-09-26 15:00:00
2004-09-26,16:00:00,54.0,1121.0,23.4,27.1,0.7681,2004-09-26 16:00:00
2004-09-26,17:00:00,95.0,1327.0,23.1,27.0,0.7538,2004-09-26 17:00:00
2004-09-26,18:00:00,99.0,1278.0,21.5,31.4,0.7943,2004-09-26 18:00:00
2004-09-26,19:00:00,127.0,1384.0,20.3,35.5,0.833,2004-09-26 19:00:00
2004-09-26,20:00:00,98.0,1287.0,19.6,36.3,0.8193,2004-09-26 20:00:00
2004-09-26,21:00:00,112.0,1311.0,18.7,39.7,0.8482,2004-09-26 21:00:00
2004-09-26,22:00:00,115.0,1351.0,18.0,42.7,0.8745,2004-09-26 22:00:00
2004-09-26,23:00:00,114.0,1398.0,17.1,47.6,0.9208,2004-09-26 23:00:00
2004-09-27,00:00:00,103.0,1365.0,16.6,51.3,0.9634,2004-09-27 00:00:00
2004-09-27,01:00:00,81.0,1265.0,15.9,55.2,0.9881,2004-09-27 01:00:00
2004-09-27,02:00:00,75.0,1247.0,14.9,58.9,0.9891,2004-09-27 02:00:00
2004-09-27,03:00:00,80.11538461538461,1178.0,14.1,61.0,0.9799,2004-09-27 03:00:00
2004-09-27,04:00:00,64.0,1188.0,14.0,62.6,0.9948,2004-09-27 04:00:00
2004-09-27,05:00:00,71.0,1266.0,14.1,61.7,0.9844,2004-09-27 05:00:00
2004-09-27,06:00:00,99.0,1399.0,14.4,60.3,0.9802,2004-09-27 06:00:00
2004-09-27,07:00:00,132.0,1973.0,15.0,57.7,0.9778,2004-09-27 07:00:00
2004-09-27,08:00:00,135.0,1708.0,16.9,50.3,0.958,2004-09-27 08:00:00
2004-09-27,09:00:00,94.0,1314.0,19.7,40.2,0.9108,2004-09-27 09:00:00
2004-09-27,10:00:00,103.0,1351.0,22.2,33.6,0.8886,2004-09-27 10:00:00
2004-09-27,11:00:00,123.0,1328.0,23.7,29.6,0.8537,2004-09-27 11:00:00
2004-09-27,12:00:00,95.0,1275.0,21.9,30.7,0.7961,2004-09-27 12:00:00
2004-09-27,13:00:00,90.0,1276.0,22.3,29.5,0.7838,2004-09-27 13:00:00
2004-09-27,14:00:00,99.0,1306.0,23.8,27.0,0.7845,2004-09-27 14:00:00
2004-09-27,15:00:00,107.0,1316.0,23.3,28.3,0.8012,2004-09-27 15:00:00
2004-09-27,16:00:00,112.0,1401.0,24.2,27.2,0.8128,2004-09-27 16:00:00
2004-09-27,17:00:00,132.0,1582.0,25.1,25.8,0.8065,2004-09-27 17:00:00
2004-09-27,18:00:00,148.0,1539.0,22.3,29.2,0.7773,2004-09-27 18:00:00
2004-09-27,19:00:00,158.0,1679.0,20.8,32.5,0.7873,2004-09-27 19:00:00
2004-09-27,20:00:00,145.0,1517.0,19.1,36.8,0.8066,2004-09-27 20:00:00
2004-09-27,21:00:00,128.0,1400.0,18.1,39.9,0.8232,2004-09-27 21:00:00
2004-09-27,22:00:00,105.0,1298.0,17.4,42.8,0.8463,2004-09-27 22:00:00
2004-09-27,23:00:00,90.0,1253.0,16.7,46.6,0.8793,2004-09-27 23:00:00
2004-09-28,00:00:00,85.0,1189.0,17.1,46.8,0.9054,2004-09-28 00:00:00
2004-09-28,01:00:00,73.0,1137.0,15.3,51.9,0.8982,2004-09-28 01:00:00
2004-09-28,02:00:00,74.0,1113.0,15.0,52.8,0.8929,2004-09-28 02:00:00
2004-09-28,03:00:00,80.11538461538461,1080.0,14.4,54.5,0.8887,2004-09-28 03:00:00
2004-09-28,04:00:00,61.0,1089.0,12.8,59.8,0.8801,2004-09-28 04:00:00
2004-09-28,05:00:00,69.0,1154.0,11.9,62.7,0.8726,2004-09-28 05:00:00
2004-09-28,06:00:00,82.0,1253.0,12.1,62.6,0.8825,2004-09-28 06:00:00
2004-09-28,07:00:00,120.0,1503.0,13.5,58.2,0.8944,2004-09-28 07:00:00
2004-09-28,08:00:00,135.0,1849.0,14.4,55.7,0.9087,2004-09-28 08:00:00
2004-09-28,09:00:00,152.0,1683.0,17.8,45.7,0.9224,2004-09-28 09:00:00
2004-09-28,10:00:00,177.0,1595.0,21.0,37.2,0.9155,2004-09-28 10:00:00
2004-09-28,11:00:00,181.0,1663.0,24.5,29.8,0.9008,2004-09-28 11:00:00
2004-09-28,12:00:00,176.0,1670.0,26.4,26.4,0.8969,2004-09-28 12:00:00
2004-09-28,13:00:00,163.0,1676.0,25.2,26.8,0.8451,2004-09-28 13:00:00
2004-09-28,14:00:00,174.0,1570.0,26.1,24.8,0.8283,2004-09-28 14:00:00
2004-09-28,15:00:00,117.0,1402.0,26.2,24.4,0.8174,2004-09-28 15:00:00
2004-09-28,16:00:00,145.0,1598.0,28.9,21.3,0.8382,2004-09-28 16:00:00
2004-09-28,17:00:00,173.0,1854.0,28.0,23.3,0.8681,2004-09-28 17:00:00
2004-09-28,18:00:00,204.0,2098.0,24.7,27.9,0.8559,2004-09-28 18:00:00
2004-09-28,19:00:00,209.0,2165.0,23.0,33.6,0.9302,2004-09-28 19:00:00
2004-09-28,20:00:00,175.0,1841.0,20.9,45.8,1.1159,2004-09-28 20:00:00
2004-09-28,21:00:00,129.0,1480.0,19.8,48.6,1.113,2004-09-28 21:00:00
2004-09-28,22:00:00,111.0,1359.0,19.8,47.7,1.0885,2004-09-28 22:00:00
2004-09-28,23:00:00,85.0,1263.0,18.6,49.1,1.0435,2004-09-28 23:00:00
2004-09-29,00:00:00,86.0,1270.0,17.2,53.9,1.0498,2004-09-29 00:00:00
2004-09-29,01:00:00,71.0,1223.0,16.3,56.8,1.047,2004-09-29 01:00:00
2004-09-29,02:00:00,60.0,1157.0,17.4,53.4,1.0541,2004-09-29 02:00:00
2004-09-29,03:00:00,80.11538461538461,1152.0,15.5,58.8,1.0309,2004-09-29 03:00:00
2004-09-29,04:00:00,48.0,1161.0,14.6,62.1,1.0236,2004-09-29 04:00:00
2004-09-29,05:00:00,45.0,1134.0,17.1,52.5,1.013,2004-09-29 05:00:00
2004-09-29,06:00:00,53.0,1203.0,15.2,58.3,0.9986,2004-09-29 06:00:00
2004-09-29,07:00:00,94.0,1516.0,14.9,59.2,0.9985,2004-09-29 07:00:00
2004-09-29,08:00:00,122.0,1968.0,15.1,59.0,1.0086,2004-09-29 08:00:00
2004-09-29,09:00:00,170.0,1973.0,19.0,47.8,1.0434,2004-09-29 09:00:00
2004-09-29,10:00:00,174.0,1747.0,22.4,38.8,1.04,2004-09-29 10:00:00
2004-09-29,11:00:00,191.0,1673.0,25.4,33.3,1.0679,2004-09-29 11:00:00
2004-09-29,12:00:00,179.0,1728.0,27.2,30.4,1.081,2004-09-29 12:00:00
2004-09-29,13:00:00,148.0,1644.0,25.5,34.8,1.1152,2004-09-29 13:00:00
2004-09-29,14:00:00,129.0,1483.0,26.4,28.5,0.9658,2004-09-29 14:00:00
2004-09-29,15:00:00,148.0,1551.0,27.7,25.1,0.9158,2004-09-29 15:00:00
2004-09-29,16:00:00,184.0,1613.0,28.6,23.2,0.8917,2004-09-29 16:00:00
2004-09-29,17:00:00,188.0,1677.0,27.2,26.3,0.9317,2004-09-29 17:00:00
2004-09-29,18:00:00,204.0,1997.0,25.3,33.0,1.0473,2004-09-29 18:00:00
2004-09-29,19:00:00,201.0,2088.0,23.2,36.9,1.0346,2004-09-29 19:00:00
2004-09-29,20:00:00,165.0,1797.0,21.6,43.3,1.1019,2004-09-29 20:00:00
2004-09-29,21:00:00,133.0,1454.0,21.1,44.8,1.1088,2004-09-29 21:00:00
2004-09-29,22:00:00,125.0,1445.0,19.7,49.3,1.1148,2004-09-29 22:00:00
2004-09-29,23:00:00,101.0,1298.0,20.3,47.8,1.1281,2004-09-29 23:00:00
2004-09-30,00:00:00,79.0,1276.0,19.4,50.3,1.1201,2004-09-30 00:00:00
2004-09-30,01:00:00,90.50299401197604,1259.0,18.3,53.1,1.1056,2004-09-30 01:00:00
2004-09-30,02:00:00,75.4367469879518,1173.0,17.5,56.1,1.1103,2004-09-30 02:00:00
2004-09-30,03:00:00,80.11538461538461,1143.0,19.2,50.3,1.1087,2004-09-30 03:00:00
2004-09-30,04:00:00,58.62048192771084,1189.0,16.6,59.6,1.117,2004-09-30 04:00:00
2004-09-30,05:00:00,59.612612612612615,1226.0,17.5,57.1,1.1311,2004-09-30 05:00:00
2004-09-30,06:00:00,71.74251497005989,1379.0,17.6,57.6,1.1471,2004-09-30 06:00:00
2004-09-30,07:00:00,94.70958083832335,1946.0,18.0,57.0,1.1665,2004-09-30 07:00:00
2004-09-30,08:00:00,121.26829268292683,2197.0,18.5,55.9,1.1779,2004-09-30 08:00:00
2004-09-30,09:00:00,130.87687687687688,1779.0,18.6,57.2,1.2146,2004-09-30 09:00:00
2004-09-30,10:00:00,133.67857142857142,1795.0,20.2,53.0,1.2407,2004-09-30 10:00:00
2004-09-30,11:00:00,130.4131736526946,1835.0,21.3,50.1,1.2539,2004-09-30 11:00:00
2004-09-30,12:00:00,124.45671641791044,1489.0,24.6,42.8,1.3053,2004-09-30 12:00:00
2004-09-30,13:00:00,101.0,1510.0,24.6,44.1,1.3477,2004-09-30 13:00:00
2004-09-30,14:00:00,113.0,1638.0,25.6,43.4,1.4049,2004-09-30 14:00:00
2004-09-30,15:00:00,121.0,1744.0,26.1,42.6,1.4172,2004-09-30 15:00:00
2004-09-30,16:00:00,146.0,1978.0,25.8,44.8,1.4644,2004-09-30 16:00:00
2004-09-30,17:00:00,188.0,2365.0,25.4,47.9,1.5346,2004-09-30 17:00:00
2004-09-30,18:00:00,182.0,2259.0,24.6,50.0,1.5241,2004-09-30 18:00:00
2004-09-30,19:00:00,166.0,2130.0,23.6,54.4,1.5687,2004-09-30 19:00:00
2004-09-30,20:00:00,142.0,1854.0,22.6,59.5,1.6155,2004-09-30 20:00:00
2004-09-30,21:00:00,84.0,1549.0,22.1,61.3,1.6133,2004-09-30 21:00:00
2004-09-30,22:00:00,87.0,1500.0,22.1,61.3,1.6053,2004-09-30 22:00:00
2004-09-30,23:00:00,91.0,1577.0,21.1,64.7,1.5956,2004-09-30 23:00:00
2004-10-01,00:00:00,91.0,1572.0,20.3,66.4,1.5591,2004-10-01 00:00:00
2004-10-01,01:00:00,74.0,1557.0,19.4,69.3,1.5418,2004-10-01 01:00:00
2004-10-01,02:00:00,69.0,1465.0,19.0,70.8,1.5417,2004-10-01 02:00:00
2004-10-01,03:00:00,80.11538461538461,1348.0,20.2,65.8,1.5442,2004-10-01 03:00:00
2004-10-01,04:00:00,54.0,1326.0,19.8,67.2,1.5322,2004-10-01 04:00:00
2004-10-01,05:00:00,60.0,1371.0,19.0,70.3,1.5308,2004-10-01 05:00:00
2004-10-01,06:00:00,69.0,1568.0,18.8,71.8,1.5372,2004-10-01 06:00:00
2004-10-01,07:00:00,91.0,1816.0,20.2,66.3,1.555,2004-10-01 07:00:00
2004-10-01,08:00:00,97.0,2130.0,20.8,64.3,1.563,2004-10-01 08:00:00
2004-10-01,09:00:00,114.0,1900.0,22.3,59.3,1.5705,2004-10-01 09:00:00
2004-10-01,10:00:00,129.0,1908.0,23.2,56.6,1.5929,2004-10-01 10:00:00
2004-10-01,11:00:00,137.0,1879.0,23.8,54.7,1.587,2004-10-01 11:00:00
2004-10-01,12:00:00,134.0,1943.0,23.5,56.2,1.6048,2004-10-01 12:00:00
2004-10-01,13:00:00,132.0,2005.0,23.9,54.4,1.5963,2004-10-01 13:00:00
2004-10-01,14:00:00,123.0,1836.5,24.65,50.9,1.5566499999999999,2004-10-01 14:00:00
2004-10-01,15:00:00,105.0,1668.0,25.4,47.4,1.517,2004-10-01 15:00:00
2004-10-01,16:00:00,136.0,1853.0,26.4,45.4,1.54,2004-10-01 16:00:00
2004-10-01,17:00:00,169.0,2130.0,25.8,46.9,1.5375,2004-10-01 17:00:00
2004-10-01,18:00:00,145.91964285714286,2205.0,25.3,49.6,1.5805,2004-10-01 18:00:00
2004-10-01,19:00:00,150.0919881305638,2338.0,24.2,54.3,1.6117,2004-10-01 19:00:00
2004-10-01,20:00:00,145.1186943620178,1902.0,22.8,58.1,1.5951,2004-10-01 20:00:00
2004-10-01,21:00:00,130.91071428571428,1710.0,21.5,63.2,1.5993,2004-10-01 21:00:00
2004-10-01,22:00:00,115.0955223880597,1592.0,21.3,63.0,1.5798,2004-10-01 22:00:00
2004-10-01,23:00:00,108.07164179104478,1523.0,20.8,64.1,1.554,2004-10-01 23:00:00
2004-10-02,00:00:00,103.32142857142857,1595.0,20.6,64.0,1.5346,2004-10-02 00:00:00
2004-10-02,01:00:00,90.50299401197604,1512.0,20.6,63.4,1.519,2004-10-02 01:00:00
2004-10-02,02:00:00,75.4367469879518,1500.0,20.4,64.4,1.522,2004-10-02 02:00:00
2004-10-02,03:00:00,80.11538461538461,1388.0,21.3,61.0,1.529,2004-10-02 03:00:00
2004-10-02,04:00:00,58.62048192771084,1384.0,20.5,64.0,1.5247,2004-10-02 04:00:00
2004-10-02,05:00:00,59.612612612612615,1458.0,20.3,65.3,1.5321,2004-10-02 05:00:00
2004-10-02,06:00:00,71.74251497005989,1479.0,20.1,65.9,1.5321,2004-10-02 06:00:00
2004-10-02,07:00:00,94.70958083832335,1691.0,20.2,65.6,1.5368,2004-10-02 07:00:00
2004-10-02,08:00:00,121.26829268292683,1677.0,21.1,62.8,1.5481,2004-10-02 08:00:00
2004-10-02,09:00:00,130.87687687687688,1665.0,22.5,57.5,1.5518,2004-10-02 09:00:00
2004-10-02,10:00:00,133.67857142857142,1587.0,24.2,51.9,1.5426,2004-10-02 10:00:00
2004-10-02,11:00:00,130.4131736526946,1650.0,25.2,48.9,1.5437,2004-10-02 11:00:00
2004-10-02,12:00:00,124.45671641791044,1641.0,25.8,47.8,1.5662,2004-10-02 12:00:00
2004-10-02,13:00:00,119.31231231231232,1640.0,25.7,49.2,1.5988,2004-10-02 13:00:00
2004-10-02,14:00:00,116.46846846846847,1499.0,25.8,49.6,1.6213,2004-10-02 14:00:00
2004-10-02,15:00:00,117.19161676646706,1533.0,25.7,48.8,1.5913,2004-10-02 15:00:00
2004-10-02,16:00:00,123.31044776119403,1589.0,26.5,45.9,1.5626,2004-10-02 16:00:00
2004-10-02,17:00:00,135.8041543026706,1648.0,25.4,48.9,1.565,2004-10-02 17:00:00
2004-10-02,18:00:00,145.91964285714286,1688.0,24.4,52.5,1.583,2004-10-02 18:00:00
2004-10-02,19:00:00,150.0919881305638,1954.0,23.9,54.6,1.5936,2004-10-02 19:00:00
2004-10-02,20:00:00,145.1186943620178,1849.0,22.9,57.9,1.5958,2004-10-02 20:00:00
2004-10-02,21:00:00,130.91071428571428,1633.0,22.1,61.1,1.6012,2004-10-02 21:00:00
2004-10-02,22:00:00,115.0955223880597,1577.0,20.8,65.6,1.5898,2004-10-02 22:00:00
2004-10-02,23:00:00,108.07164179104478,1526.0,21.7,60.8,1.563,2004-10-02 23:00:00
2004-10-03,00:00:00,103.32142857142857,1506.0,21.1,62.8,1.5505,2004-10-03 00:00:00
2004-10-03,01:00:00,90.50299401197604,1467.0,20.7,63.2,1.524,2004-10-03 01:00:00
2004-10-03,02:00:00,75.4367469879518,1416.0,21.2,61.5,1.5241,2004-10-03 02:00:00
2004-10-03,03:00:00,80.11538461538461,1412.0,20.3,64.6,1.518,2004-10-03 03:00:00
2004-10-03,04:00:00,58.62048192771084,1391.0,20.2,64.4,1.5035,2004-10-03 04:00:00
2004-10-03,05:00:00,59.612612612612615,1377.0,20.1,65.3,1.5153,2004-10-03 05:00:00
2004-10-03,06:00:00,71.74251497005989,1370.0,19.9,66.0,1.5141,2004-10-03 06:00:00
2004-10-03,07:00:00,94.70958083832335,1469.0,19.8,66.4,1.5145,2004-10-03 07:00:00
2004-10-03,08:00:00,121.26829268292683,1476.0,20.4,64.1,1.5178,2004-10-03 08:00:00
2004-10-03,09:00:00,130.87687687687688,1538.0,21.6,60.8,1.5496,2004-10-03 09:00:00
2004-10-03,10:00:00,133.67857142857142,1638.0,23.5,54.5,1.5553,2004-10-03 10:00:00
2004-10-03,11:00:00,130.4131736526946,1517.0,25.7,46.6,1.5105,2004-10-03 11:00:00
2004-10-03,12:00:00,124.45671641791044,1588.0,26.6,43.7,1.5031,2004-10-03 12:00:00
2004-10-03,13:00:00,119.31231231231232,1517.0,27.4,41.8,1.5056,2004-10-03 13:00:00
2004-10-03,14:00:00,116.46846846846847,1446.0,27.4,42.8,1.5344,2004-10-03 14:00:00
2004-10-03,15:00:00,117.19161676646706,1458.0,27.1,43.3,1.5255,2004-10-03 15:00:00
2004-10-03,16:00:00,123.31044776119403,1449.0,26.9,44.4,1.551,2004-10-03 16:00:00
2004-10-03,17:00:00,135.8041543026706,1488.0,26.9,44.4,1.5538,2004-10-03 17:00:00
2004-10-03,18:00:00,145.91964285714286,1619.0,24.7,51.9,1.5868,2004-10-03 18:00:00
2004-10-03,19:00:00,150.0919881305638,1925.0,23.7,55.6,1.6074,2004-10-03 19:00:00
2004-10-03,20:00:00,145.1186943620178,1929.0,22.7,59.6,1.6261,2004-10-03 20:00:00
2004-10-03,21:00:00,130.91071428571428,1587.0,21.9,61.4,1.5946,2004-10-03 21:00:00
2004-10-03,22:00:00,115.0955223880597,1506.0,22.0,59.8,1.562,2004-10-03 22:00:00
2004-10-03,23:00:00,108.07164179104478,1522.0,20.5,64.9,1.5473,2004-10-03 23:00:00
2004-10-04,00:00:00,103.32142857142857,1432.0,19.8,66.9,1.5277,2004-10-04 00:00:00
2004-10-04,01:00:00,90.50299401197604,1431.0,18.4,71.6,1.4997,2004-10-04 01:00:00
2004-10-04,02:00:00,75.4367469879518,1323.0,18.9,68.6,1.4818,2004-10-04 02:00:00
2004-10-04,03:00:00,80.11538461538461,1322.0,17.8,72.3,1.4546,2004-10-04 03:00:00
2004-10-04,04:00:00,58.62048192771084,1326.0,17.1,73.9,1.4262,2004-10-04 04:00:00
2004-10-04,05:00:00,59.612612612612615,1351.0,17.7,70.3,1.4088,2004-10-04 05:00:00
2004-10-04,06:00:00,71.74251497005989,1373.0,17.1,71.8,1.3936,2004-10-04 06:00:00
2004-10-04,07:00:00,94.70958083832335,1573.0,18.3,67.5,1.4044,2004-10-04 07:00:00
2004-10-04,08:00:00,121.26829268292683,1864.0,18.5,67.0,1.4135,2004-10-04 08:00:00
2004-10-04,09:00:00,130.87687687687688,1967.0,19.9,61.7,1.4193,2004-10-04 09:00:00
2004-10-04,10:00:00,133.67857142857142,1886.0,22.9,52.6,1.4519,2004-10-04 10:00:00
2004-10-04,11:00:00,130.4131736526946,1910.0,24.2,49.0,1.4586,2004-10-04 11:00:00
2004-10-04,12:00:00,124.45671641791044,1931.0,25.8,44.7,1.459,2004-10-04 12:00:00
2004-10-04,13:00:00,119.31231231231232,1829.0,26.0,44.5,1.4731,2004-10-04 13:00:00
2004-10-04,14:00:00,116.46846846846847,1655.0,27.1,40.2,1.4217,2004-10-04 14:00:00
2004-10-04,15:00:00,117.19161676646706,1707.0,27.4,39.8,1.4318,2004-10-04 15:00:00
2004-10-04,16:00:00,123.31044776119403,1898.0,28.9,36.3,1.4291,2004-10-04 16:00:00
2004-10-04,17:00:00,135.8041543026706,2181.0,28.4,37.5,1.4251,2004-10-04 17:00:00
2004-10-04,18:00:00,145.91964285714286,2523.0,26.0,43.9,1.4562,2004-10-04 18:00:00
2004-10-04,19:00:00,150.0919881305638,2612.0,24.3,49.6,1.486,2004-10-04 19:00:00
2004-10-04,20:00:00,145.1186943620178,1925.0,23.3,53.0,1.4939,2004-10-04 20:00:00
2004-10-04,21:00:00,130.91071428571428,1539.0,22.6,55.1,1.4899,2004-10-04 21:00:00
2004-10-04,22:00:00,115.0955223880597,1499.0,21.2,59.3,1.4787,2004-10-04 22:00:00
2004-10-04,23:00:00,108.07164179104478,1446.0,20.6,60.9,1.4642,2004-10-04 23:00:00
2004-10-05,00:00:00,103.32142857142857,1425.0,20.0,63.1,1.4592,2004-10-05 00:00:00
2004-10-05,01:00:00,90.50299401197604,1335.0,19.7,63.4,1.4383,2004-10-05 01:00:00
2004-10-05,02:00:00,75.4367469879518,1270.0,20.8,58.8,1.4305,2004-10-05 02:00:00
2004-10-05,03:00:00,80.11538461538461,1280.0,17.8,69.8,1.4058,2004-10-05 03:00:00
2004-10-05,04:00:00,58.62048192771084,1260.0,18.8,65.3,1.4023,2004-10-05 04:00:00
2004-10-05,05:00:00,59.612612612612615,1334.0,17.6,69.5,1.3889,2004-10-05 05:00:00
2004-10-05,06:00:00,71.74251497005989,1450.0,17.4,69.7,1.3714,2004-10-05 06:00:00
2004-10-05,07:00:00,94.70958083832335,2195.0,17.4,70.1,1.3783,2004-10-05 07:00:00
2004-10-05,08:00:00,121.26829268292683,1998.0,18.5,65.5,1.3787,2004-10-05 08:00:00
2004-10-05,09:00:00,130.87687687687688,1870.0,20.6,58.5,1.4054,2004-10-05 09:00:00
2004-10-05,10:00:00,133.67857142857142,1910.0,23.9,48.7,1.4269,2004-10-05 10:00:00
2004-10-05,11:00:00,130.4131736526946,1790.0,26.0,43.8,1.4499,2004-10-05 11:00:00
2004-10-05,12:00:00,124.45671641791044,2130.0,28.6,37.3,1.4423,2004-10-05 12:00:00
2004-10-05,13:00:00,119.31231231231232,1886.0,27.9,38.0,1.4029,2004-10-05 13:00:00
2004-10-05,14:00:00,116.46846846846847,1717.0,28.4,37.6,1.4282,2004-10-05 14:00:00
2004-10-05,15:00:00,117.19161676646706,1675.0,28.5,37.3,1.4329,2004-10-05 15:00:00
2004-10-05,16:00:00,123.31044776119403,1841.0,30.8,31.8,1.3908,2004-10-05 16:00:00
2004-10-05,17:00:00,135.8041543026706,2181.0,29.7,33.1,1.3546,2004-10-05 17:00:00
2004-10-05,18:00:00,145.91964285714286,2403.0,27.0,40.2,1.4158,2004-10-05 18:00:00
2004-10-05,19:00:00,150.0919881305638,2473.0,25.6,47.5,1.539,2004-10-05 19:00:00
2004-10-05,20:00:00,145.1186943620178,2018.0,23.9,57.2,1.6774,2004-10-05 20:00:00
2004-10-05,21:00:00,130.91071428571428,1829.0,22.7,60.8,1.6582,2004-10-05 21:00:00
2004-10-05,22:00:00,115.0955223880597,1580.0,21.8,59.9,1.5492,2004-10-05 22:00:00
2004-10-05,23:00:00,108.07164179104478,1470.0,22.4,58.3,1.561,2004-10-05 23:00:00
2004-10-06,00:00:00,103.32142857142857,1411.0,21.7,60.2,1.5442,2004-10-06 00:00:00
2004-10-06,01:00:00,90.50299401197604,1377.0,21.2,61.4,1.5258,2004-10-06 01:00:00
2004-10-06,02:00:00,75.4367469879518,1377.0,19.3,68.4,1.513,2004-10-06 02:00:00
2004-10-06,03:00:00,80.11538461538461,1310.0,19.8,65.1,1.49,2004-10-06 03:00:00
2004-10-06,04:00:00,58.62048192771084,1285.0,20.0,62.9,1.4495,2004-10-06 04:00:00
2004-10-06,05:00:00,59.612612612612615,1304.0,18.3,68.5,1.4291,2004-10-06 05:00:00
2004-10-06,06:00:00,71.74251497005989,1395.0,18.1,68.5,1.4067,2004-10-06 06:00:00
2004-10-06,07:00:00,94.70958083832335,1972.0,17.6,70.5,1.4057,2004-10-06 07:00:00
2004-10-06,08:00:00,121.26829268292683,2183.0,18.3,67.8,1.4091,2004-10-06 08:00:00
2004-10-06,09:00:00,130.87687687687688,2039.0,20.4,61.2,1.447,2004-10-06 09:00:00
2004-10-06,10:00:00,133.67857142857142,1713.0,22.5,55.6,1.499,2004-10-06 10:00:00
2004-10-06,11:00:00,130.4131736526946,1771.0,25.7,46.4,1.507,2004-10-06 11:00:00
2004-10-06,12:00:00,124.45671641791044,1784.0,26.8,44.6,1.5467,2004-10-06 12:00:00
2004-10-06,13:00:00,119.31231231231232,1845.0,26.0,46.4,1.5414,2004-10-06 13:00:00
2004-10-06,14:00:00,116.46846846846847,1729.0,26.3,46.0,1.5478,2004-10-06 14:00:00
2004-10-06,15:00:00,117.19161676646706,1789.0,27.4,43.9,1.5811,2004-10-06 15:00:00
2004-10-06,16:00:00,123.31044776119403,1772.0,29.6,36.7,1.4936,2004-10-06 16:00:00
2004-10-06,17:00:00,135.8041543026706,1966.0,28.7,37.3,1.4486,2004-10-06 17:00:00
2004-10-06,18:00:00,145.91964285714286,2022.0,25.7,44.1,1.4331,2004-10-06 18:00:00
2004-10-06,19:00:00,150.0919881305638,2553.0,24.5,49.5,1.5022,2004-10-06 19:00:00
2004-10-06,20:00:00,145.1186943620178,2195.0,23.3,54.4,1.5386,2004-10-06 20:00:00
2004-10-06,21:00:00,130.91071428571428,1759.0,22.4,57.9,1.5449,2004-10-06 21:00:00
2004-10-06,22:00:00,115.0955223880597,1553.0,22.7,55.8,1.5218,2004-10-06 22:00:00
2004-10-06,23:00:00,108.07164179104478,1570.0,20.4,62.4,1.4758,2004-10-06 23:00:00
2004-10-07,00:00:00,103.32142857142857,1529.0,20.3,64.2,1.5063,2004-10-07 00:00:00
2004-10-07,01:00:00,90.50299401197604,1385.0,21.4,60.6,1.5236,2004-10-07 01:00:00
2004-10-07,02:00:00,75.4367469879518,1375.0,20.3,66.3,1.5657,2004-10-07 02:00:00
2004-10-07,03:00:00,80.11538461538461,1321.0,20.9,62.2,1.5182,2004-10-07 03:00:00
2004-10-07,04:00:00,58.62048192771084,1329.0,19.9,66.1,1.5198,2004-10-07 04:00:00
2004-10-07,05:00:00,59.612612612612615,1400.0,19.8,67.1,1.5305,2004-10-07 05:00:00
2004-10-07,06:00:00,71.74251497005989,1479.0,20.1,64.4,1.4967,2004-10-07 06:00:00
2004-10-07,07:00:00,94.70958083832335,1899.0,19.7,66.4,1.5035,2004-10-07 07:00:00
2004-10-07,08:00:00,121.26829268292683,2464.0,20.9,62.4,1.5226,2004-10-07 08:00:00
2004-10-07,09:00:00,130.87687687687688,1937.0,22.5,57.0,1.5314,2004-10-07 09:00:00
2004-10-07,10:00:00,133.67857142857142,1864.0,23.5,53.4,1.5241,2004-10-07 10:00:00
2004-10-07,11:00:00,130.4131736526946,1668.0,24.7,48.2,1.4802,2004-10-07 11:00:00
2004-10-07,12:00:00,124.45671641791044,1743.0,27.1,40.9,1.4405,2004-10-07 12:00:00
2004-10-07,13:00:00,119.31231231231232,1739.0,25.9,44.2,1.4576,2004-10-07 13:00:00
2004-10-07,14:00:00,116.46846846846847,1747.0,26.9,41.8,1.4555,2004-10-07 14:00:00
2004-10-07,15:00:00,117.19161676646706,1651.0,27.2,40.7,1.4481,2004-10-07 15:00:00
2004-10-07,16:00:00,87.0,1707.0,28.6,37.6,1.4468,2004-10-07 16:00:00
2004-10-07,17:00:00,111.0,2110.0,28.0,38.5,1.437,2004-10-07 17:00:00
2004-10-07,18:00:00,119.0,2024.0,25.2,45.8,1.4464,2004-10-07 18:00:00
2004-10-07,19:00:00,128.0,2370.0,24.0,50.6,1.4892,2004-10-07 19:00:00
2004-10-07,20:00:00,117.0,2280.0,23.2,54.7,1.5296,2004-10-07 20:00:00
2004-10-07,21:00:00,92.0,1715.0,22.3,57.1,1.5219,2004-10-07 21:00:00
2004-10-07,22:00:00,73.0,1572.0,21.8,58.2,1.5036,2004-10-07 22:00:00
2004-10-07,23:00:00,60.0,1556.0,20.9,61.3,1.4923,2004-10-07 23:00:00
2004-10-08,00:00:00,60.0,1517.0,20.6,62.0,1.4827,2004-10-08 00:00:00
2004-10-08,01:00:00,53.0,1423.0,20.3,62.5,1.472,2004-10-08 01:00:00
2004-10-08,02:00:00,47.0,1317.0,20.5,62.1,1.4771,2004-10-08 02:00:00
2004-10-08,03:00:00,80.11538461538461,1326.0,18.7,68.5,1.4586,2004-10-08 03:00:00
2004-10-08,04:00:00,43.0,1360.0,18.2,70.3,1.4498,2004-10-08 04:00:00
2004-10-08,05:00:00,47.0,1390.0,18.2,70.1,1.4552,2004-10-08 05:00:00
2004-10-08,06:00:00,50.0,1589.0,18.2,70.0,1.4519,2004-10-08 06:00:00
2004-10-08,07:00:00,81.0,2205.0,19.4,66.5,1.4801,2004-10-08 07:00:00
2004-10-08,08:00:00,75.0,2033.0,19.5,66.9,1.4999,2004-10-08 08:00:00
2004-10-08,09:00:00,87.0,1984.0,21.1,61.1,1.5056,2004-10-08 09:00:00
2004-10-08,10:00:00,128.0,2141.0,23.2,54.7,1.5349,2004-10-08 10:00:00
2004-10-08,11:00:00,105.0,1913.0,24.4,52.5,1.5807,2004-10-08 11:00:00
2004-10-08,12:00:00,101.0,1883.0,26.4,45.8,1.553,2004-10-08 12:00:00
2004-10-08,13:00:00,100.0,1916.0,27.7,39.2,1.4356,2004-10-08 13:00:00
2004-10-08,14:00:00,98.0,1805.0,28.0,39.6,1.4738,2004-10-08 14:00:00
2004-10-08,15:00:00,98.0,1845.0,28.7,38.4,1.486,2004-10-08 15:00:00
2004-10-08,16:00:00,98.0,1690.0,28.5,39.4,1.5147,2004-10-08 16:00:00
2004-10-08,17:00:00,90.0,1799.0,28.4,39.8,1.5191,2004-10-08 17:00:00
2004-10-08,18:00:00,84.0,1846.0,26.4,45.9,1.5572,2004-10-08 18:00:00
2004-10-08,19:00:00,101.0,1895.0,25.2,49.5,1.5665,2004-10-08 19:00:00
2004-10-08,20:00:00,98.0,1797.0,24.9,50.9,1.5856,2004-10-08 20:00:00
2004-10-08,21:00:00,76.0,1615.0,24.6,52.2,1.5951,2004-10-08 21:00:00
2004-10-08,22:00:00,71.0,1559.0,24.0,54.4,1.6049,2004-10-08 22:00:00
2004-10-08,23:00:00,71.0,1569.0,23.8,56.1,1.6298,2004-10-08 23:00:00
2004-10-09,00:00:00,66.0,1565.0,22.3,60.6,1.608,2004-10-09 00:00:00
2004-10-09,01:00:00,62.0,1519.0,21.9,61.5,1.5967,2004-10-09 01:00:00
2004-10-09,02:00:00,58.0,1502.0,21.1,64.5,1.594,2004-10-09 02:00:00
2004-10-09,03:00:00,80.11538461538461,1447.0,21.0,64.4,1.5828,2004-10-09 03:00:00
2004-10-09,04:00:00,48.0,1450.0,21.3,63.9,1.5951,2004-10-09 04:00:00
2004-10-09,05:00:00,53.0,1549.0,20.8,66.7,1.6201,2004-10-09 05:00:00
2004-10-09,06:00:00,55.0,1548.0,20.6,67.5,1.621,2004-10-09 06:00:00
2004-10-09,07:00:00,63.0,1872.0,20.9,66.3,1.6165,2004-10-09 07:00:00
2004-10-09,08:00:00,69.0,1940.0,21.5,63.7,1.6186,2004-10-09 08:00:00
2004-10-09,09:00:00,84.0,1868.0,23.7,56.0,1.6238,2004-10-09 09:00:00
2004-10-09,10:00:00,95.0,1899.0,26.0,48.2,1.598,2004-10-09 10:00:00
2004-10-09,11:00:00,80.0,1689.0,28.5,42.4,1.6286,2004-10-09 11:00:00
2004-10-09,12:00:00,87.0,1873.0,28.1,45.3,1.6957,2004-10-09 12:00:00
2004-10-09,13:00:00,94.0,1812.0,29.0,43.9,1.7309,2004-10-09 13:00:00
2004-10-09,14:00:00,76.0,1650.0,28.9,44.3,1.7392,2004-10-09 14:00:00
2004-10-09,15:00:00,92.0,1775.0,29.6,42.3,1.7248,2004-10-09 15:00:00
2004-10-09,16:00:00,94.0,1716.0,29.4,42.9,1.7308,2004-10-09 16:00:00
2004-10-09,17:00:00,110.0,1907.0,28.7,45.1,1.7468,2004-10-09 17:00:00
2004-10-09,18:00:00,109.0,1990.0,27.0,51.2,1.7928,2004-10-09 18:00:00
2004-10-09,19:00:00,122.0,2065.0,26.5,52.7,1.7966,2004-10-09 19:00:00
2004-10-09,20:00:00,107.0,1796.0,26.2,51.7,1.7334,2004-10-09 20:00:00
2004-10-09,21:00:00,83.0,1641.0,24.8,56.4,1.7447,2004-10-09 21:00:00
2004-10-09,22:00:00,62.0,1565.0,24.9,56.0,1.7367,2004-10-09 22:00:00
2004-10-09,23:00:00,89.0,1738.0,24.5,57.5,1.7433,2004-10-09 23:00:00
2004-10-10,00:00:00,103.0,1812.0,24.7,56.9,1.7438,2004-10-10 00:00:00
2004-10-10,01:00:00,74.0,1664.0,23.9,59.2,1.7327,2004-10-10 01:00:00
2004-10-10,02:00:00,52.0,1560.0,23.8,60.2,1.7515,2004-10-10 02:00:00
2004-10-10,03:00:00,80.11538461538461,1440.0,23.5,61.3,1.7538,2004-10-10 03:00:00
2004-10-10,04:00:00,38.0,1406.0,22.8,64.0,1.7507,2004-10-10 04:00:00
2004-10-10,05:00:00,39.0,1429.0,22.2,65.6,1.7355,2004-10-10 05:00:00
2004-10-10,06:00:00,59.0,1526.0,21.3,69.1,1.7275,2004-10-10 06:00:00
2004-10-10,07:00:00,56.0,1574.0,21.3,68.2,1.7127,2004-10-10 07:00:00
2004-10-10,08:00:00,51.0,1521.0,22.2,65.2,1.7256,2004-10-10 08:00:00
2004-10-10,09:00:00,51.0,1494.0,24.1,59.0,1.7449,2004-10-10 09:00:00
2004-10-10,10:00:00,58.0,1489.0,24.3,61.6,1.8468,2004-10-10 10:00:00
2004-10-10,11:00:00,68.0,1653.0,24.8,59.6,1.8351,2004-10-10 11:00:00
2004-10-10,12:00:00,81.0,1622.0,24.5,58.8,1.7838,2004-10-10 12:00:00
2004-10-10,13:00:00,73.0,1546.0,21.0,76.8,1.8881,2004-10-10 13:00:00
2004-10-10,14:00:00,69.0,1476.0,19.8,78.0,1.7879,2004-10-10 14:00:00
2004-10-10,15:00:00,81.0,1510.0,19.4,80.5,1.7917,2004-10-10 15:00:00
2004-10-10,16:00:00,82.0,1531.0,19.6,79.1,1.7877,2004-10-10 16:00:00
2004-10-10,17:00:00,71.0,1578.0,20.8,73.1,1.7695,2004-10-10 17:00:00
2004-10-10,18:00:00,81.0,1586.0,21.1,68.6,1.7014,2004-10-10 18:00:00
2004-10-10,19:00:00,87.0,1563.0,21.1,68.3,1.6914,2004-10-10 19:00:00
2004-10-10,20:00:00,72.0,1576.0,21.2,67.7,1.6848,2004-10-10 20:00:00
2004-10-10,21:00:00,63.0,1517.0,20.8,68.6,1.6719,2004-10-10 21:00:00
2004-10-10,22:00:00,63.0,1527.0,20.8,68.1,1.6585,2004-10-10 22:00:00
2004-10-10,23:00:00,63.0,1549.0,20.7,68.4,1.6507,2004-10-10 23:00:00
2004-10-11,00:00:00,55.0,1502.0,20.1,70.5,1.6384,2004-10-11 00:00:00
2004-10-11,01:00:00,52.0,1502.0,20.2,67.9,1.5901,2004-10-11 01:00:00
2004-10-11,02:00:00,32.0,1302.0,19.4,70.4,1.5663,2004-10-11 02:00:00
2004-10-11,03:00:00,80.11538461538461,1304.0,18.8,73.8,1.5885,2004-10-11 03:00:00
2004-10-11,04:00:00,29.0,1321.0,17.9,77.7,1.5795,2004-10-11 04:00:00
2004-10-11,05:00:00,44.0,1385.0,18.2,76.9,1.5945,2004-10-11 05:00:00
2004-10-11,06:00:00,53.0,1486.0,18.6,74.9,1.5918,2004-10-11 06:00:00
2004-10-11,07:00:00,62.0,1888.0,19.6,70.3,1.5821,2004-10-11 07:00:00
2004-10-11,08:00:00,68.0,1971.0,20.2,66.6,1.5567,2004-10-11 08:00:00
2004-10-11,09:00:00,85.0,2049.0,19.7,68.9,1.5638,2004-10-11 09:00:00
2004-10-11,10:00:00,88.0,1789.0,19.2,73.4,1.6192,2004-10-11 10:00:00
2004-10-11,11:00:00,82.0,1623.0,20.0,69.6,1.607,2004-10-11 11:00:00
2004-10-11,12:00:00,91.0,1738.0,21.1,64.0,1.5795,2004-10-11 12:00:00
2004-10-11,13:00:00,87.0,1837.0,20.2,67.4,1.5832,2004-10-11 13:00:00
2004-10-11,14:00:00,90.0,1810.0,20.2,68.9,1.6074,2004-10-11 14:00:00
2004-10-11,15:00:00,97.0,1667.0,21.9,57.6,1.4942,2004-10-11 15:00:00
2004-10-11,16:00:00,99.0,1814.0,23.2,52.0,1.4642,2004-10-11 16:00:00
2004-10-11,17:00:00,109.0,2072.0,21.7,59.1,1.5115,2004-10-11 17:00:00
2004-10-11,18:00:00,95.0,1966.0,20.8,61.4,1.4898,2004-10-11 18:00:00
2004-10-11,19:00:00,80.0,1920.0,19.9,64.2,1.4711,2004-10-11 19:00:00
2004-10-11,20:00:00,76.0,1751.0,19.7,65.1,1.4769,2004-10-11 20:00:00
2004-10-11,21:00:00,62.0,1556.0,20.0,63.3,1.4672,2004-10-11 21:00:00
2004-10-11,22:00:00,57.0,1525.0,19.0,66.1,1.4415,2004-10-11 22:00:00
2004-10-11,23:00:00,57.0,1381.0,18.8,60.9,1.3032,2004-10-11 23:00:00
2004-10-12,00:00:00,54.0,1340.0,18.9,60.7,1.311,2004-10-12 00:00:00
2004-10-12,01:00:00,50.0,1345.0,18.1,65.2,1.343,2004-10-12 01:00:00
2004-10-12,02:00:00,44.0,1277.0,18.3,65.1,1.3529,2004-10-12 02:00:00
2004-10-12,03:00:00,80.11538461538461,1300.0,18.3,66.9,1.3952,2004-10-12 03:00:00
2004-10-12,04:00:00,34.0,1311.0,17.8,67.5,1.3674,2004-10-12 04:00:00
2004-10-12,05:00:00,44.0,1312.0,16.9,66.7,1.2772,2004-10-12 05:00:00
2004-10-12,06:00:00,74.0,1356.0,17.8,60.6,1.2276,2004-10-12 06:00:00
2004-10-12,07:00:00,101.0,1650.0,17.6,60.8,1.2151,2004-10-12 07:00:00
2004-10-12,08:00:00,103.0,1594.0,17.9,57.8,1.1751,2004-10-12 08:00:00
2004-10-12,09:00:00,130.87687687687688,1398.0,18.1,56.4,1.1645,2004-10-12 09:00:00
2004-10-12,10:00:00,133.67857142857142,1442.0,18.2,55.9,1.1547,2004-10-12 10:00:00
2004-10-12,11:00:00,130.4131736526946,1380.0,19.7,49.1,1.1148,2004-10-12 11:00:00
2004-10-12,12:00:00,124.45671641791044,1426.0,20.8,45.8,1.1126,2004-10-12 12:00:00
2004-10-12,13:00:00,119.31231231231232,1514.0,20.5,46.0,1.1,2004-10-12 13:00:00
2004-10-12,14:00:00,116.46846846846847,1365.0,18.9,50.6,1.0927,2004-10-12 14:00:00
2004-10-12,15:00:00,117.19161676646706,1377.0,18.4,51.6,1.0832,2004-10-12 15:00:00
2004-10-12,16:00:00,123.31044776119403,1366.0,17.9,52.6,1.0711,2004-10-12 16:00:00
2004-10-12,17:00:00,135.8041543026706,1460.0,17.1,54.2,1.0503,2004-10-12 17:00:00
2004-10-12,18:00:00,145.91964285714286,1480.0,16.5,56.2,1.0455,2004-10-12 18:00:00
2004-10-12,19:00:00,150.0919881305638,1577.0,16.7,54.1,1.0212,2004-10-12 19:00:00
2004-10-12,20:00:00,145.1186943620178,1274.0,15.4,57.7,1.0008,2004-10-12 20:00:00
2004-10-12,21:00:00,130.91071428571428,1219.0,15.5,57.1,0.9971,2004-10-12 21:00:00
2004-10-12,22:00:00,115.0955223880597,1205.0,15.6,55.9,0.985,2004-10-12 22:00:00
2004-10-12,23:00:00,108.07164179104478,1161.0,14.8,58.4,0.9777,2004-10-12 23:00:00
2004-10-13,00:00:00,103.32142857142857,1132.0,14.8,57.9,0.9662,2004-10-13 00:00:00
2004-10-13,01:00:00,90.50299401197604,1100.0,14.6,57.6,0.9517,2004-10-13 01:00:00
2004-10-13,02:00:00,75.4367469879518,1065.0,14.6,57.1,0.9428,2004-10-13 02:00:00
2004-10-13,03:00:00,80.11538461538461,1050.0,14.4,57.6,0.9416,2004-10-13 03:00:00
2004-10-13,04:00:00,58.62048192771084,1055.0,14.5,57.4,0.9413,2004-10-13 04:00:00
2004-10-13,05:00:00,59.612612612612615,1066.0,14.3,58.4,0.9501,2004-10-13 05:00:00
2004-10-13,06:00:00,71.74251497005989,1141.0,14.7,57.4,0.9564,2004-10-13 06:00:00
2004-10-13,07:00:00,94.70958083832335,1272.0,14.3,58.1,0.9404,2004-10-13 07:00:00
2004-10-13,08:00:00,121.26829268292683,1272.0,14.0,58.3,0.9294,2004-10-13 08:00:00
2004-10-13,09:00:00,78.0,1257.0,15.4,53.2,0.9246,2004-10-13 09:00:00
2004-10-13,10:00:00,72.0,1222.0,16.5,49.9,0.9289,2004-10-13 10:00:00
2004-10-13,11:00:00,130.4131736526946,1283.0,17.4,47.6,0.9387,2004-10-13 11:00:00
2004-10-13,12:00:00,124.45671641791044,1307.0,18.0,46.1,0.9401,2004-10-13 12:00:00
2004-10-13,13:00:00,119.31231231231232,1314.0,17.9,46.5,0.9474,2004-10-13 13:00:00
2004-10-13,14:00:00,116.46846846846847,1297.0,17.4,48.3,0.955,2004-10-13 14:00:00
2004-10-13,15:00:00,117.19161676646706,1258.0,16.0,52.6,0.9489,2004-10-13 15:00:00
2004-10-13,16:00:00,123.31044776119403,1348.0,15.3,58.7,1.0154,2004-10-13 16:00:00
2004-10-13,17:00:00,135.8041543026706,1454.0,15.2,55.9,0.9572,2004-10-13 17:00:00
2004-10-13,18:00:00,145.91964285714286,1370.0,14.8,56.3,0.9459,2004-10-13 18:00:00
2004-10-13,19:00:00,150.0919881305638,1415.0,14.7,57.8,0.9626,2004-10-13 19:00:00
2004-10-13,20:00:00,145.1186943620178,1314.0,14.8,57.3,0.9603,2004-10-13 20:00:00
2004-10-13,21:00:00,130.91071428571428,1207.0,14.9,57.1,0.9581,2004-10-13 21:00:00
2004-10-13,22:00:00,115.0955223880597,1174.0,15.2,55.5,0.9521,2004-10-13 22:00:00
2004-10-13,23:00:00,108.07164179104478,1189.0,15.3,55.4,0.9564,2004-10-13 23:00:00
2004-10-14,00:00:00,103.32142857142857,1197.0,15.1,56.9,0.9673,2004-10-14 00:00:00
2004-10-14,01:00:00,90.50299401197604,1123.0,15.0,56.4,0.9554,2004-10-14 01:00:00
2004-10-14,02:00:00,75.4367469879518,1074.0,14.9,56.4,0.9474,2004-10-14 02:00:00
2004-10-14,03:00:00,80.11538461538461,1065.0,15.2,54.7,0.9394,2004-10-14 03:00:00
2004-10-14,04:00:00,58.62048192771084,1061.0,15.1,55.4,0.9439,2004-10-14 04:00:00
2004-10-14,05:00:00,59.612612612612615,1091.0,14.9,56.8,0.9541,2004-10-14 05:00:00
2004-10-14,06:00:00,71.74251497005989,1189.0,15.2,55.9,0.9589,2004-10-14 06:00:00
2004-10-14,07:00:00,94.70958083832335,1465.0,15.3,56.3,0.9684,2004-10-14 07:00:00
2004-10-14,08:00:00,121.26829268292683,1520.0,15.6,55.4,0.9725,2004-10-14 08:00:00
2004-10-14,09:00:00,130.87687687687688,1386.0,16.3,53.3,0.9809,2004-10-14 09:00:00
2004-10-14,10:00:00,133.67857142857142,1359.0,20.4,42.2,0.9964,2004-10-14 10:00:00
2004-10-14,11:00:00,130.4131736526946,1369.0,21.9,39.4,1.0234,2004-10-14 11:00:00
2004-10-14,12:00:00,124.45671641791044,1442.0,21.5,41.2,1.0399,2004-10-14 12:00:00
2004-10-14,13:00:00,119.31231231231232,1446.0,22.2,41.4,1.097,2004-10-14 13:00:00
2004-10-14,14:00:00,116.46846846846847,1530.0,21.0,46.8,1.1508,2004-10-14 14:00:00
2004-10-14,15:00:00,117.19161676646706,1537.0,21.9,44.9,1.1635,2004-10-14 15:00:00
2004-10-14,16:00:00,123.31044776119403,1507.0,21.5,46.7,1.1837,2004-10-14 16:00:00
2004-10-14,17:00:00,135.8041543026706,1616.0,19.7,56.6,1.2811,2004-10-14 17:00:00
2004-10-14,18:00:00,145.91964285714286,1682.0,18.8,60.8,1.3036,2004-10-14 18:00:00
2004-10-14,19:00:00,150.0919881305638,1907.0,19.3,59.6,1.3195,2004-10-14 19:00:00
2004-10-14,20:00:00,145.1186943620178,1804.0,17.6,69.2,1.3803,2004-10-14 20:00:00
2004-10-14,21:00:00,130.91071428571428,1479.0,16.4,77.1,1.4243,2004-10-14 21:00:00
2004-10-14,22:00:00,115.0955223880597,1393.0,16.6,77.3,1.4491,2004-10-14 22:00:00
2004-10-14,23:00:00,108.07164179104478,1363.0,15.9,78.1,1.4039,2004-10-14 23:00:00
2004-10-15,00:00:00,103.32142857142857,1473.0,15.1,82.3,1.4009,2004-10-15 00:00:00
2004-10-15,01:00:00,90.50299401197604,1345.0,14.8,83.8,1.4005,2004-10-15 01:00:00
2004-10-15,02:00:00,75.4367469879518,1289.0,14.4,84.6,1.3794,2004-10-15 02:00:00
2004-10-15,03:00:00,80.11538461538461,1241.0,15.8,77.6,1.3792,2004-10-15 03:00:00
2004-10-15,04:00:00,58.62048192771084,1259.0,15.2,79.4,1.3605,2004-10-15 04:00:00
2004-10-15,05:00:00,59.612612612612615,1312.0,14.8,81.9,1.3735,2004-10-15 05:00:00
2004-10-15,06:00:00,71.74251497005989,1562.0,14.6,82.9,1.3706,2004-10-15 06:00:00
2004-10-15,07:00:00,94.70958083832335,1878.0,14.8,80.4,1.3428,2004-10-15 07:00:00
2004-10-15,08:00:00,121.26829268292683,1942.0,15.6,77.1,1.3527,2004-10-15 08:00:00
2004-10-15,09:00:00,130.87687687687688,1941.0,17.3,70.9,1.3876,2004-10-15 09:00:00
2004-10-15,10:00:00,133.67857142857142,1760.0,22.2,51.3,1.3543,2004-10-15 10:00:00
2004-10-15,11:00:00,130.4131736526946,1659.0,24.4,43.9,1.3184,2004-10-15 11:00:00
2004-10-15,12:00:00,124.45671641791044,1676.0,22.7,47.6,1.2989,2004-10-15 12:00:00
2004-10-15,13:00:00,119.31231231231232,1861.0,20.5,61.5,1.4673,2004-10-15 13:00:00
2004-10-15,14:00:00,116.46846846846847,1548.0,23.3,40.4,1.1421,2004-10-15 14:00:00
2004-10-15,15:00:00,117.19161676646706,1689.0,23.2,39.9,1.1172,2004-10-15 15:00:00
2004-10-15,16:00:00,123.31044776119403,1881.0,21.5,44.5,1.129,2004-10-15 16:00:00
2004-10-15,17:00:00,135.8041543026706,1938.0,20.9,48.5,1.1878,2004-10-15 17:00:00
2004-10-15,18:00:00,145.91964285714286,1875.0,19.8,53.1,1.216,2004-10-15 18:00:00
2004-10-15,19:00:00,150.0919881305638,1593.0,20.1,53.6,1.2477,2004-10-15 19:00:00
2004-10-15,20:00:00,145.1186943620178,1523.0,19.6,56.0,1.2623,2004-10-15 20:00:00
2004-10-15,21:00:00,130.91071428571428,1357.0,18.6,60.4,1.2817,2004-10-15 21:00:00
2004-10-15,22:00:00,115.0955223880597,1390.0,14.5,78.3,1.288,2004-10-15 22:00:00
2004-10-15,23:00:00,108.07164179104478,1311.0,16.3,70.5,1.2921,2004-10-15 23:00:00
2004-10-16,00:00:00,103.32142857142857,1394.0,14.1,83.8,1.346,2004-10-16 00:00:00
2004-10-16,01:00:00,90.50299401197604,1326.0,14.5,81.3,1.3399,2004-10-16 01:00:00
2004-10-16,02:00:00,75.4367469879518,1249.0,14.7,80.7,1.3414,2004-10-16 02:00:00
2004-10-16,03:00:00,80.11538461538461,1287.0,14.5,82.1,1.3493,2004-10-16 03:00:00
2004-10-16,04:00:00,58.62048192771084,1278.0,15.0,78.4,1.3333,2004-10-16 04:00:00
2004-10-16,05:00:00,59.612612612612615,1325.0,14.5,80.5,1.3221,2004-10-16 05:00:00
2004-10-16,06:00:00,71.74251497005989,1389.0,14.6,79.0,1.3082,2004-10-16 06:00:00
2004-10-16,07:00:00,94.70958083832335,1446.0,15.0,74.8,1.2672,2004-10-16 07:00:00
2004-10-16,08:00:00,121.26829268292683,1569.0,15.9,70.4,1.2658,2004-10-16 08:00:00
2004-10-16,09:00:00,130.87687687687688,1454.0,17.4,62.3,1.2282,2004-10-16 09:00:00
2004-10-16,10:00:00,133.67857142857142,1413.0,21.3,42.9,1.0727,2004-10-16 10:00:00
2004-10-16,11:00:00,130.4131736526946,1342.0,22.0,38.9,1.0154,2004-10-16 11:00:00
2004-10-16,12:00:00,124.45671641791044,1275.0,20.3,41.3,0.9745,2004-10-16 12:00:00
2004-10-16,13:00:00,119.31231231231232,1354.0,20.2,45.6,1.0663,2004-10-16 13:00:00
2004-10-16,14:00:00,116.46846846846847,1162.0,20.8,37.4,0.9107,2004-10-16 14:00:00
2004-10-16,15:00:00,117.19161676646706,1234.0,21.6,35.9,0.9164,2004-10-16 15:00:00
2004-10-16,16:00:00,123.31044776119403,1320.0,22.0,35.7,0.9329,2004-10-16 16:00:00
2004-10-16,17:00:00,135.8041543026706,1332.0,19.9,42.0,0.9665,2004-10-16 17:00:00
2004-10-16,18:00:00,145.91964285714286,1534.0,19.2,46.3,1.0158,2004-10-16 18:00:00
2004-10-16,19:00:00,150.0919881305638,1417.0,17.9,56.9,1.1545,2004-10-16 19:00:00
2004-10-16,20:00:00,145.1186943620178,1397.0,14.7,75.5,1.2554,2004-10-16 20:00:00
2004-10-16,21:00:00,130.91071428571428,1377.0,15.1,78.9,1.3409,2004-10-16 21:00:00
2004-10-16,22:00:00,115.0955223880597,1303.0,17.2,66.7,1.2987,2004-10-16 22:00:00
2004-10-16,23:00:00,108.07164179104478,1284.0,15.4,73.2,1.2755,2004-10-16 23:00:00
2004-10-17,00:00:00,103.32142857142857,1228.0,16.5,68.5,1.2753,2004-10-17 00:00:00
2004-10-17,01:00:00,90.50299401197604,1259.0,16.4,70.3,1.3031,2004-10-17 01:00:00
2004-10-17,02:00:00,75.4367469879518,1307.0,15.4,78.1,1.3557,2004-10-17 02:00:00
2004-10-17,03:00:00,80.11538461538461,1309.0,15.8,75.5,1.3436,2004-10-17 03:00:00
2004-10-17,04:00:00,58.62048192771084,1227.0,16.0,69.5,1.2549,2004-10-17 04:00:00
2004-10-17,05:00:00,59.612612612612615,1179.0,15.0,71.0,1.2032,2004-10-17 05:00:00
2004-10-17,06:00:00,71.74251497005989,1214.0,13.9,75.2,1.1884,2004-10-17 06:00:00
2004-10-17,07:00:00,94.70958083832335,1171.0,15.9,62.1,1.1103,2004-10-17 07:00:00
2004-10-17,08:00:00,121.26829268292683,1296.0,15.9,61.0,1.0911,2004-10-17 08:00:00
2004-10-17,09:00:00,130.87687687687688,1315.0,17.1,58.7,1.1332,2004-10-17 09:00:00
2004-10-17,10:00:00,133.67857142857142,1351.0,19.2,51.9,1.1404,2004-10-17 10:00:00
2004-10-17,11:00:00,130.4131736526946,1302.0,21.5,42.6,1.0798,2004-10-17 11:00:00
2004-10-17,12:00:00,124.45671641791044,1305.0,21.6,39.9,1.0156,2004-10-17 12:00:00
2004-10-17,13:00:00,119.31231231231232,1478.0,21.6,40.4,1.0309,2004-10-17 13:00:00
2004-10-17,14:00:00,116.46846846846847,1473.0,22.0,37.3,0.9768,2004-10-17 14:00:00
2004-10-17,15:00:00,117.19161676646706,1179.0,22.1,35.2,0.9253,2004-10-17 15:00:00
2004-10-17,16:00:00,123.31044776119403,1212.0,22.4,36.0,0.9621,2004-10-17 16:00:00
2004-10-17,17:00:00,135.8041543026706,1495.0,20.9,40.3,0.9866,2004-10-17 17:00:00
2004-10-17,18:00:00,145.91964285714286,1429.0,19.8,41.5,0.9489,2004-10-17 18:00:00
2004-10-17,19:00:00,150.0919881305638,1457.0,18.2,46.0,0.9538,2004-10-17 19:00:00
2004-10-17,20:00:00,145.1186943620178,1348.0,17.3,50.3,0.9837,2004-10-17 20:00:00
2004-10-17,21:00:00,130.91071428571428,1361.0,15.8,57.6,1.0271,2004-10-17 21:00:00
2004-10-17,22:00:00,115.0955223880597,1321.0,15.5,59.7,1.0413,2004-10-17 22:00:00
2004-10-17,23:00:00,108.07164179104478,1344.0,15.5,60.6,1.0574,2004-10-17 23:00:00
2004-10-18,00:00:00,103.32142857142857,1252.0,15.8,59.9,1.0676,2004-10-18 00:00:00
2004-10-18,01:00:00,90.50299401197604,1247.0,14.8,64.3,1.073,2004-10-18 01:00:00
2004-10-18,02:00:00,75.4367469879518,1177.0,14.8,64.7,1.0788,2004-10-18 02:00:00
2004-10-18,03:00:00,80.11538461538461,1158.0,13.8,67.6,1.0581,2004-10-18 03:00:00
2004-10-18,04:00:00,58.62048192771084,1167.0,14.5,65.0,1.0672,2004-10-18 04:00:00
2004-10-18,05:00:00,59.612612612612615,1207.0,14.0,67.4,1.0703,2004-10-18 05:00:00
2004-10-18,06:00:00,71.74251497005989,1425.0,12.6,73.6,1.0699,2004-10-18 06:00:00
2004-10-18,07:00:00,94.70958083832335,1741.0,13.3,70.4,1.0711,2004-10-18 07:00:00
2004-10-18,08:00:00,121.26829268292683,1884.0,14.4,65.8,1.0773,2004-10-18 08:00:00
2004-10-18,09:00:00,130.87687687687688,1565.0,16.8,57.8,1.0947,2004-10-18 09:00:00
2004-10-18,10:00:00,133.67857142857142,1521.0,19.7,49.3,1.1199,2004-10-18 10:00:00
2004-10-18,11:00:00,130.4131736526946,1664.0,21.1,47.2,1.1659,2004-10-18 11:00:00
2004-10-18,12:00:00,124.45671641791044,1641.0,22.2,43.2,1.1427,2004-10-18 12:00:00
2004-10-18,13:00:00,119.31231231231232,1797.0,21.4,47.2,1.1927,2004-10-18 13:00:00
2004-10-18,14:00:00,116.46846846846847,1763.0,19.9,55.4,1.2702,2004-10-18 14:00:00
2004-10-18,15:00:00,117.19161676646706,1862.0,20.3,54.0,1.2744,2004-10-18 15:00:00
2004-10-18,16:00:00,123.31044776119403,1883.0,20.0,56.5,1.3051,2004-10-18 16:00:00
2004-10-18,17:00:00,135.8041543026706,2287.0,19.7,57.8,1.3138,2004-10-18 17:00:00
2004-10-18,18:00:00,145.91964285714286,2357.0,19.3,59.0,1.3077,2004-10-18 18:00:00
2004-10-18,19:00:00,150.0919881305638,2161.0,18.5,60.3,1.2706,2004-10-18 19:00:00
2004-10-18,20:00:00,145.1186943620178,2080.0,17.8,66.3,1.341,2004-10-18 20:00:00
2004-10-18,21:00:00,130.91071428571428,1606.0,17.6,65.9,1.3175,2004-10-18 21:00:00
2004-10-18,22:00:00,115.0955223880597,1409.0,17.5,63.5,1.2622,2004-10-18 22:00:00
2004-10-18,23:00:00,108.07164179104478,1380.0,16.5,67.2,1.2491,2004-10-18 23:00:00
2004-10-19,00:00:00,103.32142857142857,1371.0,16.2,69.1,1.259,2004-10-19 00:00:00
2004-10-19,01:00:00,90.50299401197604,1414.0,14.9,74.7,1.2564,2004-10-19 01:00:00
2004-10-19,02:00:00,75.4367469879518,1354.0,14.1,76.7,1.2273,2004-10-19 02:00:00
2004-10-19,03:00:00,80.11538461538461,1303.0,14.0,76.6,1.2202,2004-10-19 03:00:00
2004-10-19,04:00:00,58.62048192771084,1323.0,14.9,73.8,1.24,2004-10-19 04:00:00
2004-10-19,05:00:00,59.612612612612615,1383.0,15.2,73.1,1.257,2004-10-19 05:00:00
2004-10-19,06:00:00,71.74251497005989,1528.0,15.2,73.4,1.2626,2004-10-19 06:00:00
2004-10-19,07:00:00,94.70958083832335,1852.0,15.2,74.7,1.2824,2004-10-19 07:00:00
2004-10-19,08:00:00,121.26829268292683,2316.0,15.8,71.7,1.278,2004-10-19 08:00:00
2004-10-19,09:00:00,130.87687687687688,2074.0,16.6,68.4,1.2829,2004-10-19 09:00:00
2004-10-19,10:00:00,133.67857142857142,1894.0,17.6,64.9,1.2925,2004-10-19 10:00:00
2004-10-19,11:00:00,130.4131736526946,1911.0,18.3,63.8,1.331,2004-10-19 11:00:00
2004-10-19,12:00:00,124.45671641791044,1945.0,19.4,61.1,1.3652,2004-10-19 12:00:00
2004-10-19,13:00:00,119.31231231231232,1760.0,20.9,58.1,1.4193,2004-10-19 13:00:00
2004-10-19,14:00:00,116.46846846846847,1596.0,22.0,54.0,1.4114,2004-10-19 14:00:00
2004-10-19,15:00:00,117.19161676646706,1682.0,22.8,53.0,1.4482,2004-10-19 15:00:00
2004-10-19,16:00:00,123.31044776119403,1671.0,21.7,57.6,1.4756,2004-10-19 16:00:00
2004-10-19,17:00:00,135.8041543026706,1887.0,21.3,60.8,1.5205,2004-10-19 17:00:00
2004-10-19,18:00:00,145.91964285714286,1976.0,21.2,61.7,1.5309,2004-10-19 18:00:00
2004-10-19,19:00:00,150.0919881305638,2017.0,21.2,62.2,1.5473,2004-10-19 19:00:00
2004-10-19,20:00:00,145.1186943620178,2098.0,20.8,65.1,1.5782,2004-10-19 20:00:00
2004-10-19,21:00:00,130.91071428571428,1985.0,19.9,69.0,1.5877,2004-10-19 21:00:00
2004-10-19,22:00:00,115.0955223880597,1851.0,18.8,73.7,1.5785,2004-10-19 22:00:00
2004-10-19,23:00:00,108.07164179104478,1671.0,19.2,71.3,1.5723,2004-10-19 23:00:00
2004-10-20,00:00:00,103.32142857142857,1628.0,19.0,71.6,1.5549,2004-10-20 00:00:00
2004-10-20,01:00:00,90.50299401197604,1520.0,19.5,69.7,1.5596,2004-10-20 01:00:00
2004-10-20,02:00:00,75.4367469879518,1509.0,19.4,70.1,1.5626,2004-10-20 02:00:00
2004-10-20,03:00:00,80.11538461538461,1519.0,18.4,74.5,1.5634,2004-10-20 03:00:00
2004-10-20,04:00:00,58.62048192771084,1508.0,18.7,73.4,1.5701,2004-10-20 04:00:00
2004-10-20,05:00:00,59.612612612612615,1544.0,18.4,74.6,1.5631,2004-10-20 05:00:00
2004-10-20,06:00:00,71.74251497005989,1659.0,18.5,74.4,1.5661,2004-10-20 06:00:00
2004-10-20,07:00:00,94.70958083832335,2043.0,18.8,73.0,1.5737,2004-10-20 07:00:00
2004-10-20,08:00:00,121.26829268292683,2376.0,19.9,69.9,1.6036,2004-10-20 08:00:00
2004-10-20,09:00:00,130.87687687687688,2036.0,21.3,66.1,1.6556,2004-10-20 09:00:00
2004-10-20,10:00:00,133.67857142857142,1965.0,23.0,61.8,1.7135,2004-10-20 10:00:00
2004-10-20,11:00:00,130.4131736526946,2027.0,22.4,64.6,1.7271,2004-10-20 11:00:00
2004-10-20,12:00:00,124.45671641791044,2093.0,23.8,59.9,1.7376,2004-10-20 12:00:00
2004-10-20,13:00:00,119.31231231231232,2094.0,24.7,56.9,1.7472,2004-10-20 13:00:00
2004-10-20,14:00:00,116.46846846846847,2015.0,25.4,55.1,1.761,2004-10-20 14:00:00
2004-10-20,15:00:00,117.19161676646706,1924.0,25.7,54.5,1.7684,2004-10-20 15:00:00
2004-10-20,16:00:00,167.0,2307.0,24.8,57.7,1.7765,2004-10-20 16:00:00
2004-10-20,17:00:00,194.0,2595.0,24.6,58.9,1.8005,2004-10-20 17:00:00
2004-10-20,18:00:00,172.0,2474.0,23.9,61.8,1.8088,2004-10-20 18:00:00
2004-10-20,19:00:00,134.0,2378.0,23.0,65.9,1.8319,2004-10-20 19:00:00
2004-10-20,20:00:00,130.0,2170.0,22.4,67.7,1.8161,2004-10-20 20:00:00
2004-10-20,21:00:00,113.0,1944.0,22.0,69.2,1.8061,2004-10-20 21:00:00
2004-10-20,22:00:00,99.0,1820.0,21.8,69.6,1.79,2004-10-20 22:00:00
2004-10-20,23:00:00,109.0,1877.0,21.9,68.3,1.7699,2004-10-20 23:00:00
2004-10-21,00:00:00,105.0,1957.0,21.7,69.7,1.7872,2004-10-21 00:00:00
2004-10-21,01:00:00,91.0,1765.0,21.3,70.3,1.7574,2004-10-21 01:00:00
2004-10-21,02:00:00,77.0,1570.0,20.8,71.7,1.7415,2004-10-21 02:00:00
2004-10-21,03:00:00,80.11538461538461,1453.0,21.4,69.0,1.7421,2004-10-21 03:00:00
2004-10-21,04:00:00,59.0,1473.0,21.4,69.3,1.7515,2004-10-21 04:00:00
2004-10-21,05:00:00,60.0,1420.0,21.3,69.5,1.7447,2004-10-21 05:00:00
2004-10-21,06:00:00,72.0,1565.0,21.5,67.5,1.708,2004-10-21 06:00:00
2004-10-21,07:00:00,83.0,1791.0,21.9,64.8,1.683,2004-10-21 07:00:00
2004-10-21,08:00:00,104.0,2016.0,22.6,61.4,1.6645,2004-10-21 08:00:00
2004-10-21,09:00:00,119.0,1866.0,22.6,61.5,1.6636,2004-10-21 09:00:00
2004-10-21,10:00:00,105.0,1704.0,25.5,52.3,1.6796,2004-10-21 10:00:00
2004-10-21,11:00:00,91.0,1626.0,27.0,47.6,1.67,2004-10-21 11:00:00
2004-10-21,12:00:00,103.0,1834.0,25.2,53.3,1.6834,2004-10-21 12:00:00
2004-10-21,13:00:00,119.31231231231232,1736.0,26.6,49.3,1.6872,2004-10-21 13:00:00
2004-10-21,14:00:00,111.0,1733.0,27.2,48.5,1.7172,2004-10-21 14:00:00
2004-10-21,15:00:00,101.0,1807.0,26.9,50.0,1.7507,2004-10-21 15:00:00
2004-10-21,16:00:00,102.0,1864.0,26.5,52.2,1.7769,2004-10-21 16:00:00
2004-10-21,17:00:00,101.0,1933.0,27.0,51.0,1.7936,2004-10-21 17:00:00
2004-10-21,18:00:00,118.0,2166.0,25.9,55.8,1.8347,2004-10-21 18:00:00
2004-10-21,19:00:00,120.0,2403.0,25.1,59.4,1.8632,2004-10-21 19:00:00
2004-10-21,20:00:00,107.0,2160.0,24.7,58.7,1.8001,2004-10-21 20:00:00
2004-10-21,21:00:00,104.0,2085.0,23.6,62.2,1.7863,2004-10-21 21:00:00
2004-10-21,22:00:00,91.0,2048.0,22.4,67.1,1.794,2004-10-21 22:00:00
2004-10-21,23:00:00,91.0,1964.0,21.6,69.2,1.763,2004-10-21 23:00:00
2004-10-22,00:00:00,74.0,1655.0,21.3,68.5,1.7164,2004-10-22 00:00:00
2004-10-22,01:00:00,63.0,1474.0,21.2,68.6,1.7046,2004-10-22 01:00:00
2004-10-22,02:00:00,57.0,1423.0,20.3,70.6,1.6659,2004-10-22 02:00:00
2004-10-22,03:00:00,80.11538461538461,1355.0,20.8,67.3,1.6353,2004-10-22 03:00:00
2004-10-22,04:00:00,48.0,1392.0,19.6,71.3,1.612,2004-10-22 04:00:00
2004-10-22,05:00:00,49.0,1435.0,18.7,74.4,1.5861,2004-10-22 05:00:00
2004-10-22,06:00:00,55.0,1435.0,19.8,69.2,1.5808,2004-10-22 06:00:00
2004-10-22,07:00:00,78.0,1912.0,19.8,69.4,1.5859,2004-10-22 07:00:00
2004-10-22,08:00:00,91.0,2158.0,20.4,66.7,1.5781,2004-10-22 08:00:00
2004-10-22,09:00:00,88.0,1830.0,22.3,60.6,1.6069,2004-10-22 09:00:00
2004-10-22,10:00:00,83.0,1787.0,22.6,59.9,1.6246,2004-10-22 10:00:00
2004-10-22,11:00:00,81.0,1704.0,24.5,54.5,1.6514,2004-10-22 11:00:00
2004-10-22,12:00:00,83.0,1781.0,24.4,55.4,1.6712,2004-10-22 12:00:00
2004-10-22,13:00:00,111.0,2007.0,26.0,51.9,1.7148,2004-10-22 13:00:00
2004-10-22,14:00:00,112.0,2033.0,26.8,49.1,1.7101,2004-10-22 14:00:00
2004-10-22,15:00:00,112.0,1996.0,26.4,49.8,1.6928,2004-10-22 15:00:00
2004-10-22,16:00:00,137.0,2127.0,26.9,48.6,1.7017,2004-10-22 16:00:00
2004-10-22,17:00:00,152.0,2176.0,26.2,48.9,1.634,2004-10-22 17:00:00
2004-10-22,18:00:00,163.0,2486.0,24.3,54.3,1.6276,2004-10-22 18:00:00
2004-10-22,19:00:00,135.0,2339.0,23.3,58.1,1.6457,2004-10-22 19:00:00
2004-10-22,20:00:00,119.0,2020.0,22.3,62.5,1.6616,2004-10-22 20:00:00
2004-10-22,21:00:00,91.0,1657.0,21.3,66.1,1.6556,2004-10-22 21:00:00
2004-10-22,22:00:00,74.0,1502.0,21.2,65.7,1.6319,2004-10-22 22:00:00
2004-10-22,23:00:00,73.0,1509.0,20.3,68.1,1.6009,2004-10-22 23:00:00
2004-10-23,00:00:00,71.0,1518.0,20.4,66.7,1.583,2004-10-23 00:00:00
2004-10-23,01:00:00,57.0,1413.0,19.9,67.5,1.5544,2004-10-23 01:00:00
2004-10-23,02:00:00,51.0,1418.0,19.1,70.0,1.5331,2004-10-23 02:00:00
2004-10-23,03:00:00,80.11538461538461,1374.0,19.3,68.1,1.5139,2004-10-23 03:00:00
2004-10-23,04:00:00,42.0,1341.0,19.6,66.9,1.5125,2004-10-23 04:00:00
2004-10-23,05:00:00,43.0,1381.0,18.1,72.1,1.4834,2004-10-23 05:00:00
2004-10-23,06:00:00,52.0,1473.0,18.1,72.3,1.4927,2004-10-23 06:00:00
2004-10-23,07:00:00,65.0,1699.0,17.6,74.8,1.491,2004-10-23 07:00:00
2004-10-23,08:00:00,69.0,1753.0,18.2,72.8,1.5048,2004-10-23 08:00:00
2004-10-23,09:00:00,91.0,1833.0,20.2,65.8,1.5374,2004-10-23 09:00:00
2004-10-23,10:00:00,92.0,1727.0,21.6,61.4,1.5696,2004-10-23 10:00:00
2004-10-23,11:00:00,102.0,1738.0,23.3,57.5,1.6169,2004-10-23 11:00:00
2004-10-23,12:00:00,118.0,1854.0,25.0,52.4,1.6356,2004-10-23 12:00:00
2004-10-23,13:00:00,111.0,1785.0,25.4,50.8,1.6275,2004-10-23 13:00:00
2004-10-23,14:00:00,101.0,1608.0,26.1,47.1,1.5724,2004-10-23 14:00:00
2004-10-23,15:00:00,119.0,1749.0,27.0,44.2,1.549,2004-10-23 15:00:00
2004-10-23,16:00:00,115.0,1747.0,27.2,43.0,1.5246,2004-10-23 16:00:00
2004-10-23,17:00:00,120.0,1776.0,25.6,48.3,1.5641,2004-10-23 17:00:00
2004-10-23,18:00:00,115.0,1925.0,23.3,57.9,1.6376,2004-10-23 18:00:00
2004-10-23,19:00:00,118.0,2016.0,22.2,63.6,1.6763,2004-10-23 19:00:00
2004-10-23,20:00:00,117.0,1853.0,21.6,67.7,1.7228,2004-10-23 20:00:00
2004-10-23,21:00:00,96.0,1668.0,21.0,69.3,1.7058,2004-10-23 21:00:00
2004-10-23,22:00:00,89.0,1725.0,20.3,70.5,1.6599,2004-10-23 22:00:00
2004-10-23,23:00:00,84.0,1639.0,20.0,69.5,1.6109,2004-10-23 23:00:00
2004-10-24,00:00:00,97.0,1741.0,19.7,70.1,1.5891,2004-10-24 00:00:00
2004-10-24,01:00:00,68.0,1621.0,19.5,70.7,1.5851,2004-10-24 01:00:00
2004-10-24,02:00:00,66.0,1577.0,19.4,71.4,1.5959,2004-10-24 02:00:00
2004-10-24,03:00:00,80.11538461538461,1512.0,19.3,71.1,1.5746,2004-10-24 03:00:00
2004-10-24,04:00:00,51.0,1467.0,18.7,73.8,1.5704,2004-10-24 04:00:00
2004-10-24,05:00:00,48.0,1503.0,18.0,75.4,1.5441,2004-10-24 05:00:00
2004-10-24,06:00:00,47.0,1451.0,17.3,78.4,1.532,2004-10-24 06:00:00
2004-10-24,07:00:00,48.0,1481.0,17.5,76.6,1.5174,2004-10-24 07:00:00
2004-10-24,08:00:00,45.0,1359.0,20.0,66.7,1.5401,2004-10-24 08:00:00
2004-10-24,09:00:00,59.0,1477.0,19.1,70.0,1.5366,2004-10-24 09:00:00
2004-10-24,10:00:00,84.0,1542.0,21.4,61.7,1.5547,2004-10-24 10:00:00
2004-10-24,11:00:00,72.0,1467.0,24.6,50.4,1.5363,2004-10-24 11:00:00
2004-10-24,12:00:00,68.0,1431.0,25.0,49.1,1.5295,2004-10-24 12:00:00
2004-10-24,13:00:00,52.0,1376.0,25.3,46.7,1.4874,2004-10-24 13:00:00
2004-10-24,14:00:00,70.0,1421.0,24.8,47.9,1.4819,2004-10-24 14:00:00
2004-10-24,15:00:00,90.0,1537.0,25.3,48.0,1.5249,2004-10-24 15:00:00
2004-10-24,16:00:00,87.0,1533.0,26.5,44.9,1.5278,2004-10-24 16:00:00
2004-10-24,17:00:00,99.0,1631.0,25.0,50.1,1.563,2004-10-24 17:00:00
2004-10-24,18:00:00,128.0,1874.0,22.9,57.6,1.5885,2004-10-24 18:00:00
2004-10-24,19:00:00,127.0,1971.0,21.7,62.9,1.6117,2004-10-24 19:00:00
2004-10-24,20:00:00,99.0,1716.0,21.8,63.0,1.619,2004-10-24 20:00:00
2004-10-24,21:00:00,72.0,1439.0,21.2,63.4,1.5748,2004-10-24 21:00:00
2004-10-24,22:00:00,62.0,1450.0,20.2,65.8,1.535,2004-10-24 22:00:00
2004-10-24,23:00:00,62.0,1517.0,18.4,71.5,1.5038,2004-10-24 23:00:00
2004-10-25,00:00:00,63.0,1516.0,17.9,72.4,1.4758,2004-10-25 00:00:00
2004-10-25,01:00:00,56.0,1474.0,16.9,75.4,1.4393,2004-10-25 01:00:00
2004-10-25,02:00:00,44.0,1353.0,16.5,75.5,1.4056,2004-10-25 02:00:00
2004-10-25,03:00:00,80.11538461538461,1315.0,15.4,79.0,1.3735,2004-10-25 03:00:00
2004-10-25,04:00:00,37.0,1319.0,15.5,78.6,1.37,2004-10-25 04:00:00
2004-10-25,05:00:00,48.0,1392.0,16.2,76.9,1.4029,2004-10-25 05:00:00
2004-10-25,06:00:00,59.0,1440.0,15.8,79.6,1.417,2004-10-25 06:00:00
2004-10-25,07:00:00,77.0,1780.0,16.0,76.3,1.3772,2004-10-25 07:00:00
2004-10-25,08:00:00,88.0,1998.0,16.3,74.3,1.3644,2004-10-25 08:00:00
2004-10-25,09:00:00,111.0,1754.0,18.7,66.3,1.414,2004-10-25 09:00:00
2004-10-25,10:00:00,114.0,1812.0,20.5,60.2,1.4346,2004-10-25 10:00:00
2004-10-25,11:00:00,108.0,1742.0,19.3,66.2,1.4706,2004-10-25 11:00:00
2004-10-25,12:00:00,111.0,1821.0,20.0,63.9,1.4805,2004-10-25 12:00:00
2004-10-25,13:00:00,126.0,1971.0,21.4,59.4,1.4928,2004-10-25 13:00:00
2004-10-25,14:00:00,117.0,1947.0,21.5,60.9,1.5398,2004-10-25 14:00:00
2004-10-25,15:00:00,119.0,2034.0,21.6,60.9,1.5551,2004-10-25 15:00:00
2004-10-25,16:00:00,125.0,2176.0,21.6,62.0,1.5784,2004-10-25 16:00:00
2004-10-25,17:00:00,158.0,2641.0,21.7,61.9,1.592,2004-10-25 17:00:00
2004-10-25,18:00:00,149.0,2567.0,21.0,64.9,1.5987,2004-10-25 18:00:00
2004-10-25,19:00:00,136.0,2469.0,20.0,68.6,1.5882,2004-10-25 19:00:00
2004-10-25,20:00:00,112.0,2230.0,19.3,71.4,1.5805,2004-10-25 20:00:00
2004-10-25,21:00:00,87.0,1806.0,18.5,73.4,1.5461,2004-10-25 21:00:00
2004-10-25,22:00:00,82.0,1803.0,17.7,75.6,1.5226,2004-10-25 22:00:00
2004-10-25,23:00:00,67.0,1488.0,18.5,70.4,1.487,2004-10-25 23:00:00
2004-10-26,00:00:00,68.0,1562.0,17.0,76.1,1.4582,2004-10-26 00:00:00
2004-10-26,01:00:00,60.0,1401.0,16.8,74.9,1.4258,2004-10-26 01:00:00
2004-10-26,02:00:00,48.0,1331.0,15.5,78.5,1.3782,2004-10-26 02:00:00
2004-10-26,03:00:00,80.11538461538461,1319.0,15.3,79.0,1.3605,2004-10-26 03:00:00
2004-10-26,04:00:00,42.0,1277.0,15.0,77.9,1.3197,2004-10-26 04:00:00
2004-10-26,05:00:00,46.0,1355.0,14.8,79.4,1.3312,2004-10-26 05:00:00
2004-10-26,06:00:00,54.0,1425.0,15.7,77.0,1.3591,2004-10-26 06:00:00
2004-10-26,07:00:00,82.0,1776.0,16.2,75.9,1.3872,2004-10-26 07:00:00
2004-10-26,08:00:00,93.0,1990.0,16.3,75.9,1.3991,2004-10-26 08:00:00
2004-10-26,09:00:00,95.0,1781.0,17.7,70.6,1.4202,2004-10-26 09:00:00
2004-10-26,10:00:00,120.0,1820.0,18.3,67.6,1.4103,2004-10-26 10:00:00
2004-10-26,11:00:00,132.0,1784.0,20.1,62.0,1.4409,2004-10-26 11:00:00
2004-10-26,12:00:00,146.0,2031.0,22.6,54.5,1.4737,2004-10-26 12:00:00
2004-10-26,13:00:00,157.0,1874.0,24.6,47.1,1.4378,2004-10-26 13:00:00
2004-10-26,14:00:00,158.0,2043.0,24.9,48.3,1.4942,2004-10-26 14:00:00
2004-10-26,15:00:00,175.0,2165.0,24.9,50.0,1.5522,2004-10-26 15:00:00
2004-10-26,16:00:00,166.0,2232.0,24.0,55.0,1.6211,2004-10-26 16:00:00
2004-10-26,17:00:00,187.0,2641.0,23.2,58.7,1.651,2004-10-26 17:00:00
2004-10-26,18:00:00,180.0,2775.0,22.5,61.5,1.6579,2004-10-26 18:00:00
2004-10-26,19:00:00,134.0,2305.0,22.2,61.0,1.6071,2004-10-26 19:00:00
2004-10-26,20:00:00,127.0,1962.0,22.6,58.3,1.5829,2004-10-26 20:00:00
2004-10-26,21:00:00,95.0,1506.0,21.0,57.4,1.4098,2004-10-26 21:00:00
2004-10-26,22:00:00,79.0,1468.0,19.8,63.7,1.4524,2004-10-26 22:00:00
2004-10-26,23:00:00,78.0,1495.0,17.7,78.8,1.5855,2004-10-26 23:00:00
2004-10-27,00:00:00,80.0,1569.0,17.6,80.5,1.6062,2004-10-27 00:00:00
2004-10-27,01:00:00,67.0,1435.0,17.4,81.3,1.6066,2004-10-27 01:00:00
2004-10-27,02:00:00,61.0,1401.0,17.4,81.0,1.6012,2004-10-27 02:00:00
2004-10-27,03:00:00,80.11538461538461,1381.0,17.2,81.8,1.5856,2004-10-27 03:00:00
2004-10-27,04:00:00,51.0,1343.0,17.0,81.0,1.5521,2004-10-27 04:00:00
2004-10-27,05:00:00,56.0,1416.0,16.8,81.3,1.5447,2004-10-27 05:00:00
2004-10-27,06:00:00,68.0,1606.0,17.6,78.8,1.5723,2004-10-27 06:00:00
2004-10-27,07:00:00,101.0,1983.0,18.0,75.7,1.5527,2004-10-27 07:00:00
2004-10-27,08:00:00,119.0,2119.0,18.0,74.8,1.5281,2004-10-27 08:00:00
2004-10-27,09:00:00,108.0,1652.0,18.2,74.0,1.5343,2004-10-27 09:00:00
2004-10-27,10:00:00,132.0,1734.0,19.7,65.4,1.4854,2004-10-27 10:00:00
2004-10-27,11:00:00,130.0,1666.0,21.0,57.9,1.4267,2004-10-27 11:00:00
2004-10-27,12:00:00,129.0,1739.0,20.7,58.6,1.4142,2004-10-27 12:00:00
2004-10-27,13:00:00,117.0,1923.0,19.5,67.1,1.506,2004-10-27 13:00:00
2004-10-27,14:00:00,119.0,1842.0,18.5,76.2,1.6045,2004-10-27 14:00:00
2004-10-27,15:00:00,113.0,1675.0,19.6,69.7,1.5675,2004-10-27 15:00:00
2004-10-27,16:00:00,102.0,1649.0,19.9,65.3,1.5066,2004-10-27 16:00:00
2004-10-27,17:00:00,101.0,1711.0,20.0,63.3,1.4622,2004-10-27 17:00:00
2004-10-27,18:00:00,116.0,1874.0,19.2,66.4,1.4592,2004-10-27 18:00:00
2004-10-27,19:00:00,101.0,1732.0,19.3,67.5,1.4977,2004-10-27 19:00:00
2004-10-27,20:00:00,94.0,1685.0,18.2,71.4,1.4776,2004-10-27 20:00:00
2004-10-27,21:00:00,75.0,1442.0,17.8,71.2,1.4396,2004-10-27 21:00:00
2004-10-27,22:00:00,69.0,1369.0,17.6,69.9,1.3969,2004-10-27 22:00:00
2004-10-27,23:00:00,60.0,1388.0,16.0,75.9,1.3721,2004-10-27 23:00:00
2004-10-28,00:00:00,58.0,1287.0,16.9,72.0,1.3749,2004-10-28 00:00:00
2004-10-28,01:00:00,51.0,1329.0,15.7,76.3,1.3519,2004-10-28 01:00:00
2004-10-28,02:00:00,45.0,1299.0,14.8,78.7,1.3169,2004-10-28 02:00:00
2004-10-28,03:00:00,80.11538461538461,1277.0,14.8,79.7,1.3286,2004-10-28 03:00:00
2004-10-28,04:00:00,41.0,1268.0,14.6,79.9,1.3156,2004-10-28 04:00:00
2004-10-28,05:00:00,48.0,1327.0,15.2,78.0,1.3382,2004-10-28 05:00:00
2004-10-28,06:00:00,61.0,1506.0,15.5,77.2,1.3502,2004-10-28 06:00:00
2004-10-28,07:00:00,88.0,1829.0,15.7,76.4,1.3558,2004-10-28 07:00:00
2004-10-28,08:00:00,102.0,1969.0,16.0,76.4,1.3751,2004-10-28 08:00:00
2004-10-28,09:00:00,97.0,1752.0,16.7,73.8,1.3886,2004-10-28 09:00:00
2004-10-28,10:00:00,116.0,1780.0,18.6,66.3,1.4047,2004-10-28 10:00:00
2004-10-28,11:00:00,112.0,1532.0,20.4,58.1,1.3762,2004-10-28 11:00:00
2004-10-28,12:00:00,101.0,1580.0,20.6,57.3,1.3792,2004-10-28 12:00:00
2004-10-28,13:00:00,99.0,1640.0,21.6,53.6,1.3669,2004-10-28 13:00:00
2004-10-28,14:00:00,113.0,1731.0,21.4,55.6,1.4015,2004-10-28 14:00:00
2004-10-28,15:00:00,122.0,1991.0,20.7,63.0,1.5204,2004-10-28 15:00:00
2004-10-28,16:00:00,139.0,1977.0,21.3,61.9,1.5463,2004-10-28 16:00:00
2004-10-28,17:00:00,149.0,2271.0,20.8,64.0,1.5522,2004-10-28 17:00:00
2004-10-28,18:00:00,136.0,2092.0,20.3,66.7,1.5656,2004-10-28 18:00:00
2004-10-28,19:00:00,103.0,1602.0,19.7,64.5,1.4594,2004-10-28 19:00:00
2004-10-28,20:00:00,112.0,1562.0,19.4,64.0,1.4282,2004-10-28 20:00:00
2004-10-28,21:00:00,88.0,1382.0,20.1,60.8,1.4152,2004-10-28 21:00:00
2004-10-28,22:00:00,63.0,1327.0,20.4,60.4,1.4263,2004-10-28 22:00:00
2004-10-28,23:00:00,69.0,1331.0,20.1,62.6,1.4543,2004-10-28 23:00:00
2004-10-29,00:00:00,65.0,1326.0,19.9,64.9,1.4905,2004-10-29 00:00:00
2004-10-29,01:00:00,50.0,1288.0,18.2,74.7,1.5441,2004-10-29 01:00:00
2004-10-29,02:00:00,43.0,1286.0,18.4,73.8,1.5463,2004-10-29 02:00:00
2004-10-29,03:00:00,80.11538461538461,1276.0,18.7,73.5,1.5664,2004-10-29 03:00:00
2004-10-29,04:00:00,56.0,1308.0,18.2,76.6,1.5907,2004-10-29 04:00:00
2004-10-29,05:00:00,69.0,1430.0,18.5,76.4,1.6112,2004-10-29 05:00:00
2004-10-29,06:00:00,91.0,1469.0,19.3,71.6,1.5844,2004-10-29 06:00:00
2004-10-29,07:00:00,111.0,1769.0,20.2,66.9,1.5643,2004-10-29 07:00:00
2004-10-29,08:00:00,124.0,1945.0,20.8,64.7,1.5692,2004-10-29 08:00:00
2004-10-29,09:00:00,119.0,1746.0,21.9,61.8,1.6021,2004-10-29 09:00:00
2004-10-29,10:00:00,77.0,1467.0,23.5,57.7,1.6515,2004-10-29 10:00:00
2004-10-29,11:00:00,101.0,1736.0,19.8,81.0,1.8538,2004-10-29 11:00:00
2004-10-29,12:00:00,116.0,2114.0,20.2,86.5,2.0224,2004-10-29 12:00:00
2004-10-29,13:00:00,137.0,1983.0,20.2,82.2,1.9184,2004-10-29 13:00:00
2004-10-29,14:00:00,163.0,2125.0,19.7,82.2,1.8669,2004-10-29 14:00:00
2004-10-29,15:00:00,144.0,1847.0,20.2,79.1,1.85,2004-10-29 15:00:00
2004-10-29,16:00:00,118.0,1664.0,20.1,75.4,1.751,2004-10-29 16:00:00
2004-10-29,17:00:00,135.0,1807.0,20.2,72.3,1.6893,2004-10-29 17:00:00
2004-10-29,18:00:00,129.0,1860.0,20.0,73.3,1.693,2004-10-29 18:00:00
2004-10-29,19:00:00,128.0,1591.0,18.3,74.9,1.5583,2004-10-29 19:00:00
2004-10-29,20:00:00,103.0,1375.0,18.9,70.4,1.5259,2004-10-29 20:00:00
2004-10-29,21:00:00,116.0,1415.0,17.3,76.3,1.4919,2004-10-29 21:00:00
2004-10-29,22:00:00,95.0,1410.0,17.1,77.9,1.5081,2004-10-29 22:00:00
2004-10-29,23:00:00,107.0,1489.0,17.3,79.3,1.5569,2004-10-29 23:00:00
2004-10-30,00:00:00,108.0,1520.0,17.3,79.9,1.5643,2004-10-30 00:00:00
2004-10-30,01:00:00,94.0,1413.0,16.9,80.6,1.5372,2004-10-30 01:00:00
2004-10-30,02:00:00,84.0,1400.0,16.9,81.4,1.551,2004-10-30 02:00:00
2004-10-30,03:00:00,80.11538461538461,1383.0,16.8,81.5,1.5418,2004-10-30 03:00:00
2004-10-30,04:00:00,72.0,1372.0,16.9,79.8,1.5238,2004-10-30 04:00:00
2004-10-30,05:00:00,76.0,1367.0,16.7,79.7,1.503,2004-10-30 05:00:00
2004-10-30,06:00:00,82.0,1453.0,16.8,79.0,1.4978,2004-10-30 06:00:00
2004-10-30,07:00:00,94.0,1662.0,16.8,79.8,1.5115,2004-10-30 07:00:00
2004-10-30,08:00:00,102.0,1723.0,16.9,79.9,1.5253,2004-10-30 08:00:00
2004-10-30,09:00:00,106.0,1675.0,17.4,79.3,1.5593,2004-10-30 09:00:00
2004-10-30,10:00:00,108.0,1656.0,18.0,76.6,1.5706,2004-10-30 10:00:00
2004-10-30,11:00:00,152.0,1845.0,21.2,64.4,1.6015,2004-10-30 11:00:00
2004-10-30,12:00:00,160.0,1826.0,22.4,60.8,1.6261,2004-10-30 12:00:00
2004-10-30,13:00:00,133.0,1806.0,22.6,61.1,1.6596,2004-10-30 13:00:00
2004-10-30,14:00:00,147.0,1781.0,23.6,57.3,1.645,2004-10-30 14:00:00
2004-10-30,15:00:00,135.0,1777.0,23.5,58.3,1.664,2004-10-30 15:00:00
2004-10-30,16:00:00,135.0,1869.0,22.9,61.6,1.7014,2004-10-30 16:00:00
2004-10-30,17:00:00,129.0,1850.0,22.3,64.3,1.7055,2004-10-30 17:00:00
2004-10-30,18:00:00,117.0,1968.0,21.6,68.0,1.7305,2004-10-30 18:00:00
2004-10-30,19:00:00,116.0,2015.0,21.2,67.4,1.6755,2004-10-30 19:00:00
2004-10-30,20:00:00,109.0,1785.0,20.8,65.8,1.6001,2004-10-30 20:00:00
2004-10-30,21:00:00,96.0,1658.0,20.4,64.8,1.5379,2004-10-30 21:00:00
2004-10-30,22:00:00,90.0,1539.0,20.1,66.7,1.5548,2004-10-30 22:00:00
2004-10-30,23:00:00,82.0,1494.0,19.5,70.0,1.5711,2004-10-30 23:00:00
2004-10-31,00:00:00,86.0,1492.0,19.3,70.4,1.5578,2004-10-31 00:00:00
2004-10-31,01:00:00,72.0,1425.0,19.7,68.6,1.5563,2004-10-31 01:00:00
2004-10-31,02:00:00,61.0,1445.0,19.7,68.2,1.5484,2004-10-31 02:00:00
2004-10-31,03:00:00,80.11538461538461,1386.0,19.9,68.4,1.5673,2004-10-31 03:00:00
2004-10-31,04:00:00,45.0,1320.0,18.4,74.2,1.5581,2004-10-31 04:00:00
2004-10-31,05:00:00,37.0,1310.0,18.9,71.3,1.5449,2004-10-31 05:00:00
2004-10-31,06:00:00,31.0,1295.0,18.1,79.0,1.6224,2004-10-31 06:00:00
2004-10-31,07:00:00,30.0,1315.0,20.4,71.2,1.6834,2004-10-31 07:00:00
2004-10-31,08:00:00,41.0,1477.0,20.6,70.7,1.6996,2004-10-31 08:00:00
2004-10-31,09:00:00,64.0,1470.0,19.3,74.1,1.6391,2004-10-31 09:00:00
2004-10-31,10:00:00,74.0,1642.0,22.2,64.4,1.7005,2004-10-31 10:00:00
2004-10-31,11:00:00,77.0,1643.0,23.0,64.6,1.7851,2004-10-31 11:00:00
2004-10-31,12:00:00,83.0,1585.0,24.3,57.4,1.7233,2004-10-31 12:00:00
2004-10-31,13:00:00,71.0,1595.0,22.0,67.0,1.7441,2004-10-31 13:00:00
2004-10-31,14:00:00,62.0,1580.0,22.9,65.7,1.8148,2004-10-31 14:00:00
2004-10-31,15:00:00,62.0,1727.0,23.2,63.9,1.7957,2004-10-31 15:00:00
2004-10-31,16:00:00,79.0,1633.0,23.0,62.3,1.7248,2004-10-31 16:00:00
2004-10-31,17:00:00,93.0,1638.0,22.4,63.2,1.6878,2004-10-31 17:00:00
2004-10-31,18:00:00,106.0,2277.0,21.7,66.6,1.7077,2004-10-31 18:00:00
2004-10-31,19:00:00,100.0,1987.0,21.2,70.3,1.7476,2004-10-31 19:00:00
2004-10-31,20:00:00,89.0,1912.0,20.8,70.9,1.7203,2004-10-31 20:00:00
2004-10-31,21:00:00,83.0,1848.0,20.0,73.2,1.6965,2004-10-31 21:00:00
2004-10-31,22:00:00,76.0,1723.0,19.7,73.7,1.6708,2004-10-31 22:00:00
2004-10-31,23:00:00,68.0,1700.0,19.9,72.6,1.6681,2004-10-31 23:00:00
2004-11-01,00:00:00,69.0,1723.0,20.1,71.3,1.6564,2004-11-01 00:00:00
2004-11-01,01:00:00,77.0,1780.0,20.1,71.1,1.6498,2004-11-01 01:00:00
2004-11-01,02:00:00,68.0,1767.0,19.6,73.2,1.6543,2004-11-01 02:00:00
2004-11-01,03:00:00,80.11538461538461,1756.0,19.1,75.8,1.6568,2004-11-01 03:00:00
2004-11-01,04:00:00,52.0,1779.0,18.4,77.9,1.6389,2004-11-01 04:00:00
2004-11-01,05:00:00,49.0,1710.0,18.4,78.1,1.637,2004-11-01 05:00:00
2004-11-01,06:00:00,45.0,1554.0,19.2,74.7,1.6398,2004-11-01 06:00:00
2004-11-01,07:00:00,51.0,1525.0,19.4,75.1,1.6766,2004-11-01 07:00:00
2004-11-01,08:00:00,51.0,1564.0,19.1,75.6,1.6519,2004-11-01 08:00:00
2004-11-01,09:00:00,62.0,1594.0,20.3,71.1,1.6803,2004-11-01 09:00:00
2004-11-01,10:00:00,74.0,1683.0,23.1,61.3,1.7131,2004-11-01 10:00:00
2004-11-01,11:00:00,88.0,1702.0,25.1,56.0,1.7565,2004-11-01 11:00:00
2004-11-01,12:00:00,90.0,1686.0,25.8,56.1,1.841,2004-11-01 12:00:00
2004-11-01,13:00:00,91.0,1706.0,23.7,68.2,1.9739,2004-11-01 13:00:00
2004-11-01,14:00:00,64.0,1562.0,23.1,70.8,1.98,2004-11-01 14:00:00
2004-11-01,15:00:00,72.0,1636.0,23.9,66.3,1.9361,2004-11-01 15:00:00
2004-11-01,16:00:00,88.0,1810.0,23.8,65.0,1.8897,2004-11-01 16:00:00
2004-11-01,17:00:00,110.0,1811.0,23.2,65.6,1.8435,2004-11-01 17:00:00
2004-11-01,18:00:00,95.0,1942.0,21.8,72.7,1.8789,2004-11-01 18:00:00
2004-11-01,19:00:00,91.0,1746.0,21.7,67.3,1.7256,2004-11-01 19:00:00
2004-11-01,20:00:00,94.0,1750.0,21.3,66.3,1.6594,2004-11-01 20:00:00
2004-11-01,21:00:00,86.0,1733.0,20.4,71.6,1.7004,2004-11-01 21:00:00
2004-11-01,22:00:00,79.0,1755.0,19.6,75.3,1.6981,2004-11-01 22:00:00
2004-11-01,23:00:00,71.0,1674.0,19.3,75.8,1.6762,2004-11-01 23:00:00
2004-11-02,00:00:00,62.0,1586.0,18.4,76.3,1.6017,2004-11-02 00:00:00
2004-11-02,01:00:00,56.0,1472.0,18.2,76.4,1.5787,2004-11-02 01:00:00
2004-11-02,02:00:00,49.0,1374.0,17.9,74.8,1.5219,2004-11-02 02:00:00
2004-11-02,03:00:00,80.11538461538461,1334.0,17.5,74.5,1.4781,2004-11-02 03:00:00
2004-11-02,04:00:00,38.0,1306.0,17.2,74.0,1.4388,2004-11-02 04:00:00
2004-11-02,05:00:00,35.0,1289.0,17.6,73.2,1.4555,2004-11-02 05:00:00
2004-11-02,06:00:00,37.0,1294.0,17.9,69.3,1.4099,2004-11-02 06:00:00
2004-11-02,07:00:00,56.0,1497.0,16.1,76.3,1.3902,2004-11-02 07:00:00
2004-11-02,08:00:00,85.0,1860.0,17.1,72.8,1.4054,2004-11-02 08:00:00
2004-11-02,09:00:00,112.0,1899.0,20.8,57.9,1.407,2004-11-02 09:00:00
2004-11-02,10:00:00,107.0,1911.0,20.6,60.2,1.4428,2004-11-02 10:00:00
2004-11-02,11:00:00,151.0,2170.0,22.1,56.6,1.4851,2004-11-02 11:00:00
2004-11-02,12:00:00,151.0,1970.0,24.0,50.0,1.4679,2004-11-02 12:00:00
2004-11-02,13:00:00,150.0,2125.0,25.7,45.6,1.487,2004-11-02 13:00:00
2004-11-02,14:00:00,190.0,2318.0,25.5,49.7,1.5985,2004-11-02 14:00:00
2004-11-02,15:00:00,168.0,2199.0,25.2,50.6,1.5989,2004-11-02 15:00:00
2004-11-02,16:00:00,127.0,2197.0,25.4,50.7,1.6187,2004-11-02 16:00:00
2004-11-02,17:00:00,140.0,2386.0,24.4,56.0,1.6885,2004-11-02 17:00:00
2004-11-02,18:00:00,158.0,2496.0,23.0,62.1,1.7283,2004-11-02 18:00:00
2004-11-02,19:00:00,121.0,2563.0,21.8,65.3,1.6889,2004-11-02 19:00:00
2004-11-02,20:00:00,119.0,2643.0,20.9,67.5,1.6539,2004-11-02 20:00:00
2004-11-02,21:00:00,96.0,2111.0,20.2,68.6,1.6034,2004-11-02 21:00:00
2004-11-02,22:00:00,77.0,1804.0,19.3,70.8,1.5728,2004-11-02 22:00:00
2004-11-02,23:00:00,66.0,1641.0,19.2,68.8,1.5097,2004-11-02 23:00:00
2004-11-03,00:00:00,56.0,1381.0,20.4,61.1,1.4495,2004-11-03 00:00:00
2004-11-03,01:00:00,62.0,1620.0,18.0,71.5,1.4615,2004-11-03 01:00:00
2004-11-03,02:00:00,58.0,1542.0,17.5,73.2,1.4515,2004-11-03 02:00:00
2004-11-03,03:00:00,80.11538461538461,1328.0,17.2,71.7,1.394,2004-11-03 03:00:00
2004-11-03,04:00:00,37.0,1271.0,16.4,74.4,1.3779,2004-11-03 04:00:00
2004-11-03,05:00:00,35.0,1253.0,16.8,71.9,1.3628,2004-11-03 05:00:00
2004-11-03,06:00:00,50.0,1290.0,16.9,70.5,1.3504,2004-11-03 06:00:00
2004-11-03,07:00:00,64.0,1438.0,17.0,70.1,1.3512,2004-11-03 07:00:00
2004-11-03,08:00:00,75.0,1667.0,18.8,62.5,1.3401,2004-11-03 08:00:00
2004-11-03,09:00:00,101.0,1847.0,20.3,58.4,1.3745,2004-11-03 09:00:00
2004-11-03,10:00:00,94.0,1786.0,23.7,49.1,1.423,2004-11-03 10:00:00
2004-11-03,11:00:00,95.0,1767.0,26.6,42.8,1.4713,2004-11-03 11:00:00
2004-11-03,12:00:00,124.0,1771.0,26.2,43.5,1.4591,2004-11-03 12:00:00
2004-11-03,13:00:00,86.0,1632.0,26.3,43.6,1.4663,2004-11-03 13:00:00
2004-11-03,14:00:00,79.0,1638.0,26.6,42.5,1.4568,2004-11-03 14:00:00
2004-11-03,15:00:00,87.0,1642.0,26.3,43.7,1.4718,2004-11-03 15:00:00
2004-11-03,16:00:00,94.0,1699.0,25.6,46.2,1.4903,2004-11-03 16:00:00
2004-11-03,17:00:00,107.0,1703.0,25.1,47.6,1.4983,2004-11-03 17:00:00
2004-11-03,18:00:00,107.0,1853.0,23.8,51.4,1.4956,2004-11-03 18:00:00
2004-11-03,19:00:00,117.0,1959.0,23.3,53.1,1.496,2004-11-03 19:00:00
2004-11-03,20:00:00,97.0,1807.0,22.4,55.2,1.4735,2004-11-03 20:00:00
2004-11-03,21:00:00,90.0,1597.0,21.7,57.7,1.4766,2004-11-03 21:00:00
2004-11-03,22:00:00,86.0,1714.0,20.5,63.0,1.5043,2004-11-03 22:00:00
2004-11-03,23:00:00,77.0,1641.0,19.5,67.6,1.5156,2004-11-03 23:00:00
2004-11-04,00:00:00,66.0,1489.0,18.7,69.0,1.4727,2004-11-04 00:00:00
2004-11-04,01:00:00,57.0,1382.0,19.3,65.5,1.45,2004-11-04 01:00:00
2004-11-04,02:00:00,55.0,1362.0,17.6,70.8,1.4105,2004-11-04 02:00:00
2004-11-04,03:00:00,80.11538461538461,1315.0,16.8,72.9,1.3851,2004-11-04 03:00:00
2004-11-04,04:00:00,40.0,1239.0,17.8,68.1,1.3722,2004-11-04 04:00:00
2004-11-04,05:00:00,40.0,1218.0,16.1,73.5,1.3329,2004-11-04 05:00:00
2004-11-04,06:00:00,46.0,1270.0,15.8,73.5,1.3151,2004-11-04 06:00:00
2004-11-04,07:00:00,53.0,1272.0,17.0,68.0,1.3102,2004-11-04 07:00:00
2004-11-04,08:00:00,84.0,1833.0,16.0,72.2,1.3077,2004-11-04 08:00:00
2004-11-04,09:00:00,88.0,1833.0,17.8,65.4,1.3213,2004-11-04 09:00:00
2004-11-04,10:00:00,143.0,1948.0,20.6,56.0,1.3467,2004-11-04 10:00:00
2004-11-04,11:00:00,130.0,1755.0,23.6,48.0,1.3757,2004-11-04 11:00:00
2004-11-04,12:00:00,120.0,1720.0,23.7,49.8,1.4433,2004-11-04 12:00:00
2004-11-04,13:00:00,139.0,1786.0,24.7,47.4,1.4527,2004-11-04 13:00:00
2004-11-04,14:00:00,139.0,1896.0,25.9,42.8,1.4122,2004-11-04 14:00:00
2004-11-04,15:00:00,156.0,1900.0,26.8,43.3,1.4977,2004-11-04 15:00:00
2004-11-04,16:00:00,143.0,1975.0,26.6,45.5,1.5555,2004-11-04 16:00:00
2004-11-04,17:00:00,186.0,2603.0,24.8,53.9,1.6683,2004-11-04 17:00:00
2004-11-04,18:00:00,171.0,2609.0,23.1,61.1,1.7082,2004-11-04 18:00:00
2004-11-04,19:00:00,124.0,2216.0,22.2,63.7,1.6865,2004-11-04 19:00:00
2004-11-04,20:00:00,97.0,2011.0,21.1,66.1,1.6313,2004-11-04 20:00:00
2004-11-04,21:00:00,92.0,1856.0,20.0,69.0,1.5956,2004-11-04 21:00:00
2004-11-04,22:00:00,96.0,1855.0,19.1,72.0,1.5732,2004-11-04 22:00:00
2004-11-04,23:00:00,74.0,1599.0,18.8,70.6,1.5209,2004-11-04 23:00:00
2004-11-05,00:00:00,65.0,1481.0,18.5,69.5,1.4657,2004-11-05 00:00:00
2004-11-05,01:00:00,62.0,1467.0,18.4,68.5,1.439,2004-11-05 01:00:00
2004-11-05,02:00:00,59.0,1430.0,16.8,73.3,1.3915,2004-11-05 02:00:00
2004-11-05,03:00:00,80.11538461538461,1249.0,17.9,66.8,1.3596,2004-11-05 03:00:00
2004-11-05,04:00:00,41.0,1204.0,16.5,71.0,1.3239,2004-11-05 04:00:00
2004-11-05,05:00:00,38.0,1180.0,16.9,67.9,1.295,2004-11-05 05:00:00
2004-11-05,06:00:00,43.0,1192.0,16.1,69.3,1.2591,2004-11-05 06:00:00
2004-11-05,07:00:00,52.0,1257.0,16.1,69.6,1.2593,2004-11-05 07:00:00
2004-11-05,08:00:00,75.0,1575.0,16.2,70.1,1.2837,2004-11-05 08:00:00
2004-11-05,09:00:00,118.0,2252.0,16.5,69.3,1.2897,2004-11-05 09:00:00
2004-11-05,10:00:00,126.0,1878.0,19.6,58.3,1.3141,2004-11-05 10:00:00
2004-11-05,11:00:00,151.0,1889.0,20.7,55.5,1.3414,2004-11-05 11:00:00
2004-11-05,12:00:00,107.0,1799.0,20.8,56.3,1.3664,2004-11-05 12:00:00
2004-11-05,13:00:00,114.0,1823.0,21.7,53.1,1.3649,2004-11-05 13:00:00
2004-11-05,14:00:00,125.0,1932.0,23.0,49.0,1.362,2004-11-05 14:00:00
2004-11-05,15:00:00,138.0,1935.0,24.2,44.0,1.3078,2004-11-05 15:00:00
2004-11-05,16:00:00,144.0,2016.0,24.7,43.6,1.3396,2004-11-05 16:00:00
2004-11-05,17:00:00,180.0,2483.0,23.0,54.2,1.5066,2004-11-05 17:00:00
2004-11-05,18:00:00,154.0,2457.0,21.4,60.9,1.5322,2004-11-05 18:00:00
2004-11-05,19:00:00,105.0,1815.0,20.3,61.4,1.4417,2004-11-05 19:00:00
2004-11-05,20:00:00,98.0,1619.0,20.0,63.2,1.4581,2004-11-05 20:00:00
2004-11-05,21:00:00,93.0,1599.0,19.1,64.4,1.405,2004-11-05 21:00:00
2004-11-05,22:00:00,76.0,1474.0,18.1,67.5,1.3855,2004-11-05 22:00:00
2004-11-05,23:00:00,69.0,1363.0,17.8,66.9,1.3464,2004-11-05 23:00:00
2004-11-06,00:00:00,66.0,1362.0,17.6,66.5,1.3249,2004-11-06 00:00:00
2004-11-06,01:00:00,76.0,1395.0,16.1,71.2,1.2948,2004-11-06 01:00:00
2004-11-06,02:00:00,73.0,1403.0,15.5,73.3,1.2845,2004-11-06 02:00:00
2004-11-06,03:00:00,80.11538461538461,1341.0,15.4,72.8,1.2633,2004-11-06 03:00:00
2004-11-06,04:00:00,54.0,1248.0,15.6,70.8,1.2461,2004-11-06 04:00:00
2004-11-06,05:00:00,44.0,1172.0,17.0,64.5,1.2374,2004-11-06 05:00:00
2004-11-06,06:00:00,45.0,1198.0,14.9,72.3,1.2186,2004-11-06 06:00:00
2004-11-06,07:00:00,58.0,1307.0,14.0,76.6,1.2183,2004-11-06 07:00:00
2004-11-06,08:00:00,87.0,1572.0,14.6,74.2,1.2256,2004-11-06 08:00:00
2004-11-06,09:00:00,97.0,1586.0,15.9,69.8,1.253,2004-11-06 09:00:00
2004-11-06,10:00:00,80.0,1436.0,18.4,61.3,1.2854,2004-11-06 10:00:00
2004-11-06,11:00:00,82.0,1569.0,20.0,56.7,1.3078,2004-11-06 11:00:00
2004-11-06,12:00:00,112.0,1691.0,20.4,57.0,1.3507,2004-11-06 12:00:00
2004-11-06,13:00:00,121.0,1794.0,20.7,59.3,1.4283,2004-11-06 13:00:00
2004-11-06,14:00:00,132.0,1794.0,21.7,54.8,1.4024,2004-11-06 14:00:00
2004-11-06,15:00:00,141.0,1672.0,22.0,54.2,1.4096,2004-11-06 15:00:00
2004-11-06,16:00:00,130.0,1768.0,21.4,57.1,1.4356,2004-11-06 16:00:00
2004-11-06,17:00:00,113.0,1739.0,20.8,58.7,1.4259,2004-11-06 17:00:00
2004-11-06,18:00:00,101.0,1674.0,20.1,59.6,1.3852,2004-11-06 18:00:00
2004-11-06,19:00:00,91.0,1563.0,20.0,58.4,1.3473,2004-11-06 19:00:00
2004-11-06,20:00:00,90.0,1484.0,19.5,58.9,1.3195,2004-11-06 20:00:00
2004-11-06,21:00:00,90.0,1526.0,19.5,57.4,1.2874,2004-11-06 21:00:00
2004-11-06,22:00:00,83.0,1364.0,19.1,59.2,1.295,2004-11-06 22:00:00
2004-11-06,23:00:00,73.0,1359.0,18.8,59.1,1.2702,2004-11-06 23:00:00
2004-11-07,00:00:00,80.0,1318.0,18.0,60.4,1.2331,2004-11-07 00:00:00
2004-11-07,01:00:00,87.0,1354.0,17.5,60.7,1.2009,2004-11-07 01:00:00
2004-11-07,02:00:00,79.0,1305.0,17.5,59.4,1.1768,2004-11-07 02:00:00
2004-11-07,03:00:00,80.11538461538461,1210.0,17.1,59.2,1.1477,2004-11-07 03:00:00
2004-11-07,04:00:00,56.0,1151.0,17.0,52.3,1.0009,2004-11-07 04:00:00
2004-11-07,05:00:00,42.0,1044.0,16.1,49.8,0.9021,2004-11-07 05:00:00
2004-11-07,06:00:00,31.0,1004.0,15.5,51.5,0.9026,2004-11-07 06:00:00
2004-11-07,07:00:00,35.0,997.0,15.1,52.0,0.8878,2004-11-07 07:00:00
2004-11-07,08:00:00,51.0,967.0,14.9,46.8,0.7885,2004-11-07 08:00:00
2004-11-07,09:00:00,58.0,963.0,15.5,42.4,0.74,2004-11-07 09:00:00
2004-11-07,10:00:00,57.0,966.0,16.6,38.2,0.7186,2004-11-07 10:00:00
2004-11-07,11:00:00,63.0,1033.0,18.0,34.7,0.7089,2004-11-07 11:00:00
2004-11-07,12:00:00,61.0,1046.0,18.0,35.1,0.7176,2004-11-07 12:00:00
2004-11-07,13:00:00,34.0,1035.0,17.6,33.8,0.6726,2004-11-07 13:00:00
2004-11-07,14:00:00,26.0,1044.0,17.5,33.7,0.6691,2004-11-07 14:00:00
2004-11-07,15:00:00,28.0,1035.0,17.2,33.9,0.6591,2004-11-07 15:00:00
2004-11-07,16:00:00,50.0,974.0,16.8,32.1,0.6073,2004-11-07 16:00:00
2004-11-07,17:00:00,55.0,1030.0,16.0,34.1,0.6155,2004-11-07 17:00:00
2004-11-07,18:00:00,84.0,1346.0,14.8,37.5,0.6259,2004-11-07 18:00:00
2004-11-07,19:00:00,140.0,1201.0,14.4,39.2,0.6407,2004-11-07 19:00:00
2004-11-07,20:00:00,138.0,1242.0,14.1,43.0,0.6883,2004-11-07 20:00:00
2004-11-07,21:00:00,127.0,1255.0,13.4,48.4,0.7397,2004-11-07 21:00:00
2004-11-07,22:00:00,117.0,1155.0,12.7,51.2,0.7505,2004-11-07 22:00:00
2004-11-07,23:00:00,57.0,1060.0,9.9,71.4,0.8736,2004-11-07 23:00:00
2004-11-08,00:00:00,59.0,1091.0,10.2,71.6,0.8893,2004-11-08 00:00:00
2004-11-08,01:00:00,62.0,1041.0,10.6,61.3,0.7856,2004-11-08 01:00:00
2004-11-08,02:00:00,42.0,998.0,11.1,55.6,0.7344,2004-11-08 02:00:00
2004-11-08,03:00:00,80.11538461538461,918.0,11.5,50.4,0.6815,2004-11-08 03:00:00
2004-11-08,04:00:00,13.0,895.0,11.3,49.5,0.6615,2004-11-08 04:00:00
2004-11-08,05:00:00,18.0,903.0,10.8,50.9,0.657,2004-11-08 05:00:00
2004-11-08,06:00:00,26.0,917.0,10.9,50.1,0.6519,2004-11-08 06:00:00
2004-11-08,07:00:00,72.0,984.0,10.8,49.7,0.6429,2004-11-08 07:00:00
2004-11-08,08:00:00,131.0,1179.0,10.7,50.4,0.6467,2004-11-08 08:00:00
2004-11-08,09:00:00,133.0,1111.0,10.9,50.0,0.6531,2004-11-08 09:00:00
2004-11-08,10:00:00,116.0,1051.0,12.1,46.5,0.653,2004-11-08 10:00:00
2004-11-08,11:00:00,117.0,1046.0,12.4,44.1,0.6324,2004-11-08 11:00:00
2004-11-08,12:00:00,103.0,1040.0,13.0,40.1,0.5989,2004-11-08 12:00:00
2004-11-08,13:00:00,100.0,1027.0,13.4,36.3,0.5556,2004-11-08 13:00:00
2004-11-08,14:00:00,105.0,1180.0,13.1,38.5,0.5776,2004-11-08 14:00:00
2004-11-08,15:00:00,121.0,1139.0,11.5,46.4,0.6302,2004-11-08 15:00:00
2004-11-08,16:00:00,132.0,1226.0,13.1,40.4,0.606,2004-11-08 16:00:00
2004-11-08,17:00:00,156.0,1364.0,13.0,39.3,0.5877,2004-11-08 17:00:00
2004-11-08,18:00:00,183.0,1778.0,11.3,50.9,0.679,2004-11-08 18:00:00
2004-11-08,19:00:00,150.0919881305638,1744.0,10.6,53.4,0.6818,2004-11-08 19:00:00
2004-11-08,20:00:00,145.1186943620178,1574.0,9.5,57.9,0.6877,2004-11-08 20:00:00
2004-11-08,21:00:00,130.91071428571428,1297.0,8.6,60.5,0.6788,2004-11-08 21:00:00
2004-11-08,22:00:00,115.0955223880597,1129.0,8.5,59.7,0.6649,2004-11-08 22:00:00
2004-11-08,23:00:00,108.07164179104478,1108.0,7.9,61.4,0.6582,2004-11-08 23:00:00
2004-11-09,00:00:00,103.32142857142857,1049.0,7.1,63.6,0.6442,2004-11-09 00:00:00
2004-11-09,01:00:00,90.50299401197604,1013.0,7.2,62.2,0.6362,2004-11-09 01:00:00
2004-11-09,02:00:00,75.4367469879518,986.0,5.6,67.9,0.6247,2004-11-09 02:00:00
2004-11-09,03:00:00,80.11538461538461,952.0,5.1,68.7,0.6077,2004-11-09 03:00:00
2004-11-09,04:00:00,58.62048192771084,938.0,4.4,71.4,0.6024,2004-11-09 04:00:00
2004-11-09,05:00:00,59.612612612612615,964.0,4.1,73.1,0.6074,2004-11-09 05:00:00
2004-11-09,06:00:00,71.74251497005989,1003.0,3.2,76.8,0.5963,2004-11-09 06:00:00
2004-11-09,07:00:00,94.70958083832335,1135.0,3.7,76.2,0.6137,2004-11-09 07:00:00
2004-11-09,08:00:00,121.26829268292683,1543.0,4.9,70.7,0.6193,2004-11-09 08:00:00
2004-11-09,09:00:00,130.87687687687688,1593.0,7.1,62.0,0.6265,2004-11-09 09:00:00
2004-11-09,10:00:00,133.67857142857142,1447.0,8.1,59.1,0.6397,2004-11-09 10:00:00
2004-11-09,11:00:00,130.4131736526946,1466.0,11.1,48.8,0.643,2004-11-09 11:00:00
2004-11-09,12:00:00,124.45671641791044,1197.0,11.3,46.5,0.6194,2004-11-09 12:00:00
2004-11-09,13:00:00,119.31231231231232,1245.0,12.5,42.3,0.6104,2004-11-09 13:00:00
2004-11-09,14:00:00,116.46846846846847,1327.0,12.5,42.8,0.6177,2004-11-09 14:00:00
2004-11-09,15:00:00,117.19161676646706,1270.0,12.6,42.4,0.6159,2004-11-09 15:00:00
2004-11-09,16:00:00,123.31044776119403,1083.0,13.8,40.7,0.6405,2004-11-09 16:00:00
2004-11-09,17:00:00,135.8041543026706,1201.0,11.0,58.8,0.7705,2004-11-09 17:00:00
2004-11-09,18:00:00,145.91964285714286,1523.0,8.3,76.5,0.8426,2004-11-09 18:00:00
2004-11-09,19:00:00,150.0919881305638,1605.0,8.6,75.5,0.8469,2004-11-09 19:00:00
2004-11-09,20:00:00,145.1186943620178,1508.0,8.8,76.6,0.8678,2004-11-09 20:00:00
2004-11-09,21:00:00,130.91071428571428,1320.0,8.0,81.0,0.8714,2004-11-09 21:00:00
2004-11-09,22:00:00,115.0955223880597,1162.0,7.3,85.7,0.8818,2004-11-09 22:00:00
2004-11-09,23:00:00,108.07164179104478,1067.0,6.5,85.6,0.8353,2004-11-09 23:00:00
2004-11-10,00:00:00,103.32142857142857,1039.0,6.5,83.5,0.8116,2004-11-10 00:00:00
2004-11-10,01:00:00,90.50299401197604,1060.0,6.9,82.3,0.8244,2004-11-10 01:00:00
2004-11-10,02:00:00,75.4367469879518,1049.0,7.3,78.1,0.8041,2004-11-10 02:00:00
2004-11-10,03:00:00,80.11538461538461,950.0,7.9,68.0,0.7265,2004-11-10 03:00:00
2004-11-10,04:00:00,29.0,925.0,8.0,64.5,0.695,2004-11-10 04:00:00
2004-11-10,05:00:00,26.0,942.0,8.1,68.6,0.7409,2004-11-10 05:00:00
2004-11-10,06:00:00,39.0,990.0,6.3,84.8,0.8148,2004-11-10 06:00:00
2004-11-10,07:00:00,72.0,1019.0,6.7,79.8,0.7872,2004-11-10 07:00:00
2004-11-10,08:00:00,128.0,1172.0,7.1,77.9,0.7914,2004-11-10 08:00:00
2004-11-10,09:00:00,149.0,1297.0,7.9,73.5,0.7883,2004-11-10 09:00:00
2004-11-10,10:00:00,165.0,1213.0,6.9,86.0,0.8632,2004-11-10 10:00:00
2004-11-10,11:00:00,150.0,1124.0,6.8,87.1,0.8652,2004-11-10 11:00:00
2004-11-10,12:00:00,165.0,1213.0,8.0,81.6,0.8755,2004-11-10 12:00:00
2004-11-10,13:00:00,175.0,1237.0,9.5,70.0,0.8296,2004-11-10 13:00:00
2004-11-10,14:00:00,145.0,1301.0,10.5,62.2,0.7923,2004-11-10 14:00:00
2004-11-10,15:00:00,98.0,1283.0,11.4,59.1,0.7963,2004-11-10 15:00:00
2004-11-10,16:00:00,105.0,1325.0,11.1,58.6,0.7737,2004-11-10 16:00:00
2004-11-10,17:00:00,106.0,1333.0,10.8,57.6,0.7473,2004-11-10 17:00:00
2004-11-10,18:00:00,141.0,1334.0,10.6,56.9,0.7281,2004-11-10 18:00:00
2004-11-10,19:00:00,177.0,1467.0,10.6,59.3,0.7588,2004-11-10 19:00:00
2004-11-10,20:00:00,182.0,1636.0,10.0,71.5,0.8768,2004-11-10 20:00:00
2004-11-10,21:00:00,193.0,1461.0,10.3,71.1,0.8878,2004-11-10 21:00:00
2004-11-10,22:00:00,148.0,1298.0,10.5,70.3,0.893,2004-11-10 22:00:00
2004-11-10,23:00:00,167.0,1394.0,10.2,71.3,0.8859,2004-11-10 23:00:00
2004-11-11,00:00:00,158.0,1314.0,9.7,73.1,0.8787,2004-11-11 00:00:00
2004-11-11,01:00:00,132.0,1271.0,9.3,73.5,0.8651,2004-11-11 01:00:00
2004-11-11,02:00:00,97.0,1189.0,9.2,73.9,0.8616,2004-11-11 02:00:00
2004-11-11,03:00:00,80.11538461538461,1147.0,8.1,78.1,0.8452,2004-11-11 03:00:00
2004-11-11,04:00:00,74.0,1151.0,7.6,81.2,0.8483,2004-11-11 04:00:00
2004-11-11,05:00:00,68.0,1136.0,7.5,81.5,0.8495,2004-11-11 05:00:00
2004-11-11,06:00:00,89.0,1153.0,8.3,77.2,0.8464,2004-11-11 06:00:00
2004-11-11,07:00:00,117.0,1244.0,8.9,75.6,0.8667,2004-11-11 07:00:00
2004-11-11,08:00:00,190.0,1580.0,9.2,81.7,0.9506,2004-11-11 08:00:00
2004-11-11,09:00:00,211.0,2032.0,9.9,83.4,1.0194,2004-11-11 09:00:00
2004-11-11,10:00:00,190.0,1709.0,10.2,82.3,1.0253,2004-11-11 10:00:00
2004-11-11,11:00:00,194.0,1631.0,11.2,80.7,1.0688,2004-11-11 11:00:00
2004-11-11,12:00:00,210.0,1415.0,11.8,76.1,1.0516,2004-11-11 12:00:00
2004-11-11,13:00:00,199.0,1450.0,12.5,71.3,1.0285,2004-11-11 13:00:00
2004-11-11,14:00:00,178.0,1614.0,13.2,68.4,1.0346,2004-11-11 14:00:00
2004-11-11,15:00:00,184.0,1493.0,12.5,73.2,1.0563,2004-11-11 15:00:00
2004-11-11,16:00:00,186.0,1449.0,12.2,75.7,1.0693,2004-11-11 16:00:00
2004-11-11,17:00:00,168.0,1361.0,11.5,78.1,1.0565,2004-11-11 17:00:00
2004-11-11,18:00:00,187.0,1546.0,11.6,76.0,1.0354,2004-11-11 18:00:00
2004-11-11,19:00:00,166.0,1534.0,12.0,73.3,1.0264,2004-11-11 19:00:00
2004-11-11,20:00:00,177.0,1671.0,12.9,68.8,1.0175,2004-11-11 20:00:00
2004-11-11,21:00:00,207.0,1570.0,13.1,69.6,1.0464,2004-11-11 21:00:00
2004-11-11,22:00:00,114.0,1172.0,12.3,73.4,1.049,2004-11-11 22:00:00
2004-11-11,23:00:00,84.0,1153.0,12.7,71.0,1.0387,2004-11-11 23:00:00
2004-11-12,00:00:00,92.0,1180.0,12.9,69.9,1.0371,2004-11-12 00:00:00
2004-11-12,01:00:00,111.0,1209.0,12.9,70.5,1.0442,2004-11-12 01:00:00
2004-11-12,02:00:00,71.0,1120.0,13.1,67.7,1.0198,2004-11-12 02:00:00
2004-11-12,03:00:00,80.11538461538461,1054.0,13.1,67.6,1.0127,2004-11-12 03:00:00
2004-11-12,04:00:00,43.0,1079.0,13.8,64.0,1.0042,2004-11-12 04:00:00
2004-11-12,05:00:00,50.0,1085.0,13.7,64.4,1.0036,2004-11-12 05:00:00
2004-11-12,06:00:00,53.0,1087.0,13.9,63.8,1.0079,2004-11-12 06:00:00
2004-11-12,07:00:00,67.0,1108.0,14.1,64.5,1.0287,2004-11-12 07:00:00
2004-11-12,08:00:00,113.0,1257.0,14.0,66.1,1.0488,2004-11-12 08:00:00
2004-11-12,09:00:00,140.0,1314.0,14.2,66.4,1.0673,2004-11-12 09:00:00
2004-11-12,10:00:00,116.0,1257.0,14.9,62.5,1.0529,2004-11-12 10:00:00
2004-11-12,11:00:00,122.0,1277.0,16.3,58.4,1.0729,2004-11-12 11:00:00
2004-11-12,12:00:00,116.0,1297.0,16.9,56.5,1.0801,2004-11-12 12:00:00
2004-11-12,13:00:00,118.0,1366.0,17.4,55.8,1.098,2004-11-12 13:00:00
2004-11-12,14:00:00,125.0,1418.0,17.4,57.3,1.1328,2004-11-12 14:00:00
2004-11-12,15:00:00,126.0,1480.0,17.7,55.5,1.1127,2004-11-12 15:00:00
2004-11-12,16:00:00,135.0,1405.0,16.8,58.9,1.1199,2004-11-12 16:00:00
2004-11-12,17:00:00,140.0,1496.0,17.0,57.5,1.1071,2004-11-12 17:00:00
2004-11-12,18:00:00,163.0,1597.0,16.2,60.2,1.1003,2004-11-12 18:00:00
2004-11-12,19:00:00,178.0,1735.0,16.7,58.0,1.0916,2004-11-12 19:00:00
2004-11-12,20:00:00,160.0,1677.0,16.5,58.8,1.0921,2004-11-12 20:00:00
2004-11-12,21:00:00,166.0,1467.0,15.8,61.1,1.0856,2004-11-12 21:00:00
2004-11-12,22:00:00,115.0,1243.0,15.7,60.8,1.0769,2004-11-12 22:00:00
2004-11-12,23:00:00,107.0,1252.0,15.9,59.6,1.0673,2004-11-12 23:00:00
2004-11-13,00:00:00,108.0,1212.0,15.6,60.0,1.0594,2004-11-13 00:00:00
2004-11-13,01:00:00,111.0,1203.0,15.6,60.1,1.0557,2004-11-13 01:00:00
2004-11-13,02:00:00,75.0,1133.0,15.7,59.5,1.0534,2004-11-13 02:00:00
2004-11-13,03:00:00,80.11538461538461,1137.0,15.7,60.1,1.064,2004-11-13 03:00:00
2004-11-13,04:00:00,88.0,1239.0,15.6,61.7,1.0847,2004-11-13 04:00:00
2004-11-13,05:00:00,71.0,1173.0,15.8,59.9,1.0693,2004-11-13 05:00:00
2004-11-13,06:00:00,75.0,1185.0,15.2,61.8,1.0602,2004-11-13 06:00:00
2004-11-13,07:00:00,86.0,1154.0,16.1,55.4,1.0089,2004-11-13 07:00:00
2004-11-13,08:00:00,124.0,1365.0,14.9,64.1,1.0773,2004-11-13 08:00:00
2004-11-13,09:00:00,128.0,1409.0,15.6,62.0,1.0904,2004-11-13 09:00:00
2004-11-13,10:00:00,164.0,1568.0,17.9,54.6,1.11,2004-11-13 10:00:00
2004-11-13,11:00:00,199.0,1627.0,21.1,44.5,1.0964,2004-11-13 11:00:00
2004-11-13,12:00:00,192.0,1617.0,20.3,46.7,1.0971,2004-11-13 12:00:00
2004-11-13,13:00:00,166.0,1503.0,21.5,42.7,1.0837,2004-11-13 13:00:00
2004-11-13,14:00:00,133.0,1476.0,21.5,43.1,1.0919,2004-11-13 14:00:00
2004-11-13,15:00:00,118.0,1374.0,21.5,43.4,1.0965,2004-11-13 15:00:00
2004-11-13,16:00:00,133.0,1434.0,20.8,45.5,1.1054,2004-11-13 16:00:00
2004-11-13,17:00:00,128.0,1371.0,19.2,49.6,1.0893,2004-11-13 17:00:00
2004-11-13,18:00:00,116.0,1308.0,18.3,51.6,1.0732,2004-11-13 18:00:00
2004-11-13,19:00:00,118.0,1275.0,17.7,51.5,1.0357,2004-11-13 19:00:00
2004-11-13,20:00:00,142.0,1305.0,17.2,51.5,1.0015,2004-11-13 20:00:00
2004-11-13,21:00:00,113.0,1157.0,15.9,54.9,0.9853,2004-11-13 21:00:00
2004-11-13,22:00:00,59.0,1036.0,14.0,55.2,0.8807,2004-11-13 22:00:00
2004-11-13,23:00:00,52.0,1026.0,13.3,53.0,0.8044,2004-11-13 23:00:00
2004-11-14,00:00:00,57.0,997.0,11.9,55.5,0.7711,2004-11-14 00:00:00
2004-11-14,01:00:00,58.0,984.0,11.4,54.6,0.7363,2004-11-14 01:00:00
2004-11-14,02:00:00,44.0,914.0,10.4,53.7,0.6749,2004-11-14 02:00:00
2004-11-14,03:00:00,80.11538461538461,885.0,9.9,54.3,0.6609,2004-11-14 03:00:00
2004-11-14,04:00:00,26.0,863.0,9.8,51.3,0.6225,2004-11-14 04:00:00
2004-11-14,05:00:00,20.0,853.0,9.5,52.2,0.6198,2004-11-14 05:00:00
2004-11-14,06:00:00,17.0,814.0,10.0,45.7,0.5598,2004-11-14 06:00:00
2004-11-14,07:00:00,21.0,798.0,10.2,41.9,0.5209,2004-11-14 07:00:00
2004-11-14,08:00:00,29.0,779.0,10.6,36.1,0.4624,2004-11-14 08:00:00
2004-11-14,09:00:00,39.0,790.0,10.7,36.0,0.4623,2004-11-14 09:00:00
2004-11-14,10:00:00,41.0,791.0,10.8,35.4,0.4583,2004-11-14 10:00:00
2004-11-14,11:00:00,44.0,786.0,11.4,32.9,0.4435,2004-11-14 11:00:00
2004-11-14,12:00:00,54.0,820.0,12.4,32.0,0.4583,2004-11-14 12:00:00
2004-11-14,13:00:00,62.0,827.0,12.4,31.3,0.45,2004-11-14 13:00:00
2004-11-14,14:00:00,62.0,829.0,12.2,31.8,0.4514,2004-11-14 14:00:00
2004-11-14,15:00:00,48.0,837.0,10.5,37.9,0.4821,2004-11-14 15:00:00
2004-11-14,16:00:00,59.0,876.0,9.6,44.2,0.5289,2004-11-14 16:00:00
2004-11-14,17:00:00,63.0,959.0,8.2,57.9,0.6293,2004-11-14 17:00:00
2004-11-14,18:00:00,78.0,1051.0,7.3,63.5,0.6519,2004-11-14 18:00:00
2004-11-14,19:00:00,99.0,978.0,8.4,55.7,0.6155,2004-11-14 19:00:00
2004-11-14,20:00:00,106.0,964.0,9.1,49.6,0.5765,2004-11-14 20:00:00
2004-11-14,21:00:00,97.0,915.0,10.0,41.4,0.5102,2004-11-14 21:00:00
2004-11-14,22:00:00,67.0,840.0,10.4,36.2,0.4561,2004-11-14 22:00:00
2004-11-14,23:00:00,73.0,865.0,11.3,32.3,0.4329,2004-11-14 23:00:00
2004-11-15,00:00:00,62.0,814.0,10.9,33.5,0.4378,2004-11-15 00:00:00
2004-11-15,01:00:00,44.0,811.0,10.6,34.9,0.4455,2004-11-15 01:00:00
2004-11-15,02:00:00,31.0,800.0,10.7,36.1,0.4639,2004-11-15 02:00:00
2004-11-15,03:00:00,80.11538461538461,803.0,11.0,37.3,0.488,2004-11-15 03:00:00
2004-11-15,04:00:00,21.0,817.0,10.7,39.2,0.5045,2004-11-15 04:00:00
2004-11-15,05:00:00,22.0,805.0,10.4,38.6,0.4862,2004-11-15 05:00:00
2004-11-15,06:00:00,41.0,821.0,10.4,37.4,0.4717,2004-11-15 06:00:00
2004-11-15,07:00:00,94.0,885.0,10.5,37.0,0.4707,2004-11-15 07:00:00
2004-11-15,08:00:00,167.0,1130.0,10.7,37.9,0.487,2004-11-15 08:00:00
2004-11-15,09:00:00,162.0,1115.0,11.1,38.1,0.5023,2004-11-15 09:00:00
2004-11-15,10:00:00,141.0,1053.0,12.6,36.6,0.5314,2004-11-15 10:00:00
2004-11-15,11:00:00,127.0,1072.0,13.8,36.2,0.569,2004-11-15 11:00:00
2004-11-15,12:00:00,116.0,1074.0,13.4,37.1,0.5683,2004-11-15 12:00:00
2004-11-15,13:00:00,104.0,1077.0,13.5,34.9,0.5393,2004-11-15 13:00:00
2004-11-15,14:00:00,111.0,1043.0,13.7,32.2,0.5032,2004-11-15 14:00:00
2004-11-15,15:00:00,114.0,1032.0,13.6,32.1,0.4977,2004-11-15 15:00:00
2004-11-15,16:00:00,121.0,1077.0,13.5,31.8,0.4876,2004-11-15 16:00:00
2004-11-15,17:00:00,164.0,1098.0,13.5,27.9,0.4287,2004-11-15 17:00:00
2004-11-15,18:00:00,194.0,1263.0,12.7,28.9,0.4233,2004-11-15 18:00:00
2004-11-15,19:00:00,175.0,1305.0,12.6,30.2,0.4384,2004-11-15 19:00:00
2004-11-15,20:00:00,180.0,1291.0,12.3,32.0,0.4553,2004-11-15 20:00:00
2004-11-15,21:00:00,147.0,1083.0,12.0,34.3,0.4787,2004-11-15 21:00:00
2004-11-15,22:00:00,112.0,1003.0,11.6,37.3,0.5095,2004-11-15 22:00:00
2004-11-15,23:00:00,94.0,990.0,11.3,40.3,0.5406,2004-11-15 23:00:00
2004-11-16,00:00:00,91.0,986.0,11.3,41.8,0.561,2004-11-16 00:00:00
2004-11-16,01:00:00,76.0,957.0,11.2,42.0,0.5582,2004-11-16 01:00:00
2004-11-16,02:00:00,73.0,937.0,11.0,42.6,0.5595,2004-11-16 02:00:00
2004-11-16,03:00:00,80.11538461538461,880.0,11.2,41.3,0.5498,2004-11-16 03:00:00
2004-11-16,04:00:00,32.0,866.0,11.1,40.8,0.5395,2004-11-16 04:00:00
2004-11-16,05:00:00,40.0,869.0,10.7,41.8,0.536,2004-11-16 05:00:00
2004-11-16,06:00:00,63.0,890.0,10.2,43.6,0.5405,2004-11-16 06:00:00
2004-11-16,07:00:00,119.0,981.0,10.1,44.0,0.5434,2004-11-16 07:00:00
2004-11-16,08:00:00,202.0,1405.0,10.1,45.6,0.5632,2004-11-16 08:00:00
2004-11-16,09:00:00,222.0,1694.0,11.3,43.9,0.5867,2004-11-16 09:00:00
2004-11-16,10:00:00,212.0,1327.0,14.5,33.8,0.5541,2004-11-16 10:00:00
2004-11-16,11:00:00,219.0,1325.0,17.5,26.4,0.5228,2004-11-16 11:00:00
2004-11-16,12:00:00,189.0,1117.0,17.2,22.4,0.4354,2004-11-16 12:00:00
2004-11-16,13:00:00,147.0,1077.0,17.3,20.4,0.4011,2004-11-16 13:00:00
2004-11-16,14:00:00,161.0,1149.0,18.1,21.0,0.4321,2004-11-16 14:00:00
2004-11-16,15:00:00,148.0,1138.0,17.9,22.3,0.4537,2004-11-16 15:00:00
2004-11-16,16:00:00,148.0,1160.0,17.6,23.7,0.473,2004-11-16 16:00:00
2004-11-16,17:00:00,188.0,1297.0,16.7,25.9,0.4886,2004-11-16 17:00:00
2004-11-16,18:00:00,206.0,1370.0,14.8,29.6,0.4965,2004-11-16 18:00:00
2004-11-16,19:00:00,168.0,1283.0,13.6,34.0,0.5251,2004-11-16 19:00:00
2004-11-16,20:00:00,171.0,1363.0,13.4,40.4,0.6178,2004-11-16 20:00:00
2004-11-16,21:00:00,171.0,1295.0,11.8,44.3,0.6121,2004-11-16 21:00:00
2004-11-16,22:00:00,142.0,1109.0,10.7,47.5,0.6108,2004-11-16 22:00:00
2004-11-16,23:00:00,134.0,1071.0,10.2,49.4,0.6138,2004-11-16 23:00:00
2004-11-17,00:00:00,107.0,1029.0,9.5,51.0,0.6045,2004-11-17 00:00:00
2004-11-17,01:00:00,121.0,1051.0,7.7,57.9,0.6107,2004-11-17 01:00:00
2004-11-17,02:00:00,85.0,962.0,8.4,54.5,0.6022,2004-11-17 02:00:00
2004-11-17,03:00:00,80.11538461538461,930.0,7.9,55.4,0.593,2004-11-17 03:00:00
2004-11-17,04:00:00,68.0,910.0,6.2,61.0,0.5824,2004-11-17 04:00:00
2004-11-17,05:00:00,69.0,917.0,6.8,58.6,0.5813,2004-11-17 05:00:00
2004-11-17,06:00:00,81.0,929.0,5.7,62.7,0.5801,2004-11-17 06:00:00
2004-11-17,07:00:00,92.0,1002.0,5.9,62.0,0.5811,2004-11-17 07:00:00
2004-11-17,08:00:00,200.0,1386.0,6.3,61.7,0.5926,2004-11-17 08:00:00
2004-11-17,09:00:00,201.0,1434.0,7.5,58.8,0.6117,2004-11-17 09:00:00
2004-11-17,10:00:00,213.0,1280.0,11.4,45.4,0.6113,2004-11-17 10:00:00
2004-11-17,11:00:00,130.4131736526946,1323.0,14.1,39.2,0.6278,2004-11-17 11:00:00
2004-11-17,12:00:00,187.0,1296.0,13.3,42.3,0.6448,2004-11-17 12:00:00
2004-11-17,13:00:00,205.0,1446.0,14.7,38.9,0.6462,2004-11-17 13:00:00
2004-11-17,14:00:00,212.0,1471.0,16.5,32.9,0.6127,2004-11-17 14:00:00
2004-11-17,15:00:00,198.0,1442.0,17.4,32.7,0.6422,2004-11-17 15:00:00
2004-11-17,16:00:00,171.0,1513.0,17.3,33.9,0.6627,2004-11-17 16:00:00
2004-11-17,17:00:00,272.0,1946.0,16.0,41.5,0.7483,2004-11-17 17:00:00
2004-11-17,18:00:00,192.0,2235.0,13.7,52.8,0.8244,2004-11-17 18:00:00
2004-11-17,19:00:00,288.0,1796.0,13.0,55.1,0.824,2004-11-17 19:00:00
2004-11-17,20:00:00,254.0,1557.0,12.4,56.8,0.8141,2004-11-17 20:00:00
2004-11-17,21:00:00,267.0,1531.0,10.7,62.1,0.7972,2004-11-17 21:00:00
2004-11-17,22:00:00,198.0,1188.0,10.5,61.1,0.7755,2004-11-17 22:00:00
2004-11-17,23:00:00,145.0,1131.0,9.7,62.5,0.7509,2004-11-17 23:00:00
2004-11-18,00:00:00,167.0,1173.0,8.8,65.5,0.7435,2004-11-18 00:00:00
2004-11-18,01:00:00,127.0,1068.0,8.8,63.8,0.7236,2004-11-18 01:00:00
2004-11-18,02:00:00,119.0,1106.0,8.5,65.0,0.7221,2004-11-18 02:00:00
2004-11-18,03:00:00,80.11538461538461,1050.0,7.5,69.3,0.7201,2004-11-18 03:00:00
2004-11-18,04:00:00,84.0,1045.0,6.4,74.0,0.7134,2004-11-18 04:00:00
2004-11-18,05:00:00,89.0,1035.0,5.9,76.6,0.7179,2004-11-18 05:00:00
2004-11-18,06:00:00,122.0,1127.0,6.1,76.7,0.7271,2004-11-18 06:00:00
2004-11-18,07:00:00,162.0,1224.0,6.8,74.5,0.7415,2004-11-18 07:00:00
2004-11-18,08:00:00,225.0,1584.0,7.7,72.5,0.7666,2004-11-18 08:00:00
2004-11-18,09:00:00,249.0,1749.0,8.9,67.4,0.7714,2004-11-18 09:00:00
2004-11-18,10:00:00,282.0,1560.0,11.4,58.3,0.7868,2004-11-18 10:00:00
2004-11-18,11:00:00,278.0,1471.0,13.4,52.8,0.8086,2004-11-18 11:00:00
2004-11-18,12:00:00,251.0,1506.0,15.8,50.1,0.892,2004-11-18 12:00:00
2004-11-18,13:00:00,208.0,1455.0,18.3,50.0,1.0431,2004-11-18 13:00:00
2004-11-18,14:00:00,187.0,1483.0,18.8,49.2,1.0548,2004-11-18 14:00:00
2004-11-18,15:00:00,182.0,1539.0,18.4,49.6,1.0391,2004-11-18 15:00:00
2004-11-18,16:00:00,212.0,1597.0,18.3,51.0,1.0586,2004-11-18 16:00:00
2004-11-18,17:00:00,174.0,1610.0,17.6,53.1,1.0596,2004-11-18 17:00:00
2004-11-18,18:00:00,220.0,1709.0,17.3,53.6,1.0472,2004-11-18 18:00:00
2004-11-18,19:00:00,214.0,1722.0,16.8,55.2,1.048,2004-11-18 19:00:00
2004-11-18,20:00:00,212.0,1852.0,16.6,56.5,1.0551,2004-11-18 20:00:00
2004-11-18,21:00:00,191.0,1604.0,16.3,58.1,1.0648,2004-11-18 21:00:00
2004-11-18,22:00:00,160.0,1441.0,15.9,59.0,1.059,2004-11-18 22:00:00
2004-11-18,23:00:00,130.0,1355.0,15.9,59.4,1.0628,2004-11-18 23:00:00
2004-11-19,00:00:00,133.0,1298.0,15.7,60.9,1.0774,2004-11-19 00:00:00
2004-11-19,01:00:00,110.0,1242.0,16.1,59.5,1.0811,2004-11-19 01:00:00
2004-11-19,02:00:00,65.0,1173.0,15.5,63.8,1.1119,2004-11-19 02:00:00
2004-11-19,03:00:00,80.11538461538461,1143.0,14.9,65.3,1.1018,2004-11-19 03:00:00
2004-11-19,04:00:00,41.0,1152.0,14.7,64.4,1.0704,2004-11-19 04:00:00
2004-11-19,05:00:00,36.0,1095.0,14.7,59.8,0.9968,2004-11-19 05:00:00
2004-11-19,06:00:00,45.0,1078.0,15.4,55.9,0.9722,2004-11-19 06:00:00
2004-11-19,07:00:00,98.0,1248.0,14.5,63.0,1.0319,2004-11-19 07:00:00
2004-11-19,08:00:00,194.0,1775.0,14.7,63.1,1.0513,2004-11-19 08:00:00
2004-11-19,09:00:00,191.0,1808.0,15.2,62.2,1.0641,2004-11-19 09:00:00
2004-11-19,10:00:00,193.0,1593.0,16.1,59.2,1.0736,2004-11-19 10:00:00
2004-11-19,11:00:00,231.0,1512.0,17.0,55.9,1.0741,2004-11-19 11:00:00
2004-11-19,12:00:00,202.0,1470.0,17.6,52.2,1.0396,2004-11-19 12:00:00
2004-11-19,13:00:00,188.0,1582.0,17.3,55.4,1.0836,2004-11-19 13:00:00
2004-11-19,14:00:00,184.0,1659.0,17.8,53.5,1.0833,2004-11-19 14:00:00
2004-11-19,15:00:00,222.0,1547.0,18.3,52.3,1.0922,2004-11-19 15:00:00
2004-11-19,16:00:00,221.0,1650.0,18.3,52.8,1.1016,2004-11-19 16:00:00
2004-11-19,17:00:00,193.0,1851.0,17.7,56.6,1.133,2004-11-19 17:00:00
2004-11-19,18:00:00,187.0,1907.0,17.3,58.2,1.1435,2004-11-19 18:00:00
2004-11-19,19:00:00,188.0,2040.0,16.2,62.6,1.1455,2004-11-19 19:00:00
2004-11-19,20:00:00,185.0,1901.0,15.2,57.5,0.9829,2004-11-19 20:00:00
2004-11-19,21:00:00,146.0,960.0,14.2,27.7,0.4451,2004-11-19 21:00:00
2004-11-19,22:00:00,120.0,709.0,13.4,14.3,0.2185,2004-11-19 22:00:00
2004-11-19,23:00:00,110.0,739.0,12.8,14.8,0.218,2004-11-19 23:00:00
2004-11-20,00:00:00,121.0,702.0,12.2,14.0,0.1988,2004-11-20 00:00:00
2004-11-20,01:00:00,126.0,717.0,12.0,14.5,0.2029,2004-11-20 01:00:00
2004-11-20,02:00:00,117.0,734.0,10.8,17.0,0.2193,2004-11-20 02:00:00
2004-11-20,03:00:00,80.11538461538461,718.0,10.4,19.2,0.242,2004-11-20 03:00:00
2004-11-20,04:00:00,94.0,738.0,9.7,22.5,0.2698,2004-11-20 04:00:00
2004-11-20,05:00:00,70.0,697.0,9.0,23.1,0.2648,2004-11-20 05:00:00
2004-11-20,06:00:00,96.0,773.0,8.7,24.7,0.2785,2004-11-20 06:00:00
2004-11-20,07:00:00,136.0,954.0,6.9,39.4,0.3948,2004-11-20 07:00:00
2004-11-20,08:00:00,177.0,1122.0,6.3,44.8,0.431,2004-11-20 08:00:00
2004-11-20,09:00:00,214.0,1237.0,7.2,43.2,0.4417,2004-11-20 09:00:00
2004-11-20,10:00:00,243.0,1216.0,11.9,27.9,0.3882,2004-11-20 10:00:00
2004-11-20,11:00:00,192.0,956.0,14.8,17.9,0.2977,2004-11-20 11:00:00
2004-11-20,12:00:00,149.0,831.0,14.8,14.3,0.2397,2004-11-20 12:00:00
2004-11-20,13:00:00,141.0,941.0,14.7,15.5,0.2586,2004-11-20 13:00:00
2004-11-20,14:00:00,137.0,937.0,14.7,16.6,0.2756,2004-11-20 14:00:00
2004-11-20,15:00:00,138.0,942.0,14.8,15.6,0.2615,2004-11-20 15:00:00
2004-11-20,16:00:00,149.0,931.0,15.3,14.3,0.2462,2004-11-20 16:00:00
2004-11-20,17:00:00,196.0,1302.0,13.5,19.5,0.3003,2004-11-20 17:00:00
2004-11-20,18:00:00,239.0,1380.0,11.1,31.8,0.4187,2004-11-20 18:00:00
2004-11-20,19:00:00,164.0,1057.0,10.2,33.4,0.4143,2004-11-20 19:00:00
2004-11-20,20:00:00,149.0,1018.0,9.5,35.9,0.4273,2004-11-20 20:00:00
2004-11-20,21:00:00,159.0,999.0,8.0,39.8,0.4286,2004-11-20 21:00:00
2004-11-20,22:00:00,149.0,991.0,6.6,44.1,0.4333,2004-11-20 22:00:00
2004-11-20,23:00:00,133.0,997.0,6.1,45.2,0.4295,2004-11-20 23:00:00
2004-11-21,00:00:00,216.0,1193.0,5.2,50.8,0.452,2004-11-21 00:00:00
2004-11-21,01:00:00,196.0,1059.0,4.9,53.0,0.4629,2004-11-21 01:00:00
2004-11-21,02:00:00,120.0,919.0,5.3,48.7,0.4364,2004-11-21 02:00:00
2004-11-21,03:00:00,80.11538461538461,944.0,4.2,53.6,0.4454,2004-11-21 03:00:00
2004-11-21,04:00:00,101.0,965.0,3.1,56.3,0.4368,2004-11-21 04:00:00
2004-11-21,05:00:00,75.0,862.0,4.1,52.2,0.4338,2004-11-21 05:00:00
2004-11-21,06:00:00,73.0,878.0,3.5,55.9,0.4431,2004-11-21 06:00:00
2004-11-21,07:00:00,84.0,907.0,1.8,61.7,0.4376,2004-11-21 07:00:00
2004-11-21,08:00:00,116.0,938.0,1.3,65.3,0.4457,2004-11-21 08:00:00
2004-11-21,09:00:00,132.0,951.0,3.2,57.0,0.4434,2004-11-21 09:00:00
2004-11-21,10:00:00,125.0,970.0,7.2,42.8,0.4356,2004-11-21 10:00:00
2004-11-21,11:00:00,148.0,996.0,10.3,34.2,0.4291,2004-11-21 11:00:00
2004-11-21,12:00:00,186.0,1104.0,10.9,33.8,0.4393,2004-11-21 12:00:00
2004-11-21,13:00:00,193.0,1101.0,12.2,30.0,0.4245,2004-11-21 13:00:00
2004-11-21,14:00:00,174.0,986.0,13.3,24.3,0.3686,2004-11-21 14:00:00
2004-11-21,15:00:00,106.0,859.0,15.2,18.7,0.3214,2004-11-21 15:00:00
2004-11-21,16:00:00,127.0,981.0,14.9,21.7,0.3646,2004-11-21 16:00:00
2004-11-21,17:00:00,172.0,1134.0,13.1,25.4,0.3814,2004-11-21 17:00:00
2004-11-21,18:00:00,179.0,1103.0,11.7,32.7,0.4472,2004-11-21 18:00:00
2004-11-21,19:00:00,150.0,971.0,10.1,34.4,0.4249,2004-11-21 19:00:00
2004-11-21,20:00:00,147.0,967.0,9.8,36.0,0.4364,2004-11-21 20:00:00
2004-11-21,21:00:00,163.0,1006.0,7.1,43.2,0.436,2004-11-21 21:00:00
2004-11-21,22:00:00,145.0,1010.0,5.9,47.8,0.4459,2004-11-21 22:00:00
2004-11-21,23:00:00,186.0,1008.0,5.3,50.5,0.453,2004-11-21 23:00:00
2004-11-22,00:00:00,116.0,930.0,5.6,48.0,0.4412,2004-11-22 00:00:00
2004-11-22,01:00:00,145.0,1038.0,3.9,55.9,0.4568,2004-11-22 01:00:00
2004-11-22,02:00:00,122.0,942.0,3.3,58.0,0.4551,2004-11-22 02:00:00
2004-11-22,03:00:00,80.11538461538461,895.0,3.7,56.3,0.4544,2004-11-22 03:00:00
2004-11-22,04:00:00,68.0,876.0,4.2,54.8,0.4571,2004-11-22 04:00:00
2004-11-22,05:00:00,80.0,874.0,2.6,60.8,0.4544,2004-11-22 05:00:00
2004-11-22,06:00:00,108.0,953.0,3.7,57.9,0.4651,2004-11-22 06:00:00
2004-11-22,07:00:00,149.0,1030.0,4.5,54.8,0.466,2004-11-22 07:00:00
2004-11-22,08:00:00,232.0,1297.0,4.9,55.8,0.4882,2004-11-22 08:00:00
2004-11-22,09:00:00,215.0,1567.0,5.4,55.1,0.497,2004-11-22 09:00:00
2004-11-22,10:00:00,218.0,1629.0,6.2,51.8,0.4952,2004-11-22 10:00:00
2004-11-22,11:00:00,239.0,1383.0,6.8,49.8,0.4959,2004-11-22 11:00:00
2004-11-22,12:00:00,224.0,1355.0,7.3,50.6,0.5184,2004-11-22 12:00:00
2004-11-22,13:00:00,235.0,1458.0,7.8,49.0,0.5191,2004-11-22 13:00:00
2004-11-22,14:00:00,237.0,1539.0,8.0,49.2,0.5282,2004-11-22 14:00:00
2004-11-22,15:00:00,239.0,1456.0,8.3,49.3,0.5414,2004-11-22 15:00:00
2004-11-22,16:00:00,235.0,1484.0,8.5,49.6,0.5517,2004-11-22 16:00:00
2004-11-22,17:00:00,199.0,1577.0,8.5,52.6,0.5856,2004-11-22 17:00:00
2004-11-22,18:00:00,240.0,1917.0,8.9,53.4,0.6117,2004-11-22 18:00:00
2004-11-22,19:00:00,245.0,1881.0,9.1,53.8,0.6216,2004-11-22 19:00:00
2004-11-22,20:00:00,239.0,1778.0,8.9,54.2,0.6183,2004-11-22 20:00:00
2004-11-22,21:00:00,191.0,1455.0,8.5,54.2,0.6054,2004-11-22 21:00:00
2004-11-22,22:00:00,164.0,1347.0,8.5,57.8,0.6432,2004-11-22 22:00:00
2004-11-22,23:00:00,130.0,1331.0,7.7,71.1,0.7503,2004-11-22 23:00:00
2004-11-23,00:00:00,121.0,1277.0,7.9,72.5,0.7766,2004-11-23 00:00:00
2004-11-23,01:00:00,118.0,1264.0,8.0,75.3,0.8079,2004-11-23 01:00:00
2004-11-23,02:00:00,113.0,1216.0,8.0,76.2,0.8217,2004-11-23 02:00:00
2004-11-23,03:00:00,80.11538461538461,1158.0,7.8,81.3,0.8631,2004-11-23 03:00:00
2004-11-23,04:00:00,94.0,1165.0,7.9,81.8,0.8759,2004-11-23 04:00:00
2004-11-23,05:00:00,92.0,1177.0,8.2,81.4,0.888,2004-11-23 05:00:00
2004-11-23,06:00:00,98.0,1225.0,8.5,81.1,0.8989,2004-11-23 06:00:00
2004-11-23,07:00:00,111.0,1332.0,8.9,79.3,0.9088,2004-11-23 07:00:00
2004-11-23,08:00:00,139.0,1830.0,9.5,77.9,0.9278,2004-11-23 08:00:00
2004-11-23,09:00:00,160.0,1854.0,9.9,77.6,0.9488,2004-11-23 09:00:00
2004-11-23,10:00:00,183.0,1960.0,10.7,76.2,0.9798,2004-11-23 10:00:00
2004-11-23,11:00:00,185.0,1749.0,11.8,72.2,0.9948,2004-11-23 11:00:00
2004-11-23,12:00:00,198.0,1831.0,13.3,66.9,1.0163,2004-11-23 12:00:00
2004-11-23,13:00:00,201.0,1865.0,13.8,67.0,1.0513,2004-11-23 13:00:00
2004-11-23,14:00:00,233.0,2041.0,13.9,67.6,1.0666,2004-11-23 14:00:00
2004-11-23,15:00:00,202.0,1839.0,14.2,66.8,1.073,2004-11-23 15:00:00
2004-11-23,16:00:00,186.0,1893.0,14.2,67.8,1.0879,2004-11-23 16:00:00
2004-11-23,17:00:00,215.0,2119.0,13.6,71.0,1.1018,2004-11-23 17:00:00
2004-11-23,18:00:00,227.0,2536.0,13.2,72.6,1.0936,2004-11-23 18:00:00
2004-11-23,19:00:00,220.0,2562.0,12.4,74.7,1.0741,2004-11-23 19:00:00
2004-11-23,20:00:00,190.0,2477.0,11.5,76.2,1.0324,2004-11-23 20:00:00
2004-11-23,21:00:00,178.0,1949.0,10.4,79.3,0.9993,2004-11-23 21:00:00
2004-11-23,22:00:00,147.0,1649.0,10.0,82.5,1.015,2004-11-23 22:00:00
2004-11-23,23:00:00,138.0,1580.0,10.0,82.6,1.0163,2004-11-23 23:00:00
2004-11-24,00:00:00,135.0,1571.0,10.1,83.5,1.0296,2004-11-24 00:00:00
2004-11-24,01:00:00,123.0,1420.0,10.0,83.6,1.0235,2004-11-24 01:00:00
2004-11-24,02:00:00,106.0,1327.0,10.4,80.8,1.0191,2004-11-24 02:00:00
2004-11-24,03:00:00,80.11538461538461,1281.0,10.6,80.3,1.0252,2004-11-24 03:00:00
2004-11-24,04:00:00,81.0,1195.0,10.6,78.8,1.008,2004-11-24 04:00:00
2004-11-24,05:00:00,66.0,1138.0,10.5,77.8,0.9839,2004-11-24 05:00:00
2004-11-24,06:00:00,64.0,1152.0,9.8,79.2,0.9567,2004-11-24 06:00:00
2004-11-24,07:00:00,86.0,1315.0,9.5,80.3,0.9532,2004-11-24 07:00:00
2004-11-24,08:00:00,114.0,1644.0,9.8,80.5,0.9724,2004-11-24 08:00:00
2004-11-24,09:00:00,115.0,1727.0,10.3,80.3,1.002,2004-11-24 09:00:00
2004-11-24,10:00:00,110.0,1605.0,11.1,77.2,1.0175,2004-11-24 10:00:00
2004-11-24,11:00:00,116.0,1520.0,13.3,68.8,1.0505,2004-11-24 11:00:00
2004-11-24,12:00:00,162.0,1293.0,15.1,58.3,0.9978,2004-11-24 12:00:00
2004-11-24,13:00:00,104.0,1332.0,15.6,56.2,0.9876,2004-11-24 13:00:00
2004-11-24,14:00:00,129.0,1506.0,15.4,59.6,1.0375,2004-11-24 14:00:00
2004-11-24,15:00:00,146.0,1498.0,14.6,63.7,1.0508,2004-11-24 15:00:00
2004-11-24,16:00:00,160.0,1582.0,13.7,66.8,1.0432,2004-11-24 16:00:00
2004-11-24,17:00:00,169.0,1719.0,12.3,72.5,1.0331,2004-11-24 17:00:00
2004-11-24,18:00:00,167.0,1916.0,10.8,77.2,1.0021,2004-11-24 18:00:00
2004-11-24,19:00:00,166.0,1957.0,10.2,80.4,1.0003,2004-11-24 19:00:00
2004-11-24,20:00:00,181.0,2066.0,10.1,79.3,0.9795,2004-11-24 20:00:00
2004-11-24,21:00:00,144.0,1698.0,10.0,76.1,0.9329,2004-11-24 21:00:00
2004-11-24,22:00:00,141.0,1530.0,8.6,82.3,0.9198,2004-11-24 22:00:00
2004-11-24,23:00:00,123.0,1448.0,7.7,84.3,0.8881,2004-11-24 23:00:00
2004-11-25,00:00:00,121.0,1464.0,7.1,84.1,0.8557,2004-11-25 00:00:00
2004-11-25,01:00:00,114.0,1437.0,6.7,83.2,0.819,2004-11-25 01:00:00
2004-11-25,02:00:00,93.0,1262.0,6.0,83.0,0.78,2004-11-25 02:00:00
2004-11-25,03:00:00,80.11538461538461,1166.0,5.1,84.0,0.7439,2004-11-25 03:00:00
2004-11-25,04:00:00,89.0,1162.0,4.3,85.4,0.7152,2004-11-25 04:00:00
2004-11-25,05:00:00,94.0,1154.0,4.0,85.7,0.7041,2004-11-25 05:00:00
2004-11-25,06:00:00,93.0,1147.0,4.0,84.4,0.6943,2004-11-25 06:00:00
2004-11-25,07:00:00,100.0,1204.0,4.0,83.1,0.682,2004-11-25 07:00:00
2004-11-25,08:00:00,127.0,1555.0,4.4,81.3,0.689,2004-11-25 08:00:00
2004-11-25,09:00:00,137.0,1576.0,6.7,72.6,0.718,2004-11-25 09:00:00
2004-11-25,10:00:00,190.0,1531.0,10.0,63.4,0.7791,2004-11-25 10:00:00
2004-11-25,11:00:00,171.0,1257.0,13.6,48.7,0.7547,2004-11-25 11:00:00
2004-11-25,12:00:00,127.0,1251.0,14.6,46.5,0.7687,2004-11-25 12:00:00
2004-11-25,13:00:00,109.0,1263.0,15.4,43.0,0.7483,2004-11-25 13:00:00
2004-11-25,14:00:00,126.0,1256.0,16.4,38.2,0.7081,2004-11-25 14:00:00
2004-11-25,15:00:00,136.0,1311.0,16.8,37.6,0.7129,2004-11-25 15:00:00
2004-11-25,16:00:00,156.0,1302.0,16.8,36.7,0.6944,2004-11-25 16:00:00
2004-11-25,17:00:00,187.0,1537.0,15.4,41.3,0.7151,2004-11-25 17:00:00
2004-11-25,18:00:00,173.0,1547.0,13.8,48.9,0.7699,2004-11-25 18:00:00
2004-11-25,19:00:00,137.0,1368.0,13.3,50.9,0.7745,2004-11-25 19:00:00
2004-11-25,20:00:00,122.0,1352.0,11.5,57.3,0.7786,2004-11-25 20:00:00
2004-11-25,21:00:00,129.0,1287.0,10.7,59.8,0.7674,2004-11-25 21:00:00
2004-11-25,22:00:00,110.0,1160.0,10.0,61.8,0.7576,2004-11-25 22:00:00
2004-11-25,23:00:00,102.0,1180.0,9.9,62.1,0.7566,2004-11-25 23:00:00
2004-11-26,00:00:00,114.0,1232.0,9.3,64.5,0.7554,2004-11-26 00:00:00
2004-11-26,01:00:00,117.0,1245.0,9.1,65.7,0.7607,2004-11-26 01:00:00
2004-11-26,02:00:00,98.0,1215.0,8.9,71.8,0.818,2004-11-26 02:00:00
2004-11-26,03:00:00,80.11538461538461,1155.0,9.1,72.9,0.8429,2004-11-26 03:00:00
2004-11-26,04:00:00,79.0,1202.0,8.7,77.6,0.8753,2004-11-26 04:00:00
2004-11-26,05:00:00,77.0,1153.0,9.0,77.3,0.8873,2004-11-26 05:00:00
2004-11-26,06:00:00,75.0,1155.0,9.1,77.3,0.8944,2004-11-26 06:00:00
2004-11-26,07:00:00,95.0,1289.0,9.3,76.9,0.9007,2004-11-26 07:00:00
2004-11-26,08:00:00,137.0,1767.0,10.0,75.0,0.9179,2004-11-26 08:00:00
2004-11-26,09:00:00,149.0,1857.0,10.6,72.7,0.9272,2004-11-26 09:00:00
2004-11-26,10:00:00,197.0,1770.0,12.4,64.8,0.931,2004-11-26 10:00:00
2004-11-26,11:00:00,183.0,1508.0,13.7,59.9,0.9335,2004-11-26 11:00:00
2004-11-26,12:00:00,179.0,1586.0,14.9,57.0,0.9564,2004-11-26 12:00:00
2004-11-26,13:00:00,196.0,1712.0,15.5,56.2,0.9814,2004-11-26 13:00:00
2004-11-26,14:00:00,208.0,1845.0,15.8,56.3,1.0026,2004-11-26 14:00:00
2004-11-26,15:00:00,203.0,1757.0,15.8,57.9,1.0292,2004-11-26 15:00:00
2004-11-26,16:00:00,213.0,1904.0,15.7,58.9,1.0432,2004-11-26 16:00:00
2004-11-26,17:00:00,233.0,2077.0,15.5,61.2,1.067,2004-11-26 17:00:00
2004-11-26,18:00:00,255.0,2338.0,15.5,62.8,1.0979,2004-11-26 18:00:00
2004-11-26,19:00:00,170.0,1983.0,15.6,64.9,1.1396,2004-11-26 19:00:00
2004-11-26,20:00:00,167.0,2204.0,15.1,67.0,1.1394,2004-11-26 20:00:00
2004-11-26,21:00:00,205.0,1971.0,14.6,67.7,1.1164,2004-11-26 21:00:00
2004-11-26,22:00:00,170.0,1602.0,13.8,67.8,1.0609,2004-11-26 22:00:00
2004-11-26,23:00:00,154.0,1568.0,13.4,69.0,1.0579,2004-11-26 23:00:00
2004-11-27,00:00:00,143.0,1530.0,13.0,73.7,1.0957,2004-11-27 00:00:00
2004-11-27,01:00:00,140.0,1583.0,12.7,77.5,1.1339,2004-11-27 01:00:00
2004-11-27,02:00:00,122.0,1482.0,12.4,78.4,1.1269,2004-11-27 02:00:00
2004-11-27,03:00:00,80.11538461538461,1362.0,11.9,79.7,1.1075,2004-11-27 03:00:00
2004-11-27,04:00:00,103.0,1323.0,11.9,80.7,1.1199,2004-11-27 04:00:00
2004-11-27,05:00:00,97.0,1272.0,13.2,75.8,1.1459,2004-11-27 05:00:00
2004-11-27,06:00:00,99.0,1295.0,12.3,81.9,1.1674,2004-11-27 06:00:00
2004-11-27,07:00:00,110.0,1349.0,12.8,80.8,1.1898,2004-11-27 07:00:00
2004-11-27,08:00:00,110.0,1418.0,13.7,76.3,1.1932,2004-11-27 08:00:00
2004-11-27,09:00:00,121.0,1644.0,13.4,78.8,1.2104,2004-11-27 09:00:00
2004-11-27,10:00:00,122.0,1672.0,13.8,77.8,1.2201,2004-11-27 10:00:00
2004-11-27,11:00:00,136.0,1639.0,15.1,73.2,1.244,2004-11-27 11:00:00
2004-11-27,12:00:00,170.0,1646.0,15.8,70.5,1.2557,2004-11-27 12:00:00
2004-11-27,13:00:00,156.0,1711.0,15.4,73.3,1.27,2004-11-27 13:00:00
2004-11-27,14:00:00,158.0,1753.0,15.6,71.4,1.2596,2004-11-27 14:00:00
2004-11-27,15:00:00,174.0,1703.0,16.3,68.7,1.2596,2004-11-27 15:00:00
2004-11-27,16:00:00,187.0,1727.0,16.4,68.2,1.2662,2004-11-27 16:00:00
2004-11-27,17:00:00,147.0,1695.0,15.6,70.2,1.238,2004-11-27 17:00:00
2004-11-27,18:00:00,136.0,1871.0,14.2,75.8,1.2202,2004-11-27 18:00:00
2004-11-27,19:00:00,134.0,1755.0,14.0,74.6,1.1865,2004-11-27 19:00:00
2004-11-27,20:00:00,126.0,1821.0,13.3,75.8,1.1506,2004-11-27 20:00:00
2004-11-27,21:00:00,130.0,1547.0,13.7,72.5,1.1326,2004-11-27 21:00:00
2004-11-27,22:00:00,98.0,1359.0,12.8,73.8,1.0853,2004-11-27 22:00:00
2004-11-27,23:00:00,89.0,1358.0,11.2,78.3,1.0415,2004-11-27 23:00:00
2004-11-28,00:00:00,88.0,1343.0,10.6,79.4,1.0133,2004-11-28 00:00:00
2004-11-28,01:00:00,86.0,1260.0,10.8,77.5,1.0027,2004-11-28 01:00:00
2004-11-28,02:00:00,75.4367469879518,1214.0,10.5,78.6,0.9976,2004-11-28 02:00:00
2004-11-28,03:00:00,70.0,1148.0,10.3,77.6,0.9743,2004-11-28 03:00:00
2004-11-28,04:00:00,55.0,1121.0,10.3,74.9,0.9362,2004-11-28 04:00:00
2004-11-28,05:00:00,45.0,1047.0,11.2,69.0,0.9159,2004-11-28 05:00:00
2004-11-28,06:00:00,44.0,1045.0,8.9,77.1,0.8804,2004-11-28 06:00:00
2004-11-28,07:00:00,50.0,1025.0,9.5,73.3,0.8719,2004-11-28 07:00:00
2004-11-28,08:00:00,74.0,1073.0,8.6,77.2,0.8617,2004-11-28 08:00:00
2004-11-28,09:00:00,81.0,1070.0,8.6,76.6,0.8586,2004-11-28 09:00:00
2004-11-28,10:00:00,65.0,1039.0,9.7,72.0,0.8649,2004-11-28 10:00:00
2004-11-28,11:00:00,76.0,1194.0,11.1,68.2,0.8979,2004-11-28 11:00:00
2004-11-28,12:00:00,110.0,1216.0,11.8,65.0,0.8966,2004-11-28 12:00:00
2004-11-28,13:00:00,124.0,1313.0,12.1,64.8,0.9135,2004-11-28 13:00:00
2004-11-28,14:00:00,120.0,1274.0,12.6,63.2,0.9209,2004-11-28 14:00:00
2004-11-28,15:00:00,99.0,1242.0,13.4,61.9,0.9513,2004-11-28 15:00:00
2004-11-28,16:00:00,117.0,1273.0,13.3,63.3,0.9597,2004-11-28 16:00:00
2004-11-28,17:00:00,132.0,1283.0,11.2,70.9,0.9406,2004-11-28 17:00:00
2004-11-28,18:00:00,113.0,1335.0,9.6,76.5,0.9184,2004-11-28 18:00:00
2004-11-28,19:00:00,117.0,1418.0,9.9,76.3,0.9296,2004-11-28 19:00:00
2004-11-28,20:00:00,127.0,1543.0,10.4,74.6,0.9394,2004-11-28 20:00:00
2004-11-28,21:00:00,132.0,1438.0,10.3,75.1,0.9399,2004-11-28 21:00:00
2004-11-28,22:00:00,121.0,1407.0,10.4,75.4,0.947,2004-11-28 22:00:00
2004-11-28,23:00:00,122.0,1378.0,10.5,75.4,0.9566,2004-11-28 23:00:00
2004-11-29,00:00:00,113.0,1350.0,10.2,78.4,0.9757,2004-11-29 00:00:00
2004-11-29,01:00:00,99.0,1280.0,9.9,80.5,0.984,2004-11-29 01:00:00
2004-11-29,02:00:00,86.0,1289.0,9.8,81.4,0.9855,2004-11-29 02:00:00
2004-11-29,03:00:00,80.11538461538461,1182.0,9.5,81.7,0.9693,2004-11-29 03:00:00
2004-11-29,04:00:00,66.0,1143.0,8.9,83.0,0.9487,2004-11-29 04:00:00
2004-11-29,05:00:00,67.0,1162.0,8.8,83.7,0.9529,2004-11-29 05:00:00
2004-11-29,06:00:00,78.0,1185.0,8.7,84.2,0.9526,2004-11-29 06:00:00
2004-11-29,07:00:00,90.0,1315.0,8.7,83.7,0.9454,2004-11-29 07:00:00
2004-11-29,08:00:00,120.0,1657.0,9.6,80.8,0.9687,2004-11-29 08:00:00
2004-11-29,09:00:00,139.0,1961.0,11.3,75.3,1.0048,2004-11-29 09:00:00
2004-11-29,10:00:00,172.0,1916.0,13.8,68.5,1.0718,2004-11-29 10:00:00
2004-11-29,11:00:00,232.0,1988.0,14.9,64.9,1.0929,2004-11-29 11:00:00
2004-11-29,12:00:00,168.0,1734.0,15.3,63.2,1.0898,2004-11-29 12:00:00
2004-11-29,13:00:00,120.0,1363.0,18.6,49.1,1.0425,2004-11-29 13:00:00
2004-11-29,14:00:00,121.0,1404.0,18.6,49.3,1.0451,2004-11-29 14:00:00
2004-11-29,15:00:00,117.0,1391.0,18.4,49.9,1.0453,2004-11-29 15:00:00
2004-11-29,16:00:00,121.0,1416.0,17.9,51.4,1.0488,2004-11-29 16:00:00
2004-11-29,17:00:00,107.0,1299.0,18.0,51.9,1.0622,2004-11-29 17:00:00
2004-11-29,18:00:00,115.0,1375.0,16.7,57.3,1.0813,2004-11-29 18:00:00
2004-11-29,19:00:00,94.0,1320.0,17.3,57.0,1.1137,2004-11-29 19:00:00
2004-11-29,20:00:00,98.0,1310.0,16.8,58.7,1.1109,2004-11-29 20:00:00
2004-11-29,21:00:00,87.0,1210.0,16.5,59.2,1.1021,2004-11-29 21:00:00
2004-11-29,22:00:00,78.0,1182.0,16.3,59.7,1.0941,2004-11-29 22:00:00
2004-11-29,23:00:00,69.0,1202.0,16.0,61.6,1.1127,2004-11-29 23:00:00
2004-11-30,00:00:00,67.0,1200.0,15.6,66.6,1.1763,2004-11-30 00:00:00
2004-11-30,01:00:00,81.0,1302.0,13.8,80.4,1.2621,2004-11-30 01:00:00
2004-11-30,02:00:00,75.0,1288.0,13.2,84.4,1.2779,2004-11-30 02:00:00
2004-11-30,03:00:00,80.11538461538461,1181.0,13.6,82.8,1.2845,2004-11-30 03:00:00
2004-11-30,04:00:00,42.0,1149.0,13.8,81.3,1.2767,2004-11-30 04:00:00
2004-11-30,05:00:00,38.0,1109.0,13.6,75.5,1.172,2004-11-30 05:00:00
2004-11-30,06:00:00,64.0,1111.0,11.5,81.4,1.1025,2004-11-30 06:00:00
2004-11-30,07:00:00,86.0,1192.0,11.8,80.7,1.1181,2004-11-30 07:00:00
2004-11-30,08:00:00,127.0,1453.0,12.3,78.9,1.1283,2004-11-30 08:00:00
2004-11-30,09:00:00,122.0,1649.0,13.0,76.0,1.1317,2004-11-30 09:00:00
2004-11-30,10:00:00,141.0,1588.0,13.7,70.9,1.1076,2004-11-30 10:00:00
2004-11-30,11:00:00,139.0,1500.0,14.0,70.9,1.1244,2004-11-30 11:00:00
2004-11-30,12:00:00,105.0,1301.0,14.6,65.9,1.088,2004-11-30 12:00:00
2004-11-30,13:00:00,103.0,1311.0,14.9,59.9,1.0063,2004-11-30 13:00:00
2004-11-30,14:00:00,108.0,1321.0,14.9,58.4,0.9839,2004-11-30 14:00:00
2004-11-30,15:00:00,109.0,1311.0,15.3,54.3,0.9357,2004-11-30 15:00:00
2004-11-30,16:00:00,149.0,1694.0,14.6,56.6,0.9367,2004-11-30 16:00:00
2004-11-30,17:00:00,143.0,1476.0,12.6,62.0,0.9027,2004-11-30 17:00:00
2004-11-30,18:00:00,159.0,1698.0,11.9,62.3,0.8674,2004-11-30 18:00:00
2004-11-30,19:00:00,178.0,1843.0,11.6,64.3,0.8789,2004-11-30 19:00:00
2004-11-30,20:00:00,168.0,1939.0,11.5,68.0,0.9207,2004-11-30 20:00:00
2004-11-30,21:00:00,160.0,1394.0,10.7,73.9,0.9502,2004-11-30 21:00:00
2004-11-30,22:00:00,117.0,1277.0,9.6,83.0,0.9899,2004-11-30 22:00:00
2004-11-30,23:00:00,113.0,1210.0,9.6,79.9,0.9579,2004-11-30 23:00:00
2004-12-01,00:00:00,113.0,1251.0,9.8,79.4,0.9626,2004-12-01 00:00:00
2004-12-01,01:00:00,94.0,1106.0,10.1,75.3,0.9322,2004-12-01 01:00:00
2004-12-01,02:00:00,76.0,1127.0,9.1,80.0,0.9299,2004-12-01 02:00:00
2004-12-01,03:00:00,80.11538461538461,1100.0,8.7,82.4,0.9294,2004-12-01 03:00:00
2004-12-01,04:00:00,68.0,1083.0,8.5,81.7,0.9074,2004-12-01 04:00:00
2004-12-01,05:00:00,63.0,1064.0,8.3,80.4,0.8861,2004-12-01 05:00:00
2004-12-01,06:00:00,74.0,1098.0,8.9,79.2,0.9067,2004-12-01 06:00:00
2004-12-01,07:00:00,96.0,1248.0,8.7,80.8,0.9096,2004-12-01 07:00:00
2004-12-01,08:00:00,121.0,1638.0,9.0,79.8,0.9203,2004-12-01 08:00:00
2004-12-01,09:00:00,145.0,1799.0,9.5,78.3,0.9338,2004-12-01 09:00:00
2004-12-01,10:00:00,158.0,1648.0,10.4,76.0,0.9561,2004-12-01 10:00:00
2004-12-01,11:00:00,143.0,1410.0,11.0,74.4,0.9736,2004-12-01 11:00:00
2004-12-01,12:00:00,182.0,1533.0,13.8,63.6,0.9959,2004-12-01 12:00:00
2004-12-01,13:00:00,163.0,1623.0,13.6,65.6,1.0167,2004-12-01 13:00:00
2004-12-01,14:00:00,178.0,1898.0,13.7,66.5,1.038,2004-12-01 14:00:00
2004-12-01,15:00:00,162.0,1751.0,13.0,73.0,1.086,2004-12-01 15:00:00
2004-12-01,16:00:00,171.0,1834.0,12.7,77.1,1.1251,2004-12-01 16:00:00
2004-12-01,17:00:00,174.0,1887.0,12.3,79.7,1.1342,2004-12-01 17:00:00
2004-12-01,18:00:00,185.0,1972.0,12.3,78.8,1.1279,2004-12-01 18:00:00
2004-12-01,19:00:00,126.0,1419.0,12.5,72.6,1.0489,2004-12-01 19:00:00
2004-12-01,20:00:00,113.0,1390.0,11.8,76.1,1.0544,2004-12-01 20:00:00
2004-12-01,21:00:00,111.0,1280.0,11.3,79.9,1.0697,2004-12-01 21:00:00
2004-12-01,22:00:00,107.0,1293.0,11.1,84.3,1.1137,2004-12-01 22:00:00
2004-12-01,23:00:00,107.0,1313.0,11.3,83.1,1.1089,2004-12-01 23:00:00
2004-12-02,00:00:00,102.0,1330.0,11.6,81.0,1.1082,2004-12-02 00:00:00
2004-12-02,01:00:00,96.0,1238.0,11.7,77.8,1.0689,2004-12-02 01:00:00
2004-12-02,02:00:00,86.0,1254.0,11.7,78.6,1.0813,2004-12-02 02:00:00
2004-12-02,03:00:00,80.11538461538461,1198.0,11.9,78.2,1.0856,2004-12-02 03:00:00
2004-12-02,04:00:00,70.0,1163.0,12.0,77.4,1.0825,2004-12-02 04:00:00
2004-12-02,05:00:00,59.0,1150.0,12.0,78.0,1.094,2004-12-02 05:00:00
2004-12-02,06:00:00,74.0,1195.0,12.4,75.3,1.0813,2004-12-02 06:00:00
2004-12-02,07:00:00,89.0,1329.0,12.5,76.4,1.1021,2004-12-02 07:00:00
2004-12-02,08:00:00,131.0,1787.0,12.9,73.8,1.0937,2004-12-02 08:00:00
2004-12-02,09:00:00,139.0,1972.0,13.3,70.7,1.0749,2004-12-02 09:00:00
2004-12-02,10:00:00,145.0,1655.0,14.3,66.1,1.0711,2004-12-02 10:00:00
2004-12-02,11:00:00,137.0,1559.0,15.4,63.9,1.1071,2004-12-02 11:00:00
2004-12-02,12:00:00,128.0,1531.0,15.9,62.7,1.1273,2004-12-02 12:00:00
2004-12-02,13:00:00,128.0,1579.0,16.4,61.9,1.1465,2004-12-02 13:00:00
2004-12-02,14:00:00,123.0,1600.0,18.0,58.0,1.1901,2004-12-02 14:00:00
2004-12-02,15:00:00,136.0,1735.0,19.2,57.9,1.2757,2004-12-02 15:00:00
2004-12-02,16:00:00,137.0,1753.0,18.1,62.1,1.2822,2004-12-02 16:00:00
2004-12-02,17:00:00,151.0,1881.0,16.7,67.3,1.2707,2004-12-02 17:00:00
2004-12-02,18:00:00,171.0,2260.0,15.8,70.7,1.2601,2004-12-02 18:00:00
2004-12-02,19:00:00,171.0,2405.0,15.4,73.0,1.2688,2004-12-02 19:00:00
2004-12-02,20:00:00,161.0,2196.0,15.4,73.0,1.2648,2004-12-02 20:00:00
2004-12-02,21:00:00,154.0,2049.0,15.3,73.6,1.2691,2004-12-02 21:00:00
2004-12-02,22:00:00,127.0,1783.0,15.1,74.3,1.2623,2004-12-02 22:00:00
2004-12-02,23:00:00,115.0,1760.0,14.2,78.0,1.254,2004-12-02 23:00:00
2004-12-03,00:00:00,102.0,1515.0,14.1,81.4,1.3066,2004-12-03 00:00:00
2004-12-03,01:00:00,100.0,1433.0,14.4,82.7,1.3496,2004-12-03 01:00:00
2004-12-03,02:00:00,86.0,1452.0,14.1,84.1,1.3461,2004-12-03 02:00:00
2004-12-03,03:00:00,80.11538461538461,1289.0,14.1,84.8,1.3544,2004-12-03 03:00:00
2004-12-03,04:00:00,80.0,1249.0,14.0,84.1,1.3389,2004-12-03 04:00:00
2004-12-03,05:00:00,74.0,1215.0,13.9,85.1,1.3449,2004-12-03 05:00:00
2004-12-03,06:00:00,82.0,1267.0,13.8,85.5,1.3469,2004-12-03 06:00:00
2004-12-03,07:00:00,96.0,1378.0,13.8,85.3,1.3412,2004-12-03 07:00:00
2004-12-03,08:00:00,124.0,1839.0,13.7,84.5,1.3202,2004-12-03 08:00:00
2004-12-03,09:00:00,142.0,2081.0,13.9,83.9,1.3284,2004-12-03 09:00:00
2004-12-03,10:00:00,154.0,1834.0,14.6,81.6,1.3448,2004-12-03 10:00:00
2004-12-03,11:00:00,144.0,1544.0,15.8,74.7,1.3336,2004-12-03 11:00:00
2004-12-03,12:00:00,144.0,1599.0,16.4,72.1,1.336,2004-12-03 12:00:00
2004-12-03,13:00:00,139.0,1636.0,16.8,70.3,1.3341,2004-12-03 13:00:00
2004-12-03,14:00:00,138.0,1716.0,17.9,66.3,1.3499,2004-12-03 14:00:00
2004-12-03,15:00:00,134.0,1664.0,18.8,62.7,1.3506,2004-12-03 15:00:00
2004-12-03,16:00:00,150.0,1893.0,19.0,61.6,1.3407,2004-12-03 16:00:00
2004-12-03,17:00:00,173.0,2177.0,17.7,68.3,1.3713,2004-12-03 17:00:00
2004-12-03,18:00:00,134.0,1883.0,16.5,71.7,1.3358,2004-12-03 18:00:00
2004-12-03,19:00:00,128.0,1832.0,15.7,72.7,1.2872,2004-12-03 19:00:00
2004-12-03,20:00:00,132.0,2111.0,15.0,74.4,1.2593,2004-12-03 20:00:00
2004-12-03,21:00:00,134.0,1804.0,14.6,75.2,1.2405,2004-12-03 21:00:00
2004-12-03,22:00:00,107.0,1504.0,14.0,75.7,1.2051,2004-12-03 22:00:00
2004-12-03,23:00:00,101.0,1528.0,13.1,78.7,1.1817,2004-12-03 23:00:00
2004-12-04,00:00:00,94.0,1520.0,12.6,78.4,1.1419,2004-12-04 00:00:00
2004-12-04,01:00:00,99.0,1462.0,12.8,77.9,1.1438,2004-12-04 01:00:00
2004-12-04,02:00:00,90.0,1408.0,12.1,79.4,1.1201,2004-12-04 02:00:00
2004-12-04,03:00:00,80.11538461538461,1305.0,11.6,80.1,1.0899,2004-12-04 03:00:00
2004-12-04,04:00:00,71.0,1246.0,11.6,79.7,1.0858,2004-12-04 04:00:00
2004-12-04,05:00:00,71.0,1266.0,11.4,81.1,1.0928,2004-12-04 05:00:00
2004-12-04,06:00:00,66.0,1305.0,11.5,81.7,1.1033,2004-12-04 06:00:00
2004-12-04,07:00:00,70.0,1266.0,12.4,77.1,1.1072,2004-12-04 07:00:00
2004-12-04,08:00:00,90.0,1539.0,12.3,79.0,1.1293,2004-12-04 08:00:00
2004-12-04,09:00:00,102.0,1395.0,12.2,83.9,1.189,2004-12-04 09:00:00
2004-12-04,10:00:00,102.0,1431.0,12.2,85.1,1.2079,2004-12-04 10:00:00
2004-12-04,11:00:00,94.0,1263.0,12.4,80.1,1.1462,2004-12-04 11:00:00
2004-12-04,12:00:00,122.0,1422.0,13.0,77.8,1.1641,2004-12-04 12:00:00
2004-12-04,13:00:00,124.0,1476.0,11.8,86.5,1.1981,2004-12-04 13:00:00
2004-12-04,14:00:00,103.0,1346.0,11.9,85.7,1.1912,2004-12-04 14:00:00
2004-12-04,15:00:00,115.0,1408.0,11.9,88.7,1.2352,2004-12-04 15:00:00
2004-12-04,16:00:00,107.0,1316.0,12.3,87.0,1.2422,2004-12-04 16:00:00
2004-12-04,17:00:00,120.0,1356.0,12.7,84.4,1.2352,2004-12-04 17:00:00
2004-12-04,18:00:00,120.0,1441.0,13.1,81.7,1.2284,2004-12-04 18:00:00
2004-12-04,19:00:00,108.0,1302.0,13.1,80.4,1.2038,2004-12-04 19:00:00
2004-12-04,20:00:00,115.0,1456.0,13.4,79.9,1.2254,2004-12-04 20:00:00
2004-12-04,21:00:00,124.0,1400.0,13.8,76.8,1.206,2004-12-04 21:00:00
2004-12-04,22:00:00,109.0,1307.0,14.0,75.9,1.2064,2004-12-04 22:00:00
2004-12-04,23:00:00,93.0,1282.0,13.5,78.3,1.2097,2004-12-04 23:00:00
2004-12-05,00:00:00,103.0,1285.0,13.0,79.2,1.182,2004-12-05 00:00:00
2004-12-05,01:00:00,106.0,1267.0,12.4,77.5,1.1115,2004-12-05 01:00:00
2004-12-05,02:00:00,96.0,1132.0,12.3,71.2,1.0175,2004-12-05 02:00:00
2004-12-05,03:00:00,80.11538461538461,1105.0,12.2,69.6,0.986,2004-12-05 03:00:00
2004-12-05,04:00:00,81.0,1100.0,12.3,67.5,0.9624,2004-12-05 04:00:00
2004-12-05,05:00:00,70.0,1070.0,12.7,65.6,0.9566,2004-12-05 05:00:00
2004-12-05,06:00:00,60.0,1047.0,12.5,65.9,0.9533,2004-12-05 06:00:00
2004-12-05,07:00:00,63.0,1042.0,12.4,65.4,0.9426,2004-12-05 07:00:00
2004-12-05,08:00:00,68.0,1068.0,13.2,62.5,0.943,2004-12-05 08:00:00
2004-12-05,09:00:00,68.0,1086.0,13.1,62.4,0.9366,2004-12-05 09:00:00
2004-12-05,10:00:00,66.0,1115.0,12.9,64.7,0.9564,2004-12-05 10:00:00
2004-12-05,11:00:00,72.0,1191.0,13.0,67.6,1.009,2004-12-05 11:00:00
2004-12-05,12:00:00,81.0,1257.0,13.0,69.7,1.0403,2004-12-05 12:00:00
2004-12-05,13:00:00,89.0,1296.0,12.0,80.0,1.1167,2004-12-05 13:00:00
2004-12-05,14:00:00,85.0,1267.0,11.4,83.7,1.1278,2004-12-05 14:00:00
2004-12-05,15:00:00,86.0,1367.0,12.0,80.8,1.1264,2004-12-05 15:00:00
2004-12-05,16:00:00,83.0,1177.0,11.5,81.0,1.101,2004-12-05 16:00:00
2004-12-05,17:00:00,77.0,1152.0,11.3,81.0,1.0851,2004-12-05 17:00:00
2004-12-05,18:00:00,93.0,1385.0,12.0,78.4,1.0954,2004-12-05 18:00:00
2004-12-05,19:00:00,103.0,1212.0,12.1,75.5,1.0669,2004-12-05 19:00:00
2004-12-05,20:00:00,90.0,1187.0,12.5,71.9,1.0351,2004-12-05 20:00:00
2004-12-05,21:00:00,93.0,1173.0,12.6,70.5,1.0239,2004-12-05 21:00:00
2004-12-05,22:00:00,72.0,1120.0,12.5,69.1,1.0003,2004-12-05 22:00:00
2004-12-05,23:00:00,73.0,1111.0,13.1,64.3,0.9628,2004-12-05 23:00:00
2004-12-06,00:00:00,64.0,1071.0,13.2,62.9,0.9517,2004-12-06 00:00:00
2004-12-06,01:00:00,66.0,1127.0,13.3,63.6,0.9673,2004-12-06 01:00:00
2004-12-06,02:00:00,71.0,1124.0,13.3,65.3,0.9948,2004-12-06 02:00:00
2004-12-06,03:00:00,80.11538461538461,1157.0,12.7,72.2,1.0525,2004-12-06 03:00:00
2004-12-06,04:00:00,54.0,1130.0,11.9,79.6,1.1043,2004-12-06 04:00:00
2004-12-06,05:00:00,58.0,1157.0,11.8,81.4,1.1238,2004-12-06 05:00:00
2004-12-06,06:00:00,72.0,1219.0,12.0,80.1,1.1231,2004-12-06 06:00:00
2004-12-06,07:00:00,89.0,1314.0,12.2,78.8,1.1178,2004-12-06 07:00:00
2004-12-06,08:00:00,112.0,1627.0,12.7,77.2,1.1298,2004-12-06 08:00:00
2004-12-06,09:00:00,131.0,2018.0,13.4,74.4,1.1407,2004-12-06 09:00:00
2004-12-06,10:00:00,161.0,1662.0,15.9,63.4,1.1349,2004-12-06 10:00:00
2004-12-06,11:00:00,135.0,1489.0,18.5,52.9,1.1174,2004-12-06 11:00:00
2004-12-06,12:00:00,119.0,1418.0,18.4,52.6,1.1064,2004-12-06 12:00:00
2004-12-06,13:00:00,144.0,1682.0,19.4,49.8,1.1095,2004-12-06 13:00:00
2004-12-06,14:00:00,130.0,1589.0,19.5,50.1,1.1225,2004-12-06 14:00:00
2004-12-06,15:00:00,109.0,1481.0,20.3,47.5,1.1187,2004-12-06 15:00:00
2004-12-06,16:00:00,114.0,1541.0,18.7,53.0,1.1322,2004-12-06 16:00:00
2004-12-06,17:00:00,115.0,1551.0,17.3,57.1,1.1161,2004-12-06 17:00:00
2004-12-06,18:00:00,123.0,1620.0,16.4,59.5,1.1017,2004-12-06 18:00:00
2004-12-06,19:00:00,138.0,1613.0,15.9,60.8,1.088,2004-12-06 19:00:00
2004-12-06,20:00:00,123.0,1511.0,15.5,60.7,1.0591,2004-12-06 20:00:00
2004-12-06,21:00:00,112.0,1480.0,15.3,63.1,1.0872,2004-12-06 21:00:00
2004-12-06,22:00:00,87.0,1264.0,16.6,58.5,1.0963,2004-12-06 22:00:00
2004-12-06,23:00:00,79.0,1233.0,14.6,64.7,1.0677,2004-12-06 23:00:00
2004-12-07,00:00:00,74.0,1206.0,14.0,66.1,1.05,2004-12-07 00:00:00
2004-12-07,01:00:00,75.0,1220.0,13.0,69.4,1.0364,2004-12-07 01:00:00
2004-12-07,02:00:00,70.0,1138.0,13.1,67.4,1.0101,2004-12-07 02:00:00
2004-12-07,03:00:00,80.11538461538461,1170.0,11.6,73.4,0.999,2004-12-07 03:00:00
2004-12-07,04:00:00,64.0,1103.0,11.9,71.4,0.9921,2004-12-07 04:00:00
2004-12-07,05:00:00,63.0,1091.0,12.4,68.3,0.9801,2004-12-07 05:00:00
2004-12-07,06:00:00,67.0,1098.0,14.1,60.6,0.9715,2004-12-07 06:00:00
2004-12-07,07:00:00,71.0,1146.0,12.9,64.2,0.9506,2004-12-07 07:00:00
2004-12-07,08:00:00,98.0,1431.0,11.7,68.9,0.9439,2004-12-07 08:00:00
2004-12-07,09:00:00,114.0,1566.0,12.5,65.8,0.9538,2004-12-07 09:00:00
2004-12-07,10:00:00,130.0,1591.0,14.5,61.1,1.0007,2004-12-07 10:00:00
2004-12-07,11:00:00,155.0,1638.0,16.9,54.2,1.0371,2004-12-07 11:00:00
2004-12-07,12:00:00,141.0,1583.0,17.4,53.3,1.0528,2004-12-07 12:00:00
2004-12-07,13:00:00,118.0,1635.0,18.8,49.3,1.0581,2004-12-07 13:00:00
2004-12-07,14:00:00,134.0,1545.0,19.4,47.1,1.051,2004-12-07 14:00:00
2004-12-07,15:00:00,123.0,1450.0,19.2,47.1,1.0371,2004-12-07 15:00:00
2004-12-07,16:00:00,117.0,1466.0,17.7,51.5,1.0315,2004-12-07 16:00:00
2004-12-07,17:00:00,110.0,1484.0,16.5,54.6,1.0164,2004-12-07 17:00:00
2004-12-07,18:00:00,115.0,1480.0,15.4,57.9,1.0068,2004-12-07 18:00:00
2004-12-07,19:00:00,116.0,1470.0,15.2,58.4,1.0007,2004-12-07 19:00:00
2004-12-07,20:00:00,99.0,1381.0,14.9,58.4,0.9843,2004-12-07 20:00:00
2004-12-07,21:00:00,115.0,1374.0,14.5,60.4,0.9909,2004-12-07 21:00:00
2004-12-07,22:00:00,104.0,1345.0,14.5,62.3,1.0216,2004-12-07 22:00:00
2004-12-07,23:00:00,92.0,1262.0,14.6,60.6,1.0033,2004-12-07 23:00:00
2004-12-08,00:00:00,84.0,1231.0,15.0,59.3,1.0045,2004-12-08 00:00:00
2004-12-08,01:00:00,81.0,1254.0,14.7,60.3,1.0031,2004-12-08 01:00:00
2004-12-08,02:00:00,77.0,1149.0,15.3,59.1,1.0191,2004-12-08 02:00:00
2004-12-08,03:00:00,80.11538461538461,1203.0,12.3,69.7,0.9954,2004-12-08 03:00:00
2004-12-08,04:00:00,75.0,1262.0,11.6,72.5,0.9916,2004-12-08 04:00:00
2004-12-08,05:00:00,69.0,1097.0,12.0,71.9,1.003,2004-12-08 05:00:00
2004-12-08,06:00:00,67.0,1121.0,11.8,71.8,0.9909,2004-12-08 06:00:00
2004-12-08,07:00:00,68.0,1139.0,11.8,71.4,0.9864,2004-12-08 07:00:00
2004-12-08,08:00:00,68.0,1115.0,12.8,66.3,0.9804,2004-12-08 08:00:00
2004-12-08,09:00:00,69.0,1157.0,13.2,65.2,0.9841,2004-12-08 09:00:00
2004-12-08,10:00:00,81.0,1280.0,13.1,66.2,0.9933,2004-12-08 10:00:00
2004-12-08,11:00:00,95.0,1365.0,14.3,63.3,1.0266,2004-12-08 11:00:00
2004-12-08,12:00:00,92.0,1330.0,16.0,58.1,1.0482,2004-12-08 12:00:00
2004-12-08,13:00:00,113.0,1407.0,17.3,53.9,1.0562,2004-12-08 13:00:00
2004-12-08,14:00:00,98.0,1279.0,17.3,53.3,1.0407,2004-12-08 14:00:00
2004-12-08,15:00:00,82.0,1180.0,16.7,54.7,1.0311,2004-12-08 15:00:00
2004-12-08,16:00:00,96.0,1183.0,15.4,58.9,1.02,2004-12-08 16:00:00
2004-12-08,17:00:00,107.0,1207.0,15.2,58.0,0.9927,2004-12-08 17:00:00
2004-12-08,18:00:00,119.0,1324.0,16.2,54.5,0.9956,2004-12-08 18:00:00
2004-12-08,19:00:00,114.0,1301.0,16.5,55.3,1.0267,2004-12-08 19:00:00
2004-12-08,20:00:00,127.0,1524.0,14.6,72.1,1.1947,2004-12-08 20:00:00
2004-12-08,21:00:00,121.0,1404.0,13.9,76.7,1.2098,2004-12-08 21:00:00
2004-12-08,22:00:00,109.0,1370.0,13.7,79.3,1.2326,2004-12-08 22:00:00
2004-12-08,23:00:00,107.0,1329.0,13.8,77.3,1.2169,2004-12-08 23:00:00
2004-12-09,00:00:00,100.0,1254.0,14.2,71.7,1.1578,2004-12-09 00:00:00
2004-12-09,01:00:00,83.0,1145.0,14.9,65.7,1.105,2004-12-09 01:00:00
2004-12-09,02:00:00,66.0,1108.0,14.7,67.3,1.1177,2004-12-09 02:00:00
2004-12-09,03:00:00,80.11538461538461,1061.0,15.2,63.2,1.0821,2004-12-09 03:00:00
2004-12-09,04:00:00,30.0,1034.0,14.8,65.5,1.0965,2004-12-09 04:00:00
2004-12-09,05:00:00,29.0,1046.0,14.4,68.5,1.1158,2004-12-09 05:00:00
2004-12-09,06:00:00,41.0,1027.0,14.5,62.9,1.0335,2004-12-09 06:00:00
2004-12-09,07:00:00,63.0,1027.0,14.6,56.7,0.9358,2004-12-09 07:00:00
2004-12-09,08:00:00,114.0,1288.0,15.0,55.3,0.9338,2004-12-09 08:00:00
2004-12-09,09:00:00,114.0,1235.0,14.5,56.5,0.9306,2004-12-09 09:00:00
2004-12-09,10:00:00,102.0,1141.0,14.3,55.4,0.9005,2004-12-09 10:00:00
2004-12-09,11:00:00,101.0,1145.0,14.7,52.5,0.8716,2004-12-09 11:00:00
2004-12-09,12:00:00,103.0,1161.0,15.5,51.7,0.9033,2004-12-09 12:00:00
2004-12-09,13:00:00,100.0,1189.0,14.9,53.4,0.8998,2004-12-09 13:00:00
2004-12-09,14:00:00,95.0,1257.0,15.2,51.0,0.8762,2004-12-09 14:00:00
2004-12-09,15:00:00,99.0,1142.0,15.2,50.1,0.858,2004-12-09 15:00:00
2004-12-09,16:00:00,102.0,1190.0,15.6,46.6,0.8176,2004-12-09 16:00:00
2004-12-09,17:00:00,105.0,1145.0,14.8,48.4,0.8069,2004-12-09 17:00:00
2004-12-09,18:00:00,118.0,1259.0,14.6,48.0,0.7902,2004-12-09 18:00:00
2004-12-09,19:00:00,135.0,1301.0,15.1,45.4,0.7759,2004-12-09 19:00:00
2004-12-09,20:00:00,124.0,1247.0,14.5,45.4,0.7458,2004-12-09 20:00:00
2004-12-09,21:00:00,100.0,1061.0,13.4,48.1,0.7374,2004-12-09 21:00:00
2004-12-09,22:00:00,66.0,946.0,12.3,48.7,0.6931,2004-12-09 22:00:00
2004-12-09,23:00:00,57.0,954.0,12.0,51.2,0.7179,2004-12-09 23:00:00
2004-12-10,00:00:00,58.0,965.0,11.9,54.6,0.7589,2004-12-10 00:00:00
2004-12-10,01:00:00,59.0,980.0,13.7,45.0,0.6991,2004-12-10 01:00:00
2004-12-10,02:00:00,60.0,940.0,14.7,37.5,0.622,2004-12-10 02:00:00
2004-12-10,03:00:00,80.11538461538461,901.0,13.8,36.8,0.576,2004-12-10 03:00:00
2004-12-10,04:00:00,35.0,815.0,13.2,35.6,0.5375,2004-12-10 04:00:00
2004-12-10,05:00:00,27.0,787.0,12.0,37.3,0.5239,2004-12-10 05:00:00
2004-12-10,06:00:00,39.0,805.0,11.7,38.1,0.5223,2004-12-10 06:00:00
2004-12-10,07:00:00,63.0,839.0,11.5,38.0,0.5159,2004-12-10 07:00:00
2004-12-10,08:00:00,110.0,998.0,12.3,35.8,0.5086,2004-12-10 08:00:00
2004-12-10,09:00:00,128.0,1136.0,12.9,34.5,0.5102,2004-12-10 09:00:00
2004-12-10,10:00:00,122.0,1013.0,14.4,30.2,0.4911,2004-12-10 10:00:00
2004-12-10,11:00:00,111.0,967.0,16.2,26.2,0.4789,2004-12-10 11:00:00
2004-12-10,12:00:00,110.0,968.0,17.1,23.5,0.453,2004-12-10 12:00:00
2004-12-10,13:00:00,114.0,1011.0,18.1,21.3,0.4396,2004-12-10 13:00:00
2004-12-10,14:00:00,114.0,1036.0,18.8,20.0,0.4278,2004-12-10 14:00:00
2004-12-10,15:00:00,111.0,1016.0,18.1,20.8,0.4274,2004-12-10 15:00:00
2004-12-10,16:00:00,116.0,1001.0,17.6,19.9,0.3952,2004-12-10 16:00:00
2004-12-10,17:00:00,148.0,1083.0,16.0,20.8,0.3757,2004-12-10 17:00:00
2004-12-10,18:00:00,177.0,1249.0,14.6,23.7,0.3903,2004-12-10 18:00:00
2004-12-10,19:00:00,164.0,1256.0,13.7,22.9,0.3581,2004-12-10 19:00:00
2004-12-10,20:00:00,151.0,1102.0,12.8,21.7,0.3182,2004-12-10 20:00:00
2004-12-10,21:00:00,147.0,910.0,12.7,21.3,0.3119,2004-12-10 21:00:00
2004-12-10,22:00:00,110.0,826.0,12.8,22.5,0.3309,2004-12-10 22:00:00
2004-12-10,23:00:00,99.0,810.0,12.6,23.4,0.3408,2004-12-10 23:00:00
2004-12-11,00:00:00,116.0,860.0,12.4,24.0,0.3443,2004-12-11 00:00:00
2004-12-11,01:00:00,121.0,853.0,12.5,24.0,0.3462,2004-12-11 01:00:00
2004-12-11,02:00:00,103.0,891.0,11.9,32.4,0.4489,2004-12-11 02:00:00
2004-12-11,03:00:00,80.11538461538461,897.0,11.7,33.8,0.4623,2004-12-11 03:00:00
2004-12-11,04:00:00,83.0,871.0,11.5,34.2,0.4621,2004-12-11 04:00:00
2004-12-11,05:00:00,76.0,873.0,10.5,37.8,0.4799,2004-12-11 05:00:00
2004-12-11,06:00:00,107.0,948.0,7.8,47.4,0.5046,2004-12-11 06:00:00
2004-12-11,07:00:00,106.0,957.0,9.3,43.1,0.5062,2004-12-11 07:00:00
2004-12-11,08:00:00,124.0,1064.0,8.2,46.8,0.5091,2004-12-11 08:00:00
2004-12-11,09:00:00,134.0,1177.0,10.7,34.2,0.439,2004-12-11 09:00:00
2004-12-11,10:00:00,147.0,1130.0,14.4,28.2,0.4593,2004-12-11 10:00:00
2004-12-11,11:00:00,146.0,1161.0,17.4,23.3,0.4599,2004-12-11 11:00:00
2004-12-11,12:00:00,133.0,1152.0,17.8,23.6,0.4766,2004-12-11 12:00:00
2004-12-11,13:00:00,120.0,1011.0,18.3,19.5,0.4044,2004-12-11 13:00:00
2004-12-11,14:00:00,117.0,1035.0,18.9,18.9,0.4091,2004-12-11 14:00:00
2004-12-11,15:00:00,109.0,945.0,18.4,19.7,0.4117,2004-12-11 15:00:00
2004-12-11,16:00:00,112.0,1005.0,17.8,21.0,0.4234,2004-12-11 16:00:00
2004-12-11,17:00:00,131.0,1094.0,16.1,23.4,0.4248,2004-12-11 17:00:00
2004-12-11,18:00:00,133.0,1071.0,14.9,24.9,0.4178,2004-12-11 18:00:00
2004-12-11,19:00:00,138.0,1018.0,14.6,24.6,0.4054,2004-12-11 19:00:00
2004-12-11,20:00:00,142.0,1075.0,14.2,26.8,0.4332,2004-12-11 20:00:00
2004-12-11,21:00:00,138.0,1167.0,13.3,38.7,0.5867,2004-12-11 21:00:00
2004-12-11,22:00:00,118.0,1126.0,11.2,45.1,0.6004,2004-12-11 22:00:00
2004-12-11,23:00:00,120.0,1206.0,8.8,52.5,0.5969,2004-12-11 23:00:00
2004-12-12,00:00:00,132.0,1183.0,8.6,54.3,0.606,2004-12-12 00:00:00
2004-12-12,01:00:00,121.0,1219.0,8.1,53.2,0.5746,2004-12-12 01:00:00
2004-12-12,02:00:00,117.0,1164.0,6.8,57.8,0.5768,2004-12-12 02:00:00
2004-12-12,03:00:00,80.11538461538461,1035.0,6.6,58.1,0.5687,2004-12-12 03:00:00
2004-12-12,04:00:00,102.0,1148.0,5.4,64.1,0.5772,2004-12-12 04:00:00
2004-12-12,05:00:00,95.0,1017.0,5.6,61.6,0.5656,2004-12-12 05:00:00
2004-12-12,06:00:00,81.0,1043.0,4.2,69.0,0.5737,2004-12-12 06:00:00
2004-12-12,07:00:00,95.0,953.0,4.8,64.6,0.563,2004-12-12 07:00:00
2004-12-12,08:00:00,111.0,1052.0,4.0,69.0,0.5661,2004-12-12 08:00:00
2004-12-12,09:00:00,118.0,1085.0,4.9,66.3,0.5786,2004-12-12 09:00:00
2004-12-12,10:00:00,130.0,1131.0,9.4,48.7,0.5748,2004-12-12 10:00:00
2004-12-12,11:00:00,116.0,1085.0,12.6,39.9,0.5804,2004-12-12 11:00:00
2004-12-12,12:00:00,128.0,1165.0,14.4,35.3,0.5763,2004-12-12 12:00:00
2004-12-12,13:00:00,156.0,1253.0,15.1,37.4,0.6374,2004-12-12 13:00:00
2004-12-12,14:00:00,169.0,1226.0,16.0,35.8,0.6456,2004-12-12 14:00:00
2004-12-12,15:00:00,168.0,1274.0,17.5,30.8,0.6095,2004-12-12 15:00:00
2004-12-12,16:00:00,178.0,1396.0,17.2,34.2,0.6669,2004-12-12 16:00:00
2004-12-12,17:00:00,178.0,1550.0,14.3,45.8,0.7452,2004-12-12 17:00:00
2004-12-12,18:00:00,188.0,1650.0,12.2,53.9,0.7617,2004-12-12 18:00:00
2004-12-12,19:00:00,169.0,1362.0,11.6,51.2,0.6965,2004-12-12 19:00:00
2004-12-12,20:00:00,133.0,1213.0,11.3,50.1,0.672,2004-12-12 20:00:00
2004-12-12,21:00:00,125.0,1120.0,10.6,51.2,0.6541,2004-12-12 21:00:00
2004-12-12,22:00:00,110.0,1058.0,9.6,51.7,0.6163,2004-12-12 22:00:00
2004-12-12,23:00:00,112.0,1064.0,8.7,55.2,0.6225,2004-12-12 23:00:00
2004-12-13,00:00:00,112.0,1156.0,7.9,60.2,0.6432,2004-12-13 00:00:00
2004-12-13,01:00:00,102.0,1048.0,7.9,59.2,0.6331,2004-12-13 01:00:00
2004-12-13,02:00:00,90.0,1056.0,6.7,64.6,0.6381,2004-12-13 02:00:00
2004-12-13,03:00:00,80.11538461538461,931.0,6.9,62.3,0.6227,2004-12-13 03:00:00
2004-12-13,04:00:00,66.0,935.0,6.3,64.6,0.6197,2004-12-13 04:00:00
2004-12-13,05:00:00,64.0,919.0,6.4,63.3,0.6123,2004-12-13 05:00:00
2004-12-13,06:00:00,81.0,972.0,6.4,64.4,0.6204,2004-12-13 06:00:00
2004-12-13,07:00:00,106.0,1112.0,5.6,68.9,0.6328,2004-12-13 07:00:00
2004-12-13,08:00:00,140.0,1389.0,6.4,65.6,0.6348,2004-12-13 08:00:00
2004-12-13,09:00:00,138.0,1382.0,7.3,61.4,0.6306,2004-12-13 09:00:00
2004-12-13,10:00:00,165.0,1391.0,9.6,53.7,0.6409,2004-12-13 10:00:00
2004-12-13,11:00:00,214.0,1509.0,12.0,45.9,0.6421,2004-12-13 11:00:00
2004-12-13,12:00:00,178.0,1370.0,12.7,44.4,0.6512,2004-12-13 12:00:00
2004-12-13,13:00:00,187.0,1515.0,13.9,42.8,0.6761,2004-12-13 13:00:00
2004-12-13,14:00:00,203.0,1536.0,15.0,41.4,0.7016,2004-12-13 14:00:00
2004-12-13,15:00:00,204.0,1559.0,16.0,38.7,0.6987,2004-12-13 15:00:00
2004-12-13,16:00:00,198.0,1615.0,16.0,38.6,0.6952,2004-12-13 16:00:00
2004-12-13,17:00:00,218.0,1822.0,14.1,44.9,0.7194,2004-12-13 17:00:00
2004-12-13,18:00:00,269.0,2271.0,12.6,55.9,0.8142,2004-12-13 18:00:00
2004-12-13,19:00:00,217.0,1880.0,11.7,60.8,0.8336,2004-12-13 19:00:00
2004-12-13,20:00:00,183.0,1514.0,11.5,60.9,0.8249,2004-12-13 20:00:00
2004-12-13,21:00:00,147.0,1338.0,10.6,64.1,0.8182,2004-12-13 21:00:00
2004-12-13,22:00:00,120.0,1214.0,10.1,66.2,0.8185,2004-12-13 22:00:00
2004-12-13,23:00:00,112.0,1174.0,9.0,70.1,0.8036,2004-12-13 23:00:00
2004-12-14,00:00:00,107.0,1150.0,8.6,70.5,0.7915,2004-12-14 00:00:00
2004-12-14,01:00:00,103.0,1234.0,7.6,74.3,0.7783,2004-12-14 01:00:00
2004-12-14,02:00:00,97.0,1174.0,6.9,76.1,0.759,2004-12-14 02:00:00
2004-12-14,03:00:00,80.11538461538461,1032.0,8.0,70.6,0.7607,2004-12-14 03:00:00
2004-12-14,04:00:00,74.0,1007.0,6.8,75.4,0.7475,2004-12-14 04:00:00
2004-12-14,05:00:00,68.0,1015.0,6.6,75.3,0.7378,2004-12-14 05:00:00
2004-12-14,06:00:00,92.0,1080.0,6.0,77.3,0.7262,2004-12-14 06:00:00
2004-12-14,07:00:00,111.0,1196.0,6.0,76.7,0.722,2004-12-14 07:00:00
2004-12-14,08:00:00,133.0,1412.0,6.9,73.7,0.7348,2004-12-14 08:00:00
2004-12-14,09:00:00,139.0,1767.0,7.6,70.6,0.7371,2004-12-14 09:00:00
2004-12-14,10:00:00,192.0,1843.0,9.3,64.2,0.7544,2004-12-14 10:00:00
2004-12-14,11:00:00,192.0,1608.0,11.7,55.7,0.763,2004-12-14 11:00:00
2004-12-14,12:00:00,206.0,1546.0,12.9,54.1,0.8003,2004-12-14 12:00:00
2004-12-14,13:00:00,182.0,1706.0,14.0,53.0,0.8451,2004-12-14 13:00:00
2004-12-14,14:00:00,192.0,1570.0,15.1,50.2,0.8552,2004-12-14 14:00:00
2004-12-14,15:00:00,188.0,1538.0,16.7,47.3,0.8883,2004-12-14 15:00:00
2004-12-14,16:00:00,186.0,1778.0,16.8,48.4,0.9175,2004-12-14 16:00:00
2004-12-14,17:00:00,257.0,1774.8947368421052,16.753947368421052,48.6578947368421,0.9190802631578947,2004-12-14 17:00:00
2004-12-14,18:00:00,248.0,1771.7894736842106,16.707894736842107,48.91578947368421,0.9206605263157894,2004-12-14 18:00:00
2004-12-14,19:00:00,208.0,1768.6842105263158,16.66184210526316,49.17368421052632,0.9222407894736842,2004-12-14 19:00:00
2004-12-14,20:00:00,167.0,1765.578947368421,16.61578947368421,49.43157894736842,0.923821052631579,2004-12-14 20:00:00
2004-12-14,21:00:00,148.0,1762.4736842105262,16.569736842105264,49.689473684210526,0.9254013157894737,2004-12-14 21:00:00
2004-12-14,22:00:00,112.0,1759.3684210526317,16.523684210526316,49.94736842105263,0.9269815789473684,2004-12-14 22:00:00
2004-12-14,23:00:00,108.0,1756.2631578947369,16.47763157894737,50.205263157894734,0.9285618421052632,2004-12-14 23:00:00
2004-12-15,00:00:00,115.0,1753.157894736842,16.431578947368422,50.46315789473684,0.9301421052631579,2004-12-15 00:00:00
2004-12-15,01:00:00,96.0,1750.0526315789473,16.385526315789473,50.72105263157895,0.9317223684210526,2004-12-15 01:00:00
2004-12-15,02:00:00,87.0,1746.9473684210527,16.339473684210528,50.97894736842105,0.9333026315789473,2004-12-15 02:00:00
2004-12-15,03:00:00,80.11538461538461,1743.842105263158,16.29342105263158,51.23684210526316,0.934882894736842,2004-12-15 03:00:00
2004-12-15,04:00:00,61.0,1740.7368421052631,16.24736842105263,51.49473684210526,0.9364631578947369,2004-12-15 04:00:00
2004-12-15,05:00:00,61.0,1737.6315789473683,16.201315789473686,51.752631578947366,0.9380434210526316,2004-12-15 05:00:00
2004-12-15,06:00:00,82.0,1734.5263157894738,16.155263157894737,52.01052631578947,0.9396236842105263,2004-12-15 06:00:00
2004-12-15,07:00:00,83.0,1731.421052631579,16.109210526315792,52.26842105263158,0.9412039473684211,2004-12-15 07:00:00
2004-12-15,08:00:00,116.0,1728.3157894736842,16.063157894736843,52.526315789473685,0.9427842105263158,2004-12-15 08:00:00
2004-12-15,09:00:00,147.0,1725.2105263157894,16.017105263157895,52.78421052631579,0.9443644736842105,2004-12-15 09:00:00
2004-12-15,10:00:00,167.0,1722.1052631578948,15.971052631578948,53.04210526315789,0.9459447368421052,2004-12-15 10:00:00
2004-12-15,11:00:00,176.0,1719.0,15.925,53.3,0.947525,2004-12-15 11:00:00
2004-12-15,12:00:00,177.0,1715.8947368421052,15.878947368421054,53.5578947368421,0.9491052631578948,2004-12-15 12:00:00
2004-12-15,13:00:00,169.0,1712.7894736842106,15.832894736842107,53.81578947368421,0.9506855263157895,2004-12-15 13:00:00
2004-12-15,14:00:00,181.0,1709.6842105263158,15.786842105263158,54.07368421052632,0.9522657894736842,2004-12-15 14:00:00
2004-12-15,15:00:00,183.0,1706.578947368421,15.740789473684211,54.33157894736842,0.953846052631579,2004-12-15 15:00:00
2004-12-15,16:00:00,176.0,1703.4736842105262,15.694736842105264,54.589473684210525,0.9554263157894737,2004-12-15 16:00:00
2004-12-15,17:00:00,229.0,1700.3684210526317,15.648684210526316,54.84736842105263,0.9570065789473684,2004-12-15 17:00:00
2004-12-15,18:00:00,214.0,1697.2631578947369,15.602631578947369,55.10526315789474,0.9585868421052631,2004-12-15 18:00:00
2004-12-15,19:00:00,137.0,1694.157894736842,15.556578947368422,55.363157894736844,0.960167105263158,2004-12-15 19:00:00
2004-12-15,20:00:00,115.0,1691.0526315789473,15.510526315789475,55.62105263157895,0.9617473684210527,2004-12-15 20:00:00
2004-12-15,21:00:00,107.0,1687.9473684210527,15.464473684210526,55.87894736842105,0.9633276315789474,2004-12-15 21:00:00
2004-12-15,22:00:00,105.0,1684.842105263158,15.41842105263158,56.136842105263156,0.9649078947368421,2004-12-15 22:00:00
2004-12-15,23:00:00,96.0,1681.7368421052631,15.372368421052633,56.39473684210526,0.9664881578947369,2004-12-15 23:00:00
2004-12-16,00:00:00,100.0,1678.6315789473683,15.326315789473686,56.652631578947364,0.9680684210526316,2004-12-16 00:00:00
2004-12-16,01:00:00,100.0,1675.5263157894738,15.280263157894737,56.910526315789475,0.9696486842105263,2004-12-16 01:00:00
2004-12-16,02:00:00,92.0,1672.421052631579,15.23421052631579,57.16842105263158,0.971228947368421,2004-12-16 02:00:00
2004-12-16,03:00:00,80.11538461538461,1669.3157894736842,15.188157894736843,57.42631578947368,0.9728092105263159,2004-12-16 03:00:00
2004-12-16,04:00:00,81.0,1666.2105263157896,15.142105263157896,57.68421052631579,0.9743894736842106,2004-12-16 04:00:00
2004-12-16,05:00:00,74.0,1663.1052631578948,15.096052631578948,57.94210526315789,0.9759697368421053,2004-12-16 05:00:00
2004-12-16,06:00:00,81.0,1660.0,15.05,58.2,0.97755,2004-12-16 06:00:00
2004-12-16,07:00:00,99.0,1656.8947368421052,15.003947368421054,58.45789473684211,0.9791302631578948,2004-12-16 07:00:00
2004-12-16,08:00:00,123.0,1653.7894736842106,14.957894736842107,58.71578947368421,0.9807105263157895,2004-12-16 08:00:00
2004-12-16,09:00:00,146.0,1650.6842105263158,14.911842105263158,58.973684210526315,0.9822907894736842,2004-12-16 09:00:00
2004-12-16,10:00:00,161.0,1647.578947368421,14.865789473684211,59.23157894736842,0.983871052631579,2004-12-16 10:00:00
2004-12-16,11:00:00,210.0,1644.4736842105262,14.819736842105264,59.48947368421052,0.9854513157894738,2004-12-16 11:00:00
2004-12-16,12:00:00,190.0,1641.3684210526317,14.773684210526316,59.74736842105263,0.9870315789473685,2004-12-16 12:00:00
2004-12-16,13:00:00,170.0,1638.2631578947369,14.727631578947369,60.00526315789474,0.9886118421052632,2004-12-16 13:00:00
2004-12-16,14:00:00,212.0,1635.157894736842,14.681578947368422,60.26315789473684,0.9901921052631579,2004-12-16 14:00:00
2004-12-16,15:00:00,217.0,1632.0526315789473,14.635526315789475,60.52105263157895,0.9917723684210527,2004-12-16 15:00:00
2004-12-16,16:00:00,236.0,1628.9473684210527,14.589473684210528,60.77894736842105,0.9933526315789474,2004-12-16 16:00:00
2004-12-16,17:00:00,217.0,1625.842105263158,14.54342105263158,61.03684210526316,0.9949328947368421,2004-12-16 17:00:00
2004-12-16,18:00:00,231.0,1622.7368421052631,14.497368421052633,61.294736842105266,0.9965131578947368,2004-12-16 18:00:00
2004-12-16,19:00:00,227.0,1619.6315789473683,14.451315789473686,61.55263157894737,0.9980934210526317,2004-12-16 19:00:00
2004-12-16,20:00:00,219.0,1616.5263157894738,14.405263157894737,61.810526315789474,0.9996736842105264,2004-12-16 20:00:00
2004-12-16,21:00:00,203.0,1613.421052631579,14.35921052631579,62.06842105263158,1.001253947368421,2004-12-16 21:00:00
2004-12-16,22:00:00,186.0,1610.3157894736842,14.313157894736843,62.32631578947368,1.002834210526316,2004-12-16 22:00:00
2004-12-16,23:00:00,173.0,1607.2105263157896,14.267105263157895,62.584210526315786,1.0044144736842107,2004-12-16 23:00:00
2004-12-17,00:00:00,162.0,1604.1052631578948,14.221052631578948,62.84210526315789,1.0059947368421054,2004-12-17 00:00:00
2004-12-17,01:00:00,161.0,1601.0,14.175,63.1,1.007575,2004-12-17 01:00:00
2004-12-17,02:00:00,144.0,1597.8947368421052,14.128947368421054,63.357894736842105,1.0091552631578948,2004-12-17 02:00:00
2004-12-17,03:00:00,80.11538461538461,1594.7894736842104,14.082894736842107,63.61578947368421,1.0107355263157896,2004-12-17 03:00:00
2004-12-17,04:00:00,119.0,1591.6842105263158,14.036842105263158,63.873684210526314,1.0123157894736843,2004-12-17 04:00:00
2004-12-17,05:00:00,112.0,1588.578947368421,13.990789473684211,64.13157894736842,1.013896052631579,2004-12-17 05:00:00
2004-12-17,06:00:00,111.0,1585.4736842105262,13.944736842105264,64.38947368421053,1.0154763157894737,2004-12-17 06:00:00
2004-12-17,07:00:00,122.0,1582.3684210526317,13.898684210526316,64.64736842105263,1.0170565789473685,2004-12-17 07:00:00
2004-12-17,08:00:00,137.0,1579.2631578947369,13.852631578947369,64.90526315789474,1.0186368421052632,2004-12-17 08:00:00
2004-12-17,09:00:00,151.0,1576.157894736842,13.806578947368422,65.16315789473684,1.020217105263158,2004-12-17 09:00:00
2004-12-17,10:00:00,164.0,1573.0526315789473,13.760526315789475,65.42105263157895,1.0217973684210526,2004-12-17 10:00:00
2004-12-17,11:00:00,198.0,1569.9473684210527,13.714473684210528,65.67894736842105,1.0233776315789473,2004-12-17 11:00:00
2004-12-17,12:00:00,213.0,1566.842105263158,13.66842105263158,65.93684210526315,1.024957894736842,2004-12-17 12:00:00
2004-12-17,13:00:00,164.0,1563.7368421052631,13.622368421052633,66.19473684210527,1.0265381578947368,2004-12-17 13:00:00
2004-12-17,14:00:00,177.0,1560.6315789473683,13.576315789473686,66.45263157894738,1.0281184210526317,2004-12-17 14:00:00
2004-12-17,15:00:00,168.0,1557.5263157894738,13.530263157894737,66.71052631578948,1.0296986842105265,2004-12-17 15:00:00
2004-12-17,16:00:00,150.0,1554.421052631579,13.48421052631579,66.96842105263158,1.0312789473684212,2004-12-17 16:00:00
2004-12-17,17:00:00,152.0,1551.3157894736842,13.438157894736843,67.22631578947369,1.032859210526316,2004-12-17 17:00:00
2004-12-17,18:00:00,138.0,1548.2105263157896,13.392105263157896,67.48421052631579,1.0344394736842106,2004-12-17 18:00:00
2004-12-17,19:00:00,129.0,1545.1052631578948,13.346052631578948,67.7421052631579,1.0360197368421054,2004-12-17 19:00:00
2004-12-17,20:00:00,130.0,1542.0,13.3,68.0,1.0376,2004-12-17 20:00:00
2004-12-17,21:00:00,137.0,1451.0,13.2,72.8,1.0984,2004-12-17 21:00:00
2004-12-17,22:00:00,125.0,1317.0,12.6,76.5,1.1106,2004-12-17 22:00:00
2004-12-17,23:00:00,106.0,1232.0,12.6,74.3,1.0843,2004-12-17 23:00:00
2004-12-18,00:00:00,121.0,1220.0,12.9,72.1,1.0658,2004-12-18 00:00:00
2004-12-18,01:00:00,101.0,1202.0,13.1,70.5,1.0594,2004-12-18 01:00:00
2004-12-18,02:00:00,100.0,1196.0,12.4,73.8,1.0574,2004-12-18 02:00:00
2004-12-18,03:00:00,80.11538461538461,1193.0,12.2,74.5,1.0537,2004-12-18 03:00:00
2004-12-18,04:00:00,86.0,1189.0,11.8,76.3,1.0547,2004-12-18 04:00:00
2004-12-18,05:00:00,90.0,1245.0,10.8,80.0,1.0367,2004-12-18 05:00:00
2004-12-18,06:00:00,89.0,1189.0,10.4,77.3,0.9709,2004-12-18 06:00:00
2004-12-18,07:00:00,96.0,1173.0,10.0,76.2,0.9332,2004-12-18 07:00:00
2004-12-18,08:00:00,125.0,1287.0,9.4,67.7,0.8018,2004-12-18 08:00:00
2004-12-18,09:00:00,143.0,1448.0,9.3,71.2,0.8325,2004-12-18 09:00:00
2004-12-18,10:00:00,153.0,1375.0,12.6,54.0,0.784,2004-12-18 10:00:00
2004-12-18,11:00:00,140.0,1046.0,16.1,28.5,0.5164,2004-12-18 11:00:00
2004-12-18,12:00:00,92.0,842.0,16.6,19.9,0.3728,2004-12-18 12:00:00
2004-12-18,13:00:00,78.0,799.0,15.9,18.2,0.3255,2004-12-18 13:00:00
2004-12-18,14:00:00,68.0,737.0,14.3,18.4,0.2991,2004-12-18 14:00:00
2004-12-18,15:00:00,64.0,682.0,15.0,16.3,0.2749,2004-12-18 15:00:00
2004-12-18,16:00:00,80.0,750.0,14.9,17.1,0.2875,2004-12-18 16:00:00
2004-12-18,17:00:00,81.0,764.0,13.2,18.8,0.2837,2004-12-18 17:00:00
2004-12-18,18:00:00,102.0,802.0,12.4,19.6,0.2797,2004-12-18 18:00:00
2004-12-18,19:00:00,132.0,974.0,11.9,21.3,0.2957,2004-12-18 19:00:00
2004-12-18,20:00:00,162.0,1250.0,11.1,24.8,0.3264,2004-12-18 20:00:00
2004-12-18,21:00:00,179.0,1196.0,10.1,29.7,0.3666,2004-12-18 21:00:00
2004-12-18,22:00:00,148.0,901.0,10.2,23.8,0.2955,2004-12-18 22:00:00
2004-12-18,23:00:00,146.0,1005.0,9.4,27.4,0.3239,2004-12-18 23:00:00
2004-12-19,00:00:00,164.0,1181.0,7.9,39.0,0.4154,2004-12-19 00:00:00
2004-12-19,01:00:00,162.0,1114.0,7.6,40.6,0.4273,2004-12-19 01:00:00
2004-12-19,02:00:00,118.0,923.0,6.4,43.7,0.4242,2004-12-19 02:00:00
2004-12-19,03:00:00,80.11538461538461,878.0,6.3,44.7,0.4293,2004-12-19 03:00:00
2004-12-19,04:00:00,78.0,834.0,5.1,46.5,0.4125,2004-12-19 04:00:00
2004-12-19,05:00:00,79.0,869.0,3.3,53.5,0.418,2004-12-19 05:00:00
2004-12-19,06:00:00,62.0,852.0,4.8,49.9,0.4325,2004-12-19 06:00:00
2004-12-19,07:00:00,85.0,881.0,2.2,60.1,0.4361,2004-12-19 07:00:00
2004-12-19,08:00:00,110.0,905.0,2.5,59.3,0.4401,2004-12-19 08:00:00
2004-12-19,09:00:00,99.0,865.0,3.2,55.7,0.4344,2004-12-19 09:00:00
2004-12-19,10:00:00,101.0,959.0,5.0,48.8,0.429,2004-12-19 10:00:00
2004-12-19,11:00:00,129.0,1081.0,5.8,49.8,0.4613,2004-12-19 11:00:00
2004-12-19,12:00:00,132.0,1058.0,6.0,47.6,0.4488,2004-12-19 12:00:00
2004-12-19,13:00:00,148.0,1143.0,7.4,44.6,0.4613,2004-12-19 13:00:00
2004-12-19,14:00:00,134.0,1264.0,5.2,73.1,0.6535,2004-12-19 14:00:00
2004-12-19,15:00:00,148.0,1354.0,4.8,81.4,0.7055,2004-12-19 15:00:00
2004-12-19,16:00:00,146.0,1260.0,4.7,82.3,0.7105,2004-12-19 16:00:00
2004-12-19,17:00:00,148.0,1287.0,4.7,82.8,0.7157,2004-12-19 17:00:00
2004-12-19,18:00:00,175.0,1453.0,4.7,83.4,0.7177,2004-12-19 18:00:00
2004-12-19,19:00:00,170.0,1365.0,5.2,83.1,0.7411,2004-12-19 19:00:00
2004-12-19,20:00:00,173.0,1424.0,5.5,84.1,0.7657,2004-12-19 20:00:00
2004-12-19,21:00:00,151.0,1360.0,5.8,84.5,0.7822,2004-12-19 21:00:00
2004-12-19,22:00:00,129.0,1286.0,6.2,84.1,0.8018,2004-12-19 22:00:00
2004-12-19,23:00:00,126.0,1226.0,6.6,83.3,0.8183,2004-12-19 23:00:00
2004-12-20,00:00:00,127.0,1250.0,6.8,82.8,0.8216,2004-12-20 00:00:00
2004-12-20,01:00:00,118.0,1211.0,8.2,78.4,0.8561,2004-12-20 01:00:00
2004-12-20,02:00:00,83.0,1059.0,9.7,70.9,0.8539,2004-12-20 02:00:00
2004-12-20,03:00:00,80.11538461538461,1019.0,9.5,69.9,0.8298,2004-12-20 03:00:00
2004-12-20,04:00:00,60.0,970.0,9.3,65.9,0.7757,2004-12-20 04:00:00
2004-12-20,05:00:00,37.0,905.0,8.8,62.9,0.7154,2004-12-20 05:00:00
2004-12-20,06:00:00,39.0,881.0,8.6,58.8,0.6603,2004-12-20 06:00:00
2004-12-20,07:00:00,70.0,997.0,9.2,55.9,0.6521,2004-12-20 07:00:00
2004-12-20,08:00:00,108.0,1059.0,8.4,57.7,0.6376,2004-12-20 08:00:00
2004-12-20,09:00:00,119.0,1133.0,8.5,60.4,0.6713,2004-12-20 09:00:00
2004-12-20,10:00:00,111.0,1047.0,8.9,57.4,0.6575,2004-12-20 10:00:00
2004-12-20,11:00:00,106.0,999.0,9.2,55.8,0.6479,2004-12-20 11:00:00
2004-12-20,12:00:00,105.0,1030.0,9.6,53.9,0.6425,2004-12-20 12:00:00
2004-12-20,13:00:00,114.0,1020.0,9.6,52.4,0.6276,2004-12-20 13:00:00
2004-12-20,14:00:00,93.0,983.0,9.7,49.8,0.5998,2004-12-20 14:00:00
2004-12-20,15:00:00,89.0,944.0,9.4,44.9,0.5296,2004-12-20 15:00:00
2004-12-20,16:00:00,102.0,966.0,9.8,41.9,0.5083,2004-12-20 16:00:00
2004-12-20,17:00:00,129.0,1004.0,8.9,44.9,0.5125,2004-12-20 17:00:00
2004-12-20,18:00:00,151.0,1159.0,8.4,45.4,0.5035,2004-12-20 18:00:00
2004-12-20,19:00:00,151.0,1103.0,8.0,41.0,0.4416,2004-12-20 19:00:00
2004-12-20,20:00:00,149.0,1066.0,7.9,37.1,0.3974,2004-12-20 20:00:00
2004-12-20,21:00:00,149.0,950.0,7.8,33.9,0.3594,2004-12-20 21:00:00
2004-12-20,22:00:00,114.0,783.0,7.3,32.4,0.334,2004-12-20 22:00:00
2004-12-20,23:00:00,104.0,826.0,7.4,34.6,0.3576,2004-12-20 23:00:00
2004-12-21,00:00:00,104.0,823.0,7.1,33.7,0.3417,2004-12-21 00:00:00
2004-12-21,01:00:00,127.0,849.0,6.4,35.8,0.3471,2004-12-21 01:00:00
2004-12-21,02:00:00,53.0,698.0,5.6,37.7,0.3444,2004-12-21 02:00:00
2004-12-21,03:00:00,80.11538461538461,698.0,5.6,37.6,0.3448,2004-12-21 03:00:00
2004-12-21,04:00:00,39.0,702.0,5.3,38.8,0.3473,2004-12-21 04:00:00
2004-12-21,05:00:00,41.0,734.0,4.7,41.4,0.3576,2004-12-21 05:00:00
2004-12-21,06:00:00,97.0,802.0,4.3,43.9,0.3675,2004-12-21 06:00:00
2004-12-21,07:00:00,120.0,806.0,4.9,40.6,0.3539,2004-12-21 07:00:00
2004-12-21,08:00:00,167.0,1221.0,5.1,40.8,0.3603,2004-12-21 08:00:00
2004-12-21,09:00:00,198.0,1453.0,6.5,38.1,0.3709,2004-12-21 09:00:00
2004-12-21,10:00:00,157.0,1022.0,7.4,36.5,0.3778,2004-12-21 10:00:00
2004-12-21,11:00:00,125.0,910.0,7.9,36.4,0.3889,2004-12-21 11:00:00
2004-12-21,12:00:00,135.0,943.0,7.8,36.8,0.3908,2004-12-21 12:00:00
2004-12-21,13:00:00,138.0,1041.0,8.7,33.7,0.379,2004-12-21 13:00:00
2004-12-21,14:00:00,132.0,935.0,8.5,34.3,0.3813,2004-12-21 14:00:00
2004-12-21,15:00:00,142.0,947.0,8.9,34.5,0.3946,2004-12-21 15:00:00
2004-12-21,16:00:00,137.0,993.0,8.8,35.7,0.4043,2004-12-21 16:00:00
2004-12-21,17:00:00,145.0,1054.0,7.9,38.6,0.4137,2004-12-21 17:00:00
2004-12-21,18:00:00,166.0,1230.0,7.6,40.1,0.4195,2004-12-21 18:00:00
2004-12-21,19:00:00,165.0,1171.0,6.9,40.3,0.4025,2004-12-21 19:00:00
2004-12-21,20:00:00,175.0,1308.0,6.5,41.7,0.4047,2004-12-21 20:00:00
2004-12-21,21:00:00,185.0,1152.0,6.3,42.6,0.4106,2004-12-21 21:00:00
2004-12-21,22:00:00,166.0,1025.0,5.9,44.7,0.4186,2004-12-21 22:00:00
2004-12-21,23:00:00,140.0,918.0,5.8,43.4,0.4037,2004-12-21 23:00:00
2004-12-22,00:00:00,133.0,937.0,5.8,42.5,0.3937,2004-12-22 00:00:00
2004-12-22,01:00:00,144.0,949.0,5.6,42.0,0.3856,2004-12-22 01:00:00
2004-12-22,02:00:00,126.0,872.0,5.3,42.3,0.3806,2004-12-22 02:00:00
2004-12-22,03:00:00,80.11538461538461,814.0,5.1,43.5,0.3852,2004-12-22 03:00:00
2004-12-22,04:00:00,72.0,770.0,5.1,44.8,0.3967,2004-12-22 04:00:00
2004-12-22,05:00:00,70.0,774.0,5.2,45.9,0.4099,2004-12-22 05:00:00
2004-12-22,06:00:00,74.0,807.0,4.7,49.0,0.4209,2004-12-22 06:00:00
2004-12-22,07:00:00,124.0,875.0,4.5,51.8,0.4418,2004-12-22 07:00:00
2004-12-22,08:00:00,152.0,1054.0,4.5,53.0,0.4495,2004-12-22 08:00:00
2004-12-22,09:00:00,174.0,1151.0,4.8,53.1,0.4605,2004-12-22 09:00:00
2004-12-22,10:00:00,161.0,1015.0,7.8,42.0,0.4464,2004-12-22 10:00:00
2004-12-22,11:00:00,120.0,969.0,9.3,37.6,0.4391,2004-12-22 11:00:00
2004-12-22,12:00:00,111.0,1012.0,10.0,34.2,0.4212,2004-12-22 12:00:00
2004-12-22,13:00:00,128.0,991.0,10.3,32.6,0.4094,2004-12-22 13:00:00
2004-12-22,14:00:00,133.0,969.0,9.8,31.8,0.3858,2004-12-22 14:00:00
2004-12-22,15:00:00,121.0,907.0,9.8,30.3,0.3658,2004-12-22 15:00:00
2004-12-22,16:00:00,147.0,989.0,9.6,29.6,0.3545,2004-12-22 16:00:00
2004-12-22,17:00:00,136.0,1024.0,8.1,32.5,0.3516,2004-12-22 17:00:00
2004-12-22,18:00:00,153.0,984.0,6.8,36.1,0.3575,2004-12-22 18:00:00
2004-12-22,19:00:00,178.0,1086.0,6.4,36.5,0.3519,2004-12-22 19:00:00
2004-12-22,20:00:00,174.0,1163.0,5.9,37.8,0.3528,2004-12-22 20:00:00
2004-12-22,21:00:00,166.0,1033.0,5.1,40.7,0.3621,2004-12-22 21:00:00
2004-12-22,22:00:00,169.0,1053.0,4.8,45.1,0.3925,2004-12-22 22:00:00
2004-12-22,23:00:00,132.0,861.0,4.5,43.9,0.3728,2004-12-22 23:00:00
2004-12-23,00:00:00,127.0,883.0,5.2,44.1,0.3939,2004-12-23 00:00:00
2004-12-23,01:00:00,113.0,896.0,4.3,46.4,0.3896,2004-12-23 01:00:00
2004-12-23,02:00:00,128.0,914.0,3.0,52.5,0.4021,2004-12-23 02:00:00
2004-12-23,03:00:00,80.11538461538461,882.0,2.3,56.3,0.4134,2004-12-23 03:00:00
2004-12-23,04:00:00,85.0,867.0,1.5,61.4,0.4235,2004-12-23 04:00:00
2004-12-23,05:00:00,77.0,807.0,4.0,50.4,0.4154,2004-12-23 05:00:00
2004-12-23,06:00:00,78.0,847.0,2.8,55.2,0.4177,2004-12-23 06:00:00
2004-12-23,07:00:00,115.0,960.0,1.2,61.4,0.4159,2004-12-23 07:00:00
2004-12-23,08:00:00,169.0,1166.0,1.4,61.3,0.4208,2004-12-23 08:00:00
2004-12-23,09:00:00,174.0,1178.0,2.2,58.1,0.4218,2004-12-23 09:00:00
2004-12-23,10:00:00,171.0,1120.0,4.3,49.4,0.4138,2004-12-23 10:00:00
2004-12-23,11:00:00,179.0,1221.0,6.6,42.5,0.416,2004-12-23 11:00:00
2004-12-23,12:00:00,193.0,1202.0,8.0,38.3,0.4133,2004-12-23 12:00:00
2004-12-23,13:00:00,210.0,1237.0,9.1,36.1,0.4172,2004-12-23 13:00:00
2004-12-23,14:00:00,224.0,1320.0,10.0,34.7,0.4259,2004-12-23 14:00:00
2004-12-23,15:00:00,175.0,1168.0,11.0,33.0,0.4331,2004-12-23 15:00:00
2004-12-23,16:00:00,177.0,1325.0,11.3,33.6,0.4504,2004-12-23 16:00:00
2004-12-23,17:00:00,208.0,1661.0,9.4,41.3,0.4888,2004-12-23 17:00:00
2004-12-23,18:00:00,247.0,1757.0,8.0,45.9,0.4936,2004-12-23 18:00:00
2004-12-23,19:00:00,242.0,1820.0,7.1,50.3,0.51,2004-12-23 19:00:00
2004-12-23,20:00:00,252.0,1832.0,6.2,56.9,0.5419,2004-12-23 20:00:00
2004-12-23,21:00:00,228.0,1574.0,6.3,57.9,0.5575,2004-12-23 21:00:00
2004-12-23,22:00:00,196.0,1389.0,6.2,56.8,0.5421,2004-12-23 22:00:00
2004-12-23,23:00:00,190.0,1283.0,6.1,54.7,0.5201,2004-12-23 23:00:00
2004-12-24,00:00:00,187.0,1300.0,6.0,55.6,0.5244,2004-12-24 00:00:00
2004-12-24,01:00:00,174.0,1234.0,5.1,59.0,0.5248,2004-12-24 01:00:00
2004-12-24,02:00:00,158.0,1164.0,5.1,58.4,0.517,2004-12-24 02:00:00
2004-12-24,03:00:00,80.11538461538461,1140.0,4.7,60.8,0.5232,2004-12-24 03:00:00
2004-12-24,04:00:00,132.0,1082.0,4.2,63.1,0.5259,2004-12-24 04:00:00
2004-12-24,05:00:00,121.0,1093.0,4.3,64.1,0.537,2004-12-24 05:00:00
2004-12-24,06:00:00,136.0,1079.0,4.8,61.9,0.537,2004-12-24 06:00:00
2004-12-24,07:00:00,138.0,1124.0,5.3,61.1,0.5499,2004-12-24 07:00:00
2004-12-24,08:00:00,149.0,1299.0,5.7,61.3,0.5657,2004-12-24 08:00:00
2004-12-24,09:00:00,165.0,1483.0,6.1,60.5,0.5719,2004-12-24 09:00:00
2004-12-24,10:00:00,170.0,1421.0,6.7,59.7,0.589,2004-12-24 10:00:00
2004-12-24,11:00:00,165.0,1428.0,7.2,58.6,0.5986,2004-12-24 11:00:00
2004-12-24,12:00:00,167.0,1406.0,8.0,55.9,0.6018,2004-12-24 12:00:00
2004-12-24,13:00:00,197.0,1624.0,9.8,52.4,0.6349,2004-12-24 13:00:00
2004-12-24,14:00:00,217.0,1563.0,10.5,51.1,0.6503,2004-12-24 14:00:00
2004-12-24,15:00:00,204.0,1405.0,10.8,52.4,0.6767,2004-12-24 15:00:00
2004-12-24,16:00:00,193.0,1610.0,10.6,55.3,0.7058,2004-12-24 16:00:00
2004-12-24,17:00:00,192.0,1578.0,10.4,57.0,0.7167,2004-12-24 17:00:00
2004-12-24,18:00:00,175.0,1598.0,10.2,58.3,0.7256,2004-12-24 18:00:00
2004-12-24,19:00:00,168.0,1572.8333333333333,10.066666666666666,59.599999999999994,0.7349333333333333,2004-12-24 19:00:00
2004-12-24,20:00:00,170.0,1547.6666666666667,9.933333333333334,60.9,0.7442666666666666,2004-12-24 20:00:00
2004-12-24,21:00:00,157.0,1522.5,9.8,62.199999999999996,0.7536,2004-12-24 21:00:00
2004-12-24,22:00:00,143.0,1497.3333333333333,9.666666666666666,63.49999999999999,0.7629333333333334,2004-12-24 22:00:00
2004-12-24,23:00:00,152.0,1472.1666666666667,9.533333333333333,64.8,0.7722666666666667,2004-12-24 23:00:00
2004-12-25,00:00:00,169.0,1447.0,9.4,66.1,0.7816,2004-12-25 00:00:00
2004-12-25,01:00:00,164.0,1395.0,9.6,65.9,0.7869,2004-12-25 01:00:00
2004-12-25,02:00:00,154.0,1385.0,9.5,66.2,0.7882,2004-12-25 02:00:00
2004-12-25,03:00:00,80.11538461538461,1328.0,9.2,67.3,0.7851,2004-12-25 03:00:00
2004-12-25,04:00:00,130.0,1304.0,9.1,68.7,0.7925,2004-12-25 04:00:00
2004-12-25,05:00:00,119.0,1250.0,9.0,69.8,0.8039,2004-12-25 05:00:00
2004-12-25,06:00:00,106.0,1246.0,8.9,70.5,0.8056,2004-12-25 06:00:00
2004-12-25,07:00:00,111.0,1267.0,8.9,70.4,0.8074,2004-12-25 07:00:00
2004-12-25,08:00:00,122.0,1247.0,9.1,69.6,0.8045,2004-12-25 08:00:00
2004-12-25,09:00:00,121.0,1272.0,9.0,70.8,0.8173,2004-12-25 09:00:00
2004-12-25,10:00:00,136.0,1319.0,9.8,68.6,0.8324,2004-12-25 10:00:00
2004-12-25,11:00:00,138.0,1316.0,10.2,67.3,0.8373,2004-12-25 11:00:00
2004-12-25,12:00:00,147.0,1383.0,10.7,65.0,0.8378,2004-12-25 12:00:00
2004-12-25,13:00:00,178.0,1491.0,11.4,62.9,0.8454,2004-12-25 13:00:00
2004-12-25,14:00:00,176.0,1351.0,12.2,61.1,0.8652,2004-12-25 14:00:00
2004-12-25,15:00:00,159.0,1266.0,12.1,61.8,0.8723,2004-12-25 15:00:00
2004-12-25,16:00:00,168.0,1366.0,11.7,65.6,0.898,2004-12-25 16:00:00
2004-12-25,17:00:00,181.0,1435.0,11.4,67.9,0.9119,2004-12-25 17:00:00
2004-12-25,18:00:00,184.0,1513.0,11.2,70.8,0.9386,2004-12-25 18:00:00
2004-12-25,19:00:00,170.0,1555.0,10.9,75.9,0.9868,2004-12-25 19:00:00
2004-12-25,20:00:00,174.0,1689.0,11.3,78.3,1.0455,2004-12-25 20:00:00
2004-12-25,21:00:00,136.0,1488.0,10.3,82.8,1.0369,2004-12-25 21:00:00
2004-12-25,22:00:00,127.0,1542.0,10.4,82.5,1.0406,2004-12-25 22:00:00
2004-12-25,23:00:00,125.0,1485.0,11.0,81.7,1.0727,2004-12-25 23:00:00
2004-12-26,00:00:00,121.0,1321.0,11.7,79.8,1.0964,2004-12-26 00:00:00
2004-12-26,01:00:00,117.0,1281.0,11.6,80.0,1.0924,2004-12-26 01:00:00
2004-12-26,02:00:00,108.0,1166.0,11.3,80.1,1.0741,2004-12-26 02:00:00
2004-12-26,03:00:00,80.11538461538461,1064.0,11.7,74.1,1.0167,2004-12-26 03:00:00
2004-12-26,04:00:00,55.0,1070.0,10.8,78.7,1.0202,2004-12-26 04:00:00
2004-12-26,05:00:00,46.0,1068.0,10.7,81.5,1.0497,2004-12-26 05:00:00
2004-12-26,06:00:00,46.0,1062.0,10.9,80.3,1.0444,2004-12-26 06:00:00
2004-12-26,07:00:00,67.0,1083.0,10.7,80.7,1.0377,2004-12-26 07:00:00
2004-12-26,08:00:00,90.0,1135.0,10.5,81.8,1.0416,2004-12-26 08:00:00
2004-12-26,09:00:00,117.0,1159.0,10.4,82.9,1.0419,2004-12-26 09:00:00
2004-12-26,10:00:00,118.0,1188.0,10.6,82.1,1.0451,2004-12-26 10:00:00
2004-12-26,11:00:00,112.0,1168.0,11.5,72.6,0.9846,2004-12-26 11:00:00
2004-12-26,12:00:00,134.0,1231.0,12.8,65.5,0.964,2004-12-26 12:00:00
2004-12-26,13:00:00,127.0,1230.0,13.9,60.9,0.9644,2004-12-26 13:00:00
2004-12-26,14:00:00,88.0,1114.0,14.9,57.9,0.9726,2004-12-26 14:00:00
2004-12-26,15:00:00,57.0,1118.0,14.8,63.5,1.0592,2004-12-26 15:00:00
2004-12-26,16:00:00,99.0,1288.0,13.6,68.9,1.0699,2004-12-26 16:00:00
2004-12-26,17:00:00,129.0,1307.0,13.6,68.9,1.0661,2004-12-26 17:00:00
2004-12-26,18:00:00,137.0,1362.0,13.5,67.1,1.0357,2004-12-26 18:00:00
2004-12-26,19:00:00,146.0,1531.0,12.3,75.4,1.0768,2004-12-26 19:00:00
2004-12-26,20:00:00,139.0,1504.0,11.7,80.0,1.0938,2004-12-26 20:00:00
2004-12-26,21:00:00,128.0,1342.0,11.8,82.7,1.1381,2004-12-26 21:00:00
2004-12-26,22:00:00,106.0,1187.0,11.8,77.5,1.0741,2004-12-26 22:00:00
2004-12-26,23:00:00,114.0,1217.0,12.0,72.3,1.0095,2004-12-26 23:00:00
2004-12-27,00:00:00,137.0,1328.0,11.2,79.6,1.0587,2004-12-27 00:00:00
2004-12-27,01:00:00,114.0,1168.0,11.5,74.2,1.0063,2004-12-27 01:00:00
2004-12-27,02:00:00,92.0,1107.0,11.6,68.9,0.9411,2004-12-27 02:00:00
2004-12-27,03:00:00,80.11538461538461,1049.0,11.5,67.4,0.9106,2004-12-27 03:00:00
2004-12-27,04:00:00,55.0,1023.0,11.7,64.6,0.8888,2004-12-27 04:00:00
2004-12-27,05:00:00,46.0,978.0,11.9,61.1,0.8527,2004-12-27 05:00:00
2004-12-27,06:00:00,67.0,1020.0,12.5,57.3,0.8269,2004-12-27 06:00:00
2004-12-27,07:00:00,95.0,1100.0,12.3,60.1,0.8562,2004-12-27 07:00:00
2004-12-27,08:00:00,133.0,1361.0,11.5,68.7,0.9302,2004-12-27 08:00:00
2004-12-27,09:00:00,138.0,1374.0,12.5,63.2,0.9113,2004-12-27 09:00:00
2004-12-27,10:00:00,127.0,1324.0,12.9,63.2,0.9335,2004-12-27 10:00:00
2004-12-27,11:00:00,119.0,1230.0,13.5,59.9,0.9261,2004-12-27 11:00:00
2004-12-27,12:00:00,113.0,1228.0,13.4,61.3,0.9379,2004-12-27 12:00:00
2004-12-27,13:00:00,109.0,1193.0,14.4,57.1,0.9309,2004-12-27 13:00:00
2004-12-27,14:00:00,97.0,1192.0,15.0,57.2,0.9698,2004-12-27 14:00:00
2004-12-27,15:00:00,117.0,1332.0,12.4,72.6,1.0422,2004-12-27 15:00:00
2004-12-27,16:00:00,132.0,1417.0,12.8,73.6,1.0851,2004-12-27 16:00:00
2004-12-27,17:00:00,117.0,1276.0,13.3,68.2,1.0356,2004-12-27 17:00:00
2004-12-27,18:00:00,110.0,1295.0,13.4,66.6,1.0187,2004-12-27 18:00:00
2004-12-27,19:00:00,119.0,1279.0,13.3,63.6,0.9661,2004-12-27 19:00:00
2004-12-27,20:00:00,116.0,1288.0,12.9,62.4,0.9258,2004-12-27 20:00:00
2004-12-27,21:00:00,123.0,1264.0,12.4,64.7,0.9266,2004-12-27 21:00:00
2004-12-27,22:00:00,117.0,1213.0,12.1,65.6,0.9222,2004-12-27 22:00:00
2004-12-27,23:00:00,100.0,1119.0,11.3,69.8,0.932,2004-12-27 23:00:00
2004-12-28,00:00:00,101.0,1145.0,11.0,68.7,0.9001,2004-12-28 00:00:00
2004-12-28,01:00:00,90.50299401197604,1082.0,11.1,65.3,0.8601,2004-12-28 01:00:00
2004-12-28,02:00:00,75.4367469879518,1084.0,10.2,66.9,0.8323,2004-12-28 02:00:00
2004-12-28,03:00:00,80.11538461538461,1084.0,9.5,70.1,0.8343,2004-12-28 03:00:00
2004-12-28,04:00:00,58.62048192771084,1064.0,9.8,69.4,0.8397,2004-12-28 04:00:00
2004-12-28,05:00:00,59.612612612612615,961.0,10.7,62.5,0.802,2004-12-28 05:00:00
2004-12-28,06:00:00,71.74251497005989,1031.0,10.4,64.8,0.8138,2004-12-28 06:00:00
2004-12-28,07:00:00,94.70958083832335,1236.0,9.7,73.1,0.8772,2004-12-28 07:00:00
2004-12-28,08:00:00,121.26829268292683,1537.0,9.3,77.0,0.9018,2004-12-28 08:00:00
2004-12-28,09:00:00,130.87687687687688,1808.0,9.1,77.1,0.8947,2004-12-28 09:00:00
2004-12-28,10:00:00,133.67857142857142,1493.0,10.6,67.9,0.8666,2004-12-28 10:00:00
2004-12-28,11:00:00,130.4131736526946,1234.0,12.7,56.7,0.8304,2004-12-28 11:00:00
2004-12-28,12:00:00,124.45671641791044,1287.0,13.0,53.9,0.8029,2004-12-28 12:00:00
2004-12-28,13:00:00,119.31231231231232,1443.0,13.9,49.0,0.7727,2004-12-28 13:00:00
2004-12-28,14:00:00,116.46846846846847,1452.0,14.4,49.2,0.8027,2004-12-28 14:00:00
2004-12-28,15:00:00,117.19161676646706,1323.0,14.3,48.6,0.79,2004-12-28 15:00:00
2004-12-28,16:00:00,123.31044776119403,1474.0,13.6,52.8,0.8177,2004-12-28 16:00:00
2004-12-28,17:00:00,135.8041543026706,1436.0,13.1,54.3,0.8167,2004-12-28 17:00:00
2004-12-28,18:00:00,145.91964285714286,1370.0,12.4,59.3,0.853,2004-12-28 18:00:00
2004-12-28,19:00:00,150.0919881305638,1340.0,12.1,61.5,0.8677,2004-12-28 19:00:00
2004-12-28,20:00:00,145.1186943620178,1342.0,12.0,60.8,0.852,2004-12-28 20:00:00
2004-12-28,21:00:00,130.91071428571428,1435.0,11.0,73.8,0.9677,2004-12-28 21:00:00
2004-12-28,22:00:00,115.0955223880597,1250.0,9.6,82.9,0.99,2004-12-28 22:00:00
2004-12-28,23:00:00,108.07164179104478,1135.0,8.6,83.5,0.9372,2004-12-28 23:00:00
2004-12-29,00:00:00,103.32142857142857,1107.0,8.7,83.0,0.9393,2004-12-29 00:00:00
2004-12-29,01:00:00,90.50299401197604,1107.0,8.8,81.2,0.9214,2004-12-29 01:00:00
2004-12-29,02:00:00,75.4367469879518,1107.0,8.9,79.0,0.9032,2004-12-29 02:00:00
2004-12-29,03:00:00,80.11538461538461,1079.0,9.0,76.5,0.8828,2004-12-29 03:00:00
2004-12-29,04:00:00,58.62048192771084,1020.0,9.0,75.8,0.8721,2004-12-29 04:00:00
2004-12-29,05:00:00,59.612612612612615,1036.0,9.1,73.9,0.8576,2004-12-29 05:00:00
2004-12-29,06:00:00,71.74251497005989,1025.0,9.4,70.9,0.8386,2004-12-29 06:00:00
2004-12-29,07:00:00,94.70958083832335,1041.0,10.1,65.9,0.8148,2004-12-29 07:00:00
2004-12-29,08:00:00,121.26829268292683,1101.0,10.1,64.6,0.7967,2004-12-29 08:00:00
2004-12-29,09:00:00,130.87687687687688,1036.0,9.3,64.7,0.7575,2004-12-29 09:00:00
2004-12-29,10:00:00,133.67857142857142,1045.0,9.9,61.3,0.7499,2004-12-29 10:00:00
2004-12-29,11:00:00,130.4131736526946,1054.0,10.6,59.9,0.7674,2004-12-29 11:00:00
2004-12-29,12:00:00,124.45671641791044,1060.0,11.1,55.3,0.7325,2004-12-29 12:00:00
2004-12-29,13:00:00,119.31231231231232,1086.0,12.0,49.3,0.69,2004-12-29 13:00:00
2004-12-29,14:00:00,116.46846846846847,1025.0,11.6,46.8,0.6397,2004-12-29 14:00:00
2004-12-29,15:00:00,117.19161676646706,1019.0,12.0,44.0,0.6169,2004-12-29 15:00:00
2004-12-29,16:00:00,123.31044776119403,1024.0,11.8,44.3,0.6141,2004-12-29 16:00:00
2004-12-29,17:00:00,135.8041543026706,1040.0,11.3,45.4,0.6063,2004-12-29 17:00:00
2004-12-29,18:00:00,145.91964285714286,1175.0,11.3,44.1,0.5909,2004-12-29 18:00:00
2004-12-29,19:00:00,150.0919881305638,1159.0,11.2,45.1,0.5971,2004-12-29 19:00:00
2004-12-29,20:00:00,145.1186943620178,1130.0,10.8,47.3,0.6122,2004-12-29 20:00:00
2004-12-29,21:00:00,130.91071428571428,1035.0,10.7,47.7,0.6127,2004-12-29 21:00:00
2004-12-29,22:00:00,115.0955223880597,978.0,10.5,46.9,0.5956,2004-12-29 22:00:00
2004-12-29,23:00:00,108.07164179104478,932.0,10.2,45.4,0.5632,2004-12-29 23:00:00
2004-12-30,00:00:00,103.32142857142857,912.0,9.7,46.0,0.5546,2004-12-30 00:00:00
2004-12-30,01:00:00,90.50299401197604,929.0,9.8,45.2,0.5489,2004-12-30 01:00:00
2004-12-30,02:00:00,75.4367469879518,878.0,9.4,45.4,0.5355,2004-12-30 02:00:00
2004-12-30,03:00:00,80.11538461538461,853.0,9.3,44.0,0.5153,2004-12-30 03:00:00
2004-12-30,04:00:00,58.62048192771084,828.0,8.8,45.2,0.5134,2004-12-30 04:00:00
2004-12-30,05:00:00,59.612612612612615,829.0,8.7,45.6,0.5128,2004-12-30 05:00:00
2004-12-30,06:00:00,71.74251497005989,810.0,8.5,44.8,0.498,2004-12-30 06:00:00
2004-12-30,07:00:00,94.70958083832335,853.0,8.7,43.4,0.4905,2004-12-30 07:00:00
2004-12-30,08:00:00,121.26829268292683,1049.0,8.5,43.6,0.4865,2004-12-30 08:00:00
2004-12-30,09:00:00,130.87687687687688,1033.0,8.8,42.0,0.4773,2004-12-30 09:00:00
2004-12-30,10:00:00,133.67857142857142,946.0,10.8,35.1,0.4549,2004-12-30 10:00:00
2004-12-30,11:00:00,130.4131736526946,921.0,11.7,34.4,0.4712,2004-12-30 11:00:00
2004-12-30,12:00:00,124.45671641791044,925.0,12.6,31.7,0.4613,2004-12-30 12:00:00
2004-12-30,13:00:00,119.31231231231232,901.0,12.5,30.3,0.4367,2004-12-30 13:00:00
2004-12-30,14:00:00,116.46846846846847,898.0,11.4,32.8,0.4424,2004-12-30 14:00:00
2004-12-30,15:00:00,117.19161676646706,867.0,12.1,31.1,0.4383,2004-12-30 15:00:00
2004-12-30,16:00:00,123.31044776119403,930.0,12.3,29.7,0.4226,2004-12-30 16:00:00
2004-12-30,17:00:00,135.8041543026706,922.0,9.8,36.4,0.4414,2004-12-30 17:00:00
2004-12-30,18:00:00,145.91964285714286,1079.0,9.3,40.8,0.4781,2004-12-30 18:00:00
2004-12-30,19:00:00,150.0919881305638,976.0,8.6,45.1,0.5038,2004-12-30 19:00:00
2004-12-30,20:00:00,145.1186943620178,1152.0,9.3,41.7,0.4884,2004-12-30 20:00:00
2004-12-30,21:00:00,130.91071428571428,1018.0,8.7,44.3,0.4998,2004-12-30 21:00:00
2004-12-30,22:00:00,115.0955223880597,922.0,8.0,47.6,0.5113,2004-12-30 22:00:00
2004-12-30,23:00:00,108.07164179104478,969.0,7.7,47.2,0.4975,2004-12-30 23:00:00
2004-12-31,00:00:00,103.32142857142857,1027.0,7.2,50.2,0.5118,2004-12-31 00:00:00
2004-12-31,01:00:00,90.50299401197604,981.0,6.9,50.3,0.5029,2004-12-31 01:00:00
2004-12-31,02:00:00,75.4367469879518,919.0,6.7,50.7,0.4998,2004-12-31 02:00:00
2004-12-31,03:00:00,80.11538461538461,832.0,7.6,46.4,0.4869,2004-12-31 03:00:00
2004-12-31,04:00:00,58.62048192771084,778.0,7.4,45.7,0.4714,2004-12-31 04:00:00
2004-12-31,05:00:00,59.612612612612615,792.0,6.9,49.3,0.4913,2004-12-31 05:00:00
2004-12-31,06:00:00,71.74251497005989,823.0,7.8,48.1,0.5095,2004-12-31 06:00:00
2004-12-31,07:00:00,94.70958083832335,871.0,8.1,47.8,0.5157,2004-12-31 07:00:00
2004-12-31,08:00:00,121.26829268292683,893.0,8.5,46.7,0.5191,2004-12-31 08:00:00
2004-12-31,09:00:00,130.87687687687688,964.0,8.9,44.1,0.5039,2004-12-31 09:00:00
2004-12-31,10:00:00,133.67857142857142,1052.0,9.4,42.5,0.5038,2004-12-31 10:00:00
2004-12-31,11:00:00,130.4131736526946,941.0,10.8,36.3,0.4712,2004-12-31 11:00:00
2004-12-31,12:00:00,124.45671641791044,883.0,11.9,30.6,0.4264,2004-12-31 12:00:00
2004-12-31,13:00:00,119.31231231231232,955.0,12.2,29.7,0.4205,2004-12-31 13:00:00
2004-12-31,14:00:00,116.46846846846847,943.0,12.0,31.1,0.434,2004-12-31 14:00:00
2004-12-31,15:00:00,117.19161676646706,882.0,12.7,28.4,0.416,2004-12-31 15:00:00
2004-12-31,16:00:00,123.31044776119403,946.0,13.3,27.5,0.4185,2004-12-31 16:00:00
2004-12-31,17:00:00,135.8041543026706,996.0,11.4,30.8,0.4148,2004-12-31 17:00:00
2004-12-31,18:00:00,145.91964285714286,942.0,9.8,34.0,0.4112,2004-12-31 18:00:00
2004-12-31,19:00:00,150.0919881305638,906.0,9.3,33.6,0.3958,2004-12-31 19:00:00
2004-12-31,20:00:00,145.1186943620178,909.0,9.6,32.3,0.3871,2004-12-31 20:00:00
2004-12-31,21:00:00,130.91071428571428,895.0,9.1,32.5,0.3766,2004-12-31 21:00:00
2004-12-31,22:00:00,115.0955223880597,936.0,9.1,37.2,0.431,2004-12-31 22:00:00
2004-12-31,23:00:00,108.07164179104478,899.0,7.8,38.4,0.4085,2004-12-31 23:00:00
2005-01-01,00:00:00,103.32142857142857,898.0,8.2,40.1,0.4375,2005-01-01 00:00:00
2005-01-01,01:00:00,106.0,1024.0,5.3,50.7,0.4564,2005-01-01 01:00:00
2005-01-01,02:00:00,129.0,1002.0,5.9,50.0,0.4689,2005-01-01 02:00:00
2005-01-01,03:00:00,80.11538461538461,1001.0,4.9,53.9,0.4693,2005-01-01 03:00:00
2005-01-01,04:00:00,126.0,967.0,4.3,55.3,0.465,2005-01-01 04:00:00
2005-01-01,05:00:00,106.0,942.0,4.2,57.1,0.4759,2005-01-01 05:00:00
2005-01-01,06:00:00,99.0,954.0,3.5,58.3,0.4636,2005-01-01 06:00:00
2005-01-01,07:00:00,97.0,945.0,3.0,60.7,0.4667,2005-01-01 07:00:00
2005-01-01,08:00:00,94.0,905.0,2.6,63.2,0.4721,2005-01-01 08:00:00
2005-01-01,09:00:00,86.0,897.0,3.9,59.0,0.4807,2005-01-01 09:00:00
2005-01-01,10:00:00,97.0,968.0,4.7,57.2,0.4932,2005-01-01 10:00:00
2005-01-01,11:00:00,113.0,992.0,6.8,48.6,0.4822,2005-01-01 11:00:00
2005-01-01,12:00:00,125.0,1080.0,8.6,43.6,0.4887,2005-01-01 12:00:00
2005-01-01,13:00:00,147.0,1072.0,9.5,41.2,0.4908,2005-01-01 13:00:00
2005-01-01,14:00:00,153.0,1075.0,10.9,35.9,0.468,2005-01-01 14:00:00
2005-01-01,15:00:00,147.0,1049.0,12.5,32.3,0.467,2005-01-01 15:00:00
2005-01-01,16:00:00,139.0,1051.0,12.8,32.6,0.4814,2005-01-01 16:00:00
2005-01-01,17:00:00,165.0,1192.0,10.9,39.7,0.5166,2005-01-01 17:00:00
2005-01-01,18:00:00,191.0,1344.0,9.0,51.8,0.5961,2005-01-01 18:00:00
2005-01-01,19:00:00,172.0,1188.0,8.1,54.1,0.5882,2005-01-01 19:00:00
2005-01-01,20:00:00,151.0,1072.0,7.8,54.6,0.5786,2005-01-01 20:00:00
2005-01-01,21:00:00,137.0,1104.0,6.2,59.6,0.5698,2005-01-01 21:00:00
2005-01-01,22:00:00,130.0,1058.0,5.7,59.9,0.5523,2005-01-01 22:00:00
2005-01-01,23:00:00,115.0,1003.0,5.6,59.7,0.5463,2005-01-01 23:00:00
2005-01-02,00:00:00,112.0,1012.0,4.7,62.9,0.5424,2005-01-02 00:00:00
2005-01-02,01:00:00,105.0,972.0,4.5,63.5,0.5411,2005-01-02 01:00:00
2005-01-02,02:00:00,96.0,963.0,4.5,63.6,0.5414,2005-01-02 02:00:00
2005-01-02,03:00:00,80.11538461538461,1004.0,3.1,70.0,0.5388,2005-01-02 03:00:00
2005-01-02,04:00:00,87.0,974.0,3.2,68.3,0.531,2005-01-02 04:00:00
2005-01-02,05:00:00,75.0,943.0,3.1,69.2,0.5337,2005-01-02 05:00:00
2005-01-02,06:00:00,82.0,934.0,2.4,71.9,0.5288,2005-01-02 06:00:00
2005-01-02,07:00:00,83.0,941.0,3.1,68.7,0.5317,2005-01-02 07:00:00
2005-01-02,08:00:00,88.0,981.0,2.1,73.1,0.5289,2005-01-02 08:00:00
2005-01-02,09:00:00,106.0,1003.0,3.3,68.2,0.5346,2005-01-02 09:00:00
2005-01-02,10:00:00,112.0,1044.0,4.1,65.8,0.5451,2005-01-02 10:00:00
2005-01-02,11:00:00,141.0,1092.0,6.6,56.6,0.5528,2005-01-02 11:00:00
2005-01-02,12:00:00,148.0,1058.0,8.0,51.2,0.5516,2005-01-02 12:00:00
2005-01-02,13:00:00,171.0,1138.0,10.3,44.9,0.5612,2005-01-02 13:00:00
2005-01-02,14:00:00,160.0,1087.0,12.3,41.7,0.5961,2005-01-02 14:00:00
2005-01-02,15:00:00,137.0,1071.0,13.5,41.3,0.6342,2005-01-02 15:00:00
2005-01-02,16:00:00,167.0,1249.0,13.4,43.1,0.66,2005-01-02 16:00:00
2005-01-02,17:00:00,164.0,1182.0,9.9,53.3,0.6504,2005-01-02 17:00:00
2005-01-02,18:00:00,166.0,1171.0,8.9,54.6,0.6226,2005-01-02 18:00:00
2005-01-02,19:00:00,167.0,1217.0,8.9,54.8,0.6244,2005-01-02 19:00:00
2005-01-02,20:00:00,174.0,1290.0,8.3,58.2,0.6391,2005-01-02 20:00:00
2005-01-02,21:00:00,160.0,1287.7358490566037,8.322641509433963,58.41320754716981,0.6426283018867924,2005-01-02 21:00:00
2005-01-02,22:00:00,169.0,1285.4716981132076,8.345283018867924,58.62641509433963,0.6461566037735849,2005-01-02 22:00:00
2005-01-02,23:00:00,162.0,1283.2075471698113,8.367924528301888,58.839622641509436,0.6496849056603774,2005-01-02 23:00:00
2005-01-03,00:00:00,149.0,1280.9433962264152,8.39056603773585,59.052830188679245,0.6532132075471698,2005-01-03 00:00:00
2005-01-03,01:00:00,158.0,1278.6792452830189,8.413207547169812,59.26603773584906,0.6567415094339623,2005-01-03 01:00:00
2005-01-03,02:00:00,143.0,1276.4150943396226,8.435849056603773,59.47924528301887,0.6602698113207547,2005-01-03 02:00:00
2005-01-03,03:00:00,80.11538461538461,1274.1509433962265,8.458490566037737,59.692452830188685,0.6637981132075471,2005-01-03 03:00:00
2005-01-03,04:00:00,121.0,1271.8867924528302,8.481132075471699,59.905660377358494,0.6673264150943397,2005-01-03 04:00:00
2005-01-03,05:00:00,92.0,1269.622641509434,8.50377358490566,60.1188679245283,0.6708547169811321,2005-01-03 05:00:00
2005-01-03,06:00:00,102.0,1267.3584905660377,8.526415094339622,60.33207547169812,0.6743830188679245,2005-01-03 06:00:00
2005-01-03,07:00:00,121.0,1265.0943396226414,8.549056603773586,60.54528301886793,0.6779113207547169,2005-01-03 07:00:00
2005-01-03,08:00:00,164.0,1262.8301886792453,8.571698113207548,60.758490566037736,0.6814396226415094,2005-01-03 08:00:00
2005-01-03,09:00:00,175.0,1260.566037735849,8.59433962264151,60.97169811320755,0.6849679245283019,2005-01-03 09:00:00
2005-01-03,10:00:00,130.0,1258.301886792453,8.616981132075471,61.18490566037736,0.6884962264150943,2005-01-03 10:00:00
2005-01-03,11:00:00,117.0,1256.0377358490566,8.639622641509435,61.39811320754717,0.6920245283018868,2005-01-03 11:00:00
2005-01-03,12:00:00,115.0,1253.7735849056603,8.662264150943397,61.611320754716985,0.6955528301886792,2005-01-03 12:00:00
2005-01-03,13:00:00,106.0,1251.5094339622642,8.684905660377359,61.824528301886794,0.6990811320754717,2005-01-03 13:00:00
2005-01-03,14:00:00,102.0,1249.245283018868,8.70754716981132,62.0377358490566,0.7026094339622642,2005-01-03 14:00:00
2005-01-03,15:00:00,122.0,1246.9811320754718,8.730188679245284,62.25094339622642,0.7061377358490566,2005-01-03 15:00:00
2005-01-03,16:00:00,138.0,1244.7169811320755,8.752830188679246,62.46415094339623,0.709666037735849,2005-01-03 16:00:00
2005-01-03,17:00:00,162.0,1242.4528301886792,8.775471698113208,62.677358490566036,0.7131943396226414,2005-01-03 17:00:00
2005-01-03,18:00:00,177.0,1240.188679245283,8.79811320754717,62.89056603773585,0.7167226415094339,2005-01-03 18:00:00
2005-01-03,19:00:00,190.0,1237.9245283018868,8.820754716981133,63.10377358490566,0.7202509433962264,2005-01-03 19:00:00
2005-01-03,20:00:00,182.0,1235.6603773584907,8.843396226415095,63.316981132075476,0.7237792452830188,2005-01-03 20:00:00
2005-01-03,21:00:00,163.0,1233.3962264150944,8.866037735849057,63.530188679245285,0.7273075471698113,2005-01-03 21:00:00
2005-01-03,22:00:00,135.0,1231.132075471698,8.888679245283019,63.74339622641509,0.7308358490566037,2005-01-03 22:00:00
2005-01-03,23:00:00,130.0,1228.867924528302,8.911320754716982,63.95660377358491,0.7343641509433962,2005-01-03 23:00:00
2005-01-04,00:00:00,117.0,1226.6037735849056,8.933962264150944,64.16981132075472,0.7378924528301887,2005-01-04 00:00:00
2005-01-04,01:00:00,104.0,1224.3396226415093,8.956603773584906,64.38301886792453,0.7414207547169811,2005-01-04 01:00:00
2005-01-04,02:00:00,97.0,1222.0754716981132,8.979245283018868,64.59622641509434,0.7449490566037735,2005-01-04 02:00:00
2005-01-04,03:00:00,80.11538461538461,1219.811320754717,9.001886792452831,64.80943396226415,0.748477358490566,2005-01-04 03:00:00
2005-01-04,04:00:00,72.0,1217.5471698113208,9.024528301886793,65.02264150943397,0.7520056603773585,2005-01-04 04:00:00
2005-01-04,05:00:00,71.0,1215.2830188679245,9.047169811320755,65.23584905660377,0.7555339622641509,2005-01-04 05:00:00
2005-01-04,06:00:00,94.0,1213.0188679245284,9.069811320754717,65.44905660377358,0.7590622641509434,2005-01-04 06:00:00
2005-01-04,07:00:00,118.0,1210.754716981132,9.09245283018868,65.6622641509434,0.7625905660377358,2005-01-04 07:00:00
2005-01-04,08:00:00,174.0,1208.4905660377358,9.115094339622642,65.87547169811322,0.7661188679245283,2005-01-04 08:00:00
2005-01-04,09:00:00,170.0,1206.2264150943397,9.137735849056604,66.08867924528302,0.7696471698113208,2005-01-04 09:00:00
2005-01-04,10:00:00,171.0,1203.9622641509434,9.160377358490566,66.30188679245283,0.7731754716981132,2005-01-04 10:00:00
2005-01-04,11:00:00,196.0,1201.698113207547,9.18301886792453,66.51509433962264,0.7767037735849056,2005-01-04 11:00:00
2005-01-04,12:00:00,191.0,1199.433962264151,9.205660377358491,66.72830188679245,0.780232075471698,2005-01-04 12:00:00
2005-01-04,13:00:00,165.0,1197.1698113207547,9.228301886792453,66.94150943396227,0.7837603773584905,2005-01-04 13:00:00
2005-01-04,14:00:00,148.0,1194.9056603773586,9.250943396226415,67.15471698113208,0.787288679245283,2005-01-04 14:00:00
2005-01-04,15:00:00,172.0,1192.6415094339623,9.273584905660378,67.36792452830188,0.7908169811320754,2005-01-04 15:00:00
2005-01-04,16:00:00,165.0,1190.377358490566,9.29622641509434,67.5811320754717,0.7943452830188679,2005-01-04 16:00:00
2005-01-04,17:00:00,184.0,1188.1132075471698,9.318867924528302,67.79433962264152,0.7978735849056603,2005-01-04 17:00:00
2005-01-04,18:00:00,173.0,1185.8490566037735,9.341509433962264,68.00754716981132,0.8014018867924528,2005-01-04 18:00:00
2005-01-04,19:00:00,174.0,1183.5849056603774,9.364150943396227,68.22075471698113,0.8049301886792453,2005-01-04 19:00:00
2005-01-04,20:00:00,181.0,1181.3207547169811,9.38679245283019,68.43396226415095,0.8084584905660377,2005-01-04 20:00:00
2005-01-04,21:00:00,166.0,1179.0566037735848,9.409433962264151,68.64716981132075,0.8119867924528301,2005-01-04 21:00:00
2005-01-04,22:00:00,150.0,1176.7924528301887,9.432075471698113,68.86037735849057,0.8155150943396225,2005-01-04 22:00:00
2005-01-04,23:00:00,131.0,1174.5283018867924,9.454716981132076,69.07358490566038,0.819043396226415,2005-01-04 23:00:00
2005-01-05,00:00:00,129.0,1172.2641509433963,9.477358490566038,69.28679245283018,0.8225716981132075,2005-01-05 00:00:00
2005-01-05,01:00:00,120.0,1170.0,9.5,69.5,0.8261,2005-01-05 01:00:00
2005-01-05,02:00:00,119.0,1261.0,9.1,70.9,0.8176,2005-01-05 02:00:00
2005-01-05,03:00:00,80.11538461538461,1219.0,8.1,72.1,0.7798,2005-01-05 03:00:00
2005-01-05,04:00:00,111.0,1186.0,7.9,72.1,0.7679,2005-01-05 04:00:00
2005-01-05,05:00:00,109.0,1169.0,7.6,72.7,0.7598,2005-01-05 05:00:00
2005-01-05,06:00:00,110.0,1194.0,7.5,71.7,0.7439,2005-01-05 06:00:00
2005-01-05,07:00:00,126.0,1275.0,7.9,70.6,0.7562,2005-01-05 07:00:00
2005-01-05,08:00:00,148.0,1475.0,8.6,69.0,0.7732,2005-01-05 08:00:00
2005-01-05,09:00:00,162.0,1672.0,9.1,67.5,0.7831,2005-01-05 09:00:00
2005-01-05,10:00:00,173.0,1567.0,9.8,65.8,0.7967,2005-01-05 10:00:00
2005-01-05,11:00:00,198.0,1643.0,11.2,61.9,0.8226,2005-01-05 11:00:00
2005-01-05,12:00:00,219.0,1741.0,12.8,60.1,0.882,2005-01-05 12:00:00
2005-01-05,13:00:00,206.0,1790.0,13.4,62.4,0.9513,2005-01-05 13:00:00
2005-01-05,14:00:00,155.0,1479.0,14.3,61.2,0.9941,2005-01-05 14:00:00
2005-01-05,15:00:00,150.0,1492.0,14.6,59.6,0.9824,2005-01-05 15:00:00
2005-01-05,16:00:00,148.0,1483.0,14.2,60.0,0.9684,2005-01-05 16:00:00
2005-01-05,17:00:00,158.0,1481.0,13.8,62.6,0.9862,2005-01-05 17:00:00
2005-01-05,18:00:00,152.0,1504.0,13.6,64.0,0.9891,2005-01-05 18:00:00
2005-01-05,19:00:00,148.0,1525.0,13.4,64.5,0.9865,2005-01-05 19:00:00
2005-01-05,20:00:00,147.0,1523.0,13.5,64.7,0.9971,2005-01-05 20:00:00
2005-01-05,21:00:00,144.0,1404.0,13.4,65.3,0.9967,2005-01-05 21:00:00
2005-01-05,22:00:00,144.0,1334.0,13.2,64.5,0.9732,2005-01-05 22:00:00
2005-01-05,23:00:00,126.0,1200.0,13.2,62.3,0.9392,2005-01-05 23:00:00
2005-01-06,00:00:00,115.0,1187.0,12.5,63.7,0.9196,2005-01-06 00:00:00
2005-01-06,01:00:00,116.0,1184.0,12.3,64.6,0.9229,2005-01-06 01:00:00
2005-01-06,02:00:00,112.0,1188.0,12.5,63.8,0.9244,2005-01-06 02:00:00
2005-01-06,03:00:00,80.11538461538461,1125.0,12.6,62.7,0.9121,2005-01-06 03:00:00
2005-01-06,04:00:00,67.0,1093.0,12.0,64.6,0.906,2005-01-06 04:00:00
2005-01-06,05:00:00,67.0,1120.0,10.7,69.5,0.8919,2005-01-06 05:00:00
2005-01-06,06:00:00,72.0,1054.0,12.4,62.6,0.8994,2005-01-06 06:00:00
2005-01-06,07:00:00,69.0,1114.0,12.3,62.7,0.8947,2005-01-06 07:00:00
2005-01-06,08:00:00,107.0,1147.0,11.4,66.6,0.8948,2005-01-06 08:00:00
2005-01-06,09:00:00,117.0,1247.0,11.1,70.2,0.9276,2005-01-06 09:00:00
2005-01-06,10:00:00,115.0,1225.0,13.4,61.0,0.9348,2005-01-06 10:00:00
2005-01-06,11:00:00,120.0,1223.0,15.9,52.2,0.9377,2005-01-06 11:00:00
2005-01-06,12:00:00,128.0,1233.0,15.6,54.0,0.9515,2005-01-06 12:00:00
2005-01-06,13:00:00,138.0,1310.0,16.3,51.5,0.9462,2005-01-06 13:00:00
2005-01-06,14:00:00,127.0,1238.0,16.5,50.8,0.9442,2005-01-06 14:00:00
2005-01-06,15:00:00,111.0,1259.0,16.3,51.9,0.9535,2005-01-06 15:00:00
2005-01-06,16:00:00,122.0,1312.0,16.2,53.0,0.9687,2005-01-06 16:00:00
2005-01-06,17:00:00,134.0,1288.0,15.6,54.8,0.966,2005-01-06 17:00:00
2005-01-06,18:00:00,153.0,1323.0,14.5,57.5,0.944,2005-01-06 18:00:00
2005-01-06,19:00:00,169.0,1419.0,14.0,60.1,0.9566,2005-01-06 19:00:00
2005-01-06,20:00:00,162.0,1394.0,13.5,63.0,0.9686,2005-01-06 20:00:00
2005-01-06,21:00:00,152.0,1295.0,12.6,65.4,0.9529,2005-01-06 21:00:00
2005-01-06,22:00:00,127.0,1252.0,12.0,67.5,0.9413,2005-01-06 22:00:00
2005-01-06,23:00:00,112.0,1207.0,10.5,72.0,0.912,2005-01-06 23:00:00
2005-01-07,00:00:00,98.0,1130.0,10.0,70.9,0.8706,2005-01-07 00:00:00
2005-01-07,01:00:00,89.0,1109.0,9.8,70.7,0.8571,2005-01-07 01:00:00
2005-01-07,02:00:00,82.0,1100.0,8.0,75.0,0.8098,2005-01-07 02:00:00
2005-01-07,03:00:00,80.11538461538461,1077.0,7.9,75.1,0.805,2005-01-07 03:00:00
2005-01-07,04:00:00,77.0,1039.0,7.0,77.3,0.7782,2005-01-07 04:00:00
2005-01-07,05:00:00,55.0,999.0,7.2,74.4,0.7581,2005-01-07 05:00:00
2005-01-07,06:00:00,63.0,993.0,6.7,75.0,0.7418,2005-01-07 06:00:00
2005-01-07,07:00:00,69.0,1059.0,6.4,76.3,0.7389,2005-01-07 07:00:00
2005-01-07,08:00:00,99.0,1218.0,6.0,78.5,0.7377,2005-01-07 08:00:00
2005-01-07,09:00:00,125.0,1464.0,6.3,77.4,0.7452,2005-01-07 09:00:00
2005-01-07,10:00:00,123.0,1253.0,7.7,73.8,0.7769,2005-01-07 10:00:00
2005-01-07,11:00:00,128.0,1306.0,10.2,61.5,0.7638,2005-01-07 11:00:00
2005-01-07,12:00:00,149.0,1298.0,11.3,58.1,0.7743,2005-01-07 12:00:00
2005-01-07,13:00:00,137.0,1351.0,10.6,62.3,0.7981,2005-01-07 13:00:00
2005-01-07,14:00:00,147.0,1402.0,11.1,62.0,0.8199,2005-01-07 14:00:00
2005-01-07,15:00:00,168.0,1454.0,12.6,57.7,0.8387,2005-01-07 15:00:00
2005-01-07,16:00:00,180.0,1513.0,13.3,56.2,0.8548,2005-01-07 16:00:00
2005-01-07,17:00:00,170.0,1501.0,11.2,65.3,0.8639,2005-01-07 17:00:00
2005-01-07,18:00:00,180.0,1638.0,8.8,74.6,0.8434,2005-01-07 18:00:00
2005-01-07,19:00:00,178.0,1652.0,7.2,78.5,0.803,2005-01-07 19:00:00
2005-01-07,20:00:00,159.0,1589.0,6.5,80.0,0.7789,2005-01-07 20:00:00
2005-01-07,21:00:00,156.0,1487.0,5.8,83.8,0.7768,2005-01-07 21:00:00
2005-01-07,22:00:00,146.0,1407.0,5.5,83.5,0.7619,2005-01-07 22:00:00
2005-01-07,23:00:00,132.0,1296.0,5.8,81.3,0.7568,2005-01-07 23:00:00
2005-01-08,00:00:00,137.0,1329.0,5.4,82.6,0.7495,2005-01-08 00:00:00
2005-01-08,01:00:00,114.0,1125.0,6.4,76.3,0.7369,2005-01-08 01:00:00
2005-01-08,02:00:00,95.0,1069.0,7.0,73.6,0.7417,2005-01-08 02:00:00
2005-01-08,03:00:00,80.11538461538461,1049.0,7.2,72.3,0.7392,2005-01-08 03:00:00
2005-01-08,04:00:00,88.0,1032.0,7.9,69.3,0.7413,2005-01-08 04:00:00
2005-01-08,05:00:00,94.0,1029.0,7.4,71.7,0.7434,2005-01-08 05:00:00
2005-01-08,06:00:00,97.0,1056.0,7.7,71.9,0.7575,2005-01-08 06:00:00
2005-01-08,07:00:00,93.0,1069.0,8.1,68.0,0.7396,2005-01-08 07:00:00
2005-01-08,08:00:00,113.0,1273.0,6.7,77.1,0.7597,2005-01-08 08:00:00
2005-01-08,09:00:00,126.0,1403.0,6.8,77.9,0.7756,2005-01-08 09:00:00
2005-01-08,10:00:00,133.0,1311.0,8.9,66.7,0.7634,2005-01-08 10:00:00
2005-01-08,11:00:00,141.0,1251.0,11.6,54.1,0.7387,2005-01-08 11:00:00
2005-01-08,12:00:00,139.0,1301.0,13.5,49.4,0.7598,2005-01-08 12:00:00
2005-01-08,13:00:00,147.0,1393.0,13.8,50.9,0.796,2005-01-08 13:00:00
2005-01-08,14:00:00,175.0,1430.0,13.4,55.9,0.8588,2005-01-08 14:00:00
2005-01-08,15:00:00,180.0,1377.0,12.9,59.0,0.8736,2005-01-08 15:00:00
2005-01-08,16:00:00,194.0,1578.0,13.3,59.0,0.8945,2005-01-08 16:00:00
2005-01-08,17:00:00,192.0,1541.0,13.0,61.9,0.9224,2005-01-08 17:00:00
2005-01-08,18:00:00,188.0,1511.0,12.5,63.6,0.9193,2005-01-08 18:00:00
2005-01-08,19:00:00,179.0,1549.0,12.2,65.8,0.931,2005-01-08 19:00:00
2005-01-08,20:00:00,196.0,1701.0,12.6,65.2,0.9474,2005-01-08 20:00:00
2005-01-08,21:00:00,169.0,1429.0,13.3,63.6,0.9681,2005-01-08 21:00:00
2005-01-08,22:00:00,151.0,1307.0,13.5,62.6,0.9644,2005-01-08 22:00:00
2005-01-08,23:00:00,123.0,1204.0,14.1,59.6,0.9563,2005-01-08 23:00:00
2005-01-09,00:00:00,127.0,1222.0,14.0,61.4,0.9773,2005-01-09 00:00:00
2005-01-09,01:00:00,127.0,1206.0,13.5,63.4,0.9755,2005-01-09 01:00:00
2005-01-09,02:00:00,118.0,1216.0,13.2,64.2,0.9706,2005-01-09 02:00:00
2005-01-09,03:00:00,80.11538461538461,1137.0,13.6,62.2,0.9643,2005-01-09 03:00:00
2005-01-09,04:00:00,55.0,1094.0,13.7,61.1,0.9537,2005-01-09 04:00:00
2005-01-09,05:00:00,44.0,1082.0,13.5,63.8,0.9801,2005-01-09 05:00:00
2005-01-09,06:00:00,46.0,1094.0,12.5,67.3,0.9743,2005-01-09 06:00:00
2005-01-09,07:00:00,46.0,1080.0,13.2,64.2,0.9664,2005-01-09 07:00:00
2005-01-09,08:00:00,61.0,1090.0,13.1,63.4,0.9535,2005-01-09 08:00:00
2005-01-09,09:00:00,60.0,1074.0,13.8,60.5,0.9526,2005-01-09 09:00:00
2005-01-09,10:00:00,71.0,1144.0,13.7,60.4,0.939,2005-01-09 10:00:00
2005-01-09,11:00:00,111.0,1235.0,14.0,59.7,0.9495,2005-01-09 11:00:00
2005-01-09,12:00:00,127.0,1313.0,15.0,56.2,0.9539,2005-01-09 12:00:00
2005-01-09,13:00:00,128.0,1311.0,16.9,50.9,0.9714,2005-01-09 13:00:00
2005-01-09,14:00:00,142.0,1479.0,16.6,52.4,0.981,2005-01-09 14:00:00
2005-01-09,15:00:00,145.0,1669.0,16.4,53.2,0.9826,2005-01-09 15:00:00
2005-01-09,16:00:00,145.0,1324.0,16.1,52.8,0.9579,2005-01-09 16:00:00
2005-01-09,17:00:00,156.0,1327.0,15.7,54.4,0.9616,2005-01-09 17:00:00
2005-01-09,18:00:00,154.0,1488.0,15.4,55.3,0.9616,2005-01-09 18:00:00
2005-01-09,19:00:00,165.0,1334.0,15.2,54.7,0.9362,2005-01-09 19:00:00
2005-01-09,20:00:00,153.0,1402.0,14.7,56.6,0.9392,2005-01-09 20:00:00
2005-01-09,21:00:00,151.0,1348.0,14.4,58.2,0.9495,2005-01-09 21:00:00
2005-01-09,22:00:00,131.0,1220.0,14.3,59.2,0.9608,2005-01-09 22:00:00
2005-01-09,23:00:00,128.0,1297.0,14.0,60.4,0.9622,2005-01-09 23:00:00
2005-01-10,00:00:00,137.0,1300.0,13.7,63.6,0.9912,2005-01-10 00:00:00
2005-01-10,01:00:00,119.0,1319.0,13.1,68.7,1.0329,2005-01-10 01:00:00
2005-01-10,02:00:00,96.0,1210.0,13.2,69.9,1.0526,2005-01-10 02:00:00
2005-01-10,03:00:00,80.11538461538461,1147.0,12.8,71.2,1.0454,2005-01-10 03:00:00
2005-01-10,04:00:00,60.0,1122.0,12.9,70.4,1.0444,2005-01-10 04:00:00
2005-01-10,05:00:00,54.0,1138.0,12.4,72.5,1.0411,2005-01-10 05:00:00
2005-01-10,06:00:00,66.0,1171.0,13.0,70.3,1.0502,2005-01-10 06:00:00
2005-01-10,07:00:00,104.0,1336.0,12.3,73.3,1.0448,2005-01-10 07:00:00
2005-01-10,08:00:00,137.0,1776.0,12.8,71.8,1.0551,2005-01-10 08:00:00
2005-01-10,09:00:00,146.0,1804.0,13.1,70.2,1.0567,2005-01-10 09:00:00
2005-01-10,10:00:00,136.0,1626.0,12.8,71.8,1.0551,2005-01-10 10:00:00
2005-01-10,11:00:00,144.0,1598.0,13.1,70.3,1.0566,2005-01-10 11:00:00
2005-01-10,12:00:00,133.0,1536.0,13.7,67.0,1.0446,2005-01-10 12:00:00
2005-01-10,13:00:00,148.0,1744.0,14.0,65.4,1.0427,2005-01-10 13:00:00
2005-01-10,14:00:00,155.0,1701.0,14.4,63.8,1.0421,2005-01-10 14:00:00
2005-01-10,15:00:00,152.0,1721.0,14.1,65.9,1.0531,2005-01-10 15:00:00
2005-01-10,16:00:00,145.0,1640.0,14.1,65.9,1.0552,2005-01-10 16:00:00
2005-01-10,17:00:00,139.0,1629.0,14.1,66.0,1.0539,2005-01-10 17:00:00
2005-01-10,18:00:00,134.0,1611.0,14.0,66.4,1.0536,2005-01-10 18:00:00
2005-01-10,19:00:00,128.0,1593.0,13.8,66.4,1.0451,2005-01-10 19:00:00
2005-01-10,20:00:00,135.0,1620.0,13.4,68.1,1.0441,2005-01-10 20:00:00
2005-01-10,21:00:00,136.0,1526.0,13.2,69.1,1.0452,2005-01-10 21:00:00
2005-01-10,22:00:00,126.0,1430.0,13.0,70.0,1.042,2005-01-10 22:00:00
2005-01-10,23:00:00,116.0,1292.0,12.7,69.9,1.0223,2005-01-10 23:00:00
2005-01-11,00:00:00,116.0,1292.0,12.0,71.9,1.0071,2005-01-11 00:00:00
2005-01-11,01:00:00,107.0,1204.0,13.2,66.8,1.0087,2005-01-11 01:00:00
2005-01-11,02:00:00,91.0,1167.0,12.4,69.5,0.9986,2005-01-11 02:00:00
2005-01-11,03:00:00,80.11538461538461,1106.0,13.1,65.7,0.9858,2005-01-11 03:00:00
2005-01-11,04:00:00,70.0,1128.0,11.8,70.6,0.9731,2005-01-11 04:00:00
2005-01-11,05:00:00,78.0,1129.0,12.3,68.0,0.9734,2005-01-11 05:00:00
2005-01-11,06:00:00,75.0,1147.0,12.0,69.2,0.9697,2005-01-11 06:00:00
2005-01-11,07:00:00,101.0,1205.0,11.7,69.8,0.9612,2005-01-11 07:00:00
2005-01-11,08:00:00,136.0,1677.0,12.1,67.6,0.95,2005-01-11 08:00:00
2005-01-11,09:00:00,147.0,1855.0,12.5,65.1,0.9399,2005-01-11 09:00:00
2005-01-11,10:00:00,143.0,1485.0,12.8,62.5,0.9213,2005-01-11 10:00:00
2005-01-11,11:00:00,153.0,1488.0,13.4,59.9,0.9143,2005-01-11 11:00:00
2005-01-11,12:00:00,148.0,1501.0,13.4,57.9,0.8895,2005-01-11 12:00:00
2005-01-11,13:00:00,149.0,1508.0,13.6,56.4,0.8754,2005-01-11 13:00:00
2005-01-11,14:00:00,141.0,1580.0,13.8,56.3,0.8841,2005-01-11 14:00:00
2005-01-11,15:00:00,147.0,1569.0,13.7,57.9,0.9063,2005-01-11 15:00:00
2005-01-11,16:00:00,159.0,1616.0,13.6,58.9,0.9139,2005-01-11 16:00:00
2005-01-11,17:00:00,152.0,1546.0,13.4,59.7,0.9142,2005-01-11 17:00:00
2005-01-11,18:00:00,144.0,1603.0,13.3,61.2,0.933,2005-01-11 18:00:00
2005-01-11,19:00:00,146.0,1580.0,13.2,61.8,0.9313,2005-01-11 19:00:00
2005-01-11,20:00:00,162.0,1773.0,12.9,61.5,0.9139,2005-01-11 20:00:00
2005-01-11,21:00:00,156.0,1593.0,12.6,63.9,0.9307,2005-01-11 21:00:00
2005-01-11,22:00:00,146.0,1539.0,12.0,67.4,0.9417,2005-01-11 22:00:00
2005-01-11,23:00:00,151.0,1497.0,11.9,69.0,0.9568,2005-01-11 23:00:00
2005-01-12,00:00:00,127.0,1305.0,12.0,66.6,0.9293,2005-01-12 00:00:00
2005-01-12,01:00:00,123.0,1366.0,11.4,69.6,0.9373,2005-01-12 01:00:00
2005-01-12,02:00:00,122.0,1296.0,11.2,70.3,0.9323,2005-01-12 02:00:00
2005-01-12,03:00:00,80.11538461538461,1139.0,11.5,68.2,0.9271,2005-01-12 03:00:00
2005-01-12,04:00:00,85.0,1161.0,10.7,71.3,0.9161,2005-01-12 04:00:00
2005-01-12,05:00:00,83.0,1171.0,10.0,74.8,0.9161,2005-01-12 05:00:00
2005-01-12,06:00:00,98.0,1241.0,9.2,78.5,0.9143,2005-01-12 06:00:00
2005-01-12,07:00:00,109.0,1327.0,8.8,79.4,0.9033,2005-01-12 07:00:00
2005-01-12,08:00:00,138.0,1606.0,8.7,79.4,0.8944,2005-01-12 08:00:00
2005-01-12,09:00:00,138.0,1706.0,8.9,76.5,0.8767,2005-01-12 09:00:00
2005-01-12,10:00:00,170.0,1648.0,9.9,73.3,0.8936,2005-01-12 10:00:00
2005-01-12,11:00:00,191.0,1514.0,11.8,65.5,0.901,2005-01-12 11:00:00
2005-01-12,12:00:00,196.0,1506.0,13.0,60.9,0.9061,2005-01-12 12:00:00
2005-01-12,13:00:00,185.0,1518.0,14.7,52.3,0.8687,2005-01-12 13:00:00
2005-01-12,14:00:00,156.0,1473.0,15.1,49.6,0.8428,2005-01-12 14:00:00
2005-01-12,15:00:00,173.0,1558.0,15.7,48.8,0.8657,2005-01-12 15:00:00
2005-01-12,16:00:00,166.0,1545.0,15.8,48.9,0.8707,2005-01-12 16:00:00
2005-01-12,17:00:00,173.0,1554.0,14.6,54.0,0.8946,2005-01-12 17:00:00
2005-01-12,18:00:00,177.0,1806.0,14.3,56.3,0.9119,2005-01-12 18:00:00
2005-01-12,19:00:00,182.0,1902.0,14.1,57.8,0.9262,2005-01-12 19:00:00
2005-01-12,20:00:00,166.0,1883.0,13.1,62.9,0.943,2005-01-12 20:00:00
2005-01-12,21:00:00,177.0,1736.0,12.0,67.5,0.9467,2005-01-12 21:00:00
2005-01-12,22:00:00,158.0,1441.0,10.7,70.9,0.9113,2005-01-12 22:00:00
2005-01-12,23:00:00,133.0,1337.0,10.0,73.2,0.8988,2005-01-12 23:00:00
2005-01-13,00:00:00,123.0,1347.0,9.4,75.0,0.8874,2005-01-13 00:00:00
2005-01-13,01:00:00,120.0,1312.0,8.5,76.9,0.8557,2005-01-13 01:00:00
2005-01-13,02:00:00,105.0,1167.0,8.4,75.9,0.8407,2005-01-13 02:00:00
2005-01-13,03:00:00,80.11538461538461,1171.0,6.9,80.7,0.8054,2005-01-13 03:00:00
2005-01-13,04:00:00,86.0,1094.0,6.2,82.1,0.7825,2005-01-13 04:00:00
2005-01-13,05:00:00,77.0,1058.0,7.0,77.3,0.7759,2005-01-13 05:00:00
2005-01-13,06:00:00,81.0,1054.0,6.5,79.7,0.7751,2005-01-13 06:00:00
2005-01-13,07:00:00,103.0,1216.0,7.7,76.8,0.8112,2005-01-13 07:00:00
2005-01-13,08:00:00,127.0,1509.0,8.2,74.9,0.8184,2005-01-13 08:00:00
2005-01-13,09:00:00,134.0,1780.0,8.8,73.2,0.8298,2005-01-13 09:00:00
2005-01-13,10:00:00,158.0,1488.0,9.7,70.1,0.8432,2005-01-13 10:00:00
2005-01-13,11:00:00,175.0,1492.0,11.7,62.7,0.8586,2005-01-13 11:00:00
2005-01-13,12:00:00,178.0,1353.0,13.1,58.5,0.877,2005-01-13 12:00:00
2005-01-13,13:00:00,135.0,1316.0,14.2,54.1,0.8707,2005-01-13 13:00:00
2005-01-13,14:00:00,133.0,1396.0,14.2,54.3,0.8757,2005-01-13 14:00:00
2005-01-13,15:00:00,134.0,1410.0,14.0,56.3,0.894,2005-01-13 15:00:00
2005-01-13,16:00:00,137.0,1480.0,13.5,57.8,0.8933,2005-01-13 16:00:00
2005-01-13,17:00:00,160.0,1620.0,12.3,63.0,0.9015,2005-01-13 17:00:00
2005-01-13,18:00:00,166.0,1811.0,11.4,68.0,0.9166,2005-01-13 18:00:00
2005-01-13,19:00:00,144.0,1571.0,10.8,69.5,0.8995,2005-01-13 19:00:00
2005-01-13,20:00:00,129.0,1354.0,11.0,67.1,0.8766,2005-01-13 20:00:00
2005-01-13,21:00:00,129.0,1385.0,9.5,71.3,0.8458,2005-01-13 21:00:00
2005-01-13,22:00:00,107.0,1202.0,8.8,71.0,0.8089,2005-01-13 22:00:00
2005-01-13,23:00:00,101.0,1213.0,8.0,73.4,0.7899,2005-01-13 23:00:00
2005-01-14,00:00:00,112.0,1210.0,7.6,73.0,0.7629,2005-01-14 00:00:00
2005-01-14,01:00:00,98.0,1125.0,7.1,73.9,0.7515,2005-01-14 01:00:00
2005-01-14,02:00:00,90.0,1064.0,7.1,73.5,0.7439,2005-01-14 02:00:00
2005-01-14,03:00:00,80.11538461538461,1036.0,6.7,75.0,0.739,2005-01-14 03:00:00
2005-01-14,04:00:00,59.0,1059.0,5.1,81.3,0.7204,2005-01-14 04:00:00
2005-01-14,05:00:00,98.0,1101.0,4.3,82.9,0.6968,2005-01-14 05:00:00
2005-01-14,06:00:00,109.0,1076.0,5.3,80.4,0.7234,2005-01-14 06:00:00
2005-01-14,07:00:00,110.0,1160.0,5.7,79.3,0.7326,2005-01-14 07:00:00
2005-01-14,08:00:00,159.0,1681.0,6.8,74.8,0.7423,2005-01-14 08:00:00
2005-01-14,09:00:00,144.0,1469.0,6.9,75.2,0.7505,2005-01-14 09:00:00
2005-01-14,10:00:00,147.0,1490.0,8.0,71.9,0.7712,2005-01-14 10:00:00
2005-01-14,11:00:00,179.0,1443.0,9.3,67.1,0.7849,2005-01-14 11:00:00
2005-01-14,12:00:00,164.0,1388.0,10.2,63.6,0.7928,2005-01-14 12:00:00
2005-01-14,13:00:00,160.0,1519.0,11.0,60.9,0.7966,2005-01-14 13:00:00
2005-01-14,14:00:00,143.0,1428.0,11.3,60.1,0.8022,2005-01-14 14:00:00
2005-01-14,15:00:00,138.0,1403.0,12.2,56.9,0.8068,2005-01-14 15:00:00
2005-01-14,16:00:00,143.0,1498.0,11.9,59.1,0.8211,2005-01-14 16:00:00
2005-01-14,17:00:00,196.0,1704.0,10.3,66.3,0.8286,2005-01-14 17:00:00
2005-01-14,18:00:00,197.0,1750.0,8.2,74.9,0.8187,2005-01-14 18:00:00
2005-01-14,19:00:00,189.0,1720.0,7.9,77.1,0.8223,2005-01-14 19:00:00
2005-01-14,20:00:00,188.0,1710.0,8.3,75.0,0.8253,2005-01-14 20:00:00
2005-01-14,21:00:00,190.0,1504.0,8.2,75.2,0.8185,2005-01-14 21:00:00
2005-01-14,22:00:00,126.0,1101.0,8.3,69.7,0.7632,2005-01-14 22:00:00
2005-01-14,23:00:00,113.0,1127.0,6.7,74.4,0.7344,2005-01-14 23:00:00
2005-01-15,00:00:00,129.0,1142.0,6.4,74.9,0.7238,2005-01-15 00:00:00
2005-01-15,01:00:00,128.0,1140.0,4.9,80.1,0.7011,2005-01-15 01:00:00
2005-01-15,02:00:00,122.0,1087.0,4.8,79.4,0.6872,2005-01-15 02:00:00
2005-01-15,03:00:00,80.11538461538461,1041.0,3.3,82.6,0.645,2005-01-15 03:00:00
2005-01-15,04:00:00,115.0,1015.0,2.4,86.6,0.6369,2005-01-15 04:00:00
2005-01-15,05:00:00,92.0,972.0,3.4,81.4,0.6425,2005-01-15 05:00:00
2005-01-15,06:00:00,70.0,940.0,4.2,77.0,0.6439,2005-01-15 06:00:00
2005-01-15,07:00:00,83.0,1004.0,3.5,80.8,0.6406,2005-01-15 07:00:00
2005-01-15,08:00:00,127.0,1201.0,3.5,80.3,0.6366,2005-01-15 08:00:00
2005-01-15,09:00:00,142.0,1230.0,4.0,78.5,0.645,2005-01-15 09:00:00
2005-01-15,10:00:00,155.0,1216.0,4.5,76.6,0.6534,2005-01-15 10:00:00
2005-01-15,11:00:00,153.0,1199.0,5.6,72.3,0.6627,2005-01-15 11:00:00
2005-01-15,12:00:00,177.0,1259.0,7.5,64.4,0.672,2005-01-15 12:00:00
2005-01-15,13:00:00,179.0,1382.0,8.9,60.8,0.6921,2005-01-15 13:00:00
2005-01-15,14:00:00,212.0,1454.0,10.6,55.3,0.7058,2005-01-15 14:00:00
2005-01-15,15:00:00,182.0,1257.0,12.3,46.3,0.6597,2005-01-15 15:00:00
2005-01-15,16:00:00,168.0,1243.0,12.2,47.0,0.6686,2005-01-15 16:00:00
2005-01-15,17:00:00,179.0,1391.0,10.5,55.1,0.6993,2005-01-15 17:00:00
2005-01-15,18:00:00,182.0,1454.0,8.7,66.3,0.7491,2005-01-15 18:00:00
2005-01-15,19:00:00,194.0,1524.0,7.9,69.9,0.7487,2005-01-15 19:00:00
2005-01-15,20:00:00,166.0,1265.0,7.6,65.3,0.6842,2005-01-15 20:00:00
2005-01-15,21:00:00,168.0,1317.0,6.5,67.6,0.6608,2005-01-15 21:00:00
2005-01-15,22:00:00,148.0,1112.0,5.9,66.4,0.6226,2005-01-15 22:00:00
2005-01-15,23:00:00,151.0,1207.0,5.2,70.0,0.6232,2005-01-15 23:00:00
2005-01-16,00:00:00,165.0,1257.0,5.2,67.8,0.6028,2005-01-16 00:00:00
2005-01-16,01:00:00,165.0,1136.0,4.9,67.1,0.5863,2005-01-16 01:00:00
2005-01-16,02:00:00,128.0,1062.0,5.1,65.5,0.5811,2005-01-16 02:00:00
2005-01-16,03:00:00,80.11538461538461,1019.0,4.0,69.5,0.5706,2005-01-16 03:00:00
2005-01-16,04:00:00,115.0,1021.0,3.7,68.9,0.5549,2005-01-16 04:00:00
2005-01-16,05:00:00,120.0,956.0,4.5,62.7,0.5343,2005-01-16 05:00:00
2005-01-16,06:00:00,106.0,977.0,4.7,62.3,0.5368,2005-01-16 06:00:00
2005-01-16,07:00:00,118.0,1013.0,3.9,67.1,0.5483,2005-01-16 07:00:00
2005-01-16,08:00:00,156.0,984.0,5.7,54.5,0.5034,2005-01-16 08:00:00
2005-01-16,09:00:00,130.0,1037.0,6.1,50.3,0.4769,2005-01-16 09:00:00
2005-01-16,10:00:00,112.0,846.0,9.0,39.5,0.4554,2005-01-16 10:00:00
2005-01-16,11:00:00,96.0,847.0,10.7,34.4,0.4406,2005-01-16 11:00:00
2005-01-16,12:00:00,89.0,824.0,11.1,33.4,0.4401,2005-01-16 12:00:00
2005-01-16,13:00:00,98.0,857.0,11.9,30.8,0.4285,2005-01-16 13:00:00
2005-01-16,14:00:00,85.0,809.0,11.4,32.0,0.431,2005-01-16 14:00:00
2005-01-16,15:00:00,80.0,821.0,11.3,32.5,0.4334,2005-01-16 15:00:00
2005-01-16,16:00:00,112.0,859.0,11.0,33.0,0.4331,2005-01-16 16:00:00
2005-01-16,17:00:00,121.0,872.0,10.3,35.0,0.4377,2005-01-16 17:00:00
2005-01-16,18:00:00,132.0,893.0,8.4,40.9,0.4542,2005-01-16 18:00:00
2005-01-16,19:00:00,160.0,977.0,8.3,38.5,0.4228,2005-01-16 19:00:00
2005-01-16,20:00:00,167.0,984.0,8.1,37.9,0.41,2005-01-16 20:00:00
2005-01-16,21:00:00,157.0,893.0,7.7,39.0,0.4106,2005-01-16 21:00:00
2005-01-16,22:00:00,130.0,880.0,7.0,41.5,0.4193,2005-01-16 22:00:00
2005-01-16,23:00:00,145.0,936.0,6.6,42.6,0.4179,2005-01-16 23:00:00
2005-01-17,00:00:00,133.0,899.0,6.4,44.2,0.428,2005-01-17 00:00:00
2005-01-17,01:00:00,110.0,881.0,6.0,46.0,0.4349,2005-01-17 01:00:00
2005-01-17,02:00:00,100.0,875.0,4.4,53.1,0.4484,2005-01-17 02:00:00
2005-01-17,03:00:00,80.11538461538461,833.0,4.0,54.3,0.4454,2005-01-17 03:00:00
2005-01-17,04:00:00,79.0,836.0,3.7,55.8,0.4489,2005-01-17 04:00:00
2005-01-17,05:00:00,79.0,840.0,2.6,58.6,0.4385,2005-01-17 05:00:00
2005-01-17,06:00:00,90.0,857.0,3.2,56.0,0.4364,2005-01-17 06:00:00
2005-01-17,07:00:00,95.0,916.0,3.6,55.4,0.4419,2005-01-17 07:00:00
2005-01-17,08:00:00,169.0,1357.0,1.8,63.3,0.4464,2005-01-17 08:00:00
2005-01-17,09:00:00,199.0,1346.0,2.4,60.2,0.4426,2005-01-17 09:00:00
2005-01-17,10:00:00,186.0,1271.0,4.6,52.1,0.4472,2005-01-17 10:00:00
2005-01-17,11:00:00,208.0,1244.0,8.2,40.5,0.4414,2005-01-17 11:00:00
2005-01-17,12:00:00,178.0,1219.0,10.5,34.7,0.4393,2005-01-17 12:00:00
2005-01-17,13:00:00,176.0,1227.0,11.1,33.3,0.4384,2005-01-17 13:00:00
2005-01-17,14:00:00,177.0,1233.0,11.1,32.6,0.4292,2005-01-17 14:00:00
2005-01-17,15:00:00,182.0,1264.0,12.4,28.3,0.4076,2005-01-17 15:00:00
2005-01-17,16:00:00,182.0,1200.0,12.9,24.5,0.363,2005-01-17 16:00:00
2005-01-17,17:00:00,193.0,1363.0,11.4,28.7,0.3865,2005-01-17 17:00:00
2005-01-17,18:00:00,272.0,1964.0,9.2,39.3,0.4573,2005-01-17 18:00:00
2005-01-17,19:00:00,225.0,1811.0,7.8,48.1,0.5115,2005-01-17 19:00:00
2005-01-17,20:00:00,181.0,1251.0,7.2,50.6,0.517,2005-01-17 20:00:00
2005-01-17,21:00:00,172.0,1170.0,6.0,53.3,0.5008,2005-01-17 21:00:00
2005-01-17,22:00:00,153.0,1053.0,5.3,55.0,0.4921,2005-01-17 22:00:00
2005-01-17,23:00:00,143.0,1010.0,4.2,58.1,0.4832,2005-01-17 23:00:00
2005-01-18,00:00:00,142.0,993.0,3.4,60.9,0.4809,2005-01-18 00:00:00
2005-01-18,01:00:00,131.0,948.0,3.0,60.2,0.4639,2005-01-18 01:00:00
2005-01-18,02:00:00,105.0,901.0,3.2,58.8,0.4578,2005-01-18 02:00:00
2005-01-18,03:00:00,80.11538461538461,878.0,3.3,57.7,0.4516,2005-01-18 03:00:00
2005-01-18,04:00:00,83.0,869.0,4.5,53.8,0.4572,2005-01-18 04:00:00
2005-01-18,05:00:00,87.0,893.0,3.1,59.7,0.4604,2005-01-18 05:00:00
2005-01-18,06:00:00,106.0,914.0,4.2,57.1,0.4743,2005-01-18 06:00:00
2005-01-18,07:00:00,140.0,1025.0,3.4,58.5,0.4608,2005-01-18 07:00:00
2005-01-18,08:00:00,167.0,1337.0,3.9,57.3,0.4661,2005-01-18 08:00:00
2005-01-18,09:00:00,175.0,1383.0,4.3,56.8,0.4768,2005-01-18 09:00:00
2005-01-18,10:00:00,235.0,1536.0,5.6,52.9,0.4841,2005-01-18 10:00:00
2005-01-18,11:00:00,196.0,1332.0,5.5,54.9,0.4985,2005-01-18 11:00:00
2005-01-18,12:00:00,211.0,1483.0,5.1,64.3,0.5697,2005-01-18 12:00:00
2005-01-18,13:00:00,234.0,1605.0,5.5,66.1,0.601,2005-01-18 13:00:00
2005-01-18,14:00:00,240.0,1697.0,5.5,69.3,0.6331,2005-01-18 14:00:00
2005-01-18,15:00:00,243.0,1640.0,5.0,75.5,0.6667,2005-01-18 15:00:00
2005-01-18,16:00:00,224.0,1598.0,5.2,76.2,0.6796,2005-01-18 16:00:00
2005-01-18,17:00:00,240.0,1614.0,5.3,77.4,0.6954,2005-01-18 17:00:00
2005-01-18,18:00:00,215.0,1733.0,5.0,79.6,0.7022,2005-01-18 18:00:00
2005-01-18,19:00:00,216.0,1725.0,5.1,83.0,0.7352,2005-01-18 19:00:00
2005-01-18,20:00:00,184.0,1588.0,6.4,82.9,0.8022,2005-01-18 20:00:00
2005-01-18,21:00:00,152.0,1233.0,10.3,74.0,0.9237,2005-01-18 21:00:00
2005-01-18,22:00:00,104.0,1187.0,11.3,71.8,0.9577,2005-01-18 22:00:00
2005-01-18,23:00:00,104.0,1241.0,9.8,81.9,0.9923,2005-01-18 23:00:00
2005-01-19,00:00:00,124.0,1298.0,9.5,83.8,0.9972,2005-01-19 00:00:00
2005-01-19,01:00:00,127.0,1286.0,9.9,81.0,0.9885,2005-01-19 01:00:00
2005-01-19,02:00:00,109.0,1208.0,9.9,79.8,0.9725,2005-01-19 02:00:00
2005-01-19,03:00:00,80.11538461538461,1008.0,6.9,76.4,0.7661,2005-01-19 03:00:00
2005-01-19,04:00:00,73.0,945.0,4.8,75.7,0.659,2005-01-19 04:00:00
2005-01-19,05:00:00,52.0,948.0,4.7,78.9,0.682,2005-01-19 05:00:00
2005-01-19,06:00:00,57.0,941.0,5.0,75.0,0.6627,2005-01-19 06:00:00
2005-01-19,07:00:00,89.0,992.0,5.6,69.5,0.6362,2005-01-19 07:00:00
2005-01-19,08:00:00,128.0,1203.0,7.0,64.9,0.6512,2005-01-19 08:00:00
2005-01-19,09:00:00,152.0,1158.0,7.1,65.4,0.6644,2005-01-19 09:00:00
2005-01-19,10:00:00,128.0,1020.0,6.4,67.4,0.6537,2005-01-19 10:00:00
2005-01-19,11:00:00,124.0,994.0,5.3,75.9,0.6824,2005-01-19 11:00:00
2005-01-19,12:00:00,117.0,1018.0,6.3,73.0,0.7024,2005-01-19 12:00:00
2005-01-19,13:00:00,110.0,1099.0,8.6,63.3,0.7073,2005-01-19 13:00:00
2005-01-19,14:00:00,128.0,1132.0,10.0,55.0,0.6753,2005-01-19 14:00:00
2005-01-19,15:00:00,114.0,1014.0,9.4,53.6,0.6333,2005-01-19 15:00:00
2005-01-19,16:00:00,110.0,1013.0,9.2,55.0,0.6402,2005-01-19 16:00:00
2005-01-19,17:00:00,112.0,1015.0,8.7,55.1,0.6228,2005-01-19 17:00:00
2005-01-19,18:00:00,130.0,1139.0,8.9,54.4,0.62,2005-01-19 18:00:00
2005-01-19,19:00:00,135.0,1109.0,8.6,53.6,0.5992,2005-01-19 19:00:00
2005-01-19,20:00:00,141.0,1167.0,9.0,50.4,0.5809,2005-01-19 20:00:00
2005-01-19,21:00:00,141.0,1109.0,9.2,49.8,0.5808,2005-01-19 21:00:00
2005-01-19,22:00:00,95.0,918.0,8.8,52.1,0.5918,2005-01-19 22:00:00
2005-01-19,23:00:00,97.0,1005.0,8.8,50.9,0.5781,2005-01-19 23:00:00
2005-01-20,00:00:00,112.0,995.0,8.7,51.1,0.5755,2005-01-20 00:00:00
2005-01-20,01:00:00,74.0,948.0,8.6,51.5,0.5772,2005-01-20 01:00:00
2005-01-20,02:00:00,62.0,893.0,8.5,51.9,0.5766,2005-01-20 02:00:00
2005-01-20,03:00:00,80.11538461538461,880.0,8.1,53.1,0.5742,2005-01-20 03:00:00
2005-01-20,04:00:00,40.0,863.0,7.8,54.2,0.5755,2005-01-20 04:00:00
2005-01-20,05:00:00,45.0,876.0,7.1,56.0,0.569,2005-01-20 05:00:00
2005-01-20,06:00:00,93.0,954.0,7.0,57.6,0.5784,2005-01-20 06:00:00
2005-01-20,07:00:00,104.0,947.0,7.5,55.3,0.5734,2005-01-20 07:00:00
2005-01-20,08:00:00,162.0,1316.0,7.0,56.3,0.566,2005-01-20 08:00:00
2005-01-20,09:00:00,169.0,1409.0,7.6,53.5,0.5605,2005-01-20 09:00:00
2005-01-20,10:00:00,190.0,1381.0,8.3,50.5,0.5558,2005-01-20 10:00:00
2005-01-20,11:00:00,170.0,1181.0,12.4,37.1,0.5329,2005-01-20 11:00:00
2005-01-20,12:00:00,151.0,1175.0,13.9,32.3,0.5117,2005-01-20 12:00:00
2005-01-20,13:00:00,150.0,1178.0,14.4,28.9,0.4723,2005-01-20 13:00:00
2005-01-20,14:00:00,154.0,1191.0,14.8,25.4,0.4259,2005-01-20 14:00:00
2005-01-20,15:00:00,140.0,1018.0,15.1,20.8,0.3536,2005-01-20 15:00:00
2005-01-20,16:00:00,167.0,1172.0,15.4,23.5,0.4076,2005-01-20 16:00:00
2005-01-20,17:00:00,204.0,1386.0,13.7,28.1,0.4381,2005-01-20 17:00:00
2005-01-20,18:00:00,210.0,1594.0,11.5,37.5,0.5068,2005-01-20 18:00:00
2005-01-20,19:00:00,182.0,1414.0,10.4,42.3,0.5337,2005-01-20 19:00:00
2005-01-20,20:00:00,165.0,1259.0,9.9,44.0,0.5381,2005-01-20 20:00:00
2005-01-20,21:00:00,150.0,1205.0,8.7,48.3,0.5458,2005-01-20 21:00:00
2005-01-20,22:00:00,132.0,1032.0,8.1,49.9,0.5417,2005-01-20 22:00:00
2005-01-20,23:00:00,120.0,1015.0,7.3,52.8,0.5419,2005-01-20 23:00:00
2005-01-21,00:00:00,119.0,1035.0,8.0,52.2,0.5623,2005-01-21 00:00:00
2005-01-21,01:00:00,110.0,1039.0,6.8,56.4,0.5609,2005-01-21 01:00:00
2005-01-21,02:00:00,94.0,992.0,6.7,57.4,0.5654,2005-01-21 02:00:00
2005-01-21,03:00:00,80.11538461538461,1000.0,5.9,62.1,0.5806,2005-01-21 03:00:00
2005-01-21,04:00:00,101.0,1046.0,5.4,65.9,0.5947,2005-01-21 04:00:00
2005-01-21,05:00:00,117.0,1056.0,5.5,66.5,0.6054,2005-01-21 05:00:00
2005-01-21,06:00:00,121.0,1129.0,5.9,65.8,0.6178,2005-01-21 06:00:00
2005-01-21,07:00:00,138.0,1230.0,6.4,63.9,0.6192,2005-01-21 07:00:00
2005-01-21,08:00:00,174.0,1558.0,7.2,62.2,0.6351,2005-01-21 08:00:00
2005-01-21,09:00:00,179.0,1761.0,7.9,60.0,0.6406,2005-01-21 09:00:00
2005-01-21,10:00:00,175.0,1481.0,8.3,58.5,0.6403,2005-01-21 10:00:00
2005-01-21,11:00:00,183.0,1476.0,9.3,54.5,0.6415,2005-01-21 11:00:00
2005-01-21,12:00:00,189.0,1526.0,10.2,53.1,0.6608,2005-01-21 12:00:00
2005-01-21,13:00:00,198.0,1579.0,11.1,51.4,0.679,2005-01-21 13:00:00
2005-01-21,14:00:00,142.0,1291.0,12.8,46.9,0.6919,2005-01-21 14:00:00
2005-01-21,15:00:00,139.0,1401.0,13.1,48.0,0.7181,2005-01-21 15:00:00
2005-01-21,16:00:00,99.0,1520.0,13.5,51.5,0.793,2005-01-21 16:00:00
2005-01-21,17:00:00,135.0,1426.0,13.4,51.2,0.7808,2005-01-21 17:00:00
2005-01-21,18:00:00,223.0,1458.0,12.1,55.3,0.7777,2005-01-21 18:00:00
2005-01-21,19:00:00,194.0,1547.0,12.0,56.5,0.7924,2005-01-21 19:00:00
2005-01-21,20:00:00,244.0,2083.0,10.4,64.4,0.8123,2005-01-21 20:00:00
2005-01-21,21:00:00,243.0,2005.0,9.4,69.1,0.815,2005-01-21 21:00:00
2005-01-21,22:00:00,230.0,1608.0,8.9,71.0,0.8115,2005-01-21 22:00:00
2005-01-21,23:00:00,207.0,1498.0,8.1,73.8,0.7968,2005-01-21 23:00:00
2005-01-22,00:00:00,223.0,1524.0,7.3,76.8,0.7904,2005-01-22 00:00:00
2005-01-22,01:00:00,216.0,1362.0,7.3,76.7,0.7862,2005-01-22 01:00:00
2005-01-22,02:00:00,198.0,1395.0,7.1,77.3,0.7826,2005-01-22 02:00:00
2005-01-22,03:00:00,80.11538461538461,1333.0,6.7,78.7,0.7779,2005-01-22 03:00:00
2005-01-22,04:00:00,126.0,1297.0,7.0,77.8,0.7848,2005-01-22 04:00:00
2005-01-22,05:00:00,144.0,1322.0,5.7,80.5,0.7416,2005-01-22 05:00:00
2005-01-22,06:00:00,183.0,1242.0,5.2,81.4,0.7276,2005-01-22 06:00:00
2005-01-22,07:00:00,193.0,1307.0,5.6,80.4,0.7349,2005-01-22 07:00:00
2005-01-22,08:00:00,196.0,1392.0,6.3,78.8,0.7544,2005-01-22 08:00:00
2005-01-22,09:00:00,208.0,1431.0,6.9,76.9,0.7682,2005-01-22 09:00:00
2005-01-22,10:00:00,217.0,1472.0,9.2,67.7,0.79,2005-01-22 10:00:00
2005-01-22,11:00:00,246.0,1426.0,11.6,59.8,0.8152,2005-01-22 11:00:00
2005-01-22,12:00:00,204.0,1393.0,14.0,52.0,0.8288,2005-01-22 12:00:00
2005-01-22,13:00:00,192.0,1417.0,15.0,50.2,0.8495,2005-01-22 13:00:00
2005-01-22,14:00:00,186.0,1500.0,14.9,49.9,0.8394,2005-01-22 14:00:00
2005-01-22,15:00:00,133.0,1068.0,15.8,33.8,0.6034,2005-01-22 15:00:00
2005-01-22,16:00:00,126.0,994.0,15.4,29.3,0.5068,2005-01-22 16:00:00
2005-01-22,17:00:00,138.0,972.0,14.4,25.7,0.4193,2005-01-22 17:00:00
2005-01-22,18:00:00,148.0,1016.0,13.4,27.2,0.4157,2005-01-22 18:00:00
2005-01-22,19:00:00,167.0,1126.0,12.2,28.7,0.4077,2005-01-22 19:00:00
2005-01-22,20:00:00,175.0,1103.0,11.3,25.7,0.3422,2005-01-22 20:00:00
2005-01-22,21:00:00,224.0,1328.0,9.7,31.9,0.3848,2005-01-22 21:00:00
2005-01-22,22:00:00,215.0,1219.0,8.4,36.5,0.4035,2005-01-22 22:00:00
2005-01-22,23:00:00,196.0,1165.0,8.2,36.8,0.4016,2005-01-22 23:00:00
2005-01-23,00:00:00,195.0,993.0,8.0,36.0,0.3872,2005-01-23 00:00:00
2005-01-23,01:00:00,181.0,946.0,7.0,39.9,0.4006,2005-01-23 01:00:00
2005-01-23,02:00:00,150.0,978.0,5.7,44.3,0.4093,2005-01-23 02:00:00
2005-01-23,03:00:00,80.11538461538461,926.0,4.7,46.6,0.4025,2005-01-23 03:00:00
2005-01-23,04:00:00,139.0,938.0,4.2,50.8,0.4234,2005-01-23 04:00:00
2005-01-23,05:00:00,74.0,810.0,4.6,45.1,0.3861,2005-01-23 05:00:00
2005-01-23,06:00:00,73.0,829.0,2.7,53.3,0.4006,2005-01-23 06:00:00
2005-01-23,07:00:00,77.0,812.0,3.1,51.0,0.3947,2005-01-23 07:00:00
2005-01-23,08:00:00,98.0,839.0,2.5,54.1,0.4017,2005-01-23 08:00:00
2005-01-23,09:00:00,121.0,942.0,3.1,53.5,0.4123,2005-01-23 09:00:00
2005-01-23,10:00:00,162.0,987.0,5.0,47.5,0.418,2005-01-23 10:00:00
2005-01-23,11:00:00,178.0,996.0,5.8,43.4,0.4032,2005-01-23 11:00:00
2005-01-23,12:00:00,206.0,1047.0,7.1,42.8,0.4327,2005-01-23 12:00:00
2005-01-23,13:00:00,191.0,1072.0,7.9,41.6,0.4459,2005-01-23 13:00:00
2005-01-23,14:00:00,175.0,1040.0,8.1,41.2,0.448,2005-01-23 14:00:00
2005-01-23,15:00:00,169.0,1088.0,8.3,41.3,0.4533,2005-01-23 15:00:00
2005-01-23,16:00:00,180.0,1075.0,8.9,49.1,0.5629,2005-01-23 16:00:00
2005-01-23,17:00:00,124.0,1025.0,7.1,66.0,0.6678,2005-01-23 17:00:00
2005-01-23,18:00:00,130.0,1057.0,5.7,75.1,0.6942,2005-01-23 18:00:00
2005-01-23,19:00:00,141.0,1157.0,5.4,77.6,0.7031,2005-01-23 19:00:00
2005-01-23,20:00:00,157.0,1220.0,5.4,78.2,0.7074,2005-01-23 20:00:00
2005-01-23,21:00:00,123.0,1050.0,7.3,68.1,0.6979,2005-01-23 21:00:00
2005-01-23,22:00:00,104.0,1042.0,5.8,74.4,0.6924,2005-01-23 22:00:00
2005-01-23,23:00:00,134.0,1101.0,6.2,72.3,0.6887,2005-01-23 23:00:00
2005-01-24,00:00:00,105.0,1064.0,5.9,72.7,0.6791,2005-01-24 00:00:00
2005-01-24,01:00:00,121.0,1129.0,5.0,76.5,0.6728,2005-01-24 01:00:00
2005-01-24,02:00:00,136.0,1173.0,4.0,80.4,0.663,2005-01-24 02:00:00
2005-01-24,03:00:00,80.11538461538461,876.0,5.8,59.0,0.5493,2005-01-24 03:00:00
2005-01-24,04:00:00,48.0,855.0,5.8,59.5,0.5519,2005-01-24 04:00:00
2005-01-24,05:00:00,40.0,809.0,6.6,51.3,0.5026,2005-01-24 05:00:00
2005-01-24,06:00:00,67.0,832.0,7.0,47.2,0.4745,2005-01-24 06:00:00
2005-01-24,07:00:00,104.0,902.0,6.6,47.9,0.4686,2005-01-24 07:00:00
2005-01-24,08:00:00,169.0,1210.0,7.2,49.8,0.5061,2005-01-24 08:00:00
2005-01-24,09:00:00,203.0,1147.0,6.9,52.8,0.5293,2005-01-24 09:00:00
2005-01-24,10:00:00,183.0,1007.0,8.7,46.7,0.5249,2005-01-24 10:00:00
2005-01-24,11:00:00,151.0,976.0,10.0,40.6,0.4971,2005-01-24 11:00:00
2005-01-24,12:00:00,138.0,975.0,11.8,35.4,0.4877,2005-01-24 12:00:00
2005-01-24,13:00:00,127.0,997.0,10.7,37.2,0.4788,2005-01-24 13:00:00
2005-01-24,14:00:00,116.46846846846847,963.0,10.9,34.9,0.456,2005-01-24 14:00:00
2005-01-24,15:00:00,148.0,1034.0,10.7,33.1,0.4256,2005-01-24 15:00:00
2005-01-24,16:00:00,172.0,993.0,10.6,34.2,0.4375,2005-01-24 16:00:00
2005-01-24,17:00:00,163.0,1014.0,8.9,38.1,0.4341,2005-01-24 17:00:00
2005-01-24,18:00:00,180.0,1092.0,7.8,39.7,0.4206,2005-01-24 18:00:00
2005-01-24,19:00:00,169.0,1014.0,7.3,42.2,0.4341,2005-01-24 19:00:00
2005-01-24,20:00:00,152.0,971.0,6.9,42.5,0.4257,2005-01-24 20:00:00
2005-01-24,21:00:00,107.0,866.0,6.6,43.2,0.4247,2005-01-24 21:00:00
2005-01-24,22:00:00,75.0,781.0,6.4,41.7,0.4034,2005-01-24 22:00:00
2005-01-24,23:00:00,58.0,779.0,6.1,42.6,0.4041,2005-01-24 23:00:00
2005-01-25,00:00:00,57.0,760.0,5.9,41.8,0.3928,2005-01-25 00:00:00
2005-01-25,01:00:00,44.0,735.0,5.7,41.5,0.3836,2005-01-25 01:00:00
2005-01-25,02:00:00,29.0,726.0,5.5,42.4,0.3867,2005-01-25 02:00:00
2005-01-25,03:00:00,80.11538461538461,763.0,4.5,52.0,0.4436,2005-01-25 03:00:00
2005-01-25,04:00:00,19.0,749.0,4.3,51.6,0.4323,2005-01-25 04:00:00
2005-01-25,05:00:00,20.0,765.0,3.7,56.3,0.453,2005-01-25 05:00:00
2005-01-25,06:00:00,35.0,787.0,3.3,58.1,0.4559,2005-01-25 06:00:00
2005-01-25,07:00:00,60.0,763.0,3.9,47.3,0.3862,2005-01-25 07:00:00
2005-01-25,08:00:00,115.0,876.0,4.3,45.9,0.3843,2005-01-25 08:00:00
2005-01-25,09:00:00,157.0,969.0,4.2,50.1,0.4168,2005-01-25 09:00:00
2005-01-25,10:00:00,147.0,1000.0,3.4,62.7,0.4943,2005-01-25 10:00:00
2005-01-25,11:00:00,188.0,924.0,5.0,51.4,0.4534,2005-01-25 11:00:00
2005-01-25,12:00:00,126.0,892.0,5.7,44.1,0.4063,2005-01-25 12:00:00
2005-01-25,13:00:00,114.0,880.0,5.2,44.5,0.3968,2005-01-25 13:00:00
2005-01-25,14:00:00,123.0,917.0,4.7,48.6,0.4194,2005-01-25 14:00:00
2005-01-25,15:00:00,107.0,914.0,4.5,51.0,0.4327,2005-01-25 15:00:00
2005-01-25,16:00:00,121.0,909.0,5.1,50.1,0.4432,2005-01-25 16:00:00
2005-01-25,17:00:00,118.0,923.0,5.0,50.4,0.443,2005-01-25 17:00:00
2005-01-25,18:00:00,134.0,985.0,4.3,56.4,0.4721,2005-01-25 18:00:00
2005-01-25,19:00:00,142.0,1012.0,4.3,56.7,0.476,2005-01-25 19:00:00
2005-01-25,20:00:00,133.0,1040.0,4.3,57.0,0.4771,2005-01-25 20:00:00
2005-01-25,21:00:00,106.0,910.0,3.5,60.3,0.4782,2005-01-25 21:00:00
2005-01-25,22:00:00,87.0,870.0,4.1,52.5,0.4351,2005-01-25 22:00:00
2005-01-25,23:00:00,67.0,796.0,3.9,50.6,0.4127,2005-01-25 23:00:00
2005-01-26,00:00:00,55.0,771.0,3.9,47.7,0.3901,2005-01-26 00:00:00
2005-01-26,01:00:00,49.0,769.0,4.0,47.8,0.3939,2005-01-26 01:00:00
2005-01-26,02:00:00,30.0,757.0,3.9,50.9,0.4144,2005-01-26 02:00:00
2005-01-26,03:00:00,80.11538461538461,765.0,3.0,57.7,0.4423,2005-01-26 03:00:00
2005-01-26,04:00:00,20.0,738.0,3.3,52.8,0.4137,2005-01-26 04:00:00
2005-01-26,05:00:00,17.0,720.0,2.7,53.9,0.4062,2005-01-26 05:00:00
2005-01-26,06:00:00,35.0,760.0,2.8,54.4,0.411,2005-01-26 06:00:00
2005-01-26,07:00:00,71.0,783.0,3.6,49.0,0.3915,2005-01-26 07:00:00
2005-01-26,08:00:00,136.0,887.0,3.3,50.2,0.3934,2005-01-26 08:00:00
2005-01-26,09:00:00,163.0,901.0,3.5,47.5,0.3778,2005-01-26 09:00:00
2005-01-26,10:00:00,143.0,860.0,4.3,49.4,0.4136,2005-01-26 10:00:00
2005-01-26,11:00:00,134.0,874.0,4.5,48.4,0.4131,2005-01-26 11:00:00
2005-01-26,12:00:00,130.0,868.0,4.3,50.0,0.4199,2005-01-26 12:00:00
2005-01-26,13:00:00,122.0,894.0,4.3,49.7,0.4166,2005-01-26 13:00:00
2005-01-26,14:00:00,129.0,913.0,4.9,45.3,0.3955,2005-01-26 14:00:00
2005-01-26,15:00:00,132.0,866.0,5.6,42.4,0.3884,2005-01-26 15:00:00
2005-01-26,16:00:00,133.0,900.0,5.7,43.1,0.3984,2005-01-26 16:00:00
2005-01-26,17:00:00,126.0,922.0,4.8,49.7,0.4305,2005-01-26 17:00:00
2005-01-26,18:00:00,177.0,1033.0,5.1,43.0,0.3821,2005-01-26 18:00:00
2005-01-26,19:00:00,185.0,1073.0,5.3,44.4,0.397,2005-01-26 19:00:00
2005-01-26,20:00:00,169.0,1048.0,4.9,47.9,0.418,2005-01-26 20:00:00
2005-01-26,21:00:00,151.0,1025.0,4.7,50.8,0.4398,2005-01-26 21:00:00
2005-01-26,22:00:00,114.0,922.0,4.6,54.8,0.4704,2005-01-26 22:00:00
2005-01-26,23:00:00,90.0,904.0,4.0,56.8,0.4688,2005-01-26 23:00:00
2005-01-27,00:00:00,87.0,857.0,4.2,46.8,0.39,2005-01-27 00:00:00
2005-01-27,01:00:00,83.0,808.0,4.5,42.0,0.3571,2005-01-27 01:00:00
2005-01-27,02:00:00,74.0,826.0,4.1,42.1,0.3487,2005-01-27 02:00:00
2005-01-27,03:00:00,80.11538461538461,738.0,4.5,39.7,0.3379,2005-01-27 03:00:00
2005-01-27,04:00:00,28.0,727.0,4.4,42.2,0.3571,2005-01-27 04:00:00
2005-01-27,05:00:00,26.0,745.0,4.1,45.9,0.3804,2005-01-27 05:00:00
2005-01-27,06:00:00,61.0,762.0,4.3,42.5,0.3556,2005-01-27 06:00:00
2005-01-27,07:00:00,91.0,775.0,4.6,38.1,0.3267,2005-01-27 07:00:00
2005-01-27,08:00:00,184.0,972.0,4.6,39.4,0.3367,2005-01-27 08:00:00
2005-01-27,09:00:00,204.0,1038.0,4.8,41.9,0.3634,2005-01-27 09:00:00
2005-01-27,10:00:00,185.0,934.0,5.9,40.2,0.376,2005-01-27 10:00:00
2005-01-27,11:00:00,125.0,872.0,7.0,38.4,0.3861,2005-01-27 11:00:00
2005-01-27,12:00:00,104.0,854.0,6.6,40.2,0.3944,2005-01-27 12:00:00
2005-01-27,13:00:00,115.0,893.0,6.6,41.2,0.4046,2005-01-27 13:00:00
2005-01-27,14:00:00,126.0,900.0,7.3,36.8,0.3779,2005-01-27 14:00:00
2005-01-27,15:00:00,125.0,881.0,7.3,35.0,0.3584,2005-01-27 15:00:00
2005-01-27,16:00:00,139.0,850.0,7.0,33.5,0.3367,2005-01-27 16:00:00
2005-01-27,17:00:00,142.0,865.0,6.5,32.4,0.3155,2005-01-27 17:00:00
2005-01-27,18:00:00,170.0,928.0,5.7,33.9,0.3131,2005-01-27 18:00:00
2005-01-27,19:00:00,195.0,1025.0,5.0,36.1,0.3178,2005-01-27 19:00:00
2005-01-27,20:00:00,202.0,1049.0,4.7,38.3,0.3306,2005-01-27 20:00:00
2005-01-27,21:00:00,168.0,911.0,4.5,39.9,0.339,2005-01-27 21:00:00
2005-01-27,22:00:00,128.0,838.0,4.3,41.1,0.3451,2005-01-27 22:00:00
2005-01-27,23:00:00,115.0,855.0,4.0,43.1,0.3551,2005-01-27 23:00:00
2005-01-28,00:00:00,111.0,827.0,3.7,46.0,0.3701,2005-01-28 00:00:00
2005-01-28,01:00:00,97.0,810.0,3.3,47.4,0.3716,2005-01-28 01:00:00
2005-01-28,02:00:00,77.0,807.0,3.0,49.1,0.3774,2005-01-28 02:00:00
2005-01-28,03:00:00,80.11538461538461,781.0,3.5,48.0,0.3822,2005-01-28 03:00:00
2005-01-28,04:00:00,51.0,779.0,3.6,48.0,0.3835,2005-01-28 04:00:00
2005-01-28,05:00:00,49.0,781.0,4.0,47.8,0.3919,2005-01-28 05:00:00
2005-01-28,06:00:00,79.0,819.0,4.1,48.1,0.3975,2005-01-28 06:00:00
2005-01-28,07:00:00,92.0,810.0,4.1,47.4,0.3926,2005-01-28 07:00:00
2005-01-28,08:00:00,167.0,992.0,4.2,48.7,0.4073,2005-01-28 08:00:00
2005-01-28,09:00:00,206.0,1055.0,4.1,49.8,0.4117,2005-01-28 09:00:00
2005-01-28,10:00:00,184.0,966.0,4.3,48.4,0.4043,2005-01-28 10:00:00
2005-01-28,11:00:00,176.0,975.0,4.6,49.7,0.4271,2005-01-28 11:00:00
2005-01-28,12:00:00,191.0,941.0,4.5,49.6,0.421,2005-01-28 12:00:00
2005-01-28,13:00:00,147.0,925.0,4.4,48.4,0.4087,2005-01-28 13:00:00
2005-01-28,14:00:00,174.0,997.0,4.7,47.2,0.4075,2005-01-28 14:00:00
2005-01-28,15:00:00,167.0,920.0,4.2,49.5,0.4118,2005-01-28 15:00:00
2005-01-28,16:00:00,138.0,860.0,3.4,50.7,0.3991,2005-01-28 16:00:00
2005-01-28,17:00:00,164.0,848.5,3.25,50.6,0.39447,2005-01-28 17:00:00
2005-01-28,18:00:00,190.0,837.0,3.1,50.5,0.38984,2005-01-28 18:00:00
2005-01-28,19:00:00,198.0,825.5,2.95,50.400000000000006,0.38521,2005-01-28 19:00:00
2005-01-28,20:00:00,155.0,814.0,2.8,50.300000000000004,0.38058000000000003,2005-01-28 20:00:00
2005-01-28,21:00:00,153.0,802.5,2.65,50.2,0.37595,2005-01-28 21:00:00
2005-01-28,22:00:00,110.0,791.0,2.5,50.1,0.37132,2005-01-28 22:00:00
2005-01-28,23:00:00,91.0,779.5,2.3499999999999996,50.0,0.36669,2005-01-28 23:00:00
2005-01-29,00:00:00,105.0,768.0,2.2,49.900000000000006,0.36206,2005-01-29 00:00:00
2005-01-29,01:00:00,85.0,756.5,2.05,49.800000000000004,0.35743,2005-01-29 01:00:00
2005-01-29,02:00:00,60.0,745.0,1.9,49.7,0.3528,2005-01-29 02:00:00
2005-01-29,03:00:00,80.11538461538461,751.0,1.6,52.9,0.3692,2005-01-29 03:00:00
2005-01-29,04:00:00,34.0,737.0,1.4,53.8,0.3687,2005-01-29 04:00:00
2005-01-29,05:00:00,31.0,734.0,1.0,54.7,0.3657,2005-01-29 05:00:00
2005-01-29,06:00:00,37.0,735.0,1.4,52.3,0.3591,2005-01-29 06:00:00
2005-01-29,07:00:00,58.0,754.0,1.6,51.0,0.3561,2005-01-29 07:00:00
2005-01-29,08:00:00,92.0,814.0,1.4,53.1,0.3642,2005-01-29 08:00:00
2005-01-29,09:00:00,110.0,857.0,1.7,54.1,0.3785,2005-01-29 09:00:00
2005-01-29,10:00:00,101.0,836.0,2.5,51.0,0.3778,2005-01-29 10:00:00
2005-01-29,11:00:00,96.0,833.0,2.9,48.7,0.3706,2005-01-29 11:00:00
2005-01-29,12:00:00,102.0,819.0,3.6,45.8,0.3674,2005-01-29 12:00:00
2005-01-29,13:00:00,96.0,830.0,3.1,48.1,0.3722,2005-01-29 13:00:00
2005-01-29,14:00:00,102.0,845.0,3.4,46.6,0.3668,2005-01-29 14:00:00
2005-01-29,15:00:00,88.0,809.0,3.7,45.8,0.3697,2005-01-29 15:00:00
2005-01-29,16:00:00,87.0,817.0,4.4,43.7,0.3688,2005-01-29 16:00:00
2005-01-29,17:00:00,115.0,855.0,4.0,44.9,0.3689,2005-01-29 17:00:00
2005-01-29,18:00:00,118.0,847.0,3.3,46.8,0.3671,2005-01-29 18:00:00
2005-01-29,19:00:00,134.0,844.0,3.1,48.1,0.3707,2005-01-29 19:00:00
2005-01-29,20:00:00,125.0,861.0,2.8,49.0,0.37,2005-01-29 20:00:00
2005-01-29,21:00:00,140.0,849.0,3.1,47.4,0.3661,2005-01-29 21:00:00
2005-01-29,22:00:00,83.0,791.0,2.9,49.0,0.3725,2005-01-29 22:00:00
2005-01-29,23:00:00,73.0,792.0,2.8,49.1,0.3726,2005-01-29 23:00:00
2005-01-30,00:00:00,92.0,815.0,2.9,49.7,0.3782,2005-01-30 00:00:00
2005-01-30,01:00:00,109.0,825.0,3.8,46.5,0.3762,2005-01-30 01:00:00
2005-01-30,02:00:00,82.0,787.0,3.2,46.9,0.3658,2005-01-30 02:00:00
2005-01-30,03:00:00,80.11538461538461,813.0,3.1,45.2,0.3504,2005-01-30 03:00:00
2005-01-30,04:00:00,83.0,793.0,3.1,44.8,0.3473,2005-01-30 04:00:00
2005-01-30,05:00:00,50.0,728.0,3.1,44.4,0.342,2005-01-30 05:00:00
2005-01-30,06:00:00,44.0,727.0,3.0,43.4,0.3337,2005-01-30 06:00:00
2005-01-30,07:00:00,49.0,722.0,2.8,43.8,0.3308,2005-01-30 07:00:00
2005-01-30,08:00:00,62.0,736.0,2.7,43.2,0.3259,2005-01-30 08:00:00
2005-01-30,09:00:00,85.0,762.0,3.3,42.3,0.3299,2005-01-30 09:00:00
2005-01-30,10:00:00,82.0,757.0,4.6,39.0,0.333,2005-01-30 10:00:00
2005-01-30,11:00:00,77.0,765.0,5.6,37.5,0.3426,2005-01-30 11:00:00
2005-01-30,12:00:00,92.0,776.0,7.2,34.2,0.3488,2005-01-30 12:00:00
2005-01-30,13:00:00,95.0,760.0,6.9,35.6,0.3561,2005-01-30 13:00:00
2005-01-30,14:00:00,95.0,742.0,8.2,30.1,0.3281,2005-01-30 14:00:00
2005-01-30,15:00:00,76.0,717.0,7.6,27.9,0.2927,2005-01-30 15:00:00
2005-01-30,16:00:00,95.0,709.0,7.9,25.9,0.2774,2005-01-30 16:00:00
2005-01-30,17:00:00,118.0,763.0,7.8,28.3,0.3017,2005-01-30 17:00:00
2005-01-30,18:00:00,123.0,719.0,6.3,28.8,0.2772,2005-01-30 18:00:00
2005-01-30,19:00:00,140.0,759.0,5.4,30.1,0.2726,2005-01-30 19:00:00
2005-01-30,20:00:00,163.0,787.0,5.0,31.1,0.273,2005-01-30 20:00:00
2005-01-30,21:00:00,164.0,797.0,4.6,33.8,0.2898,2005-01-30 21:00:00
2005-01-30,22:00:00,120.0,752.0,4.3,36.6,0.3064,2005-01-30 22:00:00
2005-01-30,23:00:00,130.0,820.0,4.0,39.0,0.3203,2005-01-30 23:00:00
2005-01-31,00:00:00,145.0,864.0,2.9,42.8,0.3276,2005-01-31 00:00:00
2005-01-31,01:00:00,126.0,782.0,3.4,38.9,0.3076,2005-01-31 01:00:00
2005-01-31,02:00:00,61.0,685.0,4.0,36.4,0.2982,2005-01-31 02:00:00
2005-01-31,03:00:00,80.11538461538461,657.0,4.0,36.4,0.2989,2005-01-31 03:00:00
2005-01-31,04:00:00,37.0,668.0,3.7,37.7,0.3024,2005-01-31 04:00:00
2005-01-31,05:00:00,37.0,667.0,3.4,38.9,0.3075,2005-01-31 05:00:00
2005-01-31,06:00:00,50.0,674.0,3.7,37.5,0.3012,2005-01-31 06:00:00
2005-01-31,07:00:00,109.0,726.0,3.7,35.2,0.2833,2005-01-31 07:00:00
2005-01-31,08:00:00,198.0,923.0,3.7,33.9,0.2732,2005-01-31 08:00:00
2005-01-31,09:00:00,130.87687687687688,1130.0,4.4,38.8,0.328,2005-01-31 09:00:00
2005-01-31,10:00:00,283.0,1141.0,6.6,34.4,0.3359,2005-01-31 10:00:00
2005-01-31,11:00:00,256.0,1040.0,10.0,22.4,0.2753,2005-01-31 11:00:00
2005-01-31,12:00:00,261.0,1028.0,11.9,18.6,0.2581,2005-01-31 12:00:00
2005-01-31,13:00:00,181.0,983.0,12.5,17.2,0.2477,2005-01-31 13:00:00
2005-01-31,14:00:00,194.0,976.0,13.2,17.3,0.2606,2005-01-31 14:00:00
2005-01-31,15:00:00,214.0,1097.0,13.5,18.7,0.2872,2005-01-31 15:00:00
2005-01-31,16:00:00,204.0,1131.0,14.1,18.2,0.2908,2005-01-31 16:00:00
2005-01-31,17:00:00,228.0,1294.0,13.0,20.3,0.303,2005-01-31 17:00:00
2005-01-31,18:00:00,270.0,1433.0,10.4,24.7,0.3116,2005-01-31 18:00:00
2005-01-31,19:00:00,285.0,1557.0,8.6,29.8,0.3344,2005-01-31 19:00:00
2005-01-31,20:00:00,282.0,1532.0,7.3,36.8,0.3771,2005-01-31 20:00:00
2005-01-31,21:00:00,235.0,1148.0,6.3,39.4,0.3795,2005-01-31 21:00:00
2005-01-31,22:00:00,208.0,960.0,5.4,43.5,0.3922,2005-01-31 22:00:00
2005-01-31,23:00:00,161.0,940.0,5.1,45.6,0.4056,2005-01-31 23:00:00
2005-02-01,00:00:00,146.0,921.0,4.2,49.4,0.412,2005-02-01 00:00:00
2005-02-01,01:00:00,123.0,894.0,4.1,50.1,0.415,2005-02-01 01:00:00
2005-02-01,02:00:00,109.0,904.0,4.1,51.5,0.4263,2005-02-01 02:00:00
2005-02-01,03:00:00,80.11538461538461,917.0,3.7,57.5,0.4621,2005-02-01 03:00:00
2005-02-01,04:00:00,115.0,935.0,2.5,64.8,0.4807,2005-02-01 04:00:00
2005-02-01,05:00:00,114.0,945.0,1.8,68.9,0.4878,2005-02-01 05:00:00
2005-02-01,06:00:00,122.0,944.0,2.0,64.9,0.4661,2005-02-01 06:00:00
2005-02-01,07:00:00,149.0,1056.0,2.2,65.3,0.473,2005-02-01 07:00:00
2005-02-01,08:00:00,187.0,1441.0,3.1,64.0,0.4938,2005-02-01 08:00:00
2005-02-01,09:00:00,198.0,1492.0,3.7,61.7,0.4967,2005-02-01 09:00:00
2005-02-01,10:00:00,196.0,1343.0,4.4,58.8,0.4979,2005-02-01 10:00:00
2005-02-01,11:00:00,218.0,1434.0,5.8,54.1,0.502,2005-02-01 11:00:00
2005-02-01,12:00:00,227.0,1379.0,7.3,50.8,0.5226,2005-02-01 12:00:00
2005-02-01,13:00:00,181.0,1408.0,9.5,47.2,0.5589,2005-02-01 13:00:00
2005-02-01,14:00:00,179.0,1476.0,11.8,44.4,0.6118,2005-02-01 14:00:00
2005-02-01,15:00:00,151.0,1411.0,12.7,45.5,0.6648,2005-02-01 15:00:00
2005-02-01,16:00:00,162.0,1392.0,13.5,44.8,0.6898,2005-02-01 16:00:00
2005-02-01,17:00:00,165.0,1434.0,12.3,48.9,0.6967,2005-02-01 17:00:00
2005-02-01,18:00:00,173.0,1255.0,10.8,40.3,0.5201,2005-02-01 18:00:00
2005-02-01,19:00:00,188.0,1243.0,9.4,36.7,0.4324,2005-02-01 19:00:00
2005-02-01,20:00:00,186.0,1208.0,8.3,39.5,0.4318,2005-02-01 20:00:00
2005-02-01,21:00:00,172.0,1059.0,7.8,41.3,0.4389,2005-02-01 21:00:00
2005-02-01,22:00:00,150.0,966.0,7.3,43.8,0.4505,2005-02-01 22:00:00
2005-02-01,23:00:00,137.0,969.0,6.7,47.6,0.4688,2005-02-01 23:00:00
2005-02-02,00:00:00,133.0,964.0,6.6,51.2,0.5007,2005-02-02 00:00:00
2005-02-02,01:00:00,122.0,993.0,6.4,52.6,0.5074,2005-02-02 01:00:00
2005-02-02,02:00:00,130.0,1065.0,5.3,57.8,0.5177,2005-02-02 02:00:00
2005-02-02,03:00:00,80.11538461538461,1075.0,3.4,66.7,0.5281,2005-02-02 03:00:00
2005-02-02,04:00:00,121.0,986.0,3.3,66.8,0.5215,2005-02-02 04:00:00
2005-02-02,05:00:00,115.0,920.0,3.7,62.9,0.5059,2005-02-02 05:00:00
2005-02-02,06:00:00,125.0,946.0,2.6,67.5,0.5034,2005-02-02 06:00:00
2005-02-02,07:00:00,136.0,941.0,3.5,60.9,0.4857,2005-02-02 07:00:00
2005-02-02,08:00:00,174.0,1286.0,2.7,63.4,0.4787,2005-02-02 08:00:00
2005-02-02,09:00:00,224.0,1638.0,2.8,64.2,0.4859,2005-02-02 09:00:00
2005-02-02,10:00:00,230.0,1390.0,5.8,53.1,0.4942,2005-02-02 10:00:00
2005-02-02,11:00:00,205.0,1236.0,9.7,40.1,0.4832,2005-02-02 11:00:00
2005-02-02,12:00:00,204.0,1206.0,12.7,30.0,0.4398,2005-02-02 12:00:00
2005-02-02,13:00:00,139.0,1000.0,13.7,20.7,0.3221,2005-02-02 13:00:00
2005-02-02,14:00:00,133.0,979.0,13.7,19.9,0.3114,2005-02-02 14:00:00
2005-02-02,15:00:00,127.0,930.0,14.1,18.1,0.2884,2005-02-02 15:00:00
2005-02-02,16:00:00,124.0,960.0,14.5,18.0,0.2956,2005-02-02 16:00:00
2005-02-02,17:00:00,158.0,1092.0,13.2,20.4,0.3074,2005-02-02 17:00:00
2005-02-02,18:00:00,171.0,1285.0,10.5,25.1,0.3194,2005-02-02 18:00:00
2005-02-02,19:00:00,193.0,1527.0,8.9,31.4,0.3597,2005-02-02 19:00:00
2005-02-02,20:00:00,195.0,1641.0,8.2,36.2,0.3953,2005-02-02 20:00:00
2005-02-02,21:00:00,212.0,1195.0,6.7,39.6,0.3906,2005-02-02 21:00:00
2005-02-02,22:00:00,193.0,939.0,5.8,42.0,0.3904,2005-02-02 22:00:00
2005-02-02,23:00:00,167.0,979.0,4.9,45.9,0.3999,2005-02-02 23:00:00
2005-02-03,00:00:00,156.0,915.0,4.5,47.9,0.4079,2005-02-03 00:00:00
2005-02-03,01:00:00,153.0,940.0,3.9,51.6,0.4226,2005-02-03 01:00:00
2005-02-03,02:00:00,128.0,902.0,3.4,54.7,0.4323,2005-02-03 02:00:00
2005-02-03,03:00:00,80.11538461538461,871.0,3.3,56.1,0.4379,2005-02-03 03:00:00
2005-02-03,04:00:00,96.0,873.0,2.0,60.8,0.4337,2005-02-03 04:00:00
2005-02-03,05:00:00,105.0,882.0,1.2,63.7,0.4327,2005-02-03 05:00:00
2005-02-03,06:00:00,130.0,870.0,2.1,60.3,0.4368,2005-02-03 06:00:00
2005-02-03,07:00:00,134.0,938.0,1.3,63.1,0.4322,2005-02-03 07:00:00
2005-02-03,08:00:00,275.0,1352.0,1.3,64.8,0.441,2005-02-03 08:00:00
2005-02-03,09:00:00,309.0,1706.0,2.1,62.2,0.4491,2005-02-03 09:00:00
2005-02-03,10:00:00,322.0,1425.0,5.1,50.8,0.4499,2005-02-03 10:00:00
2005-02-03,11:00:00,333.0,1230.0,8.5,39.7,0.4425,2005-02-03 11:00:00
2005-02-03,12:00:00,235.0,1084.0,11.5,33.0,0.4476,2005-02-03 12:00:00
2005-02-03,13:00:00,241.0,1208.0,12.2,34.3,0.4864,2005-02-03 13:00:00
2005-02-03,14:00:00,214.0,1255.0,13.5,35.0,0.5396,2005-02-03 14:00:00
2005-02-03,15:00:00,174.0,1246.0,14.9,34.9,0.5869,2005-02-03 15:00:00
2005-02-03,16:00:00,157.0,1240.0,15.7,34.5,0.6111,2005-02-03 16:00:00
2005-02-03,17:00:00,170.0,1344.0,14.7,37.2,0.618,2005-02-03 17:00:00
2005-02-03,18:00:00,212.0,1870.0,12.2,44.8,0.6342,2005-02-03 18:00:00
2005-02-03,19:00:00,249.0,1758.0,10.3,52.4,0.6578,2005-02-03 19:00:00
2005-02-03,20:00:00,231.0,1414.0,9.3,55.5,0.6503,2005-02-03 20:00:00
2005-02-03,21:00:00,216.0,1271.0,8.3,57.6,0.6304,2005-02-03 21:00:00
2005-02-03,22:00:00,217.0,1350.0,6.3,65.1,0.6237,2005-02-03 22:00:00
2005-02-03,23:00:00,203.0,1149.0,6.5,63.1,0.6132,2005-02-03 23:00:00
2005-02-04,00:00:00,161.0,1067.0,6.0,62.7,0.589,2005-02-04 00:00:00
2005-02-04,01:00:00,147.0,1030.0,5.1,65.4,0.5797,2005-02-04 01:00:00
2005-02-04,02:00:00,111.0,954.0,4.7,64.6,0.5568,2005-02-04 02:00:00
2005-02-04,03:00:00,80.11538461538461,1031.0,2.9,72.2,0.5523,2005-02-04 03:00:00
2005-02-04,04:00:00,115.0,948.0,5.0,63.5,0.5575,2005-02-04 04:00:00
2005-02-04,05:00:00,80.0,920.0,3.9,65.5,0.5367,2005-02-04 05:00:00
2005-02-04,06:00:00,122.0,988.0,1.8,74.5,0.5271,2005-02-04 06:00:00
2005-02-04,07:00:00,186.0,1075.0,1.8,73.7,0.5198,2005-02-04 07:00:00
2005-02-04,08:00:00,306.0,1472.0,2.3,70.9,0.5182,2005-02-04 08:00:00
2005-02-04,09:00:00,301.0,1405.0,4.4,61.1,0.5176,2005-02-04 09:00:00
2005-02-04,10:00:00,274.0,1325.0,7.7,49.8,0.5267,2005-02-04 10:00:00
2005-02-04,11:00:00,247.0,1277.0,12.1,36.9,0.5212,2005-02-04 11:00:00
2005-02-04,12:00:00,169.0,1028.0,15.0,28.5,0.4821,2005-02-04 12:00:00
2005-02-04,13:00:00,138.0,994.0,14.5,28.3,0.4665,2005-02-04 13:00:00
2005-02-04,14:00:00,149.0,1085.0,12.9,31.8,0.4707,2005-02-04 14:00:00
2005-02-04,15:00:00,165.0,979.0,12.1,32.3,0.4548,2005-02-04 15:00:00
2005-02-04,16:00:00,156.0,959.0,11.3,33.5,0.4476,2005-02-04 16:00:00
2005-02-04,17:00:00,184.0,1018.0,11.4,32.6,0.4373,2005-02-04 17:00:00
2005-02-04,18:00:00,197.0,1085.0,9.1,37.8,0.4372,2005-02-04 18:00:00
2005-02-04,19:00:00,204.0,1169.0,8.1,41.0,0.4458,2005-02-04 19:00:00
2005-02-04,20:00:00,207.0,1147.0,7.7,41.9,0.4409,2005-02-04 20:00:00
2005-02-04,21:00:00,208.0,1102.0,7.1,43.9,0.4433,2005-02-04 21:00:00
2005-02-04,22:00:00,174.0,958.0,6.3,45.8,0.4408,2005-02-04 22:00:00
2005-02-04,23:00:00,157.0,946.0,6.0,46.1,0.4351,2005-02-04 23:00:00
2005-02-05,00:00:00,166.0,947.0,5.5,49.0,0.4471,2005-02-05 00:00:00
2005-02-05,01:00:00,167.0,952.0,4.9,52.0,0.4548,2005-02-05 01:00:00
2005-02-05,02:00:00,154.0,939.0,4.1,54.7,0.4536,2005-02-05 02:00:00
2005-02-05,03:00:00,80.11538461538461,997.0,2.1,64.2,0.4633,2005-02-05 03:00:00
2005-02-05,04:00:00,164.0,1017.0,1.5,66.2,0.4571,2005-02-05 04:00:00
2005-02-05,05:00:00,149.0,936.0,1.0,67.7,0.4523,2005-02-05 05:00:00
2005-02-05,06:00:00,150.0,957.0,0.8,69.9,0.4591,2005-02-05 06:00:00
2005-02-05,07:00:00,205.0,1021.0,1.3,67.2,0.4598,2005-02-05 07:00:00
2005-02-05,08:00:00,283.0,1198.0,2.0,63.6,0.4564,2005-02-05 08:00:00
2005-02-05,09:00:00,310.0,1134.0,4.1,52.7,0.4345,2005-02-05 09:00:00
2005-02-05,10:00:00,200.0,890.0,7.5,39.2,0.4091,2005-02-05 10:00:00
2005-02-05,11:00:00,147.0,847.0,9.0,34.5,0.398,2005-02-05 11:00:00
2005-02-05,12:00:00,128.0,838.0,9.2,34.5,0.4025,2005-02-05 12:00:00
2005-02-05,13:00:00,121.0,880.0,9.3,33.8,0.3981,2005-02-05 13:00:00
2005-02-05,14:00:00,129.0,850.0,9.3,33.1,0.3874,2005-02-05 14:00:00
2005-02-05,15:00:00,110.0,819.0,9.7,30.8,0.3716,2005-02-05 15:00:00
2005-02-05,16:00:00,126.0,824.0,9.6,31.1,0.3718,2005-02-05 16:00:00
2005-02-05,17:00:00,121.0,807.0,8.6,32.8,0.3669,2005-02-05 17:00:00
2005-02-05,18:00:00,142.0,847.0,7.2,35.0,0.3567,2005-02-05 18:00:00
2005-02-05,19:00:00,174.0,915.0,6.4,36.8,0.3566,2005-02-05 19:00:00
2005-02-05,20:00:00,168.0,917.0,6.0,40.2,0.3773,2005-02-05 20:00:00
2005-02-05,21:00:00,180.0,944.0,5.5,42.6,0.3874,2005-02-05 21:00:00
2005-02-05,22:00:00,157.0,870.0,4.9,43.7,0.3809,2005-02-05 22:00:00
2005-02-05,23:00:00,162.0,898.0,4.2,43.2,0.3605,2005-02-05 23:00:00
2005-02-06,00:00:00,173.0,834.0,4.0,39.2,0.3228,2005-02-06 00:00:00
2005-02-06,01:00:00,176.0,843.0,3.7,40.1,0.323,2005-02-06 01:00:00
2005-02-06,02:00:00,172.0,876.0,3.1,47.1,0.3638,2005-02-06 02:00:00
2005-02-06,03:00:00,80.11538461538461,832.0,2.6,48.8,0.3658,2005-02-06 03:00:00
2005-02-06,04:00:00,108.0,825.0,0.8,53.8,0.3542,2005-02-06 04:00:00
2005-02-06,05:00:00,88.0,788.0,1.2,51.9,0.3515,2005-02-06 05:00:00
2005-02-06,06:00:00,85.0,774.0,1.0,52.2,0.3489,2005-02-06 06:00:00
2005-02-06,07:00:00,88.0,787.0,0.6,53.3,0.3467,2005-02-06 07:00:00
2005-02-06,08:00:00,94.0,771.0,0.8,52.8,0.3468,2005-02-06 08:00:00
2005-02-06,09:00:00,115.0,791.0,0.3,53.7,0.3424,2005-02-06 09:00:00
2005-02-06,10:00:00,137.0,908.0,4.1,42.9,0.3551,2005-02-06 10:00:00
2005-02-06,11:00:00,212.0,979.0,8.0,33.3,0.3591,2005-02-06 11:00:00
2005-02-06,12:00:00,173.0,840.0,10.7,25.2,0.3242,2005-02-06 12:00:00
2005-02-06,13:00:00,135.0,790.0,11.1,23.5,0.3105,2005-02-06 13:00:00
2005-02-06,14:00:00,100.0,753.0,10.6,26.0,0.332,2005-02-06 14:00:00
2005-02-06,15:00:00,78.0,755.0,10.3,27.7,0.3481,2005-02-06 15:00:00
2005-02-06,16:00:00,100.0,789.0,10.2,28.3,0.3516,2005-02-06 16:00:00
2005-02-06,17:00:00,150.0,832.0,9.2,29.9,0.3479,2005-02-06 17:00:00
2005-02-06,18:00:00,142.0,819.0,6.9,36.4,0.3635,2005-02-06 18:00:00
2005-02-06,19:00:00,165.0,875.0,6.0,38.0,0.3584,2005-02-06 19:00:00
2005-02-06,20:00:00,179.0,892.0,5.8,36.4,0.3385,2005-02-06 20:00:00
2005-02-06,21:00:00,149.0,805.0,5.8,35.4,0.3286,2005-02-06 21:00:00
2005-02-06,22:00:00,126.0,782.0,5.4,36.6,0.3304,2005-02-06 22:00:00
2005-02-06,23:00:00,120.0,782.0,5.1,37.9,0.3358,2005-02-06 23:00:00
2005-02-07,00:00:00,110.0,777.0,4.8,38.0,0.33,2005-02-07 00:00:00
2005-02-07,01:00:00,92.0,760.0,4.5,38.1,0.3249,2005-02-07 01:00:00
2005-02-07,02:00:00,78.0,749.0,4.3,38.1,0.3207,2005-02-07 02:00:00
2005-02-07,03:00:00,80.11538461538461,738.0,3.9,39.9,0.325,2005-02-07 03:00:00
2005-02-07,04:00:00,65.0,726.0,3.8,41.0,0.3327,2005-02-07 04:00:00
2005-02-07,05:00:00,73.0,753.0,3.3,44.6,0.3499,2005-02-07 05:00:00
2005-02-07,06:00:00,85.0,780.0,3.6,44.5,0.3574,2005-02-07 06:00:00
2005-02-07,07:00:00,133.0,837.0,3.4,47.0,0.3713,2005-02-07 07:00:00
2005-02-07,08:00:00,246.0,1037.0,2.9,49.5,0.3775,2005-02-07 08:00:00
2005-02-07,09:00:00,281.0,1067.0,5.6,40.5,0.3704,2005-02-07 09:00:00
2005-02-07,10:00:00,222.0,969.0,7.5,33.8,0.352,2005-02-07 10:00:00
2005-02-07,11:00:00,182.0,897.0,10.8,25.2,0.3251,2005-02-07 11:00:00
2005-02-07,12:00:00,154.0,845.0,12.9,20.6,0.3045,2005-02-07 12:00:00
2005-02-07,13:00:00,168.0,876.0,12.2,21.4,0.3033,2005-02-07 13:00:00
2005-02-07,14:00:00,149.0,868.0,12.0,21.9,0.3069,2005-02-07 14:00:00
2005-02-07,15:00:00,156.0,865.0,12.2,24.0,0.3392,2005-02-07 15:00:00
2005-02-07,16:00:00,156.0,863.0,12.0,24.3,0.3393,2005-02-07 16:00:00
2005-02-07,17:00:00,187.0,941.0,10.5,27.8,0.3525,2005-02-07 17:00:00
2005-02-07,18:00:00,194.0,989.0,8.7,33.9,0.3832,2005-02-07 18:00:00
2005-02-07,19:00:00,204.0,1025.0,7.8,37.6,0.4004,2005-02-07 19:00:00
2005-02-07,20:00:00,174.0,1017.0,7.2,39.4,0.4032,2005-02-07 20:00:00
2005-02-07,21:00:00,154.0,906.0,7.1,39.6,0.4019,2005-02-07 21:00:00
2005-02-07,22:00:00,117.0,842.0,7.1,39.6,0.4001,2005-02-07 22:00:00
2005-02-07,23:00:00,98.0,831.0,7.2,39.3,0.4004,2005-02-07 23:00:00
2005-02-08,00:00:00,90.0,813.0,6.9,39.6,0.3966,2005-02-08 00:00:00
2005-02-08,01:00:00,74.0,785.0,7.0,39.8,0.4006,2005-02-08 01:00:00
2005-02-08,02:00:00,49.0,761.0,7.1,40.5,0.409,2005-02-08 02:00:00
2005-02-08,03:00:00,80.11538461538461,748.0,6.9,40.9,0.4091,2005-02-08 03:00:00
2005-02-08,04:00:00,54.0,782.0,6.0,42.9,0.404,2005-02-08 04:00:00
2005-02-08,05:00:00,69.0,802.0,6.4,42.7,0.4126,2005-02-08 05:00:00
2005-02-08,06:00:00,92.0,817.0,6.1,43.6,0.4129,2005-02-08 06:00:00
2005-02-08,07:00:00,146.0,885.0,5.9,45.1,0.4211,2005-02-08 07:00:00
2005-02-08,08:00:00,224.0,1120.0,6.0,46.4,0.4367,2005-02-08 08:00:00
2005-02-08,09:00:00,253.0,1268.0,6.6,43.7,0.4273,2005-02-08 09:00:00
2005-02-08,10:00:00,225.0,1022.0,8.7,36.3,0.4074,2005-02-08 10:00:00
2005-02-08,11:00:00,180.0,996.0,10.5,33.4,0.4246,2005-02-08 11:00:00
2005-02-08,12:00:00,194.0,979.0,11.4,27.8,0.3748,2005-02-08 12:00:00
2005-02-08,13:00:00,158.0,959.0,12.7,27.4,0.4011,2005-02-08 13:00:00
2005-02-08,14:00:00,184.0,992.0,13.3,23.3,0.354,2005-02-08 14:00:00
2005-02-08,15:00:00,165.0,844.0,13.9,20.7,0.3271,2005-02-08 15:00:00
2005-02-08,16:00:00,156.0,800.0,13.6,20.0,0.3093,2005-02-08 16:00:00
2005-02-08,17:00:00,172.0,807.7922077922078,13.533766233766233,20.4012987012987,0.31263896103896105,2005-02-08 17:00:00
2005-02-08,18:00:00,194.0,815.5844155844156,13.467532467532466,20.802597402597403,0.3159779220779221,2005-02-08 18:00:00
2005-02-08,19:00:00,208.0,823.3766233766233,13.401298701298701,21.203896103896103,0.3193168831168831,2005-02-08 19:00:00
2005-02-08,20:00:00,187.0,831.1688311688312,13.335064935064935,21.605194805194806,0.3226558441558442,2005-02-08 20:00:00
2005-02-08,21:00:00,187.0,838.961038961039,13.268831168831168,22.006493506493506,0.3259948051948052,2005-02-08 21:00:00
2005-02-08,22:00:00,127.0,846.7532467532468,13.202597402597402,22.40779220779221,0.32933376623376626,2005-02-08 22:00:00
2005-02-08,23:00:00,107.0,854.5454545454545,13.136363636363637,22.80909090909091,0.3326727272727273,2005-02-08 23:00:00
2005-02-09,00:00:00,99.0,862.3376623376623,13.07012987012987,23.210389610389612,0.3360116883116883,2005-02-09 00:00:00
2005-02-09,01:00:00,100.0,870.1298701298701,13.003896103896103,23.61168831168831,0.33935064935064935,2005-02-09 01:00:00
2005-02-09,02:00:00,73.0,877.922077922078,12.937662337662337,24.01298701298701,0.34268961038961043,2005-02-09 02:00:00
2005-02-09,03:00:00,80.11538461538461,885.7142857142857,12.871428571428572,24.414285714285715,0.34602857142857146,2005-02-09 03:00:00
2005-02-09,04:00:00,83.0,893.5064935064935,12.805194805194805,24.815584415584414,0.3493675324675325,2005-02-09 04:00:00
2005-02-09,05:00:00,92.0,901.2987012987013,12.738961038961039,25.216883116883118,0.3527064935064935,2005-02-09 05:00:00
2005-02-09,06:00:00,100.0,909.0909090909091,12.672727272727272,25.618181818181817,0.35604545454545455,2005-02-09 06:00:00
2005-02-09,07:00:00,149.0,916.8831168831168,12.606493506493507,26.019480519480517,0.3593844155844156,2005-02-09 07:00:00
2005-02-09,08:00:00,231.0,924.6753246753246,12.54025974025974,26.42077922077922,0.3627233766233766,2005-02-09 08:00:00
2005-02-09,09:00:00,245.0,932.4675324675325,12.474025974025974,26.822077922077924,0.3660623376623377,2005-02-09 09:00:00
2005-02-09,10:00:00,203.0,940.2597402597403,12.407792207792207,27.223376623376623,0.36940129870129873,2005-02-09 10:00:00
2005-02-09,11:00:00,165.0,948.0519480519481,12.34155844155844,27.624675324675323,0.37274025974025976,2005-02-09 11:00:00
2005-02-09,12:00:00,168.0,955.8441558441558,12.275324675324676,28.025974025974026,0.3760792207792208,2005-02-09 12:00:00
2005-02-09,13:00:00,151.0,963.6363636363636,12.209090909090909,28.427272727272726,0.3794181818181818,2005-02-09 13:00:00
2005-02-09,14:00:00,152.0,971.4285714285714,12.142857142857142,28.82857142857143,0.3827571428571429,2005-02-09 14:00:00
2005-02-09,15:00:00,144.0,979.2207792207791,12.076623376623376,29.22987012987013,0.38609610389610394,2005-02-09 15:00:00
2005-02-09,16:00:00,148.0,987.012987012987,12.01038961038961,29.63116883116883,0.38943506493506497,2005-02-09 16:00:00
2005-02-09,17:00:00,176.0,994.8051948051948,11.944155844155844,30.032467532467532,0.392774025974026,2005-02-09 17:00:00
2005-02-09,18:00:00,209.0,1002.5974025974026,11.877922077922078,30.433766233766235,0.39611298701298703,2005-02-09 18:00:00
2005-02-09,19:00:00,240.0,1010.3896103896104,11.811688311688311,30.835064935064935,0.39945194805194806,2005-02-09 19:00:00
2005-02-09,20:00:00,223.0,1018.1818181818182,11.745454545454546,31.236363636363635,0.4027909090909091,2005-02-09 20:00:00
2005-02-09,21:00:00,187.0,1025.974025974026,11.67922077922078,31.637662337662334,0.4061298701298701,2005-02-09 21:00:00
2005-02-09,22:00:00,157.0,1033.7662337662337,11.612987012987013,32.038961038961034,0.4094688311688312,2005-02-09 22:00:00
2005-02-09,23:00:00,123.0,1041.5584415584415,11.546753246753246,32.44025974025974,0.41280779220779223,2005-02-09 23:00:00
2005-02-10,00:00:00,126.0,1049.3506493506493,11.48051948051948,32.84155844155844,0.41614675324675326,2005-02-10 00:00:00
2005-02-10,01:00:00,106.0,1057.142857142857,11.414285714285715,33.24285714285714,0.4194857142857143,2005-02-10 01:00:00
2005-02-10,02:00:00,95.0,1064.935064935065,11.348051948051948,33.64415584415585,0.4228246753246753,2005-02-10 02:00:00
2005-02-10,03:00:00,80.11538461538461,1072.7272727272727,11.281818181818181,34.04545454545455,0.4261636363636364,2005-02-10 03:00:00
2005-02-10,04:00:00,87.0,1080.5194805194806,11.215584415584416,34.44675324675325,0.42950259740259744,2005-02-10 04:00:00
2005-02-10,05:00:00,88.0,1088.3116883116884,11.14935064935065,34.848051948051946,0.43284155844155847,2005-02-10 05:00:00
2005-02-10,06:00:00,134.0,1096.1038961038962,11.083116883116883,35.249350649350646,0.4361805194805195,2005-02-10 06:00:00
2005-02-10,07:00:00,156.0,1103.8961038961038,11.016883116883117,35.650649350649346,0.43951948051948053,2005-02-10 07:00:00
2005-02-10,08:00:00,247.0,1111.6883116883116,10.95064935064935,36.05194805194805,0.44285844155844156,2005-02-10 08:00:00
2005-02-10,09:00:00,289.0,1119.4805194805194,10.884415584415585,36.45324675324675,0.4461974025974026,2005-02-10 09:00:00
2005-02-10,10:00:00,250.0,1127.2727272727273,10.818181818181818,36.85454545454545,0.4495363636363636,2005-02-10 10:00:00
2005-02-10,11:00:00,232.0,1135.064935064935,10.751948051948052,37.25584415584416,0.45287532467532465,2005-02-10 11:00:00
2005-02-10,12:00:00,185.0,1142.857142857143,10.685714285714285,37.65714285714286,0.45621428571428574,2005-02-10 12:00:00
2005-02-10,13:00:00,147.0,1150.6493506493507,10.619480519480518,38.05844155844156,0.45955324675324677,2005-02-10 13:00:00
2005-02-10,14:00:00,128.0,1158.4415584415583,10.553246753246754,38.45974025974026,0.4628922077922078,2005-02-10 14:00:00
2005-02-10,15:00:00,131.0,1166.2337662337663,10.487012987012987,38.86103896103896,0.4662311688311689,2005-02-10 15:00:00
2005-02-10,16:00:00,135.0,1174.025974025974,10.42077922077922,39.26233766233766,0.4695701298701299,2005-02-10 16:00:00
2005-02-10,17:00:00,149.0,1181.8181818181818,10.354545454545455,39.66363636363636,0.47290909090909095,2005-02-10 17:00:00
2005-02-10,18:00:00,209.0,1189.6103896103896,10.288311688311689,40.064935064935064,0.476248051948052,2005-02-10 18:00:00
2005-02-10,19:00:00,243.0,1197.4025974025974,10.222077922077922,40.46623376623376,0.479587012987013,2005-02-10 19:00:00
2005-02-10,20:00:00,276.0,1205.1948051948052,10.155844155844155,40.86753246753247,0.48292597402597404,2005-02-10 20:00:00
2005-02-10,21:00:00,225.0,1212.987012987013,10.089610389610389,41.26883116883117,0.48626493506493507,2005-02-10 21:00:00
2005-02-10,22:00:00,194.0,1220.7792207792209,10.023376623376624,41.67012987012987,0.4896038961038961,2005-02-10 22:00:00
2005-02-10,23:00:00,164.0,1228.5714285714284,9.957142857142857,42.07142857142857,0.4929428571428571,2005-02-10 23:00:00
2005-02-11,00:00:00,148.0,1236.3636363636365,9.89090909090909,42.47272727272727,0.4962818181818182,2005-02-11 00:00:00
2005-02-11,01:00:00,136.0,1244.155844155844,9.824675324675324,42.87402597402597,0.49962077922077924,2005-02-11 01:00:00
2005-02-11,02:00:00,116.0,1251.948051948052,9.758441558441557,43.27532467532467,0.5029597402597403,2005-02-11 02:00:00
2005-02-11,03:00:00,80.11538461538461,1259.7402597402597,9.692207792207792,43.676623376623375,0.5062987012987012,2005-02-11 03:00:00
2005-02-11,04:00:00,91.0,1267.5324675324675,9.625974025974026,44.077922077922075,0.5096376623376624,2005-02-11 04:00:00
2005-02-11,05:00:00,87.0,1275.3246753246754,9.55974025974026,44.47922077922078,0.5129766233766234,2005-02-11 05:00:00
2005-02-11,06:00:00,123.0,1283.1168831168832,9.493506493506494,44.88051948051948,0.5163155844155844,2005-02-11 06:00:00
2005-02-11,07:00:00,152.0,1290.909090909091,9.427272727272728,45.28181818181818,0.5196545454545455,2005-02-11 07:00:00
2005-02-11,08:00:00,267.0,1298.7012987012986,9.361038961038961,45.68311688311688,0.5229935064935065,2005-02-11 08:00:00
2005-02-11,09:00:00,296.0,1306.4935064935066,9.294805194805194,46.08441558441558,0.5263324675324675,2005-02-11 09:00:00
2005-02-11,10:00:00,291.0,1314.2857142857142,9.228571428571428,46.48571428571428,0.5296714285714286,2005-02-11 10:00:00
2005-02-11,11:00:00,276.0,1322.077922077922,9.162337662337663,46.88701298701298,0.5330103896103896,2005-02-11 11:00:00
2005-02-11,12:00:00,250.0,1329.8701298701299,9.096103896103896,47.28831168831169,0.5363493506493506,2005-02-11 12:00:00
2005-02-11,13:00:00,251.0,1337.6623376623377,9.02987012987013,47.68961038961039,0.5396883116883118,2005-02-11 13:00:00
2005-02-11,14:00:00,275.0,1345.4545454545455,8.963636363636365,48.09090909090909,0.5430272727272727,2005-02-11 14:00:00
2005-02-11,15:00:00,312.0,1353.246753246753,8.897402597402596,48.49220779220779,0.5463662337662338,2005-02-11 15:00:00
2005-02-11,16:00:00,340.0,1361.0389610389611,8.831168831168831,48.89350649350649,0.5497051948051948,2005-02-11 16:00:00
2005-02-11,17:00:00,326.0,1368.8311688311687,8.764935064935065,49.29480519480519,0.5530441558441559,2005-02-11 17:00:00
2005-02-11,18:00:00,284.0,1376.6233766233768,8.698701298701298,49.69610389610389,0.5563831168831169,2005-02-11 18:00:00
2005-02-11,19:00:00,289.0,1384.4155844155844,8.632467532467533,50.09740259740259,0.559722077922078,2005-02-11 19:00:00
2005-02-11,20:00:00,215.0,1392.2077922077922,8.566233766233767,50.49870129870129,0.563061038961039,2005-02-11 20:00:00
2005-02-11,21:00:00,207.0,1400.0,8.5,50.9,0.5664,2005-02-11 21:00:00
2005-02-11,22:00:00,213.0,1268.0,8.3,53.3,0.5843,2005-02-11 22:00:00
2005-02-11,23:00:00,192.0,1279.0,7.1,58.1,0.5885,2005-02-11 23:00:00
2005-02-12,00:00:00,211.0,1313.0,5.8,64.3,0.5964,2005-02-12 00:00:00
2005-02-12,01:00:00,229.0,1274.0,5.3,66.8,0.5979,2005-02-12 01:00:00
2005-02-12,02:00:00,216.0,1174.0,5.0,66.6,0.5871,2005-02-12 02:00:00
2005-02-12,03:00:00,80.11538461538461,1051.0,5.0,66.3,0.5811,2005-02-12 03:00:00
2005-02-12,04:00:00,146.0,1065.0,5.1,65.9,0.5827,2005-02-12 04:00:00
2005-02-12,05:00:00,136.0,1087.0,4.1,69.0,0.5735,2005-02-12 05:00:00
2005-02-12,06:00:00,156.0,1103.0,4.6,67.6,0.5778,2005-02-12 06:00:00
2005-02-12,07:00:00,176.0,1144.0,5.2,65.5,0.5836,2005-02-12 07:00:00
2005-02-12,08:00:00,224.0,1263.0,6.0,62.8,0.5929,2005-02-12 08:00:00
2005-02-12,09:00:00,207.0,1290.0,7.1,59.3,0.6005,2005-02-12 09:00:00
2005-02-12,10:00:00,221.0,1307.0,7.8,58.0,0.6136,2005-02-12 10:00:00
2005-02-12,11:00:00,229.0,1382.0,9.0,54.7,0.6271,2005-02-12 11:00:00
2005-02-12,12:00:00,208.0,1450.0,10.0,53.1,0.6495,2005-02-12 12:00:00
2005-02-12,13:00:00,207.0,1488.0,10.8,52.0,0.6738,2005-02-12 13:00:00
2005-02-12,14:00:00,216.0,1448.0,11.0,51.4,0.6746,2005-02-12 14:00:00
2005-02-12,15:00:00,224.0,1392.0,11.0,51.4,0.6725,2005-02-12 15:00:00
2005-02-12,16:00:00,225.0,1440.0,10.9,52.0,0.6796,2005-02-12 16:00:00
2005-02-12,17:00:00,227.0,1435.0,11.1,52.0,0.6869,2005-02-12 17:00:00
2005-02-12,18:00:00,248.0,1637.0,11.0,53.6,0.7033,2005-02-12 18:00:00
2005-02-12,19:00:00,251.0,1659.0,11.0,55.1,0.7221,2005-02-12 19:00:00
2005-02-12,20:00:00,265.0,1712.0,11.4,55.4,0.7471,2005-02-12 20:00:00
2005-02-12,21:00:00,262.0,1609.0,11.1,56.9,0.7506,2005-02-12 21:00:00
2005-02-12,22:00:00,241.0,1587.0,10.2,60.0,0.7461,2005-02-12 22:00:00
2005-02-12,23:00:00,231.0,1543.0,10.1,59.9,0.7379,2005-02-12 23:00:00
2005-02-13,00:00:00,229.0,1488.0,9.9,63.2,0.7706,2005-02-13 00:00:00
2005-02-13,01:00:00,221.0,1541.0,9.4,73.4,0.8662,2005-02-13 01:00:00
2005-02-13,02:00:00,180.0,1451.0,9.4,77.7,0.9203,2005-02-13 02:00:00
2005-02-13,03:00:00,80.11538461538461,1413.0,9.6,78.7,0.9429,2005-02-13 03:00:00
2005-02-13,04:00:00,140.0,1430.0,8.9,81.3,0.9277,2005-02-13 04:00:00
2005-02-13,05:00:00,153.0,1387.0,8.5,82.9,0.9243,2005-02-13 05:00:00
2005-02-13,06:00:00,150.0,1348.0,8.3,84.0,0.9234,2005-02-13 06:00:00
2005-02-13,07:00:00,145.0,1356.0,8.1,85.0,0.9221,2005-02-13 07:00:00
2005-02-13,08:00:00,149.0,1420.0,8.7,83.7,0.9423,2005-02-13 08:00:00
2005-02-13,09:00:00,155.0,1477.0,9.5,82.4,0.976,2005-02-13 09:00:00
2005-02-13,10:00:00,158.0,1473.0,11.0,78.2,1.022,2005-02-13 10:00:00
2005-02-13,11:00:00,188.0,1456.0,14.1,67.9,1.0859,2005-02-13 11:00:00
2005-02-13,12:00:00,154.0,1310.0,16.3,56.6,1.0422,2005-02-13 12:00:00
2005-02-13,13:00:00,107.0,1277.0,18.7,48.0,1.0259,2005-02-13 13:00:00
2005-02-13,14:00:00,92.0,1278.0,19.5,39.3,0.882,2005-02-13 14:00:00
2005-02-13,15:00:00,106.0,1293.0,19.9,34.1,0.782,2005-02-13 15:00:00
2005-02-13,16:00:00,90.0,1109.0,19.4,32.4,0.7239,2005-02-13 16:00:00
2005-02-13,17:00:00,100.0,1081.0,17.1,35.8,0.6944,2005-02-13 17:00:00
2005-02-13,18:00:00,132.0,1388.0,15.5,40.7,0.7103,2005-02-13 18:00:00
2005-02-13,19:00:00,211.0,1234.0,14.8,42.8,0.7182,2005-02-13 19:00:00
2005-02-13,20:00:00,179.0,1198.0,13.9,43.8,0.6937,2005-02-13 20:00:00
2005-02-13,21:00:00,116.0,1032.0,13.7,42.9,0.6687,2005-02-13 21:00:00
2005-02-13,22:00:00,143.0,1137.0,12.5,47.8,0.6877,2005-02-13 22:00:00
2005-02-13,23:00:00,142.0,1173.0,11.8,53.4,0.7366,2005-02-13 23:00:00
2005-02-14,00:00:00,135.0,1158.0,10.9,55.9,0.7312,2005-02-14 00:00:00
2005-02-14,01:00:00,136.0,1182.0,10.1,58.9,0.7301,2005-02-14 01:00:00
2005-02-14,02:00:00,109.0,1120.0,9.8,61.2,0.7413,2005-02-14 02:00:00
2005-02-14,03:00:00,80.11538461538461,1080.0,8.4,67.1,0.7411,2005-02-14 03:00:00
2005-02-14,04:00:00,62.0,1024.0,8.3,67.2,0.7382,2005-02-14 04:00:00
2005-02-14,05:00:00,49.0,1024.0,7.7,68.9,0.728,2005-02-14 05:00:00
2005-02-14,06:00:00,81.0,1053.0,6.9,70.0,0.6997,2005-02-14 06:00:00
2005-02-14,07:00:00,104.0,857.0,9.0,37.3,0.4297,2005-02-14 07:00:00
2005-02-14,08:00:00,176.0,1257.0,9.4,44.9,0.5296,2005-02-14 08:00:00
2005-02-14,09:00:00,193.0,1175.0,10.3,45.4,0.5666,2005-02-14 09:00:00
2005-02-14,10:00:00,168.0,1043.0,11.5,39.6,0.5372,2005-02-14 10:00:00
2005-02-14,11:00:00,123.0,1013.0,11.7,36.9,0.506,2005-02-14 11:00:00
2005-02-14,12:00:00,111.0,913.0,11.8,36.2,0.4999,2005-02-14 12:00:00
2005-02-14,13:00:00,120.0,990.0,12.0,38.7,0.5402,2005-02-14 13:00:00
2005-02-14,14:00:00,123.0,967.0,13.7,30.3,0.4724,2005-02-14 14:00:00
2005-02-14,15:00:00,115.0,917.0,12.6,30.6,0.4443,2005-02-14 15:00:00
2005-02-14,16:00:00,120.0,885.0,13.0,27.4,0.4085,2005-02-14 16:00:00
2005-02-14,17:00:00,140.0,901.0,13.6,22.7,0.3529,2005-02-14 17:00:00
2005-02-14,18:00:00,185.0,1044.0,11.8,23.0,0.3171,2005-02-14 18:00:00
2005-02-14,19:00:00,212.0,1136.0,10.7,19.9,0.2547,2005-02-14 19:00:00
2005-02-14,20:00:00,200.0,1018.0,10.4,18.0,0.2269,2005-02-14 20:00:00
2005-02-14,21:00:00,191.0,928.0,9.7,20.6,0.2488,2005-02-14 21:00:00
2005-02-14,22:00:00,169.0,878.0,9.4,24.8,0.2923,2005-02-14 22:00:00
2005-02-14,23:00:00,139.0,936.0,8.8,31.2,0.3533,2005-02-14 23:00:00
2005-02-15,00:00:00,102.0,813.0,8.7,31.2,0.3521,2005-02-15 00:00:00
2005-02-15,01:00:00,76.0,766.0,8.5,30.4,0.3391,2005-02-15 01:00:00
2005-02-15,02:00:00,56.0,740.0,8.0,32.9,0.353,2005-02-15 02:00:00
2005-02-15,03:00:00,80.11538461538461,762.0,7.1,37.4,0.3799,2005-02-15 03:00:00
2005-02-15,04:00:00,30.0,738.0,6.9,39.1,0.3901,2005-02-15 04:00:00
2005-02-15,05:00:00,28.0,738.0,6.9,39.8,0.3966,2005-02-15 05:00:00
2005-02-15,06:00:00,56.0,780.0,6.1,40.8,0.3868,2005-02-15 06:00:00
2005-02-15,07:00:00,94.0,834.0,6.0,41.5,0.3896,2005-02-15 07:00:00
2005-02-15,08:00:00,196.0,979.0,6.1,39.9,0.3781,2005-02-15 08:00:00
2005-02-15,09:00:00,220.0,1017.0,6.5,39.5,0.3865,2005-02-15 09:00:00
2005-02-15,10:00:00,168.0,905.0,9.4,32.7,0.3855,2005-02-15 10:00:00
2005-02-15,11:00:00,133.0,776.0,11.3,24.9,0.3318,2005-02-15 11:00:00
2005-02-15,12:00:00,134.0,801.0,12.8,19.8,0.2933,2005-02-15 12:00:00
2005-02-15,13:00:00,138.0,837.0,12.3,19.3,0.274,2005-02-15 13:00:00
2005-02-15,14:00:00,135.0,792.0,12.0,19.3,0.2716,2005-02-15 14:00:00
2005-02-15,15:00:00,111.0,741.0,11.9,19.2,0.2677,2005-02-15 15:00:00
2005-02-15,16:00:00,124.0,840.0,12.1,20.7,0.2906,2005-02-15 16:00:00
2005-02-15,17:00:00,158.0,901.0,11.5,22.1,0.2987,2005-02-15 17:00:00
2005-02-15,18:00:00,181.0,1085.0,10.4,23.1,0.2905,2005-02-15 18:00:00
2005-02-15,19:00:00,185.0,1132.0,9.5,25.2,0.2996,2005-02-15 19:00:00
2005-02-15,20:00:00,187.0,1141.0,8.9,26.9,0.3069,2005-02-15 20:00:00
2005-02-15,21:00:00,196.0,1061.0,8.2,30.1,0.327,2005-02-15 21:00:00
2005-02-15,22:00:00,174.0,953.0,7.4,31.8,0.3287,2005-02-15 22:00:00
2005-02-15,23:00:00,182.0,1015.0,6.6,37.5,0.3664,2005-02-15 23:00:00
2005-02-16,00:00:00,182.0,999.0,6.3,40.1,0.3842,2005-02-16 00:00:00
2005-02-16,01:00:00,193.0,1078.0,5.2,44.2,0.3943,2005-02-16 01:00:00
2005-02-16,02:00:00,174.0,1014.0,4.4,47.5,0.4017,2005-02-16 02:00:00
2005-02-16,03:00:00,80.11538461538461,949.0,4.0,49.1,0.4019,2005-02-16 03:00:00
2005-02-16,04:00:00,142.0,913.0,3.3,52.2,0.4074,2005-02-16 04:00:00
2005-02-16,05:00:00,137.0,883.0,3.2,52.4,0.4071,2005-02-16 05:00:00
2005-02-16,06:00:00,140.0,924.0,3.6,51.7,0.4123,2005-02-16 06:00:00
2005-02-16,07:00:00,201.0,1052.0,3.5,54.2,0.4297,2005-02-16 07:00:00
2005-02-16,08:00:00,288.0,1273.0,5.2,48.3,0.4304,2005-02-16 08:00:00
2005-02-16,09:00:00,260.0,1211.0,7.8,37.6,0.3994,2005-02-16 09:00:00
2005-02-16,10:00:00,206.0,1014.0,8.9,33.8,0.385,2005-02-16 10:00:00
2005-02-16,11:00:00,98.0,887.0,9.1,33.0,0.3827,2005-02-16 11:00:00
2005-02-16,12:00:00,138.0,880.0,9.1,34.5,0.3994,2005-02-16 12:00:00
2005-02-16,13:00:00,139.0,948.0,9.6,31.3,0.3763,2005-02-16 13:00:00
2005-02-16,14:00:00,137.0,939.0,8.5,36.3,0.4026,2005-02-16 14:00:00
2005-02-16,15:00:00,155.0,942.0,9.3,34.6,0.405,2005-02-16 15:00:00
2005-02-16,16:00:00,155.0,967.0,8.9,37.9,0.4318,2005-02-16 16:00:00
2005-02-16,17:00:00,148.0,1010.0,8.2,41.8,0.4563,2005-02-16 17:00:00
2005-02-16,18:00:00,153.0,1110.0,7.4,44.5,0.4582,2005-02-16 18:00:00
2005-02-16,19:00:00,171.0,1300.0,7.0,43.4,0.4366,2005-02-16 19:00:00
2005-02-16,20:00:00,227.0,1542.0,6.6,43.4,0.4241,2005-02-16 20:00:00
2005-02-16,21:00:00,251.0,1294.0,5.9,44.3,0.4137,2005-02-16 21:00:00
2005-02-16,22:00:00,216.0,1111.0,5.0,46.6,0.4099,2005-02-16 22:00:00
2005-02-16,23:00:00,200.0,1016.0,5.8,40.3,0.374,2005-02-16 23:00:00
2005-02-17,00:00:00,192.0,1101.0,5.4,43.8,0.3945,2005-02-17 00:00:00
2005-02-17,01:00:00,187.0,984.0,5.7,42.1,0.3883,2005-02-17 01:00:00
2005-02-17,02:00:00,173.0,1024.0,5.7,42.1,0.3885,2005-02-17 02:00:00
2005-02-17,03:00:00,80.11538461538461,874.0,5.8,42.9,0.399,2005-02-17 03:00:00
2005-02-17,04:00:00,64.0,837.0,5.7,46.6,0.4298,2005-02-17 04:00:00
2005-02-17,05:00:00,46.0,804.0,6.9,45.0,0.4499,2005-02-17 05:00:00
2005-02-17,06:00:00,51.0,794.0,6.9,42.2,0.4224,2005-02-17 06:00:00
2005-02-17,07:00:00,115.0,935.0,6.4,43.8,0.423,2005-02-17 07:00:00
2005-02-17,08:00:00,238.0,1134.0,6.6,44.6,0.4383,2005-02-17 08:00:00
2005-02-17,09:00:00,202.0,1152.0,7.7,42.1,0.444,2005-02-17 09:00:00
2005-02-17,10:00:00,167.0,969.0,10.1,36.7,0.4536,2005-02-17 10:00:00
2005-02-17,11:00:00,139.0,913.0,9.0,41.4,0.4775,2005-02-17 11:00:00
2005-02-17,12:00:00,147.0,944.0,8.7,42.5,0.4787,2005-02-17 12:00:00
2005-02-17,13:00:00,130.0,1003.0,8.3,47.8,0.5238,2005-02-17 13:00:00
2005-02-17,14:00:00,143.0,1072.0,8.9,45.5,0.5208,2005-02-17 14:00:00
2005-02-17,15:00:00,143.0,980.0,8.9,46.1,0.5256,2005-02-17 15:00:00
2005-02-17,16:00:00,136.0,972.0,9.0,44.9,0.5173,2005-02-17 16:00:00
2005-02-17,17:00:00,143.0,982.0,9.3,42.3,0.4974,2005-02-17 17:00:00
2005-02-17,18:00:00,177.0,1160.0,8.4,45.2,0.4977,2005-02-17 18:00:00
2005-02-17,19:00:00,198.0,1185.0,7.6,47.8,0.5013,2005-02-17 19:00:00
2005-02-17,20:00:00,200.0,1246.0,7.4,47.2,0.4871,2005-02-17 20:00:00
2005-02-17,21:00:00,191.0,1058.0,7.4,46.9,0.4854,2005-02-17 21:00:00
2005-02-17,22:00:00,169.0,1016.0,6.9,48.2,0.4832,2005-02-17 22:00:00
2005-02-17,23:00:00,106.0,883.0,7.1,47.9,0.4867,2005-02-17 23:00:00
2005-02-18,00:00:00,105.0,910.0,6.9,48.7,0.4874,2005-02-18 00:00:00
2005-02-18,01:00:00,130.0,905.0,6.8,48.2,0.4792,2005-02-18 01:00:00
2005-02-18,02:00:00,82.0,867.0,6.3,49.6,0.4787,2005-02-18 02:00:00
2005-02-18,03:00:00,80.11538461538461,863.0,5.6,52.9,0.4855,2005-02-18 03:00:00
2005-02-18,04:00:00,45.0,803.0,6.4,49.8,0.4814,2005-02-18 04:00:00
2005-02-18,05:00:00,35.0,794.0,6.9,48.1,0.4796,2005-02-18 05:00:00
2005-02-18,06:00:00,60.0,846.0,6.4,50.2,0.485,2005-02-18 06:00:00
2005-02-18,07:00:00,90.0,888.0,6.4,50.7,0.4886,2005-02-18 07:00:00
2005-02-18,08:00:00,205.0,1115.0,6.9,48.8,0.4903,2005-02-18 08:00:00
2005-02-18,09:00:00,199.0,1174.0,8.4,44.6,0.4922,2005-02-18 09:00:00
2005-02-18,10:00:00,153.0,1033.0,10.8,37.1,0.4794,2005-02-18 10:00:00
2005-02-18,11:00:00,163.0,964.0,11.2,36.2,0.4818,2005-02-18 11:00:00
2005-02-18,12:00:00,152.0,952.0,11.8,34.4,0.4758,2005-02-18 12:00:00
2005-02-18,13:00:00,146.0,953.0,11.5,33.1,0.4479,2005-02-18 13:00:00
2005-02-18,14:00:00,146.0,971.0,10.9,32.6,0.426,2005-02-18 14:00:00
2005-02-18,15:00:00,134.0,987.0,11.3,31.7,0.4249,2005-02-18 15:00:00
2005-02-18,16:00:00,164.0,1045.0,11.6,30.9,0.4223,2005-02-18 16:00:00
2005-02-18,17:00:00,141.0,1096.0,11.1,32.2,0.4243,2005-02-18 17:00:00
2005-02-18,18:00:00,204.0,1187.0,9.7,36.0,0.4333,2005-02-18 18:00:00
2005-02-18,19:00:00,210.0,1268.0,8.5,39.0,0.4336,2005-02-18 19:00:00
2005-02-18,20:00:00,250.0,1333.0,8.3,40.3,0.4411,2005-02-18 20:00:00
2005-02-18,21:00:00,202.0,1097.0,8.0,41.3,0.4448,2005-02-18 21:00:00
2005-02-18,22:00:00,190.0,1111.0,7.0,44.2,0.4446,2005-02-18 22:00:00
2005-02-18,23:00:00,236.0,1138.0,5.4,51.8,0.4698,2005-02-18 23:00:00
2005-02-19,00:00:00,250.0,1023.0,4.1,55.0,0.4558,2005-02-19 00:00:00
2005-02-19,01:00:00,219.0,997.0,3.1,57.8,0.4462,2005-02-19 01:00:00
2005-02-19,02:00:00,156.0,913.0,3.1,56.7,0.4388,2005-02-19 02:00:00
2005-02-19,03:00:00,80.11538461538461,903.0,2.2,59.6,0.4333,2005-02-19 03:00:00
2005-02-19,04:00:00,98.0,860.0,2.3,58.9,0.4317,2005-02-19 04:00:00
2005-02-19,05:00:00,89.0,867.0,1.9,60.0,0.4276,2005-02-19 05:00:00
2005-02-19,06:00:00,104.0,866.0,1.9,60.3,0.4293,2005-02-19 06:00:00
2005-02-19,07:00:00,148.0,941.0,0.9,64.6,0.4294,2005-02-19 07:00:00
2005-02-19,08:00:00,194.0,1072.0,0.6,65.0,0.4231,2005-02-19 08:00:00
2005-02-19,09:00:00,231.0,1099.0,2.1,59.9,0.4338,2005-02-19 09:00:00
2005-02-19,10:00:00,200.0,983.0,3.1,57.2,0.4402,2005-02-19 10:00:00
2005-02-19,11:00:00,217.0,1027.0,4.2,54.0,0.4483,2005-02-19 11:00:00
2005-02-19,12:00:00,210.0,982.0,7.4,43.8,0.4538,2005-02-19 12:00:00
2005-02-19,13:00:00,126.0,902.0,11.2,34.5,0.4586,2005-02-19 13:00:00
2005-02-19,14:00:00,118.0,937.0,13.8,32.4,0.5084,2005-02-19 14:00:00
2005-02-19,15:00:00,114.0,901.0,12.4,34.9,0.5002,2005-02-19 15:00:00
2005-02-19,16:00:00,117.0,911.0,12.8,31.9,0.4684,2005-02-19 16:00:00
2005-02-19,17:00:00,140.0,969.0,13.5,29.1,0.4486,2005-02-19 17:00:00
2005-02-19,18:00:00,168.0,1057.0,11.6,33.3,0.454,2005-02-19 18:00:00
2005-02-19,19:00:00,202.0,1147.0,10.9,34.9,0.4568,2005-02-19 19:00:00
2005-02-19,20:00:00,211.0,1203.0,10.4,37.3,0.4708,2005-02-19 20:00:00
2005-02-19,21:00:00,231.0,1185.0,9.7,39.7,0.4792,2005-02-19 21:00:00
2005-02-19,22:00:00,214.0,1141.0,9.1,41.9,0.4857,2005-02-19 22:00:00
2005-02-19,23:00:00,181.0,1062.0,9.3,41.9,0.4927,2005-02-19 23:00:00
2005-02-20,00:00:00,173.0,1083.0,9.4,44.7,0.5279,2005-02-20 00:00:00
2005-02-20,01:00:00,169.0,1026.0,8.5,45.8,0.5108,2005-02-20 01:00:00
2005-02-20,02:00:00,174.0,1124.0,7.8,50.0,0.53,2005-02-20 02:00:00
2005-02-20,03:00:00,80.11538461538461,1012.0,7.7,49.7,0.5242,2005-02-20 03:00:00
2005-02-20,04:00:00,130.0,993.0,8.2,46.9,0.5099,2005-02-20 04:00:00
2005-02-20,05:00:00,72.0,894.0,8.4,48.6,0.5375,2005-02-20 05:00:00
2005-02-20,06:00:00,40.0,881.0,8.0,54.7,0.5883,2005-02-20 06:00:00
2005-02-20,07:00:00,56.0,905.0,7.8,55.7,0.5914,2005-02-20 07:00:00
2005-02-20,08:00:00,81.0,919.0,8.0,53.8,0.5796,2005-02-20 08:00:00
2005-02-20,09:00:00,81.0,919.0,8.8,50.7,0.5752,2005-02-20 09:00:00
2005-02-20,10:00:00,88.0,947.0,10.1,47.6,0.587,2005-02-20 10:00:00
2005-02-20,11:00:00,94.0,946.0,10.6,45.8,0.5838,2005-02-20 11:00:00
2005-02-20,12:00:00,97.0,976.0,9.1,56.2,0.6515,2005-02-20 12:00:00
2005-02-20,13:00:00,112.0,1024.0,7.9,66.5,0.7124,2005-02-20 13:00:00
2005-02-20,14:00:00,104.0,1007.0,8.0,65.0,0.6991,2005-02-20 14:00:00
2005-02-20,15:00:00,107.0,1038.0,8.4,61.0,0.6721,2005-02-20 15:00:00
2005-02-20,16:00:00,114.0,1013.0,8.6,57.3,0.6429,2005-02-20 16:00:00
2005-02-20,17:00:00,115.0,996.0,8.4,56.3,0.6227,2005-02-20 17:00:00
2005-02-20,18:00:00,127.0,1006.0,8.0,57.7,0.6222,2005-02-20 18:00:00
2005-02-20,19:00:00,119.0,997.0,7.1,62.6,0.6341,2005-02-20 19:00:00
2005-02-20,20:00:00,149.0,1040.0,7.4,59.3,0.6123,2005-02-20 20:00:00
2005-02-20,21:00:00,140.0,1001.0,7.7,56.9,0.5994,2005-02-20 21:00:00
2005-02-20,22:00:00,105.0,965.0,7.7,54.4,0.5753,2005-02-20 22:00:00
2005-02-20,23:00:00,116.0,976.0,7.7,53.0,0.5572,2005-02-20 23:00:00
2005-02-21,00:00:00,112.0,1010.0,6.7,62.8,0.6188,2005-02-21 00:00:00
2005-02-21,01:00:00,80.0,948.0,6.6,61.9,0.6056,2005-02-21 01:00:00
2005-02-21,02:00:00,59.0,936.0,5.7,70.3,0.6498,2005-02-21 02:00:00
2005-02-21,03:00:00,80.11538461538461,919.0,4.5,79.2,0.6751,2005-02-21 03:00:00
2005-02-21,04:00:00,36.0,910.0,4.0,81.5,0.6712,2005-02-21 04:00:00
2005-02-21,05:00:00,49.0,947.0,3.9,81.5,0.6653,2005-02-21 05:00:00
2005-02-21,06:00:00,63.0,1001.0,3.3,84.3,0.6617,2005-02-21 06:00:00
2005-02-21,07:00:00,123.0,1129.0,4.2,80.9,0.6742,2005-02-21 07:00:00
2005-02-21,08:00:00,164.0,1282.0,5.1,75.0,0.6646,2005-02-21 08:00:00
2005-02-21,09:00:00,218.0,1375.0,4.6,77.6,0.6651,2005-02-21 09:00:00
2005-02-21,10:00:00,254.0,1260.0,3.8,84.3,0.6811,2005-02-21 10:00:00
2005-02-21,11:00:00,210.0,1196.0,6.2,77.4,0.7383,2005-02-21 11:00:00
2005-02-21,12:00:00,208.0,1199.0,7.7,67.6,0.7133,2005-02-21 12:00:00
2005-02-21,13:00:00,204.0,1303.0,8.1,64.8,0.7039,2005-02-21 13:00:00
2005-02-21,14:00:00,172.0,1227.0,8.1,64.0,0.6942,2005-02-21 14:00:00
2005-02-21,15:00:00,157.0,1184.0,6.9,71.3,0.7118,2005-02-21 15:00:00
2005-02-21,16:00:00,181.0,1272.0,7.0,73.7,0.7425,2005-02-21 16:00:00
2005-02-21,17:00:00,194.0,1290.0,7.3,70.0,0.7195,2005-02-21 17:00:00
2005-02-21,18:00:00,193.0,1281.0,5.8,77.8,0.7223,2005-02-21 18:00:00
2005-02-21,19:00:00,252.0,1682.0,5.4,80.9,0.7293,2005-02-21 19:00:00
2005-02-21,20:00:00,283.0,1633.0,5.5,79.8,0.7261,2005-02-21 20:00:00
2005-02-21,21:00:00,208.0,1194.0,5.6,74.0,0.6808,2005-02-21 21:00:00
2005-02-21,22:00:00,143.0,1082.0,5.6,71.9,0.6604,2005-02-21 22:00:00
2005-02-21,23:00:00,124.0,1046.0,6.4,70.7,0.6848,2005-02-21 23:00:00
2005-02-22,00:00:00,89.0,1015.0,6.3,70.1,0.6733,2005-02-22 00:00:00
2005-02-22,01:00:00,85.0,1032.0,4.4,80.5,0.6825,2005-02-22 01:00:00
2005-02-22,02:00:00,66.0,963.0,3.9,83.1,0.6787,2005-02-22 02:00:00
2005-02-22,03:00:00,80.11538461538461,908.0,2.5,86.6,0.6407,2005-02-22 03:00:00
2005-02-22,04:00:00,46.0,918.0,3.4,85.4,0.6736,2005-02-22 04:00:00
2005-02-22,05:00:00,60.0,956.0,3.3,84.5,0.6608,2005-02-22 05:00:00
2005-02-22,06:00:00,117.0,1035.0,3.4,84.5,0.664,2005-02-22 06:00:00
2005-02-22,07:00:00,178.0,1180.0,3.4,84.5,0.6677,2005-02-22 07:00:00
2005-02-22,08:00:00,295.0,1523.0,4.1,82.7,0.682,2005-02-22 08:00:00
2005-02-22,09:00:00,243.0,1789.0,4.6,80.3,0.6889,2005-02-22 09:00:00
2005-02-22,10:00:00,255.0,1435.0,6.1,74.0,0.7025,2005-02-22 10:00:00
2005-02-22,11:00:00,201.0,1140.0,9.1,58.4,0.6787,2005-02-22 11:00:00
2005-02-22,12:00:00,208.0,1225.0,11.4,48.9,0.658,2005-02-22 12:00:00
2005-02-22,13:00:00,212.0,1282.0,8.3,64.4,0.7072,2005-02-22 13:00:00
2005-02-22,14:00:00,238.0,1355.0,6.5,71.0,0.6903,2005-02-22 14:00:00
2005-02-22,15:00:00,201.0,1245.0,6.6,71.1,0.6973,2005-02-22 15:00:00
2005-02-22,16:00:00,218.0,1305.0,7.4,69.3,0.7165,2005-02-22 16:00:00
2005-02-22,17:00:00,222.0,1177.0,6.4,70.6,0.6834,2005-02-22 17:00:00
2005-02-22,18:00:00,206.0,1236.0,5.8,72.5,0.6718,2005-02-22 18:00:00
2005-02-22,19:00:00,251.0,1335.0,5.6,71.6,0.6556,2005-02-22 19:00:00
2005-02-22,20:00:00,190.0,1141.0,4.2,77.8,0.6491,2005-02-22 20:00:00
2005-02-22,21:00:00,218.0,1201.0,4.3,79.5,0.6648,2005-02-22 21:00:00
2005-02-22,22:00:00,150.0,1005.0,4.5,75.5,0.6429,2005-02-22 22:00:00
2005-02-22,23:00:00,111.0,986.0,4.4,77.1,0.6523,2005-02-22 23:00:00
2005-02-23,00:00:00,142.0,1050.0,4.2,78.2,0.6506,2005-02-23 00:00:00
2005-02-23,01:00:00,119.0,1007.0,4.0,79.3,0.6517,2005-02-23 01:00:00
2005-02-23,02:00:00,87.0,951.0,3.9,78.7,0.643,2005-02-23 02:00:00
2005-02-23,03:00:00,80.11538461538461,948.0,3.5,80.6,0.6403,2005-02-23 03:00:00
2005-02-23,04:00:00,70.0,959.0,3.2,82.8,0.6426,2005-02-23 04:00:00
2005-02-23,05:00:00,68.0,894.0,4.1,76.0,0.6304,2005-02-23 05:00:00
2005-02-23,06:00:00,66.0,912.0,4.2,75.9,0.6311,2005-02-23 06:00:00
2005-02-23,07:00:00,117.0,994.0,4.5,76.3,0.648,2005-02-23 07:00:00
2005-02-23,08:00:00,197.0,1208.0,4.4,79.1,0.6687,2005-02-23 08:00:00
2005-02-23,09:00:00,198.0,1114.0,4.3,79.8,0.6706,2005-02-23 09:00:00
2005-02-23,10:00:00,167.0,1022.0,3.1,83.0,0.6419,2005-02-23 10:00:00
2005-02-23,11:00:00,180.0,1004.0,2.8,83.9,0.6326,2005-02-23 11:00:00
2005-02-23,12:00:00,169.0,1020.0,3.9,79.5,0.6482,2005-02-23 12:00:00
2005-02-23,13:00:00,210.0,1192.0,5.1,74.5,0.6621,2005-02-23 13:00:00
2005-02-23,14:00:00,232.0,1244.0,5.7,72.5,0.6686,2005-02-23 14:00:00
2005-02-23,15:00:00,223.0,1243.0,5.6,74.6,0.6826,2005-02-23 15:00:00
2005-02-23,16:00:00,224.0,1231.0,5.4,75.9,0.6875,2005-02-23 16:00:00
2005-02-23,17:00:00,238.0,1254.0,4.9,78.2,0.6826,2005-02-23 17:00:00
2005-02-23,18:00:00,249.0,1289.0,4.8,79.0,0.6845,2005-02-23 18:00:00
2005-02-23,19:00:00,223.0,1317.0,4.8,78.6,0.6826,2005-02-23 19:00:00
2005-02-23,20:00:00,244.0,1331.0,4.6,78.2,0.6686,2005-02-23 20:00:00
2005-02-23,21:00:00,243.0,1264.0,4.2,79.7,0.6647,2005-02-23 21:00:00
2005-02-23,22:00:00,226.0,1212.0,4.3,78.9,0.6621,2005-02-23 22:00:00
2005-02-23,23:00:00,167.0,1053.0,4.2,77.9,0.6479,2005-02-23 23:00:00
2005-02-24,00:00:00,172.0,1051.0,3.2,83.0,0.645,2005-02-24 00:00:00
2005-02-24,01:00:00,120.0,983.0,5.1,74.5,0.6626,2005-02-24 01:00:00
2005-02-24,02:00:00,100.0,1023.0,4.0,80.8,0.6666,2005-02-24 02:00:00
2005-02-24,03:00:00,80.11538461538461,964.0,4.3,81.0,0.677,2005-02-24 03:00:00
2005-02-24,04:00:00,86.0,960.0,2.9,85.3,0.6503,2005-02-24 04:00:00
2005-02-24,05:00:00,81.0,962.0,3.3,84.5,0.6612,2005-02-24 05:00:00
2005-02-24,06:00:00,131.0,1051.0,3.6,84.4,0.6724,2005-02-24 06:00:00
2005-02-24,07:00:00,170.0,1146.0,3.8,83.8,0.6771,2005-02-24 07:00:00
2005-02-24,08:00:00,267.0,1400.0,4.1,82.5,0.6819,2005-02-24 08:00:00
2005-02-24,09:00:00,269.0,1439.0,3.9,83.9,0.6847,2005-02-24 09:00:00
2005-02-24,10:00:00,244.0,1228.0,4.1,83.9,0.6967,2005-02-24 10:00:00
2005-02-24,11:00:00,232.0,1142.0,4.6,82.0,0.6997,2005-02-24 11:00:00
2005-02-24,12:00:00,196.0,1117.0,5.5,79.5,0.7238,2005-02-24 12:00:00
2005-02-24,13:00:00,195.0,1206.0,6.7,76.2,0.7519,2005-02-24 13:00:00
2005-02-24,14:00:00,189.0,1223.0,7.9,69.0,0.7394,2005-02-24 14:00:00
2005-02-24,15:00:00,212.0,1299.0,8.5,66.3,0.7387,2005-02-24 15:00:00
2005-02-24,16:00:00,267.0,1364.0,7.6,70.8,0.7399,2005-02-24 16:00:00
2005-02-24,17:00:00,262.0,1388.0,7.2,72.4,0.7372,2005-02-24 17:00:00
2005-02-24,18:00:00,270.0,1503.0,6.7,74.2,0.7326,2005-02-24 18:00:00
2005-02-24,19:00:00,260.0,1522.0,6.1,75.8,0.7184,2005-02-24 19:00:00
2005-02-24,20:00:00,265.0,1492.0,6.3,74.9,0.7187,2005-02-24 20:00:00
2005-02-24,21:00:00,262.0,1399.0,6.0,78.0,0.7345,2005-02-24 21:00:00
2005-02-24,22:00:00,227.0,1218.0,5.6,81.2,0.7443,2005-02-24 22:00:00
2005-02-24,23:00:00,192.0,1201.0,5.5,81.5,0.7393,2005-02-24 23:00:00
2005-02-25,00:00:00,202.0,1215.0,5.3,84.1,0.753,2005-02-25 00:00:00
2005-02-25,01:00:00,189.0,1181.0,5.2,83.9,0.7487,2005-02-25 01:00:00
2005-02-25,02:00:00,157.0,1127.0,5.1,83.5,0.7416,2005-02-25 02:00:00
2005-02-25,03:00:00,80.11538461538461,1046.0,5.0,82.9,0.73,2005-02-25 03:00:00
2005-02-25,04:00:00,97.0,1053.0,5.0,82.5,0.7265,2005-02-25 04:00:00
2005-02-25,05:00:00,100.0,1025.0,5.0,82.8,0.7273,2005-02-25 05:00:00
2005-02-25,06:00:00,146.0,1095.0,5.2,80.7,0.7219,2005-02-25 06:00:00
2005-02-25,07:00:00,175.0,1161.0,5.3,80.2,0.7179,2005-02-25 07:00:00
2005-02-25,08:00:00,121.26829268292683,1568.0,5.7,79.7,0.734,2005-02-25 08:00:00
2005-02-25,09:00:00,130.87687687687688,1868.0,6.2,76.8,0.7355,2005-02-25 09:00:00
2005-02-25,10:00:00,190.0,1533.0,8.3,67.4,0.7384,2005-02-25 10:00:00
2005-02-25,11:00:00,166.0,1324.0,10.8,52.1,0.6746,2005-02-25 11:00:00
2005-02-25,12:00:00,153.0,1084.0,13.0,40.3,0.6028,2005-02-25 12:00:00
2005-02-25,13:00:00,167.0,1122.0,10.9,44.8,0.5849,2005-02-25 13:00:00
2005-02-25,14:00:00,137.0,1097.0,11.5,42.1,0.5706,2005-02-25 14:00:00
2005-02-25,15:00:00,140.0,1067.0,12.5,38.5,0.5568,2005-02-25 15:00:00
2005-02-25,16:00:00,150.0,1104.0,12.6,38.5,0.5586,2005-02-25 16:00:00
2005-02-25,17:00:00,152.0,1124.0,12.3,38.4,0.5488,2005-02-25 17:00:00
2005-02-25,18:00:00,177.0,1233.0,10.2,43.1,0.5366,2005-02-25 18:00:00
2005-02-25,19:00:00,189.0,1229.0,8.6,48.2,0.5385,2005-02-25 19:00:00
2005-02-25,20:00:00,195.0,1309.0,7.8,50.8,0.5384,2005-02-25 20:00:00
2005-02-25,21:00:00,179.0,1098.0,7.3,52.8,0.5404,2005-02-25 21:00:00
2005-02-25,22:00:00,188.0,1233.0,6.2,62.4,0.5958,2005-02-25 22:00:00
2005-02-25,23:00:00,170.0,1193.0,5.1,68.2,0.6033,2005-02-25 23:00:00
2005-02-26,00:00:00,161.0,1133.0,4.7,69.0,0.5936,2005-02-26 00:00:00
2005-02-26,01:00:00,145.0,1063.0,4.0,69.8,0.5756,2005-02-26 01:00:00
2005-02-26,02:00:00,136.0,1063.0,3.4,71.3,0.5626,2005-02-26 02:00:00
2005-02-26,03:00:00,80.11538461538461,1061.0,2.8,74.0,0.5591,2005-02-26 03:00:00
2005-02-26,04:00:00,122.0,1004.0,2.3,75.1,0.5514,2005-02-26 04:00:00
2005-02-26,05:00:00,115.0,947.0,3.8,66.2,0.5359,2005-02-26 05:00:00
2005-02-26,06:00:00,103.0,897.0,4.6,60.5,0.5173,2005-02-26 06:00:00
2005-02-26,07:00:00,108.0,855.0,5.7,54.3,0.5022,2005-02-26 07:00:00
2005-02-26,08:00:00,124.0,926.0,6.2,51.3,0.488,2005-02-26 08:00:00
2005-02-26,09:00:00,133.0,927.0,6.7,49.5,0.4892,2005-02-26 09:00:00
2005-02-26,10:00:00,124.0,912.0,8.8,45.0,0.5114,2005-02-26 10:00:00
2005-02-26,11:00:00,116.0,909.0,9.6,43.5,0.5202,2005-02-26 11:00:00
2005-02-26,12:00:00,113.0,939.0,9.8,43.3,0.5238,2005-02-26 12:00:00
2005-02-26,13:00:00,117.0,972.0,9.9,43.5,0.53,2005-02-26 13:00:00
2005-02-26,14:00:00,118.0,953.0,9.8,44.1,0.5332,2005-02-26 14:00:00
2005-02-26,15:00:00,108.0,906.0,9.7,45.1,0.5417,2005-02-26 15:00:00
2005-02-26,16:00:00,98.0,911.0,9.0,47.3,0.542,2005-02-26 16:00:00
2005-02-26,17:00:00,117.0,961.0,7.4,56.0,0.5797,2005-02-26 17:00:00
2005-02-26,18:00:00,126.0,974.0,6.4,61.7,0.5956,2005-02-26 18:00:00
2005-02-26,19:00:00,142.0,1008.0,6.8,58.0,0.5758,2005-02-26 19:00:00
2005-02-26,20:00:00,157.0,1188.0,7.3,56.7,0.5806,2005-02-26 20:00:00
2005-02-26,21:00:00,161.0,1106.0,7.2,56.7,0.579,2005-02-26 21:00:00
2005-02-26,22:00:00,169.0,1139.0,6.7,59.1,0.5848,2005-02-26 22:00:00
2005-02-26,23:00:00,166.0,1224.0,5.9,62.1,0.5808,2005-02-26 23:00:00
2005-02-27,00:00:00,189.0,1230.0,6.3,60.4,0.5811,2005-02-27 00:00:00
2005-02-27,01:00:00,184.0,1121.0,5.5,60.2,0.5458,2005-02-27 01:00:00
2005-02-27,02:00:00,145.0,1004.0,4.6,64.4,0.5525,2005-02-27 02:00:00
2005-02-27,03:00:00,80.11538461538461,1022.0,3.5,68.8,0.5458,2005-02-27 03:00:00
2005-02-27,04:00:00,119.0,979.0,2.8,70.9,0.5383,2005-02-27 04:00:00
2005-02-27,05:00:00,87.0,915.0,3.7,65.9,0.5295,2005-02-27 05:00:00
2005-02-27,06:00:00,77.0,949.0,1.6,74.3,0.5168,2005-02-27 06:00:00
2005-02-27,07:00:00,112.0,955.0,1.4,76.3,0.5261,2005-02-27 07:00:00
2005-02-27,08:00:00,118.0,949.0,2.5,69.5,0.5172,2005-02-27 08:00:00
2005-02-27,09:00:00,124.0,956.0,3.7,64.8,0.5208,2005-02-27 09:00:00
2005-02-27,10:00:00,144.0,1053.0,7.8,49.9,0.5307,2005-02-27 10:00:00
2005-02-27,11:00:00,128.0,972.0,11.2,37.1,0.4936,2005-02-27 11:00:00
2005-02-27,12:00:00,120.0,884.0,12.6,30.6,0.446,2005-02-27 12:00:00
2005-02-27,13:00:00,131.0,868.0,10.3,32.9,0.4131,2005-02-27 13:00:00
2005-02-27,14:00:00,115.0,804.0,10.0,35.5,0.4346,2005-02-27 14:00:00
2005-02-27,15:00:00,82.0,803.0,8.8,40.0,0.4538,2005-02-27 15:00:00
2005-02-27,16:00:00,100.0,807.0,8.3,40.3,0.4431,2005-02-27 16:00:00
2005-02-27,17:00:00,111.0,791.0,7.9,38.9,0.4141,2005-02-27 17:00:00
2005-02-27,18:00:00,132.0,822.0,6.8,41.0,0.4072,2005-02-27 18:00:00
2005-02-27,19:00:00,155.0,884.0,6.0,42.0,0.3962,2005-02-27 19:00:00
2005-02-27,20:00:00,181.0,955.0,5.5,43.5,0.3963,2005-02-27 20:00:00
2005-02-27,21:00:00,155.0,826.0,4.6,46.8,0.4001,2005-02-27 21:00:00
2005-02-27,22:00:00,105.0,793.0,4.5,48.0,0.4085,2005-02-27 22:00:00
2005-02-27,23:00:00,119.0,870.0,4.3,48.6,0.4069,2005-02-27 23:00:00
2005-02-28,00:00:00,150.0,878.0,4.0,50.0,0.4115,2005-02-28 00:00:00
2005-02-28,01:00:00,94.0,797.0,4.0,52.9,0.4338,2005-02-28 01:00:00
2005-02-28,02:00:00,56.0,755.0,4.0,51.0,0.42,2005-02-28 02:00:00
2005-02-28,03:00:00,80.11538461538461,699.0,3.9,48.1,0.393,2005-02-28 03:00:00
2005-02-28,04:00:00,28.0,667.0,3.8,48.0,0.3879,2005-02-28 04:00:00
2005-02-28,05:00:00,25.0,669.0,3.6,50.3,0.4022,2005-02-28 05:00:00
2005-02-28,06:00:00,31.0,684.0,2.8,52.6,0.3972,2005-02-28 06:00:00
2005-02-28,07:00:00,66.0,732.0,2.5,52.7,0.3908,2005-02-28 07:00:00
2005-02-28,08:00:00,111.0,837.0,2.7,50.5,0.3804,2005-02-28 08:00:00
2005-02-28,09:00:00,122.0,842.0,2.7,49.4,0.3714,2005-02-28 09:00:00
2005-02-28,10:00:00,115.0,780.0,3.3,45.2,0.354,2005-02-28 10:00:00
2005-02-28,11:00:00,123.0,744.0,3.1,43.3,0.3354,2005-02-28 11:00:00
2005-02-28,12:00:00,119.0,726.0,3.7,38.8,0.3123,2005-02-28 12:00:00
2005-02-28,13:00:00,125.0,757.0,4.0,36.8,0.3016,2005-02-28 13:00:00
2005-02-28,14:00:00,110.0,731.0,3.7,35.0,0.2823,2005-02-28 14:00:00
2005-02-28,15:00:00,111.0,673.0,3.4,32.4,0.2563,2005-02-28 15:00:00
2005-02-28,16:00:00,114.0,699.0,3.3,33.1,0.2592,2005-02-28 16:00:00
2005-02-28,17:00:00,114.0,716.0,2.6,35.1,0.2618,2005-02-28 17:00:00
2005-02-28,18:00:00,140.0,858.0,2.1,36.6,0.2634,2005-02-28 18:00:00
2005-02-28,19:00:00,141.0,885.0,1.6,37.9,0.2645,2005-02-28 19:00:00
2005-02-28,20:00:00,142.0,870.0,1.4,38.0,0.2615,2005-02-28 20:00:00
2005-02-28,21:00:00,123.0,727.0,1.0,36.6,0.2456,2005-02-28 21:00:00
2005-02-28,22:00:00,90.0,655.0,1.1,35.4,0.2382,2005-02-28 22:00:00
2005-02-28,23:00:00,79.0,621.0,1.0,34.3,0.2292,2005-02-28 23:00:00
2005-03-01,00:00:00,69.0,642.0,1.0,37.4,0.2487,2005-03-01 00:00:00
2005-03-01,01:00:00,60.0,640.0,0.7,41.2,0.2693,2005-03-01 01:00:00
2005-03-01,02:00:00,37.0,602.0,0.2,40.6,0.2566,2005-03-01 02:00:00
2005-03-01,03:00:00,80.11538461538461,559.0,0.1,40.0,0.2499,2005-03-01 03:00:00
2005-03-01,04:00:00,27.0,551.0,-0.1,37.5,0.2326,2005-03-01 04:00:00
2005-03-01,05:00:00,30.0,561.0,-0.3,38.4,0.2347,2005-03-01 05:00:00
2005-03-01,06:00:00,33.0,579.0,-0.6,40.1,0.2404,2005-03-01 06:00:00
2005-03-01,07:00:00,84.0,652.0,-0.6,41.4,0.2478,2005-03-01 07:00:00
2005-03-01,08:00:00,147.0,839.0,-0.2,40.2,0.2478,2005-03-01 08:00:00
2005-03-01,09:00:00,143.0,840.0,0.6,36.8,0.2388,2005-03-01 09:00:00
2005-03-01,10:00:00,122.0,720.0,2.8,30.3,0.2294,2005-03-01 10:00:00
2005-03-01,11:00:00,109.0,660.0,3.1,29.1,0.224,2005-03-01 11:00:00
2005-03-01,12:00:00,95.0,647.0,3.3,29.2,0.2288,2005-03-01 12:00:00
2005-03-01,13:00:00,94.0,684.0,3.1,31.0,0.2386,2005-03-01 13:00:00
2005-03-01,14:00:00,102.0,709.0,3.2,30.8,0.2399,2005-03-01 14:00:00
2005-03-01,15:00:00,107.0,701.0,3.3,31.5,0.2464,2005-03-01 15:00:00
2005-03-01,16:00:00,113.0,710.0,4.1,28.6,0.2363,2005-03-01 16:00:00
2005-03-01,17:00:00,110.0,708.0,3.9,29.2,0.2378,2005-03-01 17:00:00
2005-03-01,18:00:00,116.0,815.0,1.9,35.0,0.2494,2005-03-01 18:00:00
2005-03-01,19:00:00,148.0,887.0,1.8,35.4,0.2497,2005-03-01 19:00:00
2005-03-01,20:00:00,156.0,935.0,1.4,36.5,0.2503,2005-03-01 20:00:00
2005-03-01,21:00:00,159.0,796.0,0.8,36.3,0.2388,2005-03-01 21:00:00
2005-03-01,22:00:00,116.0,672.0,0.6,34.1,0.221,2005-03-01 22:00:00
2005-03-01,23:00:00,110.0,669.0,0.3,31.9,0.2031,2005-03-01 23:00:00
2005-03-02,00:00:00,102.0,637.0,0.2,30.2,0.191,2005-03-02 00:00:00
2005-03-02,01:00:00,93.0,601.0,0.0,29.7,0.1847,2005-03-02 01:00:00
2005-03-02,02:00:00,67.0,605.0,-0.1,31.9,0.1975,2005-03-02 02:00:00
2005-03-02,03:00:00,80.11538461538461,650.0,-1.1,41.4,0.2379,2005-03-02 03:00:00
2005-03-02,04:00:00,75.0,669.0,-1.4,44.9,0.2536,2005-03-02 04:00:00
2005-03-02,05:00:00,73.0,698.0,-1.3,46.3,0.2635,2005-03-02 05:00:00
2005-03-02,06:00:00,96.0,722.0,-1.2,47.2,0.27,2005-03-02 06:00:00
2005-03-02,07:00:00,110.0,813.0,-1.3,47.5,0.2702,2005-03-02 07:00:00
2005-03-02,08:00:00,150.0,1056.0,-1.9,51.4,0.2801,2005-03-02 08:00:00
2005-03-02,09:00:00,169.0,1072.0,-0.5,45.9,0.2763,2005-03-02 09:00:00
2005-03-02,10:00:00,181.0,922.0,4.6,32.5,0.2783,2005-03-02 10:00:00
2005-03-02,11:00:00,187.0,942.0,7.5,24.3,0.2528,2005-03-02 11:00:00
2005-03-02,12:00:00,146.0,767.0,9.6,18.8,0.2246,2005-03-02 12:00:00
2005-03-02,13:00:00,131.0,764.0,9.3,18.4,0.2157,2005-03-02 13:00:00
2005-03-02,14:00:00,161.0,897.0,9.7,18.6,0.2244,2005-03-02 14:00:00
2005-03-02,15:00:00,143.0,802.0,10.1,16.7,0.2062,2005-03-02 15:00:00
2005-03-02,16:00:00,176.0,855.0,11.8,13.5,0.1862,2005-03-02 16:00:00
2005-03-02,17:00:00,178.0,885.0,11.6,15.3,0.2086,2005-03-02 17:00:00
2005-03-02,18:00:00,207.0,1126.0,9.1,19.2,0.2225,2005-03-02 18:00:00
2005-03-02,19:00:00,240.0,1325.0,7.2,25.6,0.2611,2005-03-02 19:00:00
2005-03-02,20:00:00,236.0,1282.0,6.1,34.0,0.3237,2005-03-02 20:00:00
2005-03-02,21:00:00,199.0,1054.0,5.1,36.4,0.323,2005-03-02 21:00:00
2005-03-02,22:00:00,170.0,936.0,4.8,39.6,0.344,2005-03-02 22:00:00
2005-03-02,23:00:00,153.0,905.0,5.0,39.6,0.3479,2005-03-02 23:00:00
2005-03-03,00:00:00,140.0,907.0,4.1,41.7,0.3456,2005-03-03 00:00:00
2005-03-03,01:00:00,138.0,893.0,4.4,43.3,0.3656,2005-03-03 01:00:00
2005-03-03,02:00:00,117.0,884.0,3.8,45.9,0.3728,2005-03-03 02:00:00
2005-03-03,03:00:00,80.11538461538461,887.0,3.6,49.7,0.396,2005-03-03 03:00:00
2005-03-03,04:00:00,119.0,947.0,3.4,56.3,0.4455,2005-03-03 04:00:00
2005-03-03,05:00:00,108.0,1001.0,2.9,67.9,0.5183,2005-03-03 05:00:00
2005-03-03,06:00:00,121.0,1063.0,2.8,74.1,0.5618,2005-03-03 06:00:00
2005-03-03,07:00:00,136.0,1120.0,2.9,75.6,0.5742,2005-03-03 07:00:00
2005-03-03,08:00:00,175.0,1422.0,3.8,72.4,0.5867,2005-03-03 08:00:00
2005-03-03,09:00:00,211.0,1406.0,5.9,50.2,0.4706,2005-03-03 09:00:00
2005-03-03,10:00:00,186.0,1069.0,7.3,39.4,0.4035,2005-03-03 10:00:00
2005-03-03,11:00:00,177.0,1155.0,3.6,75.9,0.6055,2005-03-03 11:00:00
2005-03-03,12:00:00,147.0,1127.0,3.6,78.6,0.6283,2005-03-03 12:00:00
2005-03-03,13:00:00,150.0,1088.0,5.3,69.2,0.6213,2005-03-03 13:00:00
2005-03-03,14:00:00,148.0,1107.0,6.1,66.0,0.6255,2005-03-03 14:00:00
2005-03-03,15:00:00,151.0,1115.0,6.0,70.1,0.6577,2005-03-03 15:00:00
2005-03-03,16:00:00,151.0,1147.0,6.3,72.1,0.6907,2005-03-03 16:00:00
2005-03-03,17:00:00,165.0,1252.0,6.3,75.7,0.7252,2005-03-03 17:00:00
2005-03-03,18:00:00,197.0,1510.0,5.6,80.4,0.7382,2005-03-03 18:00:00
2005-03-03,19:00:00,228.0,1539.0,4.9,82.4,0.7201,2005-03-03 19:00:00
2005-03-03,20:00:00,196.0,1488.0,4.3,84.0,0.7051,2005-03-03 20:00:00
2005-03-03,21:00:00,192.0,1331.0,4.3,83.6,0.7025,2005-03-03 21:00:00
2005-03-03,22:00:00,161.0,1235.0,4.6,82.5,0.7066,2005-03-03 22:00:00
2005-03-03,23:00:00,156.0,1205.0,4.4,82.0,0.6938,2005-03-03 23:00:00
2005-03-04,00:00:00,158.0,1206.0,4.3,80.9,0.6791,2005-03-04 00:00:00
2005-03-04,01:00:00,154.0,1173.0,4.1,81.2,0.6721,2005-03-04 01:00:00
2005-03-04,02:00:00,138.0,1108.0,3.9,80.9,0.6613,2005-03-04 02:00:00
2005-03-04,03:00:00,80.11538461538461,977.0,4.5,70.6,0.6004,2005-03-04 03:00:00
2005-03-04,04:00:00,92.0,912.0,4.5,65.1,0.5547,2005-03-04 04:00:00
2005-03-04,05:00:00,103.0,993.0,4.0,75.2,0.6161,2005-03-04 05:00:00
2005-03-04,06:00:00,117.0,1049.0,3.7,76.4,0.6164,2005-03-04 06:00:00
2005-03-04,07:00:00,139.0,1180.0,3.1,77.3,0.5985,2005-03-04 07:00:00
2005-03-04,08:00:00,167.0,1497.0,3.7,74.4,0.5992,2005-03-04 08:00:00
2005-03-04,09:00:00,205.0,1848.0,5.0,69.4,0.6118,2005-03-04 09:00:00
2005-03-04,10:00:00,216.0,1432.0,6.5,60.9,0.5919,2005-03-04 10:00:00
2005-03-04,11:00:00,192.0,1435.0,7.6,59.8,0.6245,2005-03-04 11:00:00
2005-03-04,12:00:00,188.0,1399.0,8.6,57.6,0.6471,2005-03-04 12:00:00
2005-03-04,13:00:00,189.0,1493.0,10.9,52.4,0.6826,2005-03-04 13:00:00
2005-03-04,14:00:00,192.0,1443.0,12.3,48.3,0.6871,2005-03-04 14:00:00
2005-03-04,15:00:00,194.0,1411.0,12.5,43.4,0.6298,2005-03-04 15:00:00
2005-03-04,16:00:00,217.0,1401.0,11.9,42.3,0.5902,2005-03-04 16:00:00
2005-03-04,17:00:00,178.0,1392.0,12.3,41.2,0.5867,2005-03-04 17:00:00
2005-03-04,18:00:00,183.0,1327.0,10.8,48.1,0.6235,2005-03-04 18:00:00
2005-03-04,19:00:00,189.0,1336.0,8.9,52.5,0.5996,2005-03-04 19:00:00
2005-03-04,20:00:00,225.0,1479.0,8.4,54.7,0.6057,2005-03-04 20:00:00
2005-03-04,21:00:00,175.0,1132.0,7.5,58.7,0.6112,2005-03-04 21:00:00
2005-03-04,22:00:00,153.0,1049.0,6.9,60.0,0.5977,2005-03-04 22:00:00
2005-03-04,23:00:00,156.0,1104.0,6.6,61.3,0.5995,2005-03-04 23:00:00
2005-03-05,00:00:00,172.0,1070.0,6.3,59.8,0.5761,2005-03-05 00:00:00
2005-03-05,01:00:00,164.0,1132.0,5.4,65.8,0.5935,2005-03-05 01:00:00
2005-03-05,02:00:00,157.0,989.0,5.8,59.6,0.5523,2005-03-05 02:00:00
2005-03-05,03:00:00,80.11538461538461,1003.0,4.9,62.6,0.5477,2005-03-05 03:00:00
2005-03-05,04:00:00,136.0,974.0,4.4,63.9,0.5385,2005-03-05 04:00:00
2005-03-05,05:00:00,110.0,948.0,4.2,62.5,0.5191,2005-03-05 05:00:00
2005-03-05,06:00:00,128.0,989.0,3.1,68.6,0.5302,2005-03-05 06:00:00
2005-03-05,07:00:00,132.0,866.0,4.6,54.6,0.4682,2005-03-05 07:00:00
2005-03-05,08:00:00,156.0,1034.0,5.0,54.5,0.4788,2005-03-05 08:00:00
2005-03-05,09:00:00,185.0,1112.0,7.0,48.1,0.4847,2005-03-05 09:00:00
2005-03-05,10:00:00,121.0,866.0,10.0,37.7,0.4643,2005-03-05 10:00:00
2005-03-05,11:00:00,117.0,955.0,13.0,30.3,0.452,2005-03-05 11:00:00
2005-03-05,12:00:00,133.0,929.0,14.0,28.1,0.4476,2005-03-05 12:00:00
2005-03-05,13:00:00,136.0,998.0,13.3,28.9,0.4399,2005-03-05 13:00:00
2005-03-05,14:00:00,162.0,1035.0,13.4,29.0,0.4436,2005-03-05 14:00:00
2005-03-05,15:00:00,132.0,966.0,13.5,28.3,0.4374,2005-03-05 15:00:00
2005-03-05,16:00:00,162.0,1015.0,13.0,29.7,0.442,2005-03-05 16:00:00
2005-03-05,17:00:00,159.0,1125.0,11.6,38.7,0.5271,2005-03-05 17:00:00
2005-03-05,18:00:00,156.0,1176.0,8.6,56.3,0.6312,2005-03-05 18:00:00
2005-03-05,19:00:00,177.0,1205.0,8.5,57.9,0.6435,2005-03-05 19:00:00
2005-03-05,20:00:00,185.0,1284.0,7.8,63.4,0.6735,2005-03-05 20:00:00
2005-03-05,21:00:00,199.0,1255.0,7.2,69.5,0.7084,2005-03-05 21:00:00
2005-03-05,22:00:00,166.0,1197.0,6.5,74.7,0.7248,2005-03-05 22:00:00
2005-03-05,23:00:00,152.0,1171.0,6.5,73.9,0.7224,2005-03-05 23:00:00
2005-03-06,00:00:00,170.0,1220.0,6.8,72.1,0.7143,2005-03-06 00:00:00
2005-03-06,01:00:00,160.0,998.0,7.0,60.0,0.6055,2005-03-06 01:00:00
2005-03-06,02:00:00,100.0,826.0,7.2,47.8,0.487,2005-03-06 02:00:00
2005-03-06,03:00:00,80.11538461538461,803.0,7.2,47.3,0.483,2005-03-06 03:00:00
2005-03-06,04:00:00,57.0,810.0,6.8,52.9,0.5245,2005-03-06 04:00:00
2005-03-06,05:00:00,48.0,822.0,5.8,65.0,0.6029,2005-03-06 05:00:00
2005-03-06,06:00:00,32.0,788.0,5.8,59.4,0.5502,2005-03-06 06:00:00
2005-03-06,07:00:00,72.0,833.0,5.5,58.3,0.529,2005-03-06 07:00:00
2005-03-06,08:00:00,86.0,818.0,5.9,54.8,0.5119,2005-03-06 08:00:00
2005-03-06,09:00:00,79.0,829.0,7.3,48.7,0.5007,2005-03-06 09:00:00
2005-03-06,10:00:00,87.0,783.0,9.4,39.9,0.4707,2005-03-06 10:00:00
2005-03-06,11:00:00,85.0,792.0,11.2,33.8,0.449,2005-03-06 11:00:00
2005-03-06,12:00:00,97.0,782.0,12.3,29.9,0.4255,2005-03-06 12:00:00
2005-03-06,13:00:00,96.0,787.0,14.8,23.7,0.3945,2005-03-06 13:00:00
2005-03-06,14:00:00,113.0,990.0,13.1,26.6,0.399,2005-03-06 14:00:00
2005-03-06,15:00:00,163.0,1210.0,13.3,25.7,0.3914,2005-03-06 15:00:00
2005-03-06,16:00:00,146.0,850.0,12.0,27.7,0.3885,2005-03-06 16:00:00
2005-03-06,17:00:00,167.0,916.0,11.5,30.1,0.4067,2005-03-06 17:00:00
2005-03-06,18:00:00,162.0,1036.0,10.1,33.2,0.4115,2005-03-06 18:00:00
2005-03-06,19:00:00,194.0,942.0,8.6,38.1,0.4282,2005-03-06 19:00:00
2005-03-06,20:00:00,185.0,926.0,8.0,41.2,0.4433,2005-03-06 20:00:00
2005-03-06,21:00:00,158.0,905.0,7.5,43.8,0.4551,2005-03-06 21:00:00
2005-03-06,22:00:00,156.0,891.0,6.8,46.9,0.465,2005-03-06 22:00:00
2005-03-06,23:00:00,157.0,903.0,6.1,46.3,0.4394,2005-03-06 23:00:00
2005-03-07,00:00:00,141.0,836.0,5.6,45.5,0.4187,2005-03-07 00:00:00
2005-03-07,01:00:00,116.0,848.0,5.4,48.8,0.4393,2005-03-07 01:00:00
2005-03-07,02:00:00,84.0,785.0,5.1,51.2,0.4534,2005-03-07 02:00:00
2005-03-07,03:00:00,80.11538461538461,708.0,5.3,51.0,0.4563,2005-03-07 03:00:00
2005-03-07,04:00:00,34.0,730.0,5.2,57.2,0.5094,2005-03-07 04:00:00
2005-03-07,05:00:00,45.0,755.0,4.5,63.1,0.5381,2005-03-07 05:00:00
2005-03-07,06:00:00,59.0,753.0,5.2,54.5,0.486,2005-03-07 06:00:00
2005-03-07,07:00:00,99.0,827.0,5.6,51.3,0.4712,2005-03-07 07:00:00
2005-03-07,08:00:00,165.0,941.0,5.9,45.4,0.4244,2005-03-07 08:00:00
2005-03-07,09:00:00,168.0,978.0,6.9,41.3,0.4145,2005-03-07 09:00:00
2005-03-07,10:00:00,169.0,910.0,8.6,34.2,0.3834,2005-03-07 10:00:00
2005-03-07,11:00:00,162.0,811.0,9.6,27.7,0.3308,2005-03-07 11:00:00
2005-03-07,12:00:00,155.0,799.0,10.6,25.3,0.3224,2005-03-07 12:00:00
2005-03-07,13:00:00,136.0,779.0,10.2,25.6,0.3181,2005-03-07 13:00:00
2005-03-07,14:00:00,124.0,788.0,10.0,25.2,0.3079,2005-03-07 14:00:00
2005-03-07,15:00:00,158.0,805.0,9.7,25.7,0.3088,2005-03-07 15:00:00
2005-03-07,16:00:00,167.0,819.0,9.7,26.8,0.3226,2005-03-07 16:00:00
2005-03-07,17:00:00,176.0,888.0,9.4,27.3,0.3216,2005-03-07 17:00:00
2005-03-07,18:00:00,204.0,985.0,7.9,28.0,0.2999,2005-03-07 18:00:00
2005-03-07,19:00:00,209.0,1148.0,6.9,30.7,0.3066,2005-03-07 19:00:00
2005-03-07,20:00:00,224.0,1137.0,6.1,33.3,0.3152,2005-03-07 20:00:00
2005-03-07,21:00:00,211.0,982.0,5.0,37.4,0.329,2005-03-07 21:00:00
2005-03-07,22:00:00,174.0,865.0,4.2,40.9,0.3417,2005-03-07 22:00:00
2005-03-07,23:00:00,181.0,924.0,3.9,43.5,0.3538,2005-03-07 23:00:00
2005-03-08,00:00:00,157.0,868.0,3.0,47.7,0.3658,2005-03-08 00:00:00
2005-03-08,01:00:00,154.0,918.0,2.5,52.1,0.3855,2005-03-08 01:00:00
2005-03-08,02:00:00,147.0,851.0,2.0,53.5,0.3831,2005-03-08 02:00:00
2005-03-08,03:00:00,80.11538461538461,815.0,1.0,56.7,0.3803,2005-03-08 03:00:00
2005-03-08,04:00:00,101.0,807.0,0.5,59.4,0.3841,2005-03-08 04:00:00
2005-03-08,05:00:00,114.0,820.0,1.4,56.8,0.3903,2005-03-08 05:00:00
2005-03-08,06:00:00,134.0,846.0,0.9,58.4,0.388,2005-03-08 06:00:00
2005-03-08,07:00:00,144.0,931.0,0.3,61.0,0.3881,2005-03-08 07:00:00
2005-03-08,08:00:00,182.0,1360.0,0.9,59.1,0.3913,2005-03-08 08:00:00
2005-03-08,09:00:00,223.0,1599.0,4.1,47.9,0.3959,2005-03-08 09:00:00
2005-03-08,10:00:00,219.0,1265.0,7.7,34.6,0.3652,2005-03-08 10:00:00
2005-03-08,11:00:00,215.0,1091.0,10.9,25.7,0.3341,2005-03-08 11:00:00
2005-03-08,12:00:00,191.0,864.0,13.7,17.4,0.2715,2005-03-08 12:00:00
2005-03-08,13:00:00,162.0,882.0,14.0,16.8,0.2672,2005-03-08 13:00:00
2005-03-08,14:00:00,165.0,988.0,14.1,17.0,0.2729,2005-03-08 14:00:00
2005-03-08,15:00:00,171.0,920.0,15.0,15.8,0.2678,2005-03-08 15:00:00
2005-03-08,16:00:00,164.0,926.0,16.5,14.9,0.2775,2005-03-08 16:00:00
2005-03-08,17:00:00,168.0,957.0,15.8,16.7,0.2972,2005-03-08 17:00:00
2005-03-08,18:00:00,204.0,1222.0,13.2,23.9,0.3597,2005-03-08 18:00:00
2005-03-08,19:00:00,242.0,1499.0,11.0,33.8,0.4436,2005-03-08 19:00:00
2005-03-08,20:00:00,246.0,1531.0,9.5,39.0,0.4644,2005-03-08 20:00:00
2005-03-08,21:00:00,215.0,1198.0,8.5,42.4,0.4716,2005-03-08 21:00:00
2005-03-08,22:00:00,206.0,1055.0,7.5,44.0,0.4564,2005-03-08 22:00:00
2005-03-08,23:00:00,167.0,954.0,6.6,46.0,0.4505,2005-03-08 23:00:00
2005-03-09,00:00:00,145.0,949.0,5.5,49.6,0.4526,2005-03-09 00:00:00
2005-03-09,01:00:00,133.0,927.0,4.9,52.2,0.4567,2005-03-09 01:00:00
2005-03-09,02:00:00,117.0,887.0,4.6,53.5,0.4584,2005-03-09 02:00:00
2005-03-09,03:00:00,80.11538461538461,873.0,4.7,53.1,0.4589,2005-03-09 03:00:00
2005-03-09,04:00:00,90.0,893.0,3.8,56.8,0.4614,2005-03-09 04:00:00
2005-03-09,05:00:00,112.0,909.0,2.3,63.5,0.463,2005-03-09 05:00:00
2005-03-09,06:00:00,120.0,959.0,2.0,64.9,0.4657,2005-03-09 06:00:00
2005-03-09,07:00:00,141.0,1061.0,2.0,65.3,0.4688,2005-03-09 07:00:00
2005-03-09,08:00:00,190.0,1497.0,3.3,61.6,0.4829,2005-03-09 08:00:00
2005-03-09,09:00:00,215.0,1685.0,5.7,52.5,0.4851,2005-03-09 09:00:00
2005-03-09,10:00:00,215.0,1375.0,8.3,43.5,0.4774,2005-03-09 10:00:00
2005-03-09,11:00:00,235.0,1261.0,10.5,38.9,0.4926,2005-03-09 11:00:00
2005-03-09,12:00:00,194.0,1198.0,14.5,33.4,0.5488,2005-03-09 12:00:00
2005-03-09,13:00:00,159.0,1305.0,15.7,34.6,0.6147,2005-03-09 13:00:00
2005-03-09,14:00:00,123.0,1292.0,16.1,36.3,0.6593,2005-03-09 14:00:00
2005-03-09,15:00:00,121.0,1216.0,17.3,34.5,0.6728,2005-03-09 15:00:00
2005-03-09,16:00:00,102.0,1189.0,17.6,34.1,0.6781,2005-03-09 16:00:00
2005-03-09,17:00:00,114.0,1271.0,18.0,33.1,0.6779,2005-03-09 17:00:00
2005-03-09,18:00:00,168.0,1520.0,14.6,41.0,0.6792,2005-03-09 18:00:00
2005-03-09,19:00:00,207.0,1747.0,12.8,46.2,0.6794,2005-03-09 19:00:00
2005-03-09,20:00:00,199.0,1724.0,11.5,53.9,0.7312,2005-03-09 20:00:00
2005-03-09,21:00:00,192.0,1606.0,10.6,58.8,0.7512,2005-03-09 21:00:00
2005-03-09,22:00:00,148.0,1181.0,9.7,60.0,0.7238,2005-03-09 22:00:00
2005-03-09,23:00:00,137.0,1161.0,8.3,64.2,0.7071,2005-03-09 23:00:00
2005-03-10,00:00:00,123.0,1130.0,7.8,65.5,0.6961,2005-03-10 00:00:00
2005-03-10,01:00:00,109.0,1070.0,7.5,65.9,0.6868,2005-03-10 01:00:00
2005-03-10,02:00:00,98.0,1067.0,6.1,72.1,0.6847,2005-03-10 02:00:00
2005-03-10,03:00:00,80.11538461538461,1062.0,4.6,78.2,0.6684,2005-03-10 03:00:00
2005-03-10,04:00:00,94.0,1034.0,4.0,80.9,0.667,2005-03-10 04:00:00
2005-03-10,05:00:00,95.0,1020.0,4.2,79.1,0.6611,2005-03-10 05:00:00
2005-03-10,06:00:00,101.0,1020.0,5.3,73.2,0.6577,2005-03-10 06:00:00
2005-03-10,07:00:00,100.0,1143.0,4.3,76.1,0.6395,2005-03-10 07:00:00
2005-03-10,08:00:00,150.0,1606.0,4.8,74.6,0.647,2005-03-10 08:00:00
2005-03-10,09:00:00,168.0,1620.0,7.5,64.5,0.6702,2005-03-10 09:00:00
2005-03-10,10:00:00,199.0,1372.0,11.7,49.3,0.6772,2005-03-10 10:00:00
2005-03-10,11:00:00,168.0,1308.0,14.7,41.2,0.6857,2005-03-10 11:00:00
2005-03-10,12:00:00,161.0,1258.0,17.4,33.2,0.6535,2005-03-10 12:00:00
2005-03-10,13:00:00,119.31231231231232,1196.0,18.8,26.2,0.5637,2005-03-10 13:00:00
2005-03-10,14:00:00,145.0,1082.0,19.1,18.1,0.3955,2005-03-10 14:00:00
2005-03-10,15:00:00,148.0,1016.0,19.5,15.3,0.3431,2005-03-10 15:00:00
2005-03-10,16:00:00,131.0,901.0,20.2,14.4,0.337,2005-03-10 16:00:00
2005-03-10,17:00:00,137.0,1022.0,19.8,16.0,0.3632,2005-03-10 17:00:00
2005-03-10,18:00:00,163.0,1186.0,16.5,21.6,0.4012,2005-03-10 18:00:00
2005-03-10,19:00:00,219.0,1295.0,14.5,18.3,0.2996,2005-03-10 19:00:00
2005-03-10,20:00:00,245.0,1458.0,12.8,22.8,0.3364,2005-03-10 20:00:00
2005-03-10,21:00:00,229.0,1233.0,11.5,35.9,0.4862,2005-03-10 21:00:00
2005-03-10,22:00:00,184.0,985.0,9.5,34.6,0.411,2005-03-10 22:00:00
2005-03-10,23:00:00,151.0,922.0,8.3,38.2,0.4203,2005-03-10 23:00:00
2005-03-11,00:00:00,133.0,949.0,7.7,41.7,0.4387,2005-03-11 00:00:00
2005-03-11,01:00:00,135.0,936.0,6.8,44.9,0.4472,2005-03-11 01:00:00
2005-03-11,02:00:00,111.0,887.0,5.7,49.4,0.4551,2005-03-11 02:00:00
2005-03-11,03:00:00,90.0,864.0,5.7,50.1,0.4629,2005-03-11 03:00:00
2005-03-11,04:00:00,91.0,912.0,4.4,56.4,0.4761,2005-03-11 04:00:00
2005-03-11,05:00:00,89.0,870.0,4.9,55.2,0.4807,2005-03-11 05:00:00
2005-03-11,06:00:00,89.0,908.0,4.5,56.3,0.48,2005-03-11 06:00:00
2005-03-11,07:00:00,117.0,957.0,3.8,59.7,0.4839,2005-03-11 07:00:00
2005-03-11,08:00:00,141.0,1279.0,4.3,58.6,0.4915,2005-03-11 08:00:00
2005-03-11,09:00:00,189.0,1581.0,7.1,50.0,0.5067,2005-03-11 09:00:00
2005-03-11,10:00:00,211.0,1399.0,11.1,38.4,0.5066,2005-03-11 10:00:00
2005-03-11,11:00:00,235.0,1280.5,14.149999999999999,34.5,0.5507500000000001,2005-03-11 11:00:00
2005-03-11,12:00:00,162.0,1162.0,17.2,30.6,0.5949,2005-03-11 12:00:00
2005-03-11,13:00:00,172.0,1297.0,17.8,33.3,0.6741,2005-03-11 13:00:00
2005-03-11,14:00:00,182.0,1404.0,18.8,31.8,0.6853,2005-03-11 14:00:00
2005-03-11,15:00:00,180.0,1319.0,19.3,29.9,0.6604,2005-03-11 15:00:00
2005-03-11,16:00:00,156.0,1252.0,18.8,31.5,0.6752,2005-03-11 16:00:00
2005-03-11,17:00:00,168.0,1211.0,18.2,28.1,0.5817,2005-03-11 17:00:00
2005-03-11,18:00:00,181.0,1349.0,16.0,35.3,0.6356,2005-03-11 18:00:00
2005-03-11,19:00:00,226.0,1661.0,13.8,43.6,0.6825,2005-03-11 19:00:00
2005-03-11,20:00:00,231.0,1640.0,12.9,48.8,0.725,2005-03-11 20:00:00
2005-03-11,21:00:00,222.0,1350.0,12.8,49.3,0.7277,2005-03-11 21:00:00
2005-03-11,22:00:00,165.0,1146.0,12.2,50.9,0.7202,2005-03-11 22:00:00
2005-03-11,23:00:00,151.0,1156.0,10.6,55.9,0.7138,2005-03-11 23:00:00
2005-03-12,00:00:00,174.0,1157.0,10.3,55.9,0.7014,2005-03-12 00:00:00
2005-03-12,01:00:00,145.0,1077.0,10.2,55.8,0.6927,2005-03-12 01:00:00
2005-03-12,02:00:00,147.0,1113.0,10.0,57.3,0.7015,2005-03-12 02:00:00
2005-03-12,03:00:00,134.0,1113.0,10.2,57.9,0.7191,2005-03-12 03:00:00
2005-03-12,04:00:00,85.0,1027.0,10.3,59.4,0.7459,2005-03-12 04:00:00
2005-03-12,05:00:00,55.0,1039.0,9.8,68.9,0.8329,2005-03-12 05:00:00
2005-03-12,06:00:00,65.0,1056.0,9.2,75.3,0.8764,2005-03-12 06:00:00
2005-03-12,07:00:00,84.0,1074.0,9.4,73.1,0.8621,2005-03-12 07:00:00
2005-03-12,08:00:00,88.0,1137.0,10.6,66.1,0.8444,2005-03-12 08:00:00
2005-03-12,09:00:00,109.0,1209.0,12.6,58.5,0.8517,2005-03-12 09:00:00
2005-03-12,10:00:00,130.0,1184.0,15.0,48.6,0.8253,2005-03-12 10:00:00
2005-03-12,11:00:00,137.0,1206.0,14.2,51.5,0.8313,2005-03-12 11:00:00
2005-03-12,12:00:00,145.0,1177.0,15.1,48.6,0.8266,2005-03-12 12:00:00
2005-03-12,13:00:00,128.0,1105.0,18.0,35.4,0.7233,2005-03-12 13:00:00
2005-03-12,14:00:00,129.0,1167.0,17.9,35.3,0.7184,2005-03-12 14:00:00
2005-03-12,15:00:00,105.0,1042.0,17.7,35.0,0.7014,2005-03-12 15:00:00
2005-03-12,16:00:00,114.0,1115.0,17.6,35.5,0.7065,2005-03-12 16:00:00
2005-03-12,17:00:00,146.0,1140.0,17.5,34.1,0.6775,2005-03-12 17:00:00
2005-03-12,18:00:00,156.0,1208.0,15.6,40.0,0.7018,2005-03-12 18:00:00
2005-03-12,19:00:00,152.0,1224.0,14.0,47.8,0.7582,2005-03-12 19:00:00
2005-03-12,20:00:00,201.0,1415.0,13.2,51.4,0.776,2005-03-12 20:00:00
2005-03-12,21:00:00,221.0,1350.0,12.0,56.1,0.7832,2005-03-12 21:00:00
2005-03-12,22:00:00,157.0,1130.0,11.6,54.7,0.7454,2005-03-12 22:00:00
2005-03-12,23:00:00,114.0,1070.0,12.0,53.3,0.7472,2005-03-12 23:00:00
2005-03-13,00:00:00,107.0,1044.0,12.5,55.4,0.7999,2005-03-13 00:00:00
2005-03-13,01:00:00,113.0,1071.0,12.3,56.0,0.7958,2005-03-13 01:00:00
2005-03-13,02:00:00,118.0,1069.0,12.4,53.4,0.7669,2005-03-13 02:00:00
2005-03-13,03:00:00,69.0,991.0,12.7,51.8,0.7574,2005-03-13 03:00:00
2005-03-13,04:00:00,63.0,1006.0,13.2,49.7,0.7503,2005-03-13 04:00:00
2005-03-13,05:00:00,61.0,1004.0,12.3,55.9,0.7966,2005-03-13 05:00:00
2005-03-13,06:00:00,42.0,908.0,13.3,50.1,0.7624,2005-03-13 06:00:00
2005-03-13,07:00:00,68.0,985.0,12.3,51.8,0.7384,2005-03-13 07:00:00
2005-03-13,08:00:00,120.0,1018.0,12.9,50.4,0.7448,2005-03-13 08:00:00
2005-03-13,09:00:00,112.0,1060.0,12.9,49.9,0.7406,2005-03-13 09:00:00
2005-03-13,10:00:00,148.0,1134.0,13.9,47.3,0.7479,2005-03-13 10:00:00
2005-03-13,11:00:00,160.0,1238.0,13.5,51.6,0.7931,2005-03-13 11:00:00
2005-03-13,12:00:00,164.0,1368.0,13.2,56.2,0.8499,2005-03-13 12:00:00
2005-03-13,13:00:00,159.0,1345.0,14.2,57.8,0.9292,2005-03-13 13:00:00
2005-03-13,14:00:00,110.0,1103.0,17.2,46.2,0.8989,2005-03-13 14:00:00
2005-03-13,15:00:00,82.0,1109.0,19.9,36.6,0.8406,2005-03-13 15:00:00
2005-03-13,16:00:00,102.0,1158.0,19.7,37.1,0.8399,2005-03-13 16:00:00
2005-03-13,17:00:00,119.0,1157.0,19.0,37.4,0.8122,2005-03-13 17:00:00
2005-03-13,18:00:00,135.0,1234.0,16.4,43.5,0.8055,2005-03-13 18:00:00
2005-03-13,19:00:00,215.0,1520.0,15.1,49.8,0.8458,2005-03-13 19:00:00
2005-03-13,20:00:00,211.0,1397.0,14.8,51.0,0.8507,2005-03-13 20:00:00
2005-03-13,21:00:00,172.0,1204.0,14.6,51.6,0.8508,2005-03-13 21:00:00
2005-03-13,22:00:00,166.0,1245.0,13.7,52.1,0.8121,2005-03-13 22:00:00
2005-03-13,23:00:00,168.0,1217.0,13.2,55.6,0.8412,2005-03-13 23:00:00
2005-03-14,00:00:00,134.0,1085.0,13.2,55.9,0.8465,2005-03-14 00:00:00
2005-03-14,01:00:00,122.0,1178.0,11.7,62.1,0.8535,2005-03-14 01:00:00
2005-03-14,02:00:00,123.0,1187.0,9.9,68.9,0.8388,2005-03-14 02:00:00
2005-03-14,03:00:00,104.0,1122.0,9.8,68.0,0.8227,2005-03-14 03:00:00
2005-03-14,04:00:00,90.0,1084.0,8.9,71.9,0.8202,2005-03-14 04:00:00
2005-03-14,05:00:00,85.0,1090.0,8.4,74.5,0.8241,2005-03-14 05:00:00
2005-03-14,06:00:00,103.0,1139.0,9.2,71.0,0.8299,2005-03-14 06:00:00
2005-03-14,07:00:00,127.0,1257.0,9.9,67.6,0.8239,2005-03-14 07:00:00
2005-03-14,08:00:00,163.0,1543.0,10.8,64.4,0.8328,2005-03-14 08:00:00
2005-03-14,09:00:00,155.0,1763.0,11.7,61.7,0.8483,2005-03-14 09:00:00
2005-03-14,10:00:00,170.0,1349.0,13.7,51.9,0.8106,2005-03-14 10:00:00
2005-03-14,11:00:00,141.0,1157.0,16.3,43.5,0.7988,2005-03-14 11:00:00
2005-03-14,12:00:00,123.0,1182.0,17.9,38.8,0.7883,2005-03-14 12:00:00
2005-03-14,13:00:00,124.0,1197.0,19.3,35.5,0.7876,2005-03-14 13:00:00
2005-03-14,14:00:00,126.0,1249.0,20.1,32.9,0.7672,2005-03-14 14:00:00
2005-03-14,15:00:00,128.0,1222.0,20.0,33.0,0.7625,2005-03-14 15:00:00
2005-03-14,16:00:00,158.0,1308.0,20.2,32.2,0.7526,2005-03-14 16:00:00
2005-03-14,17:00:00,177.0,1441.0,18.9,34.4,0.7436,2005-03-14 17:00:00
2005-03-14,18:00:00,225.0,1799.0,17.9,37.6,0.7624,2005-03-14 18:00:00
2005-03-14,19:00:00,234.0,1937.0,16.7,43.4,0.8168,2005-03-14 19:00:00
2005-03-14,20:00:00,227.0,1904.0,15.9,47.9,0.8573,2005-03-14 20:00:00
2005-03-14,21:00:00,192.0,1490.0,15.3,52.6,0.906,2005-03-14 21:00:00
2005-03-14,22:00:00,158.0,1291.0,13.7,58.5,0.9146,2005-03-14 22:00:00
2005-03-14,23:00:00,149.0,1280.0,12.7,62.8,0.9198,2005-03-14 23:00:00
2005-03-15,00:00:00,140.0,1175.0,12.2,65.0,0.9193,2005-03-15 00:00:00
2005-03-15,01:00:00,79.0,1054.0,13.0,61.2,0.9105,2005-03-15 01:00:00
2005-03-15,02:00:00,69.0,1062.0,11.1,66.1,0.8738,2005-03-15 02:00:00
2005-03-15,03:00:00,72.0,1063.0,10.1,69.8,0.8619,2005-03-15 03:00:00
2005-03-15,04:00:00,58.0,1005.0,11.6,61.0,0.8299,2005-03-15 04:00:00
2005-03-15,05:00:00,59.0,1002.0,10.1,64.5,0.7968,2005-03-15 05:00:00
2005-03-15,06:00:00,88.0,1068.0,9.3,67.9,0.7969,2005-03-15 06:00:00
2005-03-15,07:00:00,110.0,1102.0,10.1,64.3,0.7934,2005-03-15 07:00:00
2005-03-15,08:00:00,151.0,1459.0,10.4,62.7,0.7909,2005-03-15 08:00:00
2005-03-15,09:00:00,158.0,1655.0,13.0,53.9,0.8036,2005-03-15 09:00:00
2005-03-15,10:00:00,194.0,1514.0,16.4,44.6,0.8242,2005-03-15 10:00:00
2005-03-15,11:00:00,181.0,1401.0,19.1,36.7,0.8044,2005-03-15 11:00:00
2005-03-15,12:00:00,161.0,1297.0,21.0,30.6,0.7508,2005-03-15 12:00:00
2005-03-15,13:00:00,143.0,1264.0,22.1,27.6,0.7254,2005-03-15 13:00:00
2005-03-15,14:00:00,142.0,1234.0,22.2,25.5,0.6752,2005-03-15 14:00:00
2005-03-15,15:00:00,146.0,1262.0,23.6,23.2,0.6665,2005-03-15 15:00:00
2005-03-15,16:00:00,166.0,1292.0,23.6,22.9,0.6571,2005-03-15 16:00:00
2005-03-15,17:00:00,172.0,1363.0,22.8,24.6,0.6736,2005-03-15 17:00:00
2005-03-15,18:00:00,196.0,1611.0,20.3,29.7,0.6973,2005-03-15 18:00:00
2005-03-15,19:00:00,243.0,1890.0,18.0,36.0,0.7345,2005-03-15 19:00:00
2005-03-15,20:00:00,248.0,2028.0,16.4,41.9,0.7759,2005-03-15 20:00:00
2005-03-15,21:00:00,233.0,1615.0,14.9,47.6,0.8003,2005-03-15 21:00:00
2005-03-15,22:00:00,174.0,1227.0,13.8,49.6,0.7793,2005-03-15 22:00:00
2005-03-15,23:00:00,149.0,1156.0,13.2,51.6,0.7765,2005-03-15 23:00:00
2005-03-16,00:00:00,134.0,1144.0,11.8,56.9,0.7836,2005-03-16 00:00:00
2005-03-16,01:00:00,123.0,1087.0,11.4,58.0,0.7818,2005-03-16 01:00:00
2005-03-16,02:00:00,111.0,1054.0,11.3,58.0,0.7742,2005-03-16 02:00:00
2005-03-16,03:00:00,93.0,1021.0,10.7,59.6,0.7673,2005-03-16 03:00:00
2005-03-16,04:00:00,97.0,1026.0,9.0,65.4,0.7532,2005-03-16 04:00:00
2005-03-16,05:00:00,86.0,1008.0,8.0,68.9,0.7402,2005-03-16 05:00:00
2005-03-16,06:00:00,99.0,1060.0,7.5,70.9,0.7358,2005-03-16 06:00:00
2005-03-16,07:00:00,99.0,1054.0,7.6,69.2,0.7238,2005-03-16 07:00:00
2005-03-16,08:00:00,129.0,1293.0,8.7,64.3,0.7257,2005-03-16 08:00:00
2005-03-16,09:00:00,161.0,1809.0,11.7,54.3,0.7459,2005-03-16 09:00:00
2005-03-16,10:00:00,202.0,1477.0,15.9,42.2,0.7553,2005-03-16 10:00:00
2005-03-16,11:00:00,200.0,1376.0,19.3,34.7,0.7681,2005-03-16 11:00:00
2005-03-16,12:00:00,194.0,1351.0,23.1,27.3,0.7615,2005-03-16 12:00:00
2005-03-16,13:00:00,173.0,1249.0,26.1,20.8,0.6959,2005-03-16 13:00:00
2005-03-16,14:00:00,169.0,1192.0,26.8,17.9,0.6249,2005-03-16 14:00:00
2005-03-16,15:00:00,188.0,1353.0,28.4,16.0,0.6095,2005-03-16 15:00:00
2005-03-16,16:00:00,211.0,1188.0,28.8,15.1,0.5877,2005-03-16 16:00:00
2005-03-16,17:00:00,210.0,1350.0,27.9,15.6,0.5782,2005-03-16 17:00:00
2005-03-16,18:00:00,193.0,1408.0,24.1,20.6,0.6075,2005-03-16 18:00:00
2005-03-16,19:00:00,227.0,1682.0,21.0,28.0,0.6904,2005-03-16 19:00:00
2005-03-16,20:00:00,223.0,1677.0,18.4,38.8,0.8152,2005-03-16 20:00:00
2005-03-16,21:00:00,229.0,1676.0,16.9,42.9,0.8222,2005-03-16 21:00:00
2005-03-16,22:00:00,194.0,1357.0,15.5,45.0,0.7895,2005-03-16 22:00:00
2005-03-16,23:00:00,171.0,1283.0,14.3,49.6,0.8049,2005-03-16 23:00:00
2005-03-17,00:00:00,147.0,1158.0,14.7,48.0,0.7977,2005-03-17 00:00:00
2005-03-17,01:00:00,111.0,1087.0,13.3,51.4,0.7821,2005-03-17 01:00:00
2005-03-17,02:00:00,104.0,1056.0,12.6,53.7,0.7793,2005-03-17 02:00:00
2005-03-17,03:00:00,90.0,1017.0,11.5,56.8,0.7706,2005-03-17 03:00:00
2005-03-17,04:00:00,81.0,1016.0,10.1,61.9,0.7631,2005-03-17 04:00:00
2005-03-17,05:00:00,69.0,983.0,9.8,61.8,0.7523,2005-03-17 05:00:00
2005-03-17,06:00:00,84.0,1020.0,9.0,64.3,0.7417,2005-03-17 06:00:00
2005-03-17,07:00:00,123.0,1178.0,7.9,68.4,0.7324,2005-03-17 07:00:00
2005-03-17,08:00:00,166.0,1647.0,9.5,62.6,0.7444,2005-03-17 08:00:00
2005-03-17,09:00:00,189.0,1808.0,13.2,51.0,0.7704,2005-03-17 09:00:00
2005-03-17,10:00:00,217.0,1490.0,16.9,40.3,0.7717,2005-03-17 10:00:00
2005-03-17,11:00:00,196.0,1296.0,20.8,31.3,0.7617,2005-03-17 11:00:00
2005-03-17,12:00:00,189.0,1273.0,24.3,24.7,0.7407,2005-03-17 12:00:00
2005-03-17,13:00:00,174.0,1255.0,26.7,22.6,0.7785,2005-03-17 13:00:00
2005-03-17,14:00:00,161.0,1312.0,27.1,21.7,0.7636,2005-03-17 14:00:00
2005-03-17,15:00:00,158.0,1271.0,28.3,17.9,0.6769,2005-03-17 15:00:00
2005-03-17,16:00:00,161.0,1277.0,27.8,20.0,0.7378,2005-03-17 16:00:00
2005-03-17,17:00:00,147.0,1158.0,26.2,19.4,0.6491,2005-03-17 17:00:00
2005-03-17,18:00:00,165.0,1353.0,22.7,24.4,0.6661,2005-03-17 18:00:00
2005-03-17,19:00:00,214.0,1518.0,20.2,29.3,0.686,2005-03-17 19:00:00
2005-03-17,20:00:00,228.0,1690.0,17.3,35.2,0.6907,2005-03-17 20:00:00
2005-03-17,21:00:00,240.0,1504.0,16.1,38.7,0.7023,2005-03-17 21:00:00
2005-03-17,22:00:00,188.0,1224.0,14.6,44.5,0.7337,2005-03-17 22:00:00
2005-03-17,23:00:00,173.0,1185.0,13.7,48.6,0.7555,2005-03-17 23:00:00
2005-03-18,00:00:00,150.0,1123.0,12.4,52.2,0.7513,2005-03-18 00:00:00
2005-03-18,01:00:00,134.0,1093.0,11.9,53.4,0.7414,2005-03-18 01:00:00
2005-03-18,02:00:00,132.0,1099.0,10.4,58.4,0.7367,2005-03-18 02:00:00
2005-03-18,03:00:00,117.0,1048.0,8.9,63.5,0.7268,2005-03-18 03:00:00
2005-03-18,04:00:00,103.0,1033.0,8.2,65.9,0.7168,2005-03-18 04:00:00
2005-03-18,05:00:00,99.0,1002.0,7.7,67.1,0.7074,2005-03-18 05:00:00
2005-03-18,06:00:00,106.0,1038.0,7.2,68.6,0.6978,2005-03-18 06:00:00
2005-03-18,07:00:00,113.0,1110.0,7.5,66.7,0.6943,2005-03-18 07:00:00
2005-03-18,08:00:00,141.0,1467.0,8.7,61.6,0.696,2005-03-18 08:00:00
2005-03-18,09:00:00,180.0,1822.0,12.0,51.0,0.7131,2005-03-18 09:00:00
2005-03-18,10:00:00,192.0,1542.0,15.4,42.5,0.7379,2005-03-18 10:00:00
2005-03-18,11:00:00,187.0,1405.0,18.8,33.5,0.7186,2005-03-18 11:00:00
2005-03-18,12:00:00,169.0,1262.0,22.2,28.1,0.7426,2005-03-18 12:00:00
2005-03-18,13:00:00,161.0,1336.0,24.7,25.5,0.7785,2005-03-18 13:00:00
2005-03-18,14:00:00,160.0,1208.0,25.0,23.4,0.7301,2005-03-18 14:00:00
2005-03-18,15:00:00,177.0,1323.0,25.9,21.9,0.7209,2005-03-18 15:00:00
2005-03-18,16:00:00,219.0,1343.0,25.6,21.7,0.7039,2005-03-18 16:00:00
2005-03-18,17:00:00,212.0,1366.0,25.1,21.8,0.6854,2005-03-18 17:00:00
2005-03-18,18:00:00,225.0,1495.0,22.1,25.6,0.6728,2005-03-18 18:00:00
2005-03-18,19:00:00,240.0,1702.0,19.1,32.5,0.7112,2005-03-18 19:00:00
2005-03-18,20:00:00,223.0,1743.0,16.7,42.5,0.8002,2005-03-18 20:00:00
2005-03-18,21:00:00,241.0,1562.0,15.5,48.3,0.8439,2005-03-18 21:00:00
2005-03-18,22:00:00,159.0,1255.0,13.3,60.5,0.9168,2005-03-18 22:00:00
2005-03-18,23:00:00,150.0,1274.0,12.1,67.6,0.9539,2005-03-18 23:00:00
2005-03-19,00:00:00,163.0,1245.0,11.8,68.3,0.9432,2005-03-19 00:00:00
2005-03-19,01:00:00,155.0,1253.0,11.6,68.3,0.9314,2005-03-19 01:00:00
2005-03-19,02:00:00,119.0,1099.0,11.8,67.9,0.9362,2005-03-19 02:00:00
2005-03-19,03:00:00,94.0,1109.0,12.3,65.8,0.9374,2005-03-19 03:00:00
2005-03-19,04:00:00,80.0,1089.0,12.2,66.9,0.9496,2005-03-19 04:00:00
2005-03-19,05:00:00,83.0,1098.0,12.1,67.3,0.948,2005-03-19 05:00:00
2005-03-19,06:00:00,79.0,1079.0,11.8,67.1,0.9274,2005-03-19 06:00:00
2005-03-19,07:00:00,96.0,1159.0,11.9,65.6,0.9129,2005-03-19 07:00:00
2005-03-19,08:00:00,141.0,1439.0,12.2,65.6,0.93,2005-03-19 08:00:00
2005-03-19,09:00:00,153.0,1452.0,12.8,64.4,0.9448,2005-03-19 09:00:00
2005-03-19,10:00:00,156.0,1403.0,13.4,62.0,0.9498,2005-03-19 10:00:00
2005-03-19,11:00:00,162.0,1378.0,14.5,57.0,0.9333,2005-03-19 11:00:00
2005-03-19,12:00:00,164.0,1327.0,15.8,51.3,0.9144,2005-03-19 12:00:00
2005-03-19,13:00:00,160.0,1308.0,17.5,46.0,0.9104,2005-03-19 13:00:00
2005-03-19,14:00:00,140.0,1214.0,19.5,40.2,0.901,2005-03-19 14:00:00
2005-03-19,15:00:00,119.0,1169.0,21.2,35.9,0.8943,2005-03-19 15:00:00
2005-03-19,16:00:00,153.0,1293.0,21.7,35.1,0.8993,2005-03-19 16:00:00
2005-03-19,17:00:00,139.0,1191.0,20.5,38.4,0.9161,2005-03-19 17:00:00
2005-03-19,18:00:00,156.0,1289.0,18.2,45.9,0.9488,2005-03-19 18:00:00
2005-03-19,19:00:00,183.0,1483.0,16.2,53.0,0.9722,2005-03-19 19:00:00
2005-03-19,20:00:00,185.0,1550.0,15.0,57.6,0.9777,2005-03-19 20:00:00
2005-03-19,21:00:00,200.0,1402.0,14.1,60.8,0.9716,2005-03-19 21:00:00
2005-03-19,22:00:00,163.0,1306.0,13.2,65.6,0.9882,2005-03-19 22:00:00
2005-03-19,23:00:00,154.0,1336.0,13.5,63.8,0.9797,2005-03-19 23:00:00
2005-03-20,00:00:00,151.0,1297.0,13.6,63.4,0.9794,2005-03-20 00:00:00
2005-03-20,01:00:00,149.0,1243.0,13.6,63.5,0.9857,2005-03-20 01:00:00
2005-03-20,02:00:00,131.0,1192.0,13.4,64.8,0.988,2005-03-20 02:00:00
2005-03-20,03:00:00,94.0,1149.0,13.2,64.8,0.9801,2005-03-20 03:00:00
2005-03-20,04:00:00,66.0,1110.0,13.0,65.3,0.9704,2005-03-20 04:00:00
2005-03-20,05:00:00,69.0,1101.0,12.6,65.9,0.9583,2005-03-20 05:00:00
2005-03-20,06:00:00,57.0,1063.0,13.1,64.0,0.9591,2005-03-20 06:00:00
2005-03-20,07:00:00,78.0,1120.0,12.4,66.2,0.95,2005-03-20 07:00:00
2005-03-20,08:00:00,84.0,1095.0,13.3,62.4,0.946,2005-03-20 08:00:00
2005-03-20,09:00:00,97.0,1178.0,14.0,59.7,0.9491,2005-03-20 09:00:00
2005-03-20,10:00:00,123.0,1262.0,15.4,54.0,0.9385,2005-03-20 10:00:00
2005-03-20,11:00:00,166.0,1329.0,17.0,47.5,0.9146,2005-03-20 11:00:00
2005-03-20,12:00:00,130.0,1135.0,18.6,42.6,0.904,2005-03-20 12:00:00
2005-03-20,13:00:00,109.0,1107.0,21.5,35.0,0.8886,2005-03-20 13:00:00
2005-03-20,14:00:00,82.0,1033.0,21.3,35.6,0.8924,2005-03-20 14:00:00
2005-03-20,15:00:00,73.0,1110.0,23.1,32.1,0.8973,2005-03-20 15:00:00
2005-03-20,16:00:00,91.0,1112.0,22.1,34.5,0.9035,2005-03-20 16:00:00
2005-03-20,17:00:00,109.0,1184.0,21.5,35.7,0.905,2005-03-20 17:00:00
2005-03-20,18:00:00,128.0,1227.0,19.3,41.6,0.923,2005-03-20 18:00:00
2005-03-20,19:00:00,155.0,1428.0,17.3,47.8,0.9363,2005-03-20 19:00:00
2005-03-20,20:00:00,176.0,1518.0,16.0,54.9,0.9934,2005-03-20 20:00:00
2005-03-20,21:00:00,179.0,1436.0,15.6,58.0,1.0197,2005-03-20 21:00:00
2005-03-20,22:00:00,124.0,1238.0,14.8,61.3,1.025,2005-03-20 22:00:00
2005-03-20,23:00:00,105.0,1217.0,13.8,63.4,0.9916,2005-03-20 23:00:00
2005-03-21,00:00:00,99.0,1221.0,13.1,66.1,0.9913,2005-03-21 00:00:00
2005-03-21,01:00:00,104.0,1217.0,13.3,66.4,1.0128,2005-03-21 01:00:00
2005-03-21,02:00:00,95.0,1160.0,13.3,67.0,1.0207,2005-03-21 02:00:00
2005-03-21,03:00:00,81.0,1153.0,13.1,68.6,1.0288,2005-03-21 03:00:00
2005-03-21,04:00:00,68.0,1118.0,12.2,72.4,1.0224,2005-03-21 04:00:00
2005-03-21,05:00:00,69.0,1110.0,11.6,73.8,1.0054,2005-03-21 05:00:00
2005-03-21,06:00:00,73.0,1158.0,12.9,67.5,0.999,2005-03-21 06:00:00
2005-03-21,07:00:00,113.0,1291.0,12.8,68.0,1.0023,2005-03-21 07:00:00
2005-03-21,08:00:00,141.0,1673.0,13.5,63.9,0.9875,2005-03-21 08:00:00
2005-03-21,09:00:00,174.0,2147.0,14.7,59.8,0.9928,2005-03-21 09:00:00
2005-03-21,10:00:00,178.0,1576.0,15.9,56.6,1.0147,2005-03-21 10:00:00
2005-03-21,11:00:00,163.0,1428.0,18.3,49.4,1.0264,2005-03-21 11:00:00
2005-03-21,12:00:00,143.0,1347.0,19.8,44.2,1.0091,2005-03-21 12:00:00
2005-03-21,13:00:00,127.0,1320.0,21.6,39.6,1.009,2005-03-21 13:00:00
2005-03-21,14:00:00,131.0,1424.0,23.3,35.8,1.0086,2005-03-21 14:00:00
2005-03-21,15:00:00,135.0,1332.0,23.8,33.4,0.9699,2005-03-21 15:00:00
2005-03-21,16:00:00,131.0,1362.0,22.8,35.3,0.9693,2005-03-21 16:00:00
2005-03-21,17:00:00,153.0,1446.0,22.8,34.9,0.9576,2005-03-21 17:00:00
2005-03-21,18:00:00,198.0,1831.0,20.9,39.3,0.9615,2005-03-21 18:00:00
2005-03-21,19:00:00,232.0,1999.0,18.6,46.4,0.9867,2005-03-21 19:00:00
2005-03-21,20:00:00,224.0,1855.0,17.2,52.7,1.0285,2005-03-21 20:00:00
2005-03-21,21:00:00,183.0,1537.0,15.3,61.0,1.054,2005-03-21 21:00:00
2005-03-21,22:00:00,144.0,1331.0,14.2,65.4,1.0497,2005-03-21 22:00:00
2005-03-21,23:00:00,117.0,1185.0,13.8,65.2,1.0275,2005-03-21 23:00:00
2005-03-22,00:00:00,106.0,1221.0,13.3,65.6,0.9969,2005-03-22 00:00:00
2005-03-22,01:00:00,121.0,1211.0,12.6,67.9,0.9886,2005-03-22 01:00:00
2005-03-22,02:00:00,87.0,1107.0,12.8,64.5,0.9493,2005-03-22 02:00:00
2005-03-22,03:00:00,62.0,1060.0,12.8,63.6,0.936,2005-03-22 03:00:00
2005-03-22,04:00:00,70.0,1046.0,12.0,65.2,0.9103,2005-03-22 04:00:00
2005-03-22,05:00:00,66.0,1064.0,10.6,70.8,0.9033,2005-03-22 05:00:00
2005-03-22,06:00:00,88.0,1095.0,10.9,69.2,0.9033,2005-03-22 06:00:00
2005-03-22,07:00:00,93.0,1130.0,10.3,70.9,0.8907,2005-03-22 07:00:00
2005-03-22,08:00:00,116.0,1488.0,11.8,66.3,0.9174,2005-03-22 08:00:00
2005-03-22,09:00:00,151.0,1945.0,14.1,58.9,0.9447,2005-03-22 09:00:00
2005-03-22,10:00:00,169.0,1640.0,16.5,51.6,0.9601,2005-03-22 10:00:00
2005-03-22,11:00:00,166.0,1566.0,20.2,42.1,0.984,2005-03-22 11:00:00
2005-03-22,12:00:00,160.0,1564.0,21.7,39.0,0.9979,2005-03-22 12:00:00
2005-03-22,13:00:00,145.0,1434.0,23.5,35.0,0.9977,2005-03-22 13:00:00
2005-03-22,14:00:00,131.0,1446.0,23.5,34.2,0.9748,2005-03-22 14:00:00
2005-03-22,15:00:00,130.0,1294.0,25.5,28.3,0.9124,2005-03-22 15:00:00
2005-03-22,16:00:00,122.0,1236.0,25.5,24.7,0.7928,2005-03-22 16:00:00
2005-03-22,17:00:00,113.0,1233.0,22.9,29.2,0.8055,2005-03-22 17:00:00
2005-03-22,18:00:00,156.0,1655.0,21.3,32.9,0.8209,2005-03-22 18:00:00
2005-03-22,19:00:00,198.0,1698.0,20.1,42.4,0.988,2005-03-22 19:00:00
2005-03-22,20:00:00,175.0,1674.0,18.6,46.6,0.9858,2005-03-22 20:00:00
2005-03-22,21:00:00,141.0,1384.0,17.4,50.6,0.9989,2005-03-22 21:00:00
2005-03-22,22:00:00,101.0,1289.0,16.4,57.2,1.0574,2005-03-22 22:00:00
2005-03-22,23:00:00,102.0,1283.0,16.3,59.4,1.0895,2005-03-22 23:00:00
2005-03-23,00:00:00,119.0,1285.0,16.0,60.2,1.0844,2005-03-23 00:00:00
2005-03-23,01:00:00,110.0,1190.0,15.6,61.6,1.0859,2005-03-23 01:00:00
2005-03-23,02:00:00,87.0,1184.0,15.4,62.0,1.0793,2005-03-23 02:00:00
2005-03-23,03:00:00,66.0,1158.0,15.2,63.5,1.0881,2005-03-23 03:00:00
2005-03-23,04:00:00,65.0,1160.0,14.5,66.4,1.0919,2005-03-23 04:00:00
2005-03-23,05:00:00,63.0,1143.0,15.0,64.8,1.1007,2005-03-23 05:00:00
2005-03-23,06:00:00,71.0,1223.0,14.2,68.3,1.0988,2005-03-23 06:00:00
2005-03-23,07:00:00,103.0,1316.0,14.0,68.6,1.0918,2005-03-23 07:00:00
2005-03-23,08:00:00,144.0,1895.0,15.4,63.4,1.1045,2005-03-23 08:00:00
2005-03-23,09:00:00,158.0,1975.0,17.8,53.3,1.0736,2005-03-23 09:00:00
2005-03-23,10:00:00,169.0,1726.0,19.4,47.5,1.061,2005-03-23 10:00:00
2005-03-23,11:00:00,184.0,1513.0,21.4,38.7,0.9724,2005-03-23 11:00:00
2005-03-23,12:00:00,143.0,1285.0,22.9,29.3,0.8077,2005-03-23 12:00:00
2005-03-23,13:00:00,133.0,1315.0,24.2,26.5,0.7869,2005-03-23 13:00:00
2005-03-23,14:00:00,141.0,1291.0,24.5,23.1,0.6968,2005-03-23 14:00:00
2005-03-23,15:00:00,153.0,1268.0,23.1,22.8,0.6346,2005-03-23 15:00:00
2005-03-23,16:00:00,149.0,1311.0,23.3,23.8,0.6738,2005-03-23 16:00:00
2005-03-23,17:00:00,159.0,1299.0,23.2,23.3,0.6562,2005-03-23 17:00:00
2005-03-23,18:00:00,181.0,1636.0,22.7,25.5,0.6944,2005-03-23 18:00:00
2005-03-23,19:00:00,227.0,1909.0,21.0,29.2,0.7192,2005-03-23 19:00:00
2005-03-23,20:00:00,230.0,1906.0,19.5,35.6,0.7978,2005-03-23 20:00:00
2005-03-23,21:00:00,194.0,1500.0,18.8,37.3,0.8031,2005-03-23 21:00:00
2005-03-23,22:00:00,172.0,1332.0,17.7,39.7,0.799,2005-03-23 22:00:00
2005-03-23,23:00:00,158.0,1380.0,16.7,45.2,0.8506,2005-03-23 23:00:00
2005-03-24,00:00:00,144.0,1277.0,15.9,47.0,0.8434,2005-03-24 00:00:00
2005-03-24,01:00:00,133.0,1256.0,15.1,50.2,0.8543,2005-03-24 01:00:00
2005-03-24,02:00:00,109.0,1099.0,15.3,49.2,0.8493,2005-03-24 02:00:00
2005-03-24,03:00:00,94.0,1082.0,13.1,56.1,0.8416,2005-03-24 03:00:00
2005-03-24,04:00:00,73.0,1043.0,13.3,54.4,0.8287,2005-03-24 04:00:00
2005-03-24,05:00:00,76.0,1045.0,12.4,58.3,0.8364,2005-03-24 05:00:00
2005-03-24,06:00:00,74.0,1043.0,12.9,56.0,0.8292,2005-03-24 06:00:00
2005-03-24,07:00:00,73.0,1128.0,11.9,59.6,0.8294,2005-03-24 07:00:00
2005-03-24,08:00:00,107.0,1653.0,13.4,55.1,0.8444,2005-03-24 08:00:00
2005-03-24,09:00:00,115.0,1523.0,16.1,46.4,0.8436,2005-03-24 09:00:00
2005-03-24,10:00:00,132.0,1572.0,17.9,42.2,0.8557,2005-03-24 10:00:00
2005-03-24,11:00:00,155.0,1476.0,18.2,43.2,0.8926,2005-03-24 11:00:00
2005-03-24,12:00:00,140.0,1687.0,16.0,67.9,1.2217,2005-03-24 12:00:00
2005-03-24,13:00:00,147.0,1677.0,17.6,59.7,1.188,2005-03-24 13:00:00
2005-03-24,14:00:00,161.0,1525.0,20.9,43.4,1.0618,2005-03-24 14:00:00
2005-03-24,15:00:00,123.0,1387.0,24.1,33.3,0.9881,2005-03-24 15:00:00
2005-03-24,16:00:00,142.0,1401.0,22.9,35.2,0.9694,2005-03-24 16:00:00
2005-03-24,17:00:00,143.0,1383.0,22.2,36.2,0.956,2005-03-24 17:00:00
2005-03-24,18:00:00,153.0,1500.0,21.3,37.8,0.9462,2005-03-24 18:00:00
2005-03-24,19:00:00,200.0,2021.0,20.1,43.2,1.0051,2005-03-24 19:00:00
2005-03-24,20:00:00,232.0,2143.0,18.8,49.1,1.0538,2005-03-24 20:00:00
2005-03-24,21:00:00,201.0,1818.0,18.2,52.2,1.0795,2005-03-24 21:00:00
2005-03-24,22:00:00,175.0,1648.0,17.4,57.3,1.1288,2005-03-24 22:00:00
2005-03-24,23:00:00,159.0,1462.0,17.0,56.6,1.0902,2005-03-24 23:00:00
2005-03-25,00:00:00,135.0,1428.0,16.2,66.3,1.208,2005-03-25 00:00:00
2005-03-25,01:00:00,128.0,1344.0,15.3,73.3,1.2655,2005-03-25 01:00:00
2005-03-25,02:00:00,109.0,1263.0,15.2,73.3,1.2556,2005-03-25 02:00:00
2005-03-25,03:00:00,101.0,1279.0,13.9,80.4,1.2694,2005-03-25 03:00:00
2005-03-25,04:00:00,96.0,1300.0,13.6,82.8,1.2817,2005-03-25 04:00:00
2005-03-25,05:00:00,87.0,1255.0,13.7,82.0,1.277,2005-03-25 05:00:00
2005-03-25,06:00:00,81.0,1190.0,13.7,78.0,1.2174,2005-03-25 06:00:00
2005-03-25,07:00:00,100.0,1321.0,14.1,75.5,1.2065,2005-03-25 07:00:00
2005-03-25,08:00:00,146.0,1750.0,14.8,73.6,1.2331,2005-03-25 08:00:00
2005-03-25,09:00:00,158.0,1941.0,16.0,67.8,1.2276,2005-03-25 09:00:00
2005-03-25,10:00:00,136.0,1494.0,18.4,59.2,1.2398,2005-03-25 10:00:00
2005-03-25,11:00:00,117.0,1420.0,20.4,50.5,1.1954,2005-03-25 11:00:00
2005-03-25,12:00:00,140.0,1578.0,21.3,46.6,1.1628,2005-03-25 12:00:00
2005-03-25,13:00:00,169.0,1686.0,20.4,49.8,1.1765,2005-03-25 13:00:00
2005-03-25,14:00:00,163.0,1647.0,21.1,47.8,1.1813,2005-03-25 14:00:00
2005-03-25,15:00:00,144.0,1601.0,21.5,47.8,1.206,2005-03-25 15:00:00
2005-03-25,16:00:00,153.0,1706.0,21.7,47.4,1.2184,2005-03-25 16:00:00
2005-03-25,17:00:00,164.0,1702.0,21.0,49.8,1.2208,2005-03-25 17:00:00
2005-03-25,18:00:00,174.0,1908.0,20.4,51.9,1.2261,2005-03-25 18:00:00
2005-03-25,19:00:00,196.0,2008.0,19.4,56.3,1.25,2005-03-25 19:00:00
2005-03-25,20:00:00,189.0,1891.0,18.8,58.3,1.2514,2005-03-25 20:00:00
2005-03-25,21:00:00,155.0,1685.0,18.2,61.0,1.2634,2005-03-25 21:00:00
2005-03-25,22:00:00,137.0,1596.0,17.7,63.3,1.2729,2005-03-25 22:00:00
2005-03-25,23:00:00,117.0,1458.0,17.7,63.5,1.27,2005-03-25 23:00:00
2005-03-26,00:00:00,128.0,1534.0,17.1,66.9,1.2926,2005-03-26 00:00:00
2005-03-26,01:00:00,124.0,1488.0,16.8,69.0,1.3135,2005-03-26 01:00:00
2005-03-26,02:00:00,108.0,1361.0,16.6,70.0,1.3078,2005-03-26 02:00:00
2005-03-26,03:00:00,89.0,1360.0,16.1,71.3,1.2955,2005-03-26 03:00:00
2005-03-26,04:00:00,92.0,1336.0,16.2,71.2,1.3013,2005-03-26 04:00:00
2005-03-26,05:00:00,84.0,1309.0,16.3,69.8,1.2853,2005-03-26 05:00:00
2005-03-26,06:00:00,83.0,1293.0,16.1,70.0,1.2739,2005-03-26 06:00:00
2005-03-26,07:00:00,80.0,1325.0,16.1,69.5,1.2623,2005-03-26 07:00:00
2005-03-26,08:00:00,93.0,1458.0,16.5,68.1,1.2653,2005-03-26 08:00:00
2005-03-26,09:00:00,106.0,1522.0,17.4,65.0,1.2775,2005-03-26 09:00:00
2005-03-26,10:00:00,115.0,1490.0,18.4,60.2,1.2623,2005-03-26 10:00:00
2005-03-26,11:00:00,124.0,1443.0,19.1,57.5,1.2569,2005-03-26 11:00:00
2005-03-26,12:00:00,113.0,1406.0,21.2,48.4,1.2028,2005-03-26 12:00:00
2005-03-26,13:00:00,104.0,1361.0,22.3,43.9,1.1695,2005-03-26 13:00:00
2005-03-26,14:00:00,85.0,1264.0,23.7,39.4,1.1366,2005-03-26 14:00:00
2005-03-26,15:00:00,94.0,1374.0,23.1,41.2,1.1523,2005-03-26 15:00:00
2005-03-26,16:00:00,99.0,1382.0,25.7,35.7,1.1626,2005-03-26 16:00:00
2005-03-26,17:00:00,112.0,1463.0,24.3,38.4,1.1503,2005-03-26 17:00:00
2005-03-26,18:00:00,122.0,1456.0,21.9,45.1,1.1687,2005-03-26 18:00:00
2005-03-26,19:00:00,119.0,1486.0,19.7,51.8,1.1779,2005-03-26 19:00:00
2005-03-26,20:00:00,119.0,1387.0,18.7,54.5,1.1644,2005-03-26 20:00:00
2005-03-26,21:00:00,127.0,1449.0,17.8,58.1,1.1742,2005-03-26 21:00:00
2005-03-26,22:00:00,126.0,1465.0,17.3,60.8,1.1885,2005-03-26 22:00:00
2005-03-26,23:00:00,111.0,1362.0,16.5,63.8,1.1873,2005-03-26 23:00:00
2005-03-27,00:00:00,102.0,1338.0,16.3,65.2,1.1982,2005-03-27 00:00:00
2005-03-27,01:00:00,93.0,1275.0,16.5,63.8,1.1896,2005-03-27 01:00:00
2005-03-27,02:00:00,78.0,1241.0,16.6,63.0,1.1784,2005-03-27 02:00:00
2005-03-27,03:00:00,74.0,1267.0,16.2,64.3,1.1729,2005-03-27 03:00:00
2005-03-27,04:00:00,68.0,1260.0,15.9,65.1,1.1654,2005-03-27 04:00:00
2005-03-27,05:00:00,68.0,1212.0,15.8,65.4,1.1629,2005-03-27 05:00:00
2005-03-27,06:00:00,61.0,1211.0,15.8,65.9,1.1792,2005-03-27 06:00:00
2005-03-27,07:00:00,76.0,1297.0,15.6,67.7,1.1911,2005-03-27 07:00:00
2005-03-27,08:00:00,78.0,1289.0,15.2,71.5,1.2228,2005-03-27 08:00:00
2005-03-27,09:00:00,79.0,1344.0,14.5,80.8,1.3224,2005-03-27 09:00:00
2005-03-27,10:00:00,90.0,1369.0,15.2,81.4,1.393,2005-03-27 10:00:00
2005-03-27,11:00:00,89.0,1335.0,15.9,77.3,1.3838,2005-03-27 11:00:00
2005-03-27,12:00:00,97.0,1338.0,17.5,67.1,1.3342,2005-03-27 12:00:00
2005-03-27,13:00:00,91.0,1286.0,18.1,62.8,1.2916,2005-03-27 13:00:00
2005-03-27,14:00:00,62.0,1238.0,18.6,62.1,1.3224,2005-03-27 14:00:00
2005-03-27,15:00:00,66.0,1240.0,16.2,71.9,1.3171,2005-03-27 15:00:00
2005-03-27,16:00:00,104.0,1256.0,15.4,75.2,1.3024,2005-03-27 16:00:00
2005-03-27,17:00:00,126.0,1341.0,14.4,80.8,1.3182,2005-03-27 17:00:00
2005-03-27,18:00:00,122.0,1324.0,13.8,83.5,1.3154,2005-03-27 18:00:00
2005-03-27,19:00:00,121.0,1367.0,13.9,83.6,1.3208,2005-03-27 19:00:00
2005-03-27,20:00:00,126.0,1393.0,14.2,82.3,1.3219,2005-03-27 20:00:00
2005-03-27,21:00:00,115.0,1376.0,14.1,81.4,1.3046,2005-03-27 21:00:00
2005-03-27,22:00:00,116.0,1368.0,14.4,79.0,1.2917,2005-03-27 22:00:00
2005-03-27,23:00:00,120.0,1356.0,14.6,77.7,1.2834,2005-03-27 23:00:00
2005-03-28,00:00:00,111.0,1309.0,14.4,78.6,1.2839,2005-03-28 00:00:00
2005-03-28,01:00:00,101.0,1256.0,14.4,78.0,1.2741,2005-03-28 01:00:00
2005-03-28,02:00:00,92.0,1247.0,14.1,79.1,1.2665,2005-03-28 02:00:00
2005-03-28,03:00:00,78.0,1235.0,13.7,80.6,1.2528,2005-03-28 03:00:00
2005-03-28,04:00:00,63.0,1212.0,13.9,79.6,1.2616,2005-03-28 04:00:00
2005-03-28,05:00:00,63.0,1195.0,13.8,79.0,1.2425,2005-03-28 05:00:00
2005-03-28,06:00:00,63.0,1201.0,13.9,78.0,1.2346,2005-03-28 06:00:00
2005-03-28,07:00:00,84.0,1260.0,14.1,77.8,1.2445,2005-03-28 07:00:00
2005-03-28,08:00:00,89.0,1257.0,15.0,73.2,1.2413,2005-03-28 08:00:00
2005-03-28,09:00:00,101.0,1308.0,16.4,67.3,1.2451,2005-03-28 09:00:00
2005-03-28,10:00:00,115.0,1331.0,17.8,61.7,1.2436,2005-03-28 10:00:00
2005-03-28,11:00:00,111.0,1305.0,20.8,50.4,1.2213,2005-03-28 11:00:00
2005-03-28,12:00:00,96.0,1266.0,21.6,46.8,1.1959,2005-03-28 12:00:00
2005-03-28,13:00:00,87.0,1223.0,23.1,41.3,1.1506,2005-03-28 13:00:00
2005-03-28,14:00:00,81.0,1289.0,23.6,39.4,1.132,2005-03-28 14:00:00
2005-03-28,15:00:00,85.0,1216.0,25.1,34.0,1.068,2005-03-28 15:00:00
2005-03-28,16:00:00,98.0,1203.0,24.7,35.6,1.0882,2005-03-28 16:00:00
2005-03-28,17:00:00,109.0,1294.0,24.2,38.1,1.1357,2005-03-28 17:00:00
2005-03-28,18:00:00,150.0,1399.0,22.7,42.4,1.154,2005-03-28 18:00:00
2005-03-28,19:00:00,175.0,1432.0,19.6,47.8,1.0781,2005-03-28 19:00:00
2005-03-28,20:00:00,157.0,1369.0,17.6,54.4,1.0839,2005-03-28 20:00:00
2005-03-28,21:00:00,130.0,1310.0,16.2,60.6,1.1089,2005-03-28 21:00:00
2005-03-28,22:00:00,120.0,1310.0,15.2,65.8,1.1288,2005-03-28 22:00:00
2005-03-28,23:00:00,114.0,1311.0,14.5,68.9,1.1298,2005-03-28 23:00:00
2005-03-29,00:00:00,100.0,1269.0,14.3,68.5,1.1122,2005-03-29 00:00:00
2005-03-29,01:00:00,83.0,1181.0,14.7,66.4,1.1006,2005-03-29 01:00:00
2005-03-29,02:00:00,72.0,1148.0,13.4,70.4,1.0793,2005-03-29 02:00:00
2005-03-29,03:00:00,51.0,1087.0,14.2,65.1,1.0495,2005-03-29 03:00:00
2005-03-29,04:00:00,46.0,1102.0,13.7,68.2,1.0611,2005-03-29 04:00:00
2005-03-29,05:00:00,58.0,1143.0,13.7,67.8,1.0575,2005-03-29 05:00:00
2005-03-29,06:00:00,86.0,1245.0,12.9,71.8,1.0657,2005-03-29 06:00:00
2005-03-29,07:00:00,122.0,1632.0,13.2,69.9,1.0543,2005-03-29 07:00:00
2005-03-29,08:00:00,140.0,2005.0,14.4,65.8,1.0727,2005-03-29 08:00:00
2005-03-29,09:00:00,146.0,1709.0,15.3,63.3,1.092,2005-03-29 09:00:00
2005-03-29,10:00:00,152.0,1573.0,17.7,55.6,1.112,2005-03-29 10:00:00
2005-03-29,11:00:00,147.0,1425.0,19.6,49.4,1.1176,2005-03-29 11:00:00
2005-03-29,12:00:00,134.0,1525.0,18.1,58.3,1.2013,2005-03-29 12:00:00
2005-03-29,13:00:00,136.0,1519.0,18.0,57.9,1.1826,2005-03-29 13:00:00
2005-03-29,14:00:00,142.0,1516.0,18.6,55.0,1.1696,2005-03-29 14:00:00
2005-03-29,15:00:00,153.0,1550.0,18.3,57.9,1.2047,2005-03-29 15:00:00
2005-03-29,16:00:00,153.0,1504.0,18.3,54.8,1.1403,2005-03-29 16:00:00
2005-03-29,17:00:00,155.0,1671.0,18.3,53.9,1.1252,2005-03-29 17:00:00
2005-03-29,18:00:00,181.0,1598.0,18.5,54.6,1.1515,2005-03-29 18:00:00
2005-03-29,19:00:00,151.0,1541.0,17.1,61.5,1.191,2005-03-29 19:00:00
2005-03-29,20:00:00,159.0,1545.0,16.4,62.5,1.1531,2005-03-29 20:00:00
2005-03-29,21:00:00,151.0,1376.0,15.2,64.2,1.0983,2005-03-29 21:00:00
2005-03-29,22:00:00,127.0,1218.0,14.6,67.3,1.1102,2005-03-29 22:00:00
2005-03-29,23:00:00,107.0,1237.0,13.5,70.8,1.0928,2005-03-29 23:00:00
2005-03-30,00:00:00,101.0,1224.0,13.0,71.9,1.0697,2005-03-30 00:00:00
2005-03-30,01:00:00,80.0,1144.0,13.0,70.2,1.0457,2005-03-30 01:00:00
2005-03-30,02:00:00,68.0,1104.0,11.6,74.9,1.0224,2005-03-30 02:00:00
2005-03-30,03:00:00,61.0,1043.0,12.5,67.4,0.9722,2005-03-30 03:00:00
2005-03-30,04:00:00,56.0,1073.0,11.5,71.5,0.9684,2005-03-30 04:00:00
2005-03-30,05:00:00,70.0,1109.0,10.2,77.9,0.9692,2005-03-30 05:00:00
2005-03-30,06:00:00,78.0,1164.0,11.0,73.1,0.9554,2005-03-30 06:00:00
2005-03-30,07:00:00,106.0,1457.0,10.7,73.6,0.9439,2005-03-30 07:00:00
2005-03-30,08:00:00,117.0,1533.0,12.1,67.3,0.9499,2005-03-30 08:00:00
2005-03-30,09:00:00,144.0,1543.0,15.1,58.6,0.9982,2005-03-30 09:00:00
2005-03-30,10:00:00,158.0,1458.0,18.6,49.5,1.052,2005-03-30 10:00:00
2005-03-30,11:00:00,137.0,1308.0,20.9,42.5,1.037,2005-03-30 11:00:00
2005-03-30,12:00:00,130.0,1350.0,23.6,34.8,0.9986,2005-03-30 12:00:00
2005-03-30,13:00:00,125.0,1301.0,25.6,28.5,0.9199,2005-03-30 13:00:00
2005-03-30,14:00:00,124.0,1292.0,26.1,26.3,0.875,2005-03-30 14:00:00
2005-03-30,15:00:00,125.0,1252.0,26.6,24.9,0.8525,2005-03-30 15:00:00
2005-03-30,16:00:00,135.0,1303.0,25.1,28.5,0.8932,2005-03-30 16:00:00
2005-03-30,17:00:00,179.0,1498.0,24.1,32.1,0.9504,2005-03-30 17:00:00
2005-03-30,18:00:00,183.0,1585.0,21.5,39.1,0.9914,2005-03-30 18:00:00
2005-03-30,19:00:00,193.0,1639.0,19.3,46.2,1.023,2005-03-30 19:00:00
2005-03-30,20:00:00,185.0,1536.0,18.2,52.6,1.0911,2005-03-30 20:00:00
2005-03-30,21:00:00,147.0,1373.0,16.8,58.2,1.1022,2005-03-30 21:00:00
2005-03-30,22:00:00,117.0,1282.0,16.0,61.9,1.115,2005-03-30 22:00:00
2005-03-30,23:00:00,112.0,1317.0,15.3,65.4,1.126,2005-03-30 23:00:00
2005-03-31,00:00:00,101.0,1245.0,14.5,67.8,1.1171,2005-03-31 00:00:00
2005-03-31,01:00:00,93.0,1230.0,14.2,68.6,1.1068,2005-03-31 01:00:00
2005-03-31,02:00:00,64.0,1169.0,13.9,68.7,1.0892,2005-03-31 02:00:00
2005-03-31,03:00:00,61.0,1144.0,13.1,72.5,1.0911,2005-03-31 03:00:00
2005-03-31,04:00:00,54.0,1135.0,12.9,72.7,1.076,2005-03-31 04:00:00
2005-03-31,05:00:00,64.0,1173.0,12.3,74.2,1.0583,2005-03-31 05:00:00
2005-03-31,06:00:00,80.0,1264.0,12.6,71.5,1.038,2005-03-31 06:00:00
2005-03-31,07:00:00,133.0,1860.0,12.7,69.6,1.0206,2005-03-31 07:00:00
2005-03-31,08:00:00,170.0,1397.0,16.8,51.6,0.9818,2005-03-31 08:00:00
2005-03-31,09:00:00,139.0,1212.0,20.3,40.1,0.9439,2005-03-31 09:00:00
2005-03-31,10:00:00,124.0,1119.0,21.0,37.3,0.9139,2005-03-31 10:00:00
2005-03-31,11:00:00,118.0,1088.0,21.0,36.9,0.9089,2005-03-31 11:00:00
2005-03-31,12:00:00,108.0,1098.0,22.8,33.0,0.904,2005-03-31 12:00:00
2005-03-31,13:00:00,100.0,1094.0,24.0,30.3,0.8925,2005-03-31 13:00:00
2005-03-31,14:00:00,91.0,1052.0,22.6,33.2,0.9007,2005-03-31 14:00:00
2005-03-31,15:00:00,89.0,1075.0,22.5,32.9,0.8846,2005-03-31 15:00:00
2005-03-31,16:00:00,102.0,1070.0,21.5,33.8,0.8575,2005-03-31 16:00:00
2005-03-31,17:00:00,114.0,1206.0,21.4,36.4,0.9172,2005-03-31 17:00:00
2005-03-31,18:00:00,124.0,1219.0,20.0,38.9,0.8974,2005-03-31 18:00:00
2005-03-31,19:00:00,136.0,1287.0,17.8,45.2,0.9123,2005-03-31 19:00:00
2005-03-31,20:00:00,118.0,1095.0,16.3,47.3,0.8686,2005-03-31 20:00:00
2005-03-31,21:00:00,93.0,1012.0,16.3,44.8,0.8244,2005-03-31 21:00:00
2005-03-31,22:00:00,72.0,992.0,15.6,47.1,0.8273,2005-03-31 22:00:00
2005-03-31,23:00:00,69.0,1001.0,15.1,47.6,0.8139,2005-03-31 23:00:00
2005-04-01,00:00:00,61.0,937.0,15.1,44.5,0.7569,2005-04-01 00:00:00
2005-04-01,01:00:00,50.0,885.0,14.6,43.0,0.7108,2005-04-01 01:00:00
2005-04-01,02:00:00,35.0,882.0,14.5,43.7,0.7163,2005-04-01 02:00:00
2005-04-01,03:00:00,29.0,895.0,13.6,46.7,0.7245,2005-04-01 03:00:00
2005-04-01,04:00:00,41.0,898.0,13.7,48.8,0.7606,2005-04-01 04:00:00
2005-04-01,05:00:00,66.0,944.0,13.5,50.6,0.7783,2005-04-01 05:00:00
2005-04-01,06:00:00,89.0,979.0,13.7,47.4,0.7412,2005-04-01 06:00:00
2005-04-01,07:00:00,150.0,1158.0,13.7,45.9,0.7154,2005-04-01 07:00:00
2005-04-01,08:00:00,150.0,1130.0,16.1,41.0,0.7435,2005-04-01 08:00:00
2005-04-01,09:00:00,127.0,1038.0,16.1,41.5,0.7559,2005-04-01 09:00:00
2005-04-01,10:00:00,120.0,1011.0,16.5,40.8,0.757,2005-04-01 10:00:00
2005-04-01,11:00:00,123.0,981.0,18.9,33.8,0.7312,2005-04-01 11:00:00
2005-04-01,12:00:00,115.0,957.0,19.2,29.5,0.648,2005-04-01 12:00:00
2005-04-01,13:00:00,122.0,966.0,19.9,26.3,0.6054,2005-04-01 13:00:00
2005-04-01,14:00:00,111.0,911.0,19.2,27.0,0.5934,2005-04-01 14:00:00
2005-04-01,15:00:00,119.0,916.0,19.4,25.3,0.5625,2005-04-01 15:00:00
2005-04-01,16:00:00,137.0,955.0,18.9,26.2,0.5667,2005-04-01 16:00:00
2005-04-01,17:00:00,147.0,959.0,19.3,24.7,0.5483,2005-04-01 17:00:00
2005-04-01,18:00:00,154.0,951.0,17.1,25.3,0.4881,2005-04-01 18:00:00
2005-04-01,19:00:00,160.0,1003.0,15.6,26.2,0.4604,2005-04-01 19:00:00
2005-04-01,20:00:00,134.0,858.0,13.8,30.6,0.479,2005-04-01 20:00:00
2005-04-01,21:00:00,110.0,778.0,13.1,31.7,0.4756,2005-04-01 21:00:00
2005-04-01,22:00:00,99.0,793.0,13.2,31.8,0.4798,2005-04-01 22:00:00
2005-04-01,23:00:00,127.0,853.0,13.6,30.8,0.4779,2005-04-01 23:00:00
2005-04-02,00:00:00,174.0,951.0,13.1,32.0,0.4817,2005-04-02 00:00:00
2005-04-02,01:00:00,127.0,791.0,12.7,33.6,0.4902,2005-04-02 01:00:00
2005-04-02,02:00:00,81.0,768.0,12.2,35.6,0.5038,2005-04-02 02:00:00
2005-04-02,03:00:00,70.0,777.0,11.9,35.6,0.4945,2005-04-02 03:00:00
2005-04-02,04:00:00,49.0,742.0,11.2,38.3,0.5099,2005-04-02 04:00:00
2005-04-02,05:00:00,44.0,805.0,11.0,40.5,0.5316,2005-04-02 05:00:00
2005-04-02,06:00:00,107.0,863.0,10.7,42.8,0.5489,2005-04-02 06:00:00
2005-04-02,07:00:00,141.0,922.0,11.1,43.3,0.572,2005-04-02 07:00:00
2005-04-02,08:00:00,121.0,899.0,14.2,36.9,0.5939,2005-04-02 08:00:00
2005-04-02,09:00:00,103.0,884.0,15.6,33.3,0.5861,2005-04-02 09:00:00
2005-04-02,10:00:00,102.0,856.0,16.3,30.0,0.5514,2005-04-02 10:00:00
2005-04-02,11:00:00,95.0,834.0,17.0,26.1,0.5036,2005-04-02 11:00:00
2005-04-02,12:00:00,93.0,817.0,19.3,22.3,0.495,2005-04-02 12:00:00
2005-04-02,13:00:00,95.0,843.0,20.5,21.9,0.5215,2005-04-02 13:00:00
2005-04-02,14:00:00,80.0,853.0,22.0,20.2,0.5274,2005-04-02 14:00:00
2005-04-02,15:00:00,81.0,861.0,21.7,20.9,0.5367,2005-04-02 15:00:00
2005-04-02,16:00:00,106.0,873.0,21.6,20.8,0.5292,2005-04-02 16:00:00
2005-04-02,17:00:00,113.0,928.0,21.0,22.3,0.5468,2005-04-02 17:00:00
2005-04-02,18:00:00,117.0,958.0,18.6,26.6,0.5631,2005-04-02 18:00:00
2005-04-02,19:00:00,124.0,942.0,15.5,33.9,0.5957,2005-04-02 19:00:00
2005-04-02,20:00:00,122.0,930.0,14.3,38.0,0.6162,2005-04-02 20:00:00
2005-04-02,21:00:00,87.0,872.0,13.5,39.4,0.6089,2005-04-02 21:00:00
2005-04-02,22:00:00,79.0,881.0,13.1,41.3,0.6184,2005-04-02 22:00:00
2005-04-02,23:00:00,93.0,894.0,13.5,37.8,0.5815,2005-04-02 23:00:00
2005-04-03,00:00:00,102.0,898.0,13.5,37.4,0.5745,2005-04-03 00:00:00
2005-04-03,01:00:00,86.0,929.0,12.7,40.8,0.5977,2005-04-03 01:00:00
2005-04-03,02:00:00,77.0,931.0,12.0,44.2,0.6177,2005-04-03 02:00:00
2005-04-03,03:00:00,88.0,948.0,10.5,48.7,0.6164,2005-04-03 03:00:00
2005-04-03,04:00:00,64.0,914.0,10.1,49.7,0.6122,2005-04-03 04:00:00
2005-04-03,05:00:00,46.0,872.0,9.6,51.0,0.6082,2005-04-03 05:00:00
2005-04-03,06:00:00,55.0,901.0,9.1,52.4,0.6074,2005-04-03 06:00:00
2005-04-03,07:00:00,84.0,936.0,8.9,52.7,0.6034,2005-04-03 07:00:00
2005-04-03,08:00:00,89.0,949.0,13.5,40.0,0.6168,2005-04-03 08:00:00
2005-04-03,09:00:00,118.0,1004.0,17.8,30.7,0.6205,2005-04-03 09:00:00
2005-04-03,10:00:00,113.0,931.0,21.1,23.7,0.5875,2005-04-03 10:00:00
2005-04-03,11:00:00,115.0,1001.0,24.0,19.3,0.5673,2005-04-03 11:00:00
2005-04-03,12:00:00,124.0,985.0,26.5,16.4,0.5594,2005-04-03 12:00:00
2005-04-03,13:00:00,86.0,902.0,28.7,13.7,0.5302,2005-04-03 13:00:00
2005-04-03,14:00:00,87.0,890.0,28.5,13.1,0.5002,2005-04-03 14:00:00
2005-04-03,15:00:00,100.0,896.0,30.0,11.1,0.4624,2005-04-03 15:00:00
2005-04-03,16:00:00,132.0,898.0,29.4,10.4,0.4192,2005-04-03 16:00:00
2005-04-03,17:00:00,156.0,891.0,28.9,9.9,0.3866,2005-04-03 17:00:00
2005-04-03,18:00:00,138.0,981.0,22.8,21.7,0.5945,2005-04-03 18:00:00
2005-04-03,19:00:00,181.0,1289.0,19.9,33.0,0.7608,2005-04-03 19:00:00
2005-04-03,20:00:00,187.0,1200.0,17.5,40.7,0.8073,2005-04-03 20:00:00
2005-04-03,21:00:00,158.0,1178.0,16.4,46.6,0.8642,2005-04-03 21:00:00
2005-04-03,22:00:00,153.0,1173.0,15.5,49.0,0.8579,2005-04-03 22:00:00
2005-04-03,23:00:00,128.0,1147.0,14.3,52.5,0.8497,2005-04-03 23:00:00
2005-04-04,00:00:00,93.0,1073.0,14.2,51.4,0.8275,2005-04-04 00:00:00
2005-04-04,01:00:00,58.0,1002.0,13.8,51.2,0.8058,2005-04-04 01:00:00
2005-04-04,02:00:00,55.0,1002.0,12.1,56.3,0.7927,2005-04-04 02:00:00
2005-04-04,03:00:00,51.0,974.0,11.3,58.9,0.7888,2005-04-04 03:00:00
2005-04-04,04:00:00,43.0,958.0,11.8,56.0,0.7743,2005-04-04 04:00:00
2005-04-04,05:00:00,53.0,987.0,10.4,59.9,0.755,2005-04-04 05:00:00
2005-04-04,06:00:00,93.0,1129.0,9.5,63.1,0.7531,2005-04-04 06:00:00
2005-04-04,07:00:00,155.0,1600.0,9.7,61.9,0.7446,2005-04-04 07:00:00
2005-04-04,08:00:00,174.0,1777.0,13.5,48.9,0.7553,2005-04-04 08:00:00
2005-04-04,09:00:00,187.0,1375.0,18.2,36.3,0.7487,2005-04-04 09:00:00
2005-04-04,10:00:00,190.0,1374.0,21.9,29.3,0.7568,2005-04-04 10:00:00
2005-04-04,11:00:00,179.0,1264.0,24.3,23.7,0.7119,2005-04-04 11:00:00
2005-04-04,12:00:00,175.0,1241.0,26.9,18.3,0.6406,2005-04-04 12:00:00
2005-04-04,13:00:00,156.0,1041.0,28.3,13.5,0.5139,2005-04-04 13:00:00
2005-04-04,14:00:00,168.0,1129.0,28.5,13.1,0.5028,2005-04-04 14:00:00
