Date,Time,NOx(GT),PT08.S3(NOx),Temperature (C),Relative Humidity,Absolute Humidity,Datetime
2004-03-10,18:00:00,166.0,1056.0,13.6,48.9,0.7578,2004-03-10 18:00:00
2004-03-10,19:00:00,103.0,1174.0,13.3,47.7,0.7255,2004-03-10 19:00:00
2004-03-10,20:00:00,131.0,1140.0,11.9,54.0,0.7502,2004-03-10 20:00:00
2004-03-10,21:00:00,172.0,1092.0,11.0,60.0,0.7867,2004-03-10 21:00:00
2004-03-10,22:00:00,131.0,1205.0,11.2,59.6,0.7888,2004-03-10 22:00:00
2004-03-10,23:00:00,89.0,1337.0,11.2,59.2,0.7848,2004-03-10 23:00:00
2004-03-11,00:00:00,62.0,1462.0,11.3,56.8,0.7603,2004-03-11 00:00:00
2004-03-11,01:00:00,62.0,1453.0,10.7,60.0,0.7702,2004-03-11 01:00:00
2004-03-11,02:00:00,45.0,1579.0,10.7,59.7,0.7648,2004-03-11 02:00:00
2004-03-11,03:00:00,114.57692307692308,1705.0,10.3,60.2,0.7517,2004-03-11 03:00:00
2004-03-11,04:00:00,21.0,1818.0,10.1,60.5,0.7465,2004-03-11 04:00:00
2004-03-11,05:00:00,16.0,1918.0,11.0,56.2,0.7366,2004-03-11 05:00:00
2004-03-11,06:00:00,34.0,1738.0,10.5,58.1,0.7353,2004-03-11 06:00:00
2004-03-11,07:00:00,98.0,1490.0,10.2,59.6,0.7417,2004-03-11 07:00:00
2004-03-11,08:00:00,174.0,1136.0,10.8,57.4,0.7408,2004-03-11 08:00:00
2004-03-11,09:00:00,129.0,1079.0,10.5,60.6,0.7691,2004-03-11 09:00:00
2004-03-11,10:00:00,112.0,1218.0,10.8,58.4,0.7552,2004-03-11 10:00:00
2004-03-11,11:00:00,95.0,1328.0,10.5,57.9,0.7352,2004-03-11 11:00:00
2004-03-11,12:00:00,104.0,1301.0,9.5,66.8,0.7951,2004-03-11 12:00:00
2004-03-11,13:00:00,146.0,1162.0,8.3,76.4,0.8393,2004-03-11 13:00:00
2004-03-11,14:00:00,207.0,983.0,8.0,81.1,0.8736,2004-03-11 14:00:00
2004-03-11,15:00:00,184.0,1082.0,8.3,79.8,0.8778,2004-03-11 15:00:00
2004-03-11,16:00:00,193.0,1103.0,9.7,71.2,0.8569,2004-03-11 16:00:00
2004-03-11,17:00:00,243.0,1008.0,9.8,67.6,0.8185,2004-03-11 17:00:00
2004-03-11,18:00:00,281.0,799.0,10.3,64.2,0.8065,2004-03-11 18:00:00
2004-03-11,19:00:00,383.0,702.0,9.7,69.3,0.8319,2004-03-11 19:00:00
2004-03-11,20:00:00,351.0,743.0,9.6,67.8,0.8133,2004-03-11 20:00:00
2004-03-11,21:00:00,240.0,957.0,9.1,64.0,0.7419,2004-03-11 21:00:00
2004-03-11,22:00:00,94.0,1325.0,8.2,63.4,0.6905,2004-03-11 22:00:00
2004-03-11,23:00:00,47.0,1565.0,8.2,60.8,0.6657,2004-03-11 23:00:00
2004-03-12,00:00:00,122.0,1254.0,8.3,58.5,0.6438,2004-03-12 00:00:00
2004-03-12,01:00:00,133.0,1247.0,7.7,59.7,0.6308,2004-03-12 01:00:00
2004-03-12,02:00:00,82.0,1396.0,7.1,61.8,0.6276,2004-03-12 02:00:00
2004-03-12,03:00:00,114.57692307692308,1680.0,7.0,62.3,0.6261,2004-03-12 03:00:00
2004-03-12,04:00:00,21.0,1893.0,6.1,65.9,0.6248,2004-03-12 04:00:00
2004-03-12,05:00:00,30.0,1895.0,6.3,65.0,0.6233,2004-03-12 05:00:00
2004-03-12,06:00:00,56.0,1685.0,6.8,62.9,0.6234,2004-03-12 06:00:00
2004-03-12,07:00:00,109.0,1387.0,6.4,65.1,0.6316,2004-03-12 07:00:00
2004-03-12,08:00:00,307.0,897.0,7.3,63.1,0.6499,2004-03-12 08:00:00
2004-03-12,09:00:00,361.3263473053892,767.0,9.2,56.2,0.6561,2004-03-12 09:00:00
2004-03-12,10:00:00,187.0,912.0,13.2,41.7,0.632,2004-03-12 10:00:00
2004-03-12,11:00:00,216.0,969.0,14.3,38.4,0.6243,2004-03-12 11:00:00
2004-03-12,12:00:00,143.0,1035.0,15.0,36.5,0.6195,2004-03-12 12:00:00
2004-03-12,13:00:00,160.0,1008.0,16.1,34.5,0.6262,2004-03-12 13:00:00
2004-03-12,14:00:00,163.0,949.0,16.3,35.7,0.656,2004-03-12 14:00:00
2004-03-12,15:00:00,190.0,922.0,15.8,37.0,0.661,2004-03-12 15:00:00
2004-03-12,16:00:00,178.0,954.0,15.9,37.2,0.6657,2004-03-12 16:00:00
2004-03-12,17:00:00,150.0,1006.0,16.9,34.3,0.6549,2004-03-12 17:00:00
2004-03-12,18:00:00,206.0,812.0,15.1,39.6,0.6766,2004-03-12 18:00:00
2004-03-12,19:00:00,202.0,821.0,14.4,43.4,0.7084,2004-03-12 19:00:00
2004-03-12,20:00:00,340.0,624.0,12.9,50.5,0.7478,2004-03-12 20:00:00
2004-03-12,21:00:00,274.0,752.0,12.1,53.3,0.7536,2004-03-12 21:00:00
2004-03-12,22:00:00,253.0,839.0,11.0,59.1,0.774,2004-03-12 22:00:00
2004-03-12,23:00:00,300.0,741.0,9.7,64.6,0.7771,2004-03-12 23:00:00
2004-03-13,00:00:00,193.0,963.0,9.5,64.1,0.7597,2004-03-13 00:00:00
2004-03-13,01:00:00,139.0,1071.0,9.1,63.9,0.7423,2004-03-13 01:00:00
2004-03-13,02:00:00,83.0,1176.0,8.8,63.9,0.7256,2004-03-13 02:00:00
2004-03-13,03:00:00,114.57692307692308,1179.0,7.8,67.5,0.7173,2004-03-13 03:00:00
2004-03-13,04:00:00,109.0,1132.0,7.0,71.1,0.7158,2004-03-13 04:00:00
2004-03-13,05:00:00,62.0,1420.0,8.3,63.6,0.6982,2004-03-13 05:00:00
2004-03-13,06:00:00,53.0,1406.0,7.2,67.5,0.6887,2004-03-13 06:00:00
2004-03-13,07:00:00,139.0,1228.0,6.3,71.9,0.6932,2004-03-13 07:00:00
2004-03-13,08:00:00,256.0,935.0,6.5,71.6,0.6945,2004-03-13 08:00:00
2004-03-13,09:00:00,295.0,830.0,9.6,59.7,0.7124,2004-03-13 09:00:00
2004-03-13,10:00:00,250.0,869.0,12.4,51.2,0.7335,2004-03-13 10:00:00
2004-03-13,11:00:00,296.0,808.0,15.6,42.2,0.7451,2004-03-13 11:00:00
2004-03-13,12:00:00,239.0,875.0,18.4,33.8,0.709,2004-03-13 12:00:00
2004-03-13,13:00:00,153.0,987.0,19.4,31.3,0.695,2004-03-13 13:00:00
2004-03-13,14:00:00,118.0,1088.0,18.0,34.8,0.7127,2004-03-13 14:00:00
2004-03-13,15:00:00,119.0,1049.0,18.4,33.6,0.7042,2004-03-13 15:00:00
2004-03-13,16:00:00,138.0,1004.0,17.6,35.1,0.7012,2004-03-13 16:00:00
2004-03-13,17:00:00,148.0,976.0,16.7,37.8,0.7117,2004-03-13 17:00:00
2004-03-13,18:00:00,227.0,831.0,16.1,41.0,0.7451,2004-03-13 18:00:00
2004-03-13,19:00:00,277.0,758.0,15.8,42.4,0.7569,2004-03-13 19:00:00
2004-03-13,20:00:00,279.0,754.0,15.7,44.1,0.7786,2004-03-13 20:00:00
2004-03-13,21:00:00,283.0,762.0,15.3,46.8,0.8091,2004-03-13 21:00:00
2004-03-13,22:00:00,214.0,844.0,14.6,48.6,0.806,2004-03-13 22:00:00
2004-03-13,23:00:00,172.0,892.0,14.7,49.3,0.8193,2004-03-13 23:00:00
2004-03-14,00:00:00,190.0,889.0,13.9,53.6,0.8498,2004-03-14 00:00:00
2004-03-14,01:00:00,174.0,880.0,14.6,51.5,0.8536,2004-03-14 01:00:00
2004-03-14,02:00:00,128.0,953.0,12.5,58.9,0.8537,2004-03-14 02:00:00
2004-03-14,03:00:00,114.57692307692308,921.0,11.6,63.4,0.8674,2004-03-14 03:00:00
2004-03-14,04:00:00,70.0,1130.0,12.1,61.1,0.8603,2004-03-14 04:00:00
2004-03-14,05:00:00,53.0,1272.0,11.5,63.1,0.8533,2004-03-14 05:00:00
2004-03-14,06:00:00,44.0,1395.0,11.6,62.2,0.8473,2004-03-14 06:00:00
2004-03-14,07:00:00,74.0,1384.0,10.4,67.6,0.853,2004-03-14 07:00:00
2004-03-14,08:00:00,101.0,1225.0,11.6,62.7,0.853,2004-03-14 08:00:00
2004-03-14,09:00:00,118.0,1055.0,12.4,60.0,0.8627,2004-03-14 09:00:00
2004-03-14,10:00:00,144.0,952.0,14.5,53.1,0.8728,2004-03-14 10:00:00
2004-03-14,11:00:00,176.0,878.0,16.9,46.1,0.8789,2004-03-14 11:00:00
2004-03-14,12:00:00,161.0,907.0,19.3,38.3,0.8474,2004-03-14 12:00:00
2004-03-14,13:00:00,113.0,1084.0,21.2,31.4,0.7812,2004-03-14 13:00:00
2004-03-14,14:00:00,103.0,1104.0,21.4,30.2,0.7616,2004-03-14 14:00:00
2004-03-14,15:00:00,112.0,1081.0,21.9,29.0,0.7525,2004-03-14 15:00:00
2004-03-14,16:00:00,170.0,974.0,22.2,28.4,0.7516,2004-03-14 16:00:00
2004-03-14,17:00:00,180.0,943.0,21.3,30.8,0.7696,2004-03-14 17:00:00
2004-03-14,18:00:00,160.0,929.0,19.7,36.7,0.8307,2004-03-14 18:00:00
2004-03-14,19:00:00,261.0,753.0,18.4,41.7,0.8732,2004-03-14 19:00:00
2004-03-14,20:00:00,325.0,681.0,17.6,46.1,0.921,2004-03-14 20:00:00
2004-03-14,21:00:00,217.0,784.0,16.7,49.6,0.932,2004-03-14 21:00:00
2004-03-14,22:00:00,146.0,924.0,16.3,51.0,0.9341,2004-03-14 22:00:00
2004-03-14,23:00:00,152.0,933.0,14.7,55.9,0.9314,2004-03-14 23:00:00
2004-03-15,00:00:00,104.0,985.0,14.8,54.7,0.9164,2004-03-15 00:00:00
2004-03-15,01:00:00,106.0,1010.0,14.0,57.0,0.9094,2004-03-15 01:00:00
2004-03-15,02:00:00,108.0,998.0,13.4,61.3,0.9361,2004-03-15 02:00:00
2004-03-15,03:00:00,114.57692307692308,1128.0,12.6,63.5,0.923,2004-03-15 03:00:00
2004-03-15,04:00:00,66.0,1150.0,12.3,65.4,0.9351,2004-03-15 04:00:00
2004-03-15,05:00:00,88.0,1156.0,11.9,67.4,0.9375,2004-03-15 05:00:00
2004-03-15,06:00:00,138.0,1030.0,11.4,70.5,0.9475,2004-03-15 06:00:00
2004-03-15,07:00:00,228.0,897.0,11.3,70.2,0.9401,2004-03-15 07:00:00
2004-03-15,08:00:00,360.0,652.0,12.4,63.9,0.917,2004-03-15 08:00:00
2004-03-15,09:00:00,478.0,537.0,14.8,54.3,0.9076,2004-03-15 09:00:00
2004-03-15,10:00:00,394.0,622.0,17.4,45.6,0.8993,2004-03-15 10:00:00
2004-03-15,11:00:00,319.0,710.0,19.8,38.5,0.8801,2004-03-15 11:00:00
2004-03-15,12:00:00,201.0,831.0,22.0,34.1,0.8904,2004-03-15 12:00:00
2004-03-15,13:00:00,171.0,830.0,23.3,32.2,0.9096,2004-03-15 13:00:00
2004-03-15,14:00:00,159.0,838.0,23.9,30.0,0.8757,2004-03-15 14:00:00
2004-03-15,15:00:00,153.0,926.0,24.4,28.9,0.8736,2004-03-15 15:00:00
2004-03-15,16:00:00,143.0,950.0,24.4,29.4,0.8848,2004-03-15 16:00:00
2004-03-15,17:00:00,156.0,857.0,23.8,31.3,0.9137,2004-03-15 17:00:00
2004-03-15,18:00:00,314.0,631.0,22.5,35.4,0.9547,2004-03-15 18:00:00
2004-03-15,19:00:00,404.0,542.0,20.4,42.5,1.0086,2004-03-15 19:00:00
2004-03-15,20:00:00,320.0,565.0,18.3,52.6,1.0945,2004-03-15 20:00:00
2004-03-15,21:00:00,256.0,678.0,16.7,57.4,1.0786,2004-03-15 21:00:00
2004-03-15,22:00:00,193.0,764.0,15.7,60.2,1.0654,2004-03-15 22:00:00
2004-03-15,23:00:00,89.0,1008.0,15.3,61.4,1.058,2004-03-15 23:00:00
2004-03-16,00:00:00,127.0,852.0,14.1,65.7,1.0494,2004-03-16 00:00:00
2004-03-16,01:00:00,79.0,1098.0,14.8,60.6,1.0148,2004-03-16 01:00:00
2004-03-16,02:00:00,43.0,1320.0,14.8,59.2,0.9879,2004-03-16 02:00:00
2004-03-16,03:00:00,114.57692307692308,1376.0,13.6,62.1,0.9636,2004-03-16 03:00:00
2004-03-16,04:00:00,59.0,1316.0,12.3,66.2,0.945,2004-03-16 04:00:00
2004-03-16,05:00:00,38.0,1412.0,12.8,63.2,0.9283,2004-03-16 05:00:00
2004-03-16,06:00:00,82.0,1246.0,11.2,68.5,0.9081,2004-03-16 06:00:00
2004-03-16,07:00:00,99.0,1162.0,11.0,66.5,0.8705,2004-03-16 07:00:00
2004-03-16,08:00:00,263.0,770.0,11.7,63.7,0.8719,2004-03-16 08:00:00
2004-03-16,09:00:00,229.0,698.0,13.6,56.3,0.8743,2004-03-16 09:00:00
2004-03-16,10:00:00,396.0,628.0,17.8,42.9,0.8672,2004-03-16 10:00:00
2004-03-16,11:00:00,314.0,730.0,21.4,33.3,0.8417,2004-03-16 11:00:00
2004-03-16,12:00:00,217.0,776.0,24.4,27.4,0.8231,2004-03-16 12:00:00
2004-03-16,13:00:00,252.0,724.0,25.3,26.1,0.8264,2004-03-16 13:00:00
2004-03-16,14:00:00,263.0,773.0,25.8,23.2,0.7589,2004-03-16 14:00:00
2004-03-16,15:00:00,180.0,893.0,27.0,20.2,0.7094,2004-03-16 15:00:00
2004-03-16,16:00:00,184.0,905.0,28.2,18.6,0.7014,2004-03-16 16:00:00
2004-03-16,17:00:00,190.0,898.0,28.0,19.1,0.7098,2004-03-16 17:00:00
2004-03-16,18:00:00,184.0,859.0,23.9,25.7,0.7519,2004-03-16 18:00:00
2004-03-16,19:00:00,181.0,800.0,21.3,34.8,0.873,2004-03-16 19:00:00
2004-03-16,20:00:00,166.0,854.0,20.4,36.7,0.8704,2004-03-16 20:00:00
2004-03-16,21:00:00,317.0,700.0,19.0,41.3,0.9007,2004-03-16 21:00:00
2004-03-16,22:00:00,184.0,818.0,17.9,45.9,0.9342,2004-03-16 22:00:00
2004-03-16,23:00:00,130.0,935.0,16.7,48.9,0.9226,2004-03-16 23:00:00
2004-03-17,00:00:00,132.0,922.0,15.5,52.9,0.9271,2004-03-17 00:00:00
2004-03-17,01:00:00,95.0,1066.0,15.5,51.9,0.9059,2004-03-17 01:00:00
2004-03-17,02:00:00,70.0,1169.0,14.1,55.6,0.891,2004-03-17 02:00:00
2004-03-17,03:00:00,114.57692307692308,1292.0,13.1,57.9,0.8666,2004-03-17 03:00:00
2004-03-17,04:00:00,54.0,1396.0,12.7,57.9,0.8447,2004-03-17 04:00:00
2004-03-17,05:00:00,28.0,1460.0,11.8,58.0,0.8026,2004-03-17 05:00:00
2004-03-17,06:00:00,46.0,1417.0,11.9,57.4,0.7978,2004-03-17 06:00:00
2004-03-17,07:00:00,160.0,1038.0,9.9,65.2,0.7956,2004-03-17 07:00:00
2004-03-17,08:00:00,320.0,702.0,11.1,60.2,0.7958,2004-03-17 08:00:00
2004-03-17,09:00:00,377.0,553.0,14.1,50.0,0.802,2004-03-17 09:00:00
2004-03-17,10:00:00,280.0,703.0,17.7,40.1,0.8048,2004-03-17 10:00:00
2004-03-17,11:00:00,221.0,819.0,21.1,33.4,0.8265,2004-03-17 11:00:00
2004-03-17,12:00:00,210.0,905.0,24.3,28.3,0.8471,2004-03-17 12:00:00
2004-03-17,13:00:00,204.0,861.0,25.6,25.6,0.8254,2004-03-17 13:00:00
2004-03-17,14:00:00,161.0,887.0,25.9,25.9,0.8503,2004-03-17 14:00:00
2004-03-17,15:00:00,135.0,1013.0,26.8,18.7,0.65,2004-03-17 15:00:00
2004-03-17,16:00:00,186.0,940.0,29.3,15.8,0.6309,2004-03-17 16:00:00
2004-03-17,17:00:00,147.0,1032.0,28.5,14.9,0.5708,2004-03-17 17:00:00
2004-03-17,18:00:00,299.0,793.0,25.9,16.0,0.5237,2004-03-17 18:00:00
2004-03-17,19:00:00,411.0,617.0,23.1,26.5,0.7403,2004-03-17 19:00:00
2004-03-17,20:00:00,347.0,597.0,20.5,38.2,0.9133,2004-03-17 20:00:00
2004-03-17,21:00:00,336.0,653.0,19.1,42.6,0.9294,2004-03-17 21:00:00
2004-03-17,22:00:00,202.0,770.0,17.2,44.1,0.8558,2004-03-17 22:00:00
2004-03-17,23:00:00,178.0,731.0,16.0,50.9,0.9206,2004-03-17 23:00:00
2004-03-18,00:00:00,154.0,796.0,14.8,53.9,0.9024,2004-03-18 00:00:00
2004-03-18,01:00:00,92.0,947.0,14.3,55.4,0.8975,2004-03-18 01:00:00
2004-03-18,02:00:00,61.0,1057.0,14.8,52.1,0.8686,2004-03-18 02:00:00
2004-03-18,03:00:00,114.57692307692308,1196.0,13.9,53.9,0.8501,2004-03-18 03:00:00
2004-03-18,04:00:00,60.0,1260.0,11.6,61.9,0.8442,2004-03-18 04:00:00
2004-03-18,05:00:00,37.0,1293.0,12.0,58.9,0.8233,2004-03-18 05:00:00
2004-03-18,06:00:00,68.0,1251.0,10.9,62.1,0.8113,2004-03-18 06:00:00
2004-03-18,07:00:00,139.0,1005.0,10.6,63.3,0.8067,2004-03-18 07:00:00
2004-03-18,08:00:00,339.0,667.0,11.5,60.0,0.8117,2004-03-18 08:00:00
2004-03-18,09:00:00,421.0,541.0,14.3,50.6,0.8186,2004-03-18 09:00:00
2004-03-18,10:00:00,349.0,686.0,17.8,40.5,0.821,2004-03-18 10:00:00
2004-03-18,11:00:00,224.0,831.0,20.8,34.4,0.8365,2004-03-18 11:00:00
2004-03-18,12:00:00,171.0,899.0,23.8,28.2,0.8219,2004-03-18 12:00:00
2004-03-18,13:00:00,149.0,891.0,24.2,28.7,0.8515,2004-03-18 13:00:00
2004-03-18,14:00:00,137.0,901.0,25.2,24.9,0.7829,2004-03-18 14:00:00
2004-03-18,15:00:00,149.0,934.0,27.0,17.8,0.6275,2004-03-18 15:00:00
2004-03-18,16:00:00,172.0,822.0,27.1,23.1,0.818,2004-03-18 16:00:00
2004-03-18,17:00:00,166.0,873.0,25.8,23.9,0.7832,2004-03-18 17:00:00
2004-03-18,18:00:00,214.0,764.0,23.0,26.8,0.7446,2004-03-18 18:00:00
2004-03-18,19:00:00,280.0,683.0,20.7,31.1,0.7523,2004-03-18 19:00:00
2004-03-18,20:00:00,276.0,684.0,18.6,36.2,0.7676,2004-03-18 20:00:00
2004-03-18,21:00:00,178.0,814.0,16.0,48.4,0.8768,2004-03-18 21:00:00
2004-03-18,22:00:00,129.0,885.0,14.5,57.8,0.9456,2004-03-18 22:00:00
2004-03-18,23:00:00,95.0,948.0,13.1,64.2,0.9606,2004-03-18 23:00:00
2004-03-19,00:00:00,126.0,918.0,12.0,69.7,0.9735,2004-03-19 00:00:00
2004-03-19,01:00:00,103.0,1021.0,11.9,71.1,0.9915,2004-03-19 01:00:00
2004-03-19,02:00:00,48.0,1229.0,12.5,69.3,1.0029,2004-03-19 02:00:00
2004-03-19,03:00:00,114.57692307692308,1382.0,12.5,67.5,0.9768,2004-03-19 03:00:00
2004-03-19,04:00:00,20.0,1440.0,12.3,67.7,0.9665,2004-03-19 04:00:00
2004-03-19,05:00:00,18.0,1620.0,12.5,66.8,0.962,2004-03-19 05:00:00
2004-03-19,06:00:00,56.0,1373.0,12.3,66.3,0.9487,2004-03-19 06:00:00
2004-03-19,07:00:00,115.0,1054.0,12.4,64.9,0.9332,2004-03-19 07:00:00
2004-03-19,08:00:00,320.0,671.0,13.0,61.6,0.9209,2004-03-19 08:00:00
2004-03-19,09:00:00,357.0,575.0,13.6,58.8,0.912,2004-03-19 09:00:00
2004-03-19,10:00:00,253.0,701.0,13.9,57.1,0.9032,2004-03-19 10:00:00
2004-03-19,11:00:00,218.0,759.0,14.5,54.4,0.8917,2004-03-19 11:00:00
2004-03-19,12:00:00,192.0,813.0,15.5,50.1,0.8744,2004-03-19 12:00:00
2004-03-19,13:00:00,176.0,793.0,16.1,47.6,0.8655,2004-03-19 13:00:00
2004-03-19,14:00:00,198.0,771.0,16.3,47.1,0.864,2004-03-19 14:00:00
2004-03-19,15:00:00,212.0,724.0,16.4,47.5,0.8791,2004-03-19 15:00:00
2004-03-19,16:00:00,249.0,708.0,16.1,50.2,0.9094,2004-03-19 16:00:00
2004-03-19,17:00:00,270.0,690.0,16.0,50.7,0.9142,2004-03-19 17:00:00
2004-03-19,18:00:00,231.0,704.0,15.8,50.3,0.8989,2004-03-19 18:00:00
2004-03-19,19:00:00,251.0,677.0,15.5,50.6,0.884,2004-03-19 19:00:00
2004-03-19,20:00:00,210.0,698.0,15.4,51.4,0.8956,2004-03-19 20:00:00
2004-03-19,21:00:00,249.0,748.0,15.2,53.1,0.9117,2004-03-19 21:00:00
2004-03-19,22:00:00,143.0,904.0,14.7,57.6,0.9573,2004-03-19 22:00:00
2004-03-19,23:00:00,127.0,948.0,14.2,58.3,0.938,2004-03-19 23:00:00
2004-03-20,00:00:00,104.0,1064.0,13.8,57.9,0.9085,2004-03-20 00:00:00
2004-03-20,01:00:00,86.0,1105.0,13.9,55.9,0.8842,2004-03-20 01:00:00
2004-03-20,02:00:00,74.0,1182.0,13.9,55.6,0.8765,2004-03-20 02:00:00
2004-03-20,03:00:00,114.57692307692308,1252.0,13.8,55.1,0.8666,2004-03-20 03:00:00
2004-03-20,04:00:00,44.0,1308.0,13.8,54.6,0.8574,2004-03-20 04:00:00
2004-03-20,05:00:00,42.0,1260.0,13.6,55.1,0.856,2004-03-20 05:00:00
2004-03-20,06:00:00,63.0,1317.0,13.6,59.0,0.9129,2004-03-20 06:00:00
2004-03-20,07:00:00,115.0,1161.0,13.5,58.4,0.896,2004-03-20 07:00:00
2004-03-20,08:00:00,170.0,902.0,13.8,58.0,0.9083,2004-03-20 08:00:00
2004-03-20,09:00:00,147.0,834.0,14.6,53.1,0.8765,2004-03-20 09:00:00
2004-03-20,10:00:00,166.0,776.0,15.0,52.3,0.8881,2004-03-20 10:00:00
2004-03-20,11:00:00,195.0,768.0,15.4,52.1,0.9046,2004-03-20 11:00:00
2004-03-20,12:00:00,182.0,782.0,16.3,50.0,0.9158,2004-03-20 12:00:00
2004-03-20,13:00:00,168.0,809.0,17.1,47.9,0.9281,2004-03-20 13:00:00
2004-03-20,14:00:00,125.0,900.0,19.0,42.9,0.937,2004-03-20 14:00:00
2004-03-20,15:00:00,95.0,980.0,19.5,42.3,0.9476,2004-03-20 15:00:00
2004-03-20,16:00:00,79.0,1036.0,19.5,42.3,0.9493,2004-03-20 16:00:00
2004-03-20,17:00:00,119.0,930.0,19.1,43.8,0.9556,2004-03-20 17:00:00
2004-03-20,18:00:00,142.0,856.0,18.5,46.3,0.9744,2004-03-20 18:00:00
2004-03-20,19:00:00,215.0,734.0,17.4,51.6,1.0159,2004-03-20 19:00:00
2004-03-20,20:00:00,229.0,733.0,17.1,51.3,0.9914,2004-03-20 20:00:00
2004-03-20,21:00:00,206.0,785.0,16.4,53.8,0.9964,2004-03-20 21:00:00
2004-03-20,22:00:00,147.0,864.0,16.2,55.4,1.0132,2004-03-20 22:00:00
2004-03-20,23:00:00,122.0,905.0,15.9,57.7,1.0356,2004-03-20 23:00:00
2004-03-21,00:00:00,175.0,835.0,15.7,58.6,1.0396,2004-03-21 00:00:00
2004-03-21,01:00:00,133.0,941.0,15.1,60.9,1.0398,2004-03-21 01:00:00
2004-03-21,02:00:00,89.0,1004.0,15.6,56.6,0.9951,2004-03-21 02:00:00
2004-03-21,03:00:00,114.57692307692308,987.0,15.2,57.9,0.9941,2004-03-21 03:00:00
2004-03-21,04:00:00,85.0,1029.0,15.4,57.8,1.0021,2004-03-21 04:00:00
2004-03-21,05:00:00,55.0,1136.0,14.9,60.6,1.0196,2004-03-21 05:00:00
2004-03-21,06:00:00,24.0,1300.0,14.5,63.0,1.0316,2004-03-21 06:00:00
2004-03-21,07:00:00,72.0,1143.0,14.2,66.2,1.063,2004-03-21 07:00:00
2004-03-21,08:00:00,122.0,1062.0,14.5,65.3,1.0704,2004-03-21 08:00:00
2004-03-21,09:00:00,111.0,996.0,15.3,62.1,1.073,2004-03-21 09:00:00
2004-03-21,10:00:00,123.0,914.0,16.3,59.0,1.0868,2004-03-21 10:00:00
2004-03-21,11:00:00,106.0,911.0,18.9,49.6,1.07,2004-03-21 11:00:00
2004-03-21,12:00:00,103.0,953.0,19.4,46.1,1.0249,2004-03-21 12:00:00
2004-03-21,13:00:00,102.0,981.0,20.8,41.6,1.0091,2004-03-21 13:00:00
2004-03-21,14:00:00,48.0,1144.0,21.4,40.3,1.0126,2004-03-21 14:00:00
2004-03-21,15:00:00,63.0,962.0,21.2,39.3,0.9791,2004-03-21 15:00:00
2004-03-21,16:00:00,98.0,1060.0,20.3,38.0,0.8942,2004-03-21 16:00:00
2004-03-21,17:00:00,132.0,961.0,19.4,41.3,0.9206,2004-03-21 17:00:00
2004-03-21,18:00:00,173.0,769.0,18.5,43.8,0.9252,2004-03-21 18:00:00
2004-03-21,19:00:00,185.0,823.0,17.8,48.1,0.9689,2004-03-21 19:00:00
2004-03-21,20:00:00,266.0,769.0,17.9,46.9,0.952,2004-03-21 20:00:00
2004-03-21,21:00:00,188.0,883.0,17.4,49.1,0.9688,2004-03-21 21:00:00
2004-03-21,22:00:00,122.0,933.0,17.0,51.7,0.9914,2004-03-21 22:00:00
2004-03-21,23:00:00,112.0,920.0,16.4,55.1,1.0198,2004-03-21 23:00:00
2004-03-22,00:00:00,93.0,995.0,16.1,60.0,1.0919,2004-03-22 00:00:00
2004-03-22,01:00:00,74.0,1050.0,15.8,60.5,1.0805,2004-03-22 01:00:00
2004-03-22,02:00:00,23.0,1417.0,16.3,57.0,1.0491,2004-03-22 02:00:00
2004-03-22,03:00:00,114.57692307692308,1813.0,16.9,53.9,1.0309,2004-03-22 03:00:00
2004-03-22,04:00:00,17.0,1756.0,16.1,55.9,1.0153,2004-03-22 04:00:00
2004-03-22,05:00:00,15.0,1786.0,16.5,53.9,1.0049,2004-03-22 05:00:00
2004-03-22,06:00:00,41.0,1480.0,16.4,54.0,0.9979,2004-03-22 06:00:00
2004-03-22,07:00:00,86.0,1072.0,15.7,57.6,1.0195,2004-03-22 07:00:00
2004-03-22,08:00:00,226.0,732.0,15.8,53.7,0.9571,2004-03-22 08:00:00
2004-03-22,09:00:00,214.0,711.0,17.4,42.1,0.8281,2004-03-22 09:00:00
2004-03-22,10:00:00,115.0,1032.0,17.9,38.4,0.7793,2004-03-22 10:00:00
2004-03-22,11:00:00,124.0,1026.0,18.5,36.7,0.7764,2004-03-22 11:00:00
2004-03-22,12:00:00,122.0,947.0,21.0,29.6,0.7263,2004-03-22 12:00:00
2004-03-22,13:00:00,107.0,955.0,21.3,28.1,0.7067,2004-03-22 13:00:00
2004-03-22,14:00:00,133.0,952.0,21.3,26.1,0.6539,2004-03-22 14:00:00
2004-03-22,15:00:00,130.0,965.0,21.3,26.8,0.6681,2004-03-22 15:00:00
2004-03-22,16:00:00,150.0,964.0,21.3,24.2,0.606,2004-03-22 16:00:00
2004-03-22,17:00:00,138.0,928.0,20.2,28.5,0.6682,2004-03-22 17:00:00
2004-03-22,18:00:00,213.0,720.0,17.0,43.1,0.8264,2004-03-22 18:00:00
2004-03-22,19:00:00,232.0,678.0,15.6,47.4,0.8347,2004-03-22 19:00:00
2004-03-22,20:00:00,238.0,678.0,15.3,47.4,0.8178,2004-03-22 20:00:00
2004-03-22,21:00:00,180.0,775.0,14.5,49.7,0.8177,2004-03-22 21:00:00
2004-03-22,22:00:00,128.0,920.0,13.9,52.0,0.8231,2004-03-22 22:00:00
2004-03-22,23:00:00,65.0,1142.0,14.5,49.4,0.8106,2004-03-22 23:00:00
2004-03-23,00:00:00,53.0,1204.0,13.8,51.4,0.8071,2004-03-23 00:00:00
2004-03-23,01:00:00,47.0,1271.0,14.0,51.3,0.8163,2004-03-23 01:00:00
2004-03-23,02:00:00,51.0,1298.0,13.0,56.8,0.8444,2004-03-23 02:00:00
2004-03-23,03:00:00,114.57692307692308,1522.0,11.0,70.0,0.9215,2004-03-23 03:00:00
2004-03-23,04:00:00,20.0,1701.0,10.1,76.8,0.9483,2004-03-23 04:00:00
2004-03-23,05:00:00,13.0,1908.0,8.8,80.5,0.9147,2004-03-23 05:00:00
2004-03-23,06:00:00,33.0,1542.0,9.6,75.4,0.9004,2004-03-23 06:00:00
2004-03-23,07:00:00,103.0,1178.0,9.8,75.0,0.9093,2004-03-23 07:00:00
2004-03-23,08:00:00,224.0,851.0,10.0,74.2,0.9117,2004-03-23 08:00:00
2004-03-23,09:00:00,244.0,684.0,11.2,69.7,0.9232,2004-03-23 09:00:00
2004-03-23,10:00:00,237.0,760.0,12.0,62.9,0.8803,2004-03-23 10:00:00
2004-03-23,11:00:00,220.0,792.0,12.8,55.8,0.821,2004-03-23 11:00:00
2004-03-23,12:00:00,207.0,837.0,13.1,54.8,0.8234,2004-03-23 12:00:00
2004-03-23,13:00:00,208.0,770.0,13.8,53.4,0.8351,2004-03-23 13:00:00
2004-03-23,14:00:00,160.0,881.0,16.0,42.4,0.7674,2004-03-23 14:00:00
2004-03-23,15:00:00,131.0,924.0,14.1,49.8,0.7971,2004-03-23 15:00:00
2004-03-23,16:00:00,128.0,944.0,12.0,61.1,0.8537,2004-03-23 16:00:00
2004-03-23,17:00:00,176.0,818.0,13.6,54.6,0.8465,2004-03-23 17:00:00
2004-03-23,18:00:00,107.0,962.0,13.7,49.5,0.7695,2004-03-23 18:00:00
2004-03-23,19:00:00,131.0,854.0,11.7,57.1,0.7822,2004-03-23 19:00:00
2004-03-23,20:00:00,166.0,812.0,11.5,58.2,0.7867,2004-03-23 20:00:00
2004-03-23,21:00:00,89.0,1006.0,12.6,54.2,0.7881,2004-03-23 21:00:00
2004-03-23,22:00:00,81.0,1141.0,12.0,54.9,0.7664,2004-03-23 22:00:00
2004-03-23,23:00:00,78.0,1105.0,11.0,61.4,0.8057,2004-03-23 23:00:00
2004-03-24,00:00:00,70.0,1137.0,11.1,62.2,0.8199,2004-03-24 00:00:00
2004-03-24,01:00:00,76.0,1151.0,10.8,62.5,0.8082,2004-03-24 01:00:00
2004-03-24,02:00:00,43.0,1320.0,11.3,60.0,0.8025,2004-03-24 02:00:00
2004-03-24,03:00:00,114.57692307692308,1493.0,10.6,61.6,0.7856,2004-03-24 03:00:00
2004-03-24,04:00:00,44.0,1477.0,10.2,62.7,0.7813,2004-03-24 04:00:00
2004-03-24,05:00:00,34.0,1572.0,10.9,58.6,0.7628,2004-03-24 05:00:00
2004-03-24,06:00:00,43.0,1496.0,10.8,57.2,0.7382,2004-03-24 06:00:00
2004-03-24,07:00:00,79.0,1186.0,10.4,59.2,0.7455,2004-03-24 07:00:00
2004-03-24,08:00:00,174.0,832.0,11.0,57.3,0.7501,2004-03-24 08:00:00
2004-03-24,09:00:00,235.0,652.0,11.2,56.9,0.7565,2004-03-24 09:00:00
2004-03-24,10:00:00,218.0,762.0,12.1,54.9,0.7734,2004-03-24 10:00:00
2004-03-24,11:00:00,136.0,950.0,15.1,44.3,0.7535,2004-03-24 11:00:00
2004-03-24,12:00:00,117.0,1012.0,15.6,40.6,0.7146,2004-03-24 12:00:00
2004-03-24,13:00:00,119.0,959.0,16.9,34.6,0.6597,2004-03-24 13:00:00
2004-03-24,14:00:00,126.0,879.0,16.6,35.6,0.6697,2004-03-24 14:00:00
2004-03-24,15:00:00,100.0,1015.0,11.3,63.9,0.8554,2004-03-24 15:00:00
2004-03-24,16:00:00,197.0,829.0,9.6,81.1,0.972,2004-03-24 16:00:00
2004-03-24,17:00:00,195.0,774.0,11.7,69.1,0.9497,2004-03-24 17:00:00
2004-03-24,18:00:00,156.0,828.0,10.7,68.5,0.8794,2004-03-24 18:00:00
2004-03-24,19:00:00,247.0,681.0,10.7,67.3,0.8643,2004-03-24 19:00:00
2004-03-24,20:00:00,190.0,795.0,10.8,65.7,0.8486,2004-03-24 20:00:00
2004-03-24,21:00:00,169.0,928.0,10.3,66.3,0.8336,2004-03-24 21:00:00
2004-03-24,22:00:00,118.0,1064.0,10.1,66.9,0.8248,2004-03-24 22:00:00
2004-03-24,23:00:00,81.0,1186.0,10.4,61.1,0.7717,2004-03-24 23:00:00
2004-03-25,00:00:00,80.0,1168.0,10.3,59.9,0.7516,2004-03-25 00:00:00
2004-03-25,01:00:00,42.0,1400.0,11.0,58.4,0.7686,2004-03-25 01:00:00
2004-03-25,02:00:00,38.0,1450.0,9.1,68.1,0.789,2004-03-25 02:00:00
2004-03-25,03:00:00,114.57692307692308,1564.0,9.5,68.2,0.8091,2004-03-25 03:00:00
2004-03-25,04:00:00,18.0,1707.0,9.3,72.3,0.8496,2004-03-25 04:00:00
2004-03-25,05:00:00,12.0,1935.0,9.9,66.8,0.8152,2004-03-25 05:00:00
2004-03-25,06:00:00,43.0,1604.0,7.6,83.2,0.8695,2004-03-25 06:00:00
2004-03-25,07:00:00,84.0,1260.0,8.1,79.0,0.8544,2004-03-25 07:00:00
2004-03-25,08:00:00,184.0,902.0,8.7,74.6,0.8429,2004-03-25 08:00:00
2004-03-25,09:00:00,202.0,740.0,8.6,75.1,0.8415,2004-03-25 09:00:00
2004-03-25,10:00:00,133.0,969.0,9.7,69.7,0.8389,2004-03-25 10:00:00
2004-03-25,11:00:00,130.0,1039.0,11.0,64.4,0.8447,2004-03-25 11:00:00
2004-03-25,12:00:00,106.0,1081.0,13.6,53.0,0.8209,2004-03-25 12:00:00
2004-03-25,13:00:00,132.0,958.0,14.2,48.4,0.778,2004-03-25 13:00:00
2004-03-25,14:00:00,106.0,976.0,14.2,46.3,0.7438,2004-03-25 14:00:00
2004-03-25,15:00:00,125.0,986.0,16.0,41.3,0.7462,2004-03-25 15:00:00
2004-03-25,16:00:00,138.0,939.0,17.7,35.4,0.7094,2004-03-25 16:00:00
2004-03-25,17:00:00,120.0,968.0,17.1,37.4,0.7225,2004-03-25 17:00:00
2004-03-25,18:00:00,158.0,836.0,14.9,40.5,0.6835,2004-03-25 18:00:00
2004-03-25,19:00:00,253.0,666.0,13.4,47.8,0.7293,2004-03-25 19:00:00
2004-03-25,20:00:00,231.0,692.0,12.6,52.5,0.7642,2004-03-25 20:00:00
2004-03-25,21:00:00,150.0,904.0,12.2,53.2,0.7555,2004-03-25 21:00:00
2004-03-25,22:00:00,99.0,1083.0,10.6,56.1,0.714,2004-03-25 22:00:00
2004-03-25,23:00:00,75.0,1154.0,9.9,59.5,0.7276,2004-03-25 23:00:00
2004-03-26,00:00:00,93.0,1098.0,9.6,61.1,0.7323,2004-03-26 00:00:00
2004-03-26,01:00:00,79.0,1131.0,9.7,61.6,0.7425,2004-03-26 01:00:00
2004-03-26,02:00:00,67.0,1208.0,9.4,62.6,0.7398,2004-03-26 02:00:00
2004-03-26,03:00:00,114.57692307692308,1449.0,8.2,68.5,0.7455,2004-03-26 03:00:00
2004-03-26,04:00:00,45.0,1398.0,8.0,69.4,0.7459,2004-03-26 04:00:00
2004-03-26,05:00:00,72.0,1210.0,7.7,72.4,0.7655,2004-03-26 05:00:00
2004-03-26,06:00:00,103.0,1130.0,8.0,71.8,0.7711,2004-03-26 06:00:00
2004-03-26,07:00:00,132.0,1015.0,8.5,66.3,0.7375,2004-03-26 07:00:00
2004-03-26,08:00:00,239.0,783.0,9.8,59.6,0.7214,2004-03-26 08:00:00
2004-03-26,09:00:00,275.0,682.0,11.2,57.0,0.7544,2004-03-26 09:00:00
2004-03-26,10:00:00,232.0,772.0,14.8,44.1,0.7407,2004-03-26 10:00:00
2004-03-26,11:00:00,180.0,826.0,16.8,35.3,0.6729,2004-03-26 11:00:00
2004-03-26,12:00:00,112.0,948.0,19.2,27.1,0.5976,2004-03-26 12:00:00
2004-03-26,13:00:00,116.0,915.0,19.1,26.2,0.5741,2004-03-26 13:00:00
2004-03-26,14:00:00,103.0,1015.0,16.3,30.8,0.5683,2004-03-26 14:00:00
2004-03-26,15:00:00,89.0,1152.0,14.2,36.8,0.5922,2004-03-26 15:00:00
2004-03-26,16:00:00,112.0,976.0,13.4,41.0,0.6292,2004-03-26 16:00:00
2004-03-26,17:00:00,127.0,886.0,14.2,43.3,0.6982,2004-03-26 17:00:00
2004-03-26,18:00:00,125.0,868.0,12.1,45.6,0.6403,2004-03-26 18:00:00
2004-03-26,19:00:00,120.0,876.0,10.4,48.0,0.6046,2004-03-26 19:00:00
2004-03-26,20:00:00,120.0,916.0,10.0,51.1,0.628,2004-03-26 20:00:00
2004-03-26,21:00:00,99.0,1097.0,9.8,50.8,0.6172,2004-03-26 21:00:00
2004-03-26,22:00:00,79.0,1185.0,9.7,50.4,0.6063,2004-03-26 22:00:00
2004-03-26,23:00:00,66.0,1237.0,9.9,50.2,0.6103,2004-03-26 23:00:00
2004-03-27,00:00:00,94.0,1144.0,9.4,53.4,0.63,2004-03-27 00:00:00
2004-03-27,01:00:00,70.0,1290.0,8.6,57.8,0.6488,2004-03-27 01:00:00
2004-03-27,02:00:00,75.0,1142.0,8.1,62.1,0.6746,2004-03-27 02:00:00
2004-03-27,03:00:00,114.57692307692308,1191.0,7.9,63.5,0.6777,2004-03-27 03:00:00
2004-03-27,04:00:00,57.0,1209.0,7.4,64.8,0.6683,2004-03-27 04:00:00
2004-03-27,05:00:00,32.0,1417.0,8.2,58.9,0.6444,2004-03-27 05:00:00
2004-03-27,06:00:00,54.0,1373.0,6.3,66.6,0.641,2004-03-27 06:00:00
2004-03-27,07:00:00,68.0,1270.0,7.2,62.9,0.6396,2004-03-27 07:00:00
2004-03-27,08:00:00,98.0,1050.0,7.2,63.9,0.65,2004-03-27 08:00:00
2004-03-27,09:00:00,128.0,922.0,11.1,50.5,0.6654,2004-03-27 09:00:00
2004-03-27,10:00:00,129.0,942.0,15.5,36.1,0.6313,2004-03-27 10:00:00
2004-03-27,11:00:00,130.0,992.0,17.8,29.2,0.592,2004-03-27 11:00:00
2004-03-27,12:00:00,111.0,994.0,17.6,30.1,0.6013,2004-03-27 12:00:00
2004-03-27,13:00:00,106.0,950.0,19.1,26.8,0.5861,2004-03-27 13:00:00
2004-03-27,14:00:00,137.0,888.0,17.7,28.6,0.5735,2004-03-27 14:00:00
2004-03-27,15:00:00,113.0,1051.0,17.8,28.4,0.5737,2004-03-27 15:00:00
2004-03-27,16:00:00,122.0,934.0,18.7,26.0,0.5555,2004-03-27 16:00:00
2004-03-27,17:00:00,137.0,916.0,17.1,31.3,0.6038,2004-03-27 17:00:00
2004-03-27,18:00:00,165.0,886.0,15.8,36.1,0.644,2004-03-27 18:00:00
2004-03-27,19:00:00,196.0,827.0,14.7,40.1,0.6657,2004-03-27 19:00:00
2004-03-27,20:00:00,174.0,841.0,13.6,44.9,0.6991,2004-03-27 20:00:00
2004-03-27,21:00:00,140.0,948.0,12.5,48.1,0.6946,2004-03-27 21:00:00
2004-03-27,22:00:00,102.0,1023.0,11.8,50.8,0.7042,2004-03-27 22:00:00
2004-03-27,23:00:00,130.0,906.0,10.9,56.1,0.7326,2004-03-27 23:00:00
2004-03-28,00:00:00,121.0,930.0,10.9,55.9,0.7277,2004-03-28 00:00:00
2004-03-28,01:00:00,111.0,939.0,10.3,58.1,0.7278,2004-03-28 01:00:00
2004-03-28,02:00:00,87.0,1013.0,9.3,62.2,0.7294,2004-03-28 02:00:00
2004-03-28,03:00:00,114.57692307692308,935.0,8.2,66.7,0.7276,2004-03-28 03:00:00
2004-03-28,04:00:00,77.0,1110.0,8.3,64.9,0.7124,2004-03-28 04:00:00
2004-03-28,05:00:00,39.0,1325.0,9.6,58.5,0.7,2004-03-28 05:00:00
2004-03-28,06:00:00,77.0,1251.0,7.7,66.4,0.699,2004-03-28 06:00:00
2004-03-28,07:00:00,91.0,1219.0,7.4,68.0,0.7043,2004-03-28 07:00:00
2004-03-28,08:00:00,105.0,1136.0,9.7,58.6,0.7035,2004-03-28 08:00:00
2004-03-28,09:00:00,133.0,959.0,12.5,50.1,0.7242,2004-03-28 09:00:00
2004-03-28,10:00:00,128.0,918.0,16.8,36.9,0.7018,2004-03-28 10:00:00
2004-03-28,11:00:00,126.0,933.0,19.2,31.3,0.6887,2004-03-28 11:00:00
2004-03-28,12:00:00,92.0,1020.0,21.3,26.4,0.6607,2004-03-28 12:00:00
2004-03-28,13:00:00,66.0,1159.0,21.2,23.1,0.5768,2004-03-28 13:00:00
2004-03-28,14:00:00,50.0,1285.0,18.6,25.0,0.5319,2004-03-28 14:00:00
2004-03-28,15:00:00,70.0,1189.0,18.0,27.3,0.5594,2004-03-28 15:00:00
2004-03-28,16:00:00,73.0,1213.0,18.2,28.3,0.5848,2004-03-28 16:00:00
2004-03-28,17:00:00,77.0,1217.0,17.0,31.4,0.6048,2004-03-28 17:00:00
2004-03-28,18:00:00,86.0,1174.0,15.6,35.0,0.617,2004-03-28 18:00:00
2004-03-28,19:00:00,93.0,1068.0,14.1,40.2,0.6438,2004-03-28 19:00:00
2004-03-28,20:00:00,105.0,1102.0,13.4,43.2,0.6623,2004-03-28 20:00:00
2004-03-28,21:00:00,67.0,1261.0,12.3,46.8,0.6686,2004-03-28 21:00:00
2004-03-28,22:00:00,63.0,1266.0,11.9,46.5,0.6449,2004-03-28 22:00:00
2004-03-28,23:00:00,63.0,1300.0,11.5,46.6,0.6319,2004-03-28 23:00:00
2004-03-29,00:00:00,46.0,1396.0,10.6,48.0,0.6135,2004-03-29 00:00:00
2004-03-29,01:00:00,21.0,1588.0,10.7,45.8,0.5895,2004-03-29 01:00:00
2004-03-29,02:00:00,22.0,1643.0,10.4,46.6,0.5901,2004-03-29 02:00:00
2004-03-29,03:00:00,114.57692307692308,1557.0,10.1,47.8,0.5913,2004-03-29 03:00:00
2004-03-29,04:00:00,39.0,1496.0,11.3,46.9,0.628,2004-03-29 04:00:00
2004-03-29,05:00:00,55.0,1441.0,10.1,51.2,0.6341,2004-03-29 05:00:00
2004-03-29,06:00:00,76.0,1309.0,9.9,50.7,0.6167,2004-03-29 06:00:00
2004-03-29,07:00:00,181.0,844.0,8.1,56.8,0.615,2004-03-29 07:00:00
2004-03-29,08:00:00,259.0,714.0,10.9,44.1,0.5748,2004-03-29 08:00:00
2004-03-29,09:00:00,118.0,1111.0,11.8,37.6,0.5184,2004-03-29 09:00:00
2004-03-29,10:00:00,119.0,1133.0,13.9,33.2,0.5222,2004-03-29 10:00:00
2004-03-29,11:00:00,123.0,1105.0,15.6,30.1,0.5285,2004-03-29 11:00:00
2004-03-29,12:00:00,92.0,1129.0,16.5,29.0,0.5406,2004-03-29 12:00:00
2004-03-29,13:00:00,91.0,1070.0,17.5,27.9,0.5517,2004-03-29 13:00:00
2004-03-29,14:00:00,103.0,1131.0,17.9,26.8,0.5446,2004-03-29 14:00:00
2004-03-29,15:00:00,102.0,1131.0,18.2,26.1,0.5387,2004-03-29 15:00:00
2004-03-29,16:00:00,94.0,1098.0,18.0,27.1,0.5522,2004-03-29 16:00:00
2004-03-29,17:00:00,98.0,996.0,17.0,28.9,0.5558,2004-03-29 17:00:00
2004-03-29,18:00:00,126.0,905.0,16.1,31.3,0.568,2004-03-29 18:00:00
2004-03-29,19:00:00,108.0,957.0,14.5,35.4,0.5839,2004-03-29 19:00:00
2004-03-29,20:00:00,95.0,1066.0,13.2,37.9,0.5733,2004-03-29 20:00:00
2004-03-29,21:00:00,78.0,1221.0,13.1,34.4,0.517,2004-03-29 21:00:00
2004-03-29,22:00:00,61.0,1278.0,13.5,28.5,0.4405,2004-03-29 22:00:00
2004-03-29,23:00:00,55.0,1339.0,12.4,31.9,0.4583,2004-03-29 23:00:00
2004-03-30,00:00:00,57.0,1418.0,13.1,26.8,0.4023,2004-03-30 00:00:00
2004-03-30,01:00:00,41.0,1468.0,11.6,33.6,0.4595,2004-03-30 01:00:00
2004-03-30,02:00:00,46.0,1402.0,10.5,42.9,0.5442,2004-03-30 02:00:00
2004-03-30,03:00:00,114.57692307692308,1457.0,11.7,38.7,0.5298,2004-03-30 03:00:00
2004-03-30,04:00:00,41.0,1462.0,12.2,37.2,0.5277,2004-03-30 04:00:00
2004-03-30,05:00:00,52.0,1341.0,12.9,33.9,0.5037,2004-03-30 05:00:00
2004-03-30,06:00:00,111.0,1080.0,11.3,40.3,0.5376,2004-03-30 06:00:00
2004-03-30,07:00:00,191.0,839.0,11.9,38.4,0.5341,2004-03-30 07:00:00
2004-03-30,08:00:00,244.0,642.0,13.3,35.6,0.5416,2004-03-30 08:00:00
2004-03-30,09:00:00,283.0,674.0,16.3,28.8,0.5305,2004-03-30 09:00:00
2004-03-30,10:00:00,320.0,695.0,17.9,28.2,0.5741,2004-03-30 10:00:00
2004-03-30,11:00:00,249.0,734.0,18.3,26.6,0.5529,2004-03-30 11:00:00
2004-03-30,12:00:00,219.0,742.0,20.8,22.5,0.5463,2004-03-30 12:00:00
2004-03-30,13:00:00,200.0,791.0,22.4,20.0,0.5352,2004-03-30 13:00:00
2004-03-30,14:00:00,138.0,942.0,20.9,21.7,0.5295,2004-03-30 14:00:00
2004-03-30,15:00:00,118.0,991.0,19.1,26.5,0.579,2004-03-30 15:00:00
2004-03-30,16:00:00,99.0,1060.0,18.1,30.6,0.6295,2004-03-30 16:00:00
2004-03-30,17:00:00,112.0,874.0,17.3,34.7,0.6788,2004-03-30 17:00:00
2004-03-30,18:00:00,117.0,853.0,15.8,40.4,0.7228,2004-03-30 18:00:00
2004-03-30,19:00:00,129.0,815.0,15.9,42.0,0.7541,2004-03-30 19:00:00
2004-03-30,20:00:00,132.0,884.0,15.9,43.5,0.779,2004-03-30 20:00:00
2004-03-30,21:00:00,73.0,1072.0,15.0,46.1,0.7833,2004-03-30 21:00:00
2004-03-30,22:00:00,68.0,1147.0,15.1,44.6,0.7574,2004-03-30 22:00:00
2004-03-30,23:00:00,80.0,1094.0,14.9,43.5,0.7302,2004-03-30 23:00:00
2004-03-31,00:00:00,68.0,1180.0,14.8,41.0,0.685,2004-03-31 00:00:00
2004-03-31,01:00:00,44.0,1287.0,14.8,40.8,0.6814,2004-03-31 01:00:00
2004-03-31,02:00:00,47.0,1222.0,14.8,40.8,0.6834,2004-03-31 02:00:00
2004-03-31,03:00:00,114.57692307692308,1613.0,14.2,36.1,0.5823,2004-03-31 03:00:00
2004-03-31,04:00:00,15.0,1699.0,14.5,36.1,0.5928,2004-03-31 04:00:00
2004-03-31,05:00:00,44.0,1473.0,14.6,36.0,0.5947,2004-03-31 05:00:00
2004-03-31,06:00:00,85.0,1220.0,14.4,38.5,0.6291,2004-03-31 06:00:00
2004-03-31,07:00:00,207.0,721.0,13.8,58.2,0.9129,2004-03-31 07:00:00
2004-03-31,08:00:00,230.0,639.0,13.2,61.1,0.9256,2004-03-31 08:00:00
2004-03-31,09:00:00,181.0,872.0,10.4,74.4,0.9384,2004-03-31 09:00:00
2004-03-31,10:00:00,144.0,957.0,11.5,71.0,0.9582,2004-03-31 10:00:00
2004-03-31,11:00:00,140.0,902.0,12.2,70.0,0.9924,2004-03-31 11:00:00
2004-03-31,12:00:00,204.0,779.0,12.3,73.3,1.0442,2004-03-31 12:00:00
2004-03-31,13:00:00,149.0,846.0,11.3,78.1,1.0411,2004-03-31 13:00:00
2004-03-31,14:00:00,171.0,804.0,13.6,69.2,1.0746,2004-03-31 14:00:00
2004-03-31,15:00:00,195.0,755.0,14.9,59.3,0.9974,2004-03-31 15:00:00
2004-03-31,16:00:00,152.0,850.0,15.7,50.9,0.8997,2004-03-31 16:00:00
2004-03-31,17:00:00,128.0,810.0,15.2,52.9,0.9087,2004-03-31 17:00:00
2004-03-31,18:00:00,121.0,821.0,15.5,50.8,0.8881,2004-03-31 18:00:00
2004-03-31,19:00:00,142.0,819.0,14.3,52.9,0.8581,2004-03-31 19:00:00
2004-03-31,20:00:00,131.0,882.0,13.2,56.0,0.8446,2004-03-31 20:00:00
2004-03-31,21:00:00,81.0,1044.0,12.6,57.0,0.8315,2004-03-31 21:00:00
2004-03-31,22:00:00,60.0,1078.0,12.3,57.8,0.8224,2004-03-31 22:00:00
2004-03-31,23:00:00,57.0,1098.0,12.0,58.4,0.8164,2004-03-31 23:00:00
2004-04-01,00:00:00,96.0,986.0,12.0,61.6,0.8593,2004-04-01 00:00:00
2004-04-01,01:00:00,85.0,1031.0,11.5,63.9,0.8652,2004-04-01 01:00:00
2004-04-01,02:00:00,50.0,1085.0,10.7,67.2,0.863,2004-04-01 02:00:00
2004-04-01,03:00:00,114.57692307692308,1099.0,9.0,73.1,0.8394,2004-04-01 03:00:00
2004-04-01,04:00:00,57.0,1237.0,10.2,66.6,0.8299,2004-04-01 04:00:00
2004-04-01,05:00:00,64.0,1176.0,11.0,63.7,0.8325,2004-04-01 05:00:00
2004-04-01,06:00:00,153.0,1002.0,9.6,68.8,0.8243,2004-04-01 06:00:00
2004-04-01,07:00:00,342.0,675.0,9.5,69.6,0.8273,2004-04-01 07:00:00
2004-04-01,08:00:00,378.0,539.0,11.9,60.9,0.8455,2004-04-01 08:00:00
2004-04-01,09:00:00,304.0,631.0,16.2,48.6,0.8892,2004-04-01 09:00:00
2004-04-01,10:00:00,192.0,800.0,19.2,39.6,0.8693,2004-04-01 10:00:00
2004-04-01,11:00:00,130.0,970.0,19.7,38.4,0.8743,2004-04-01 11:00:00
2004-04-01,12:00:00,106.0,974.0,20.6,36.7,0.8797,2004-04-01 12:00:00
2004-04-01,13:00:00,102.0,937.0,21.8,33.9,0.8771,2004-04-01 13:00:00
2004-04-01,14:00:00,99.0,901.0,22.25,32.3,0.85565,2004-04-01 14:00:00
2004-04-01,15:00:00,108.0,865.0,22.700000000000003,30.7,0.8342,2004-04-01 15:00:00
2004-04-01,16:00:00,131.0,829.0,23.150000000000002,29.1,0.81275,2004-04-01 16:00:00
2004-04-01,17:00:00,163.0,793.0,23.6,27.5,0.7913,2004-04-01 17:00:00
2004-04-01,18:00:00,211.0,700.0,22.8,32.1,0.8814,2004-04-01 18:00:00
2004-04-01,19:00:00,267.0,624.0,20.8,36.7,0.8878,2004-04-01 19:00:00
2004-04-01,20:00:00,269.0,666.0,18.3,40.9,0.8493,2004-04-01 20:00:00
2004-04-01,21:00:00,154.0,827.0,16.8,44.0,0.8341,2004-04-01 21:00:00
2004-04-01,22:00:00,127.0,844.0,15.8,48.0,0.8569,2004-04-01 22:00:00
2004-04-01,23:00:00,122.0,898.0,14.9,52.0,0.8757,2004-04-01 23:00:00
2004-04-02,00:00:00,126.0,921.0,14.1,54.4,0.8701,2004-04-02 00:00:00
2004-04-02,01:00:00,84.0,986.0,13.3,58.8,0.8922,2004-04-02 01:00:00
2004-04-02,02:00:00,58.0,1180.0,13.3,60.9,0.9229,2004-04-02 02:00:00
2004-04-02,03:00:00,114.57692307692308,1137.0,11.8,64.3,0.8869,2004-04-02 03:00:00
2004-04-02,04:00:00,37.0,1195.0,11.2,65.9,0.8775,2004-04-02 04:00:00
2004-04-02,05:00:00,56.0,1197.0,11.3,72.9,0.9738,2004-04-02 05:00:00
2004-04-02,06:00:00,91.0,1055.0,11.4,71.8,0.9671,2004-04-02 06:00:00
2004-04-02,07:00:00,159.0,798.0,11.9,73.7,1.0254,2004-04-02 07:00:00
2004-04-02,08:00:00,190.0,634.0,12.6,70.2,1.0221,2004-04-02 08:00:00
2004-04-02,09:00:00,249.0,634.0,13.6,65.3,1.0136,2004-04-02 09:00:00
2004-04-02,10:00:00,196.0,706.0,16.9,52.3,1.0013,2004-04-02 10:00:00
2004-04-02,11:00:00,180.0,738.0,19.4,44.1,0.9855,2004-04-02 11:00:00
2004-04-02,12:00:00,167.0,748.0,22.9,33.8,0.9322,2004-04-02 12:00:00
2004-04-02,13:00:00,159.0,765.0,23.6,31.3,0.9001,2004-04-02 13:00:00
2004-04-02,14:00:00,152.0,790.0,24.7,30.5,0.9371,2004-04-02 14:00:00
2004-04-02,15:00:00,149.0,809.0,26.1,27.3,0.9101,2004-04-02 15:00:00
2004-04-02,16:00:00,143.0,872.0,27.6,22.8,0.8288,2004-04-02 16:00:00
2004-04-02,17:00:00,185.0,778.0,26.9,22.3,0.7792,2004-04-02 17:00:00
2004-04-02,18:00:00,223.0,685.0,24.3,30.1,0.9012,2004-04-02 18:00:00
2004-04-02,19:00:00,215.0,641.0,21.2,40.1,0.9978,2004-04-02 19:00:00
2004-04-02,20:00:00,271.0,618.0,19.4,42.5,0.9483,2004-04-02 20:00:00
2004-04-02,21:00:00,180.0,771.0,18.5,43.0,0.9074,2004-04-02 21:00:00
2004-04-02,22:00:00,115.0,841.0,17.8,47.0,0.9467,2004-04-02 22:00:00
2004-04-02,23:00:00,149.0,761.0,16.8,53.2,1.01,2004-04-02 23:00:00
2004-04-03,00:00:00,98.0,828.0,17.1,51.8,0.999,2004-04-03 00:00:00
2004-04-03,01:00:00,73.0,936.0,16.2,54.2,0.9933,2004-04-03 01:00:00
2004-04-03,02:00:00,69.0,986.0,15.1,58.2,0.9886,2004-04-03 02:00:00
2004-04-03,03:00:00,114.57692307692308,1056.0,15.1,57.6,0.9796,2004-04-03 03:00:00
2004-04-03,04:00:00,60.0,1145.0,14.5,58.0,0.9488,2004-04-03 04:00:00
2004-04-03,05:00:00,56.0,1103.0,13.7,61.6,0.9631,2004-04-03 05:00:00
2004-04-03,06:00:00,73.0,1112.0,13.9,59.6,0.9408,2004-04-03 06:00:00
2004-04-03,07:00:00,159.0,846.0,13.3,61.7,0.9399,2004-04-03 07:00:00
2004-04-03,08:00:00,203.0,704.0,15.1,55.8,0.9486,2004-04-03 08:00:00
2004-04-03,09:00:00,211.0,720.0,17.0,50.5,0.9684,2004-04-03 09:00:00
2004-04-03,10:00:00,339.4970238095238,785.0,19.7,43.3,0.9837,2004-04-03 10:00:00
2004-04-03,11:00:00,306.3373134328358,781.0,20.7,41.7,1.0092,2004-04-03 11:00:00
2004-04-03,12:00:00,273.05970149253733,781.0,23.3,35.8,1.0098,2004-04-03 12:00:00
2004-04-03,13:00:00,253.2882882882883,866.0,23.8,30.5,0.8897,2004-04-03 13:00:00
2004-04-03,14:00:00,243.25225225225225,915.0,24.8,27.0,0.8325,2004-04-03 14:00:00
2004-04-03,15:00:00,238.64970059880238,882.0,25.0,27.5,0.8575,2004-04-03 15:00:00
2004-04-03,16:00:00,261.36716417910446,834.0,25.8,26.5,0.8675,2004-04-03 16:00:00
2004-04-03,17:00:00,308.0385756676558,812.0,25.1,27.1,0.8496,2004-04-03 17:00:00
2004-04-03,18:00:00,350.6577380952381,764.0,23.7,28.6,0.8273,2004-04-03 18:00:00
2004-04-03,19:00:00,364.00296735905044,625.0,22.1,36.8,0.9681,2004-04-03 19:00:00
2004-04-03,20:00:00,349.0949554896142,736.0,19.9,47.5,1.0912,2004-04-03 20:00:00
2004-04-03,21:00:00,289.3690476190476,873.0,18.7,50.4,1.0772,2004-04-03 21:00:00
2004-04-03,22:00:00,219.32835820895522,762.0,18.1,51.3,1.0587,2004-04-03 22:00:00
2004-04-03,23:00:00,197.87761194029852,847.0,17.5,53.8,1.0648,2004-04-03 23:00:00
2004-04-04,00:00:00,190.41964285714286,884.0,16.7,56.5,1.0634,2004-04-04 00:00:00
2004-04-04,01:00:00,157.3323353293413,929.0,15.9,59.2,1.0635,2004-04-04 01:00:00
2004-04-04,02:00:00,118.58132530120481,980.0,15.2,62.4,1.0726,2004-04-04 02:00:00
2004-04-04,03:00:00,114.57692307692308,965.0,14.7,65.0,1.0766,2004-04-04 03:00:00
2004-04-04,04:00:00,81.15361445783132,1090.0,14.3,65.3,1.0594,2004-04-04 04:00:00
2004-04-04,05:00:00,86.8018018018018,1171.0,13.7,66.5,1.0393,2004-04-04 05:00:00
2004-04-04,06:00:00,125.69161676646706,1020.0,12.9,69.1,1.0264,2004-04-04 06:00:00
2004-04-04,07:00:00,224.625748502994,1110.0,13.7,64.8,1.0135,2004-04-04 07:00:00
2004-04-04,08:00:00,344.72340425531917,1063.0,15.3,59.0,1.0181,2004-04-04 08:00:00
2004-04-04,09:00:00,361.3263473053892,868.0,18.1,49.8,1.0272,2004-04-04 09:00:00
2004-04-04,10:00:00,339.4970238095238,846.0,21.5,40.7,1.0301,2004-04-04 10:00:00
2004-04-04,11:00:00,306.3373134328358,906.0,23.3,37.1,1.0457,2004-04-04 11:00:00
2004-04-04,12:00:00,273.05970149253733,895.0,25.1,33.8,1.0594,2004-04-04 12:00:00
2004-04-04,13:00:00,253.2882882882883,969.0,25.6,32.1,1.0393,2004-04-04 13:00:00
2004-04-04,14:00:00,243.25225225225225,1057.0,25.8,31.1,1.0143,2004-04-04 14:00:00
2004-04-04,15:00:00,238.64970059880238,863.0,26.1,30.8,1.0253,2004-04-04 15:00:00
2004-04-04,16:00:00,261.36716417910446,841.0,24.4,36.0,1.085,2004-04-04 16:00:00
2004-04-04,17:00:00,308.0385756676558,845.0,23.0,36.2,1.0053,2004-04-04 17:00:00
2004-04-04,18:00:00,350.6577380952381,838.0,22.1,39.3,1.0336,2004-04-04 18:00:00
2004-04-04,19:00:00,364.00296735905044,755.0,19.8,44.6,1.0208,2004-04-04 19:00:00
2004-04-04,20:00:00,349.0949554896142,830.0,18.5,48.9,1.0323,2004-04-04 20:00:00
2004-04-04,21:00:00,289.3690476190476,989.0,16.6,56.1,1.0481,2004-04-04 21:00:00
2004-04-04,22:00:00,219.32835820895522,909.0,15.8,58.8,1.0464,2004-04-04 22:00:00
2004-04-04,23:00:00,197.87761194029852,930.0,15.3,60.8,1.0501,2004-04-04 23:00:00
2004-04-05,00:00:00,190.41964285714286,1007.0,14.7,64.4,1.0717,2004-04-05 00:00:00
2004-04-05,01:00:00,157.3323353293413,1239.0,14.8,63.3,1.0584,2004-04-05 01:00:00
2004-04-05,02:00:00,118.58132530120481,1233.0,15.0,61.5,1.0418,2004-04-05 02:00:00
2004-04-05,03:00:00,114.57692307692308,1456.0,15.5,56.9,0.9961,2004-04-05 03:00:00
2004-04-05,04:00:00,81.15361445783132,1536.0,16.0,54.0,0.9742,2004-04-05 04:00:00
2004-04-05,05:00:00,86.8018018018018,1175.0,13.5,63.9,0.9809,2004-04-05 05:00:00
2004-04-05,06:00:00,125.69161676646706,945.0,12.9,65.3,0.9688,2004-04-05 06:00:00
2004-04-05,07:00:00,224.625748502994,767.0,13.4,62.5,0.9582,2004-04-05 07:00:00
2004-04-05,08:00:00,344.72340425531917,570.0,14.5,58.8,0.963,2004-04-05 08:00:00
2004-04-05,09:00:00,361.3263473053892,647.0,15.3,56.7,0.9773,2004-04-05 09:00:00
2004-04-05,10:00:00,236.0,703.0,15.6,57.4,1.0075,2004-04-05 10:00:00
2004-04-05,11:00:00,228.0,713.0,16.6,55.2,1.0382,2004-04-05 11:00:00
2004-04-05,12:00:00,206.0,684.0,17.0,54.3,1.0434,2004-04-05 12:00:00
2004-04-05,13:00:00,188.0,682.0,18.0,51.5,1.0552,2004-04-05 13:00:00
2004-04-05,14:00:00,158.0,733.0,19.5,47.5,1.0653,2004-04-05 14:00:00
2004-04-05,15:00:00,124.0,803.0,21.6,41.7,1.0606,2004-04-05 15:00:00
2004-04-05,16:00:00,98.0,832.0,22.2,38.3,1.0106,2004-04-05 16:00:00
2004-04-05,17:00:00,160.0,678.0,20.3,42.8,1.0053,2004-04-05 17:00:00
2004-04-05,18:00:00,194.0,631.0,19.7,45.4,1.0312,2004-04-05 18:00:00
2004-04-05,19:00:00,174.0,651.0,18.8,47.5,1.0199,2004-04-05 19:00:00
2004-04-05,20:00:00,157.0,742.0,17.9,49.4,1.0064,2004-04-05 20:00:00
2004-04-05,21:00:00,109.0,852.0,17.5,50.9,1.009,2004-04-05 21:00:00
2004-04-05,22:00:00,85.0,884.0,17.4,51.8,1.023,2004-04-05 22:00:00
2004-04-05,23:00:00,90.0,890.0,17.0,53.9,1.0363,2004-04-05 23:00:00
2004-04-06,00:00:00,61.0,1065.0,16.6,55.4,1.0408,2004-04-06 00:00:00
2004-04-06,01:00:00,36.0,1188.0,15.9,57.0,1.0224,2004-04-06 01:00:00
2004-04-06,02:00:00,25.0,1357.0,15.0,59.2,1.0059,2004-04-06 02:00:00
2004-04-06,03:00:00,114.57692307692308,1267.0,14.5,61.4,1.0041,2004-04-06 03:00:00
2004-04-06,04:00:00,24.0,1303.0,14.1,61.6,0.9883,2004-04-06 04:00:00
2004-04-06,05:00:00,73.0,1141.0,14.6,58.8,0.9711,2004-04-06 05:00:00
2004-04-06,06:00:00,164.0,880.0,14.4,58.9,0.9594,2004-04-06 06:00:00
2004-04-06,07:00:00,329.0,594.0,15.3,55.2,0.9538,2004-04-06 07:00:00
2004-04-06,08:00:00,302.0,494.0,16.2,52.5,0.9576,2004-04-06 08:00:00
2004-04-06,09:00:00,256.0,588.0,18.4,46.3,0.9734,2004-04-06 09:00:00
2004-04-06,10:00:00,182.0,707.0,19.6,41.8,0.9407,2004-04-06 10:00:00
2004-04-06,11:00:00,105.0,881.0,20.2,40.1,0.937,2004-04-06 11:00:00
2004-04-06,12:00:00,136.0,715.0,20.9,36.6,0.8939,2004-04-06 12:00:00
2004-04-06,13:00:00,167.0,755.0,20.4,34.7,0.8229,2004-04-06 13:00:00
2004-04-06,14:00:00,166.0,811.0,19.3,35.4,0.7813,2004-04-06 14:00:00
2004-04-06,15:00:00,115.0,872.0,18.6,36.9,0.7829,2004-04-06 15:00:00
2004-04-06,16:00:00,109.0,849.0,18.8,36.8,0.7883,2004-04-06 16:00:00
2004-04-06,17:00:00,143.0,760.0,17.5,40.6,0.8068,2004-04-06 17:00:00
2004-04-06,18:00:00,159.0,728.0,16.8,44.3,0.8428,2004-04-06 18:00:00
2004-04-06,19:00:00,181.0,726.0,16.3,47.7,0.8746,2004-04-06 19:00:00
2004-04-06,20:00:00,178.0,724.0,15.6,50.7,0.8947,2004-04-06 20:00:00
2004-04-06,21:00:00,91.0,896.0,15.7,49.4,0.8768,2004-04-06 21:00:00
2004-04-06,22:00:00,76.0,996.0,15.8,48.6,0.8653,2004-04-06 22:00:00
2004-04-06,23:00:00,66.0,1053.0,15.7,47.0,0.8325,2004-04-06 23:00:00
2004-04-07,00:00:00,56.0,1127.0,15.7,45.9,0.8121,2004-04-07 00:00:00
2004-04-07,01:00:00,35.0,1308.0,15.6,44.9,0.792,2004-04-07 01:00:00
2004-04-07,02:00:00,21.0,1475.0,15.6,44.4,0.7827,2004-04-07 02:00:00
2004-04-07,03:00:00,114.57692307692308,1749.0,16.1,42.4,0.7718,2004-04-07 03:00:00
2004-04-07,04:00:00,12.0,1826.0,15.7,45.4,0.8063,2004-04-07 04:00:00
2004-04-07,05:00:00,22.0,1705.0,15.3,50.1,0.8617,2004-04-07 05:00:00
2004-04-07,06:00:00,55.0,1257.0,14.2,58.6,0.9443,2004-04-07 06:00:00
2004-04-07,07:00:00,152.0,777.0,14.3,58.2,0.9431,2004-04-07 07:00:00
2004-04-07,08:00:00,153.0,716.0,15.0,52.0,0.8817,2004-04-07 08:00:00
2004-04-07,09:00:00,152.0,865.0,13.6,61.4,0.9519,2004-04-07 09:00:00
2004-04-07,10:00:00,112.0,911.0,16.1,53.1,0.9675,2004-04-07 10:00:00
2004-04-07,11:00:00,119.0,991.0,16.6,44.3,0.8294,2004-04-07 11:00:00
2004-04-07,12:00:00,122.0,937.0,17.4,40.3,0.7922,2004-04-07 12:00:00
2004-04-07,13:00:00,115.0,883.0,18.1,42.2,0.8679,2004-04-07 13:00:00
2004-04-07,14:00:00,84.0,1030.0,14.4,51.8,0.8433,2004-04-07 14:00:00
2004-04-07,15:00:00,146.0,927.0,10.9,76.4,0.9953,2004-04-07 15:00:00
2004-04-07,16:00:00,65.0,1038.0,16.4,47.7,0.8819,2004-04-07 16:00:00
2004-04-07,17:00:00,120.0,847.0,18.0,37.1,0.7598,2004-04-07 17:00:00
2004-04-07,18:00:00,185.0,799.0,14.7,48.7,0.8089,2004-04-07 18:00:00
2004-04-07,19:00:00,157.0,774.0,11.3,71.3,0.9514,2004-04-07 19:00:00
2004-04-07,20:00:00,174.0,876.0,10.0,74.0,0.9087,2004-04-07 20:00:00
2004-04-07,21:00:00,62.0,1235.0,9.8,71.8,0.8702,2004-04-07 21:00:00
2004-04-07,22:00:00,81.0,1153.0,9.3,75.2,0.8796,2004-04-07 22:00:00
2004-04-07,23:00:00,118.0,957.0,9.6,76.0,0.9088,2004-04-07 23:00:00
2004-04-08,00:00:00,95.0,1074.0,9.3,75.0,0.8799,2004-04-08 00:00:00
2004-04-08,01:00:00,84.0,1016.0,9.0,76.7,0.8825,2004-04-08 01:00:00
2004-04-08,02:00:00,56.0,1087.0,8.2,79.6,0.8672,2004-04-08 02:00:00
2004-04-08,03:00:00,114.57692307692308,1183.0,7.6,80.6,0.8437,2004-04-08 03:00:00
2004-04-08,04:00:00,43.0,1366.0,8.3,75.6,0.8302,2004-04-08 04:00:00
2004-04-08,05:00:00,69.0,1291.0,8.1,72.1,0.7798,2004-04-08 05:00:00
2004-04-08,06:00:00,74.0,1169.0,8.1,70.4,0.7609,2004-04-08 06:00:00
2004-04-08,07:00:00,161.0,820.0,8.1,70.5,0.7627,2004-04-08 07:00:00
2004-04-08,08:00:00,308.0,596.0,9.9,64.3,0.7859,2004-04-08 08:00:00
2004-04-08,09:00:00,300.0,676.0,13.0,54.2,0.809,2004-04-08 09:00:00
2004-04-08,10:00:00,189.0,813.0,16.5,42.6,0.7912,2004-04-08 10:00:00
2004-04-08,11:00:00,164.0,818.0,19.3,34.2,0.7566,2004-04-08 11:00:00
2004-04-08,12:00:00,122.0,865.0,21.5,27.4,0.6941,2004-04-08 12:00:00
2004-04-08,13:00:00,166.0,816.0,20.4,26.7,0.6323,2004-04-08 13:00:00
2004-04-08,14:00:00,181.0,845.0,20.6,22.6,0.5432,2004-04-08 14:00:00
2004-04-08,15:00:00,127.0,856.0,20.6,24.8,0.5931,2004-04-08 15:00:00
2004-04-08,16:00:00,106.0,888.0,21.0,25.4,0.6264,2004-04-08 16:00:00
2004-04-08,17:00:00,192.0,723.0,21.5,24.5,0.6203,2004-04-08 17:00:00
2004-04-08,18:00:00,241.0,646.0,19.3,28.6,0.6357,2004-04-08 18:00:00
2004-04-08,19:00:00,326.0,579.0,18.0,32.9,0.6737,2004-04-08 19:00:00
2004-04-08,20:00:00,232.0,746.0,15.8,39.8,0.7096,2004-04-08 20:00:00
2004-04-08,21:00:00,92.0,968.0,15.3,41.5,0.7194,2004-04-08 21:00:00
2004-04-08,22:00:00,95.0,993.0,14.1,46.0,0.7363,2004-04-08 22:00:00
2004-04-08,23:00:00,129.0,987.92,14.016,46.876,0.7449399999999999,2004-04-08 23:00:00
2004-04-09,00:00:00,154.0,982.84,13.932,47.752,0.7535799999999999,2004-04-09 00:00:00
2004-04-09,01:00:00,118.0,977.76,13.847999999999999,48.628,0.76222,2004-04-09 01:00:00
2004-04-09,02:00:00,69.0,972.68,13.764,49.504,0.77086,2004-04-09 02:00:00
2004-04-09,03:00:00,114.57692307692308,967.6,13.68,50.38,0.7795,2004-04-09 03:00:00
2004-04-09,04:00:00,97.0,962.52,13.596,51.256,0.78814,2004-04-09 04:00:00
2004-04-09,05:00:00,145.0,957.44,13.512,52.132000000000005,0.7967799999999999,2004-04-09 05:00:00
2004-04-09,06:00:00,169.0,952.36,13.427999999999999,53.008,0.80542,2004-04-09 06:00:00
2004-04-09,07:00:00,250.0,947.28,13.344,53.884,0.81406,2004-04-09 07:00:00
2004-04-09,08:00:00,215.0,942.2,13.26,54.760000000000005,0.8227,2004-04-09 08:00:00
2004-04-09,09:00:00,237.0,937.12,13.176,55.636,0.83134,2004-04-09 09:00:00
2004-04-09,10:00:00,190.0,932.04,13.091999999999999,56.512,0.83998,2004-04-09 10:00:00
2004-04-09,11:00:00,219.0,926.96,13.008,57.388000000000005,0.84862,2004-04-09 11:00:00
2004-04-09,12:00:00,294.0,921.88,12.924,58.264,0.85726,2004-04-09 12:00:00
2004-04-09,13:00:00,253.0,916.8,12.84,59.14,0.8659,2004-04-09 13:00:00
2004-04-09,14:00:00,176.0,911.72,12.756,60.016000000000005,0.87454,2004-04-09 14:00:00
2004-04-09,15:00:00,243.0,906.64,12.672,60.892,0.8831800000000001,2004-04-09 15:00:00
2004-04-09,16:00:00,214.0,901.56,12.588,61.768,0.8918200000000001,2004-04-09 16:00:00
2004-04-09,17:00:00,141.0,896.48,12.504,62.644000000000005,0.90046,2004-04-09 17:00:00
2004-04-09,18:00:00,166.0,891.4,12.42,63.52,0.9091,2004-04-09 18:00:00
2004-04-09,19:00:00,197.0,886.3199999999999,12.336,64.396,0.91774,2004-04-09 19:00:00
2004-04-09,20:00:00,191.0,881.24,12.251999999999999,65.272,0.92638,2004-04-09 20:00:00
2004-04-09,21:00:00,159.0,876.16,12.168,66.14800000000001,0.9350200000000001,2004-04-09 21:00:00
2004-04-09,22:00:00,175.0,871.08,12.084,67.024,0.94366,2004-04-09 22:00:00
2004-04-09,23:00:00,157.0,866.0,12.0,67.9,0.9523,2004-04-09 23:00:00
2004-04-10,00:00:00,83.0,1014.0,12.0,66.9,0.9336,2004-04-10 00:00:00
2004-04-10,01:00:00,118.0,929.0,11.5,70.1,0.9503,2004-04-10 01:00:00
2004-04-10,02:00:00,101.0,951.0,11.4,69.8,0.939,2004-04-10 02:00:00
2004-04-10,03:00:00,114.57692307692308,1142.0,11.1,69.3,0.9128,2004-04-10 03:00:00
2004-04-10,04:00:00,46.0,1163.0,10.8,70.3,0.9092,2004-04-10 04:00:00
2004-04-10,05:00:00,81.0,1121.0,10.2,73.4,0.9129,2004-04-10 05:00:00
2004-04-10,06:00:00,112.0,988.0,10.8,70.5,0.9142,2004-04-10 06:00:00
2004-04-10,07:00:00,150.0,895.0,11.0,71.0,0.9279,2004-04-10 07:00:00
2004-04-10,08:00:00,138.0,837.0,12.4,64.0,0.9206,2004-04-10 08:00:00
2004-04-10,09:00:00,124.0,869.0,15.0,53.1,0.8993,2004-04-10 09:00:00
2004-04-10,10:00:00,124.0,897.0,16.6,44.4,0.8313,2004-04-10 10:00:00
2004-04-10,11:00:00,115.0,971.0,18.0,38.4,0.7862,2004-04-10 11:00:00
2004-04-10,12:00:00,101.0,973.0,20.6,30.0,0.7213,2004-04-10 12:00:00
2004-04-10,13:00:00,90.0,1054.0,19.9,26.7,0.6137,2004-04-10 13:00:00
2004-04-10,14:00:00,90.0,1152.0,19.8,23.1,0.5283,2004-04-10 14:00:00
2004-04-10,15:00:00,89.0,1055.0,21.4,22.7,0.5722,2004-04-10 15:00:00
2004-04-10,16:00:00,92.0,1084.0,22.1,21.3,0.5605,2004-04-10 16:00:00
2004-04-10,17:00:00,103.0,1027.0,21.1,24.5,0.604,2004-04-10 17:00:00
2004-04-10,18:00:00,122.0,949.0,18.3,31.6,0.6562,2004-04-10 18:00:00
2004-04-10,19:00:00,159.0,871.0,16.1,35.0,0.6372,2004-04-10 19:00:00
2004-04-10,20:00:00,172.0,861.0,14.8,41.5,0.6929,2004-04-10 20:00:00
2004-04-10,21:00:00,125.0,916.0,13.2,50.3,0.7577,2004-04-10 21:00:00
2004-04-10,22:00:00,187.0,812.0,12.3,55.5,0.7916,2004-04-10 22:00:00
2004-04-10,23:00:00,174.0,844.0,11.8,56.6,0.7833,2004-04-10 23:00:00
2004-04-11,00:00:00,75.0,1047.0,11.2,56.2,0.7469,2004-04-11 00:00:00
2004-04-11,01:00:00,48.0,1144.0,11.0,56.6,0.7418,2004-04-11 01:00:00
2004-04-11,02:00:00,61.0,1160.0,9.3,64.3,0.7531,2004-04-11 02:00:00
2004-04-11,03:00:00,114.57692307692308,1162.0,8.8,66.0,0.7501,2004-04-11 03:00:00
2004-04-11,04:00:00,38.0,1224.0,7.8,70.4,0.7463,2004-04-11 04:00:00
2004-04-11,05:00:00,38.0,1244.0,7.7,70.7,0.7463,2004-04-11 05:00:00
2004-04-11,06:00:00,41.0,1259.0,7.4,71.0,0.7346,2004-04-11 06:00:00
2004-04-11,07:00:00,51.0,1240.0,8.2,66.6,0.7283,2004-04-11 07:00:00
2004-04-11,08:00:00,61.0,1196.0,8.7,64.3,0.7267,2004-04-11 08:00:00
2004-04-11,09:00:00,47.0,1177.0,13.0,47.9,0.7116,2004-04-11 09:00:00
2004-04-11,10:00:00,87.0,1040.0,17.4,35.4,0.699,2004-04-11 10:00:00
2004-04-11,11:00:00,107.0,1014.0,20.2,29.2,0.683,2004-04-11 11:00:00
2004-04-11,12:00:00,161.0,969.0,22.7,22.9,0.6224,2004-04-11 12:00:00
2004-04-11,13:00:00,61.0,1209.0,22.3,22.4,0.5955,2004-04-11 13:00:00
2004-04-11,14:00:00,26.0,1452.0,22.2,18.9,0.4993,2004-04-11 14:00:00
2004-04-11,15:00:00,42.0,1409.0,22.0,19.0,0.4969,2004-04-11 15:00:00
2004-04-11,16:00:00,55.0,1348.0,21.0,23.6,0.5788,2004-04-11 16:00:00
2004-04-11,17:00:00,65.0,1299.0,19.6,27.4,0.6162,2004-04-11 17:00:00
2004-04-11,18:00:00,75.0,1225.0,17.9,30.8,0.6258,2004-04-11 18:00:00
2004-04-11,19:00:00,93.0,1079.0,16.4,35.3,0.6532,2004-04-11 19:00:00
2004-04-11,20:00:00,63.0,1220.0,15.6,37.5,0.6575,2004-04-11 20:00:00
2004-04-11,21:00:00,60.0,1223.0,15.5,36.7,0.6438,2004-04-11 21:00:00
2004-04-11,22:00:00,63.0,1272.0,14.5,39.0,0.6428,2004-04-11 22:00:00
2004-04-11,23:00:00,66.0,1256.0,14.2,38.2,0.6163,2004-04-11 23:00:00
2004-04-12,00:00:00,41.0,1474.0,13.7,38.3,0.5957,2004-04-12 00:00:00
2004-04-12,01:00:00,42.0,1615.0,14.1,34.0,0.5442,2004-04-12 01:00:00
2004-04-12,02:00:00,36.0,1448.0,14.6,34.0,0.5605,2004-04-12 02:00:00
2004-04-12,03:00:00,114.57692307692308,1452.0,14.4,32.8,0.5364,2004-04-12 03:00:00
2004-04-12,04:00:00,16.0,1822.0,13.9,30.9,0.4868,2004-04-12 04:00:00
2004-04-12,05:00:00,16.0,1923.0,13.5,37.9,0.5852,2004-04-12 05:00:00
2004-04-12,06:00:00,33.0,1756.0,13.9,43.6,0.6871,2004-04-12 06:00:00
2004-04-12,07:00:00,39.0,1613.0,13.5,50.1,0.7706,2004-04-12 07:00:00
2004-04-12,08:00:00,45.0,1453.0,13.3,53.6,0.8169,2004-04-12 08:00:00
2004-04-12,09:00:00,63.0,1268.0,13.4,56.0,0.8576,2004-04-12 09:00:00
2004-04-12,10:00:00,71.0,1210.0,13.0,59.6,0.886,2004-04-12 10:00:00
2004-04-12,11:00:00,104.0,1105.0,12.7,62.7,0.9173,2004-04-12 11:00:00
2004-04-12,12:00:00,85.0,1201.0,12.1,60.5,0.8505,2004-04-12 12:00:00
2004-04-12,13:00:00,53.0,1415.0,11.2,64.4,0.8537,2004-04-12 13:00:00
2004-04-12,14:00:00,58.0,1415.0,10.7,67.6,0.8703,2004-04-12 14:00:00
2004-04-12,15:00:00,89.0,1189.0,11.4,61.2,0.8236,2004-04-12 15:00:00
2004-04-12,16:00:00,96.0,1222.0,9.9,70.5,0.8581,2004-04-12 16:00:00
2004-04-12,17:00:00,88.0,1197.0,10.3,65.2,0.8151,2004-04-12 17:00:00
2004-04-12,18:00:00,100.0,1149.0,11.0,58.9,0.7714,2004-04-12 18:00:00
2004-04-12,19:00:00,127.0,1065.0,10.6,59.5,0.7595,2004-04-12 19:00:00
2004-04-12,20:00:00,88.0,1176.0,10.6,57.7,0.7362,2004-04-12 20:00:00
2004-04-12,21:00:00,66.0,1269.0,10.6,56.1,0.7149,2004-04-12 21:00:00
2004-04-12,22:00:00,61.0,1271.0,10.3,58.0,0.7239,2004-04-12 22:00:00
2004-04-12,23:00:00,54.0,1322.0,10.4,58.4,0.7352,2004-04-12 23:00:00
2004-04-13,00:00:00,46.0,1368.0,10.7,58.2,0.7459,2004-04-13 00:00:00
2004-04-13,01:00:00,25.0,1499.0,10.5,59.9,0.7624,2004-04-13 01:00:00
2004-04-13,02:00:00,18.0,1581.0,10.5,60.8,0.7704,2004-04-13 02:00:00
2004-04-13,03:00:00,114.57692307692308,1482.0,10.6,63.1,0.8068,2004-04-13 03:00:00
2004-04-13,04:00:00,21.0,1565.0,11.1,60.1,0.7925,2004-04-13 04:00:00
2004-04-13,05:00:00,76.0,1251.0,10.1,68.4,0.8443,2004-04-13 05:00:00
2004-04-13,06:00:00,149.0,960.0,10.0,68.7,0.8456,2004-04-13 06:00:00
2004-04-13,07:00:00,328.0,667.0,11.0,64.2,0.8398,2004-04-13 07:00:00
2004-04-13,08:00:00,282.0,620.0,12.0,58.1,0.8138,2004-04-13 08:00:00
2004-04-13,09:00:00,206.0,797.0,12.8,52.0,0.7643,2004-04-13 09:00:00
2004-04-13,10:00:00,133.0,956.0,12.6,50.8,0.7387,2004-04-13 10:00:00
2004-04-13,11:00:00,137.0,934.0,13.8,47.4,0.7435,2004-04-13 11:00:00
2004-04-13,12:00:00,116.0,972.0,15.1,42.7,0.7294,2004-04-13 12:00:00
2004-04-13,13:00:00,112.0,994.0,16.3,38.1,0.7006,2004-04-13 13:00:00
2004-04-13,14:00:00,128.0,935.0,16.6,36.7,0.6867,2004-04-13 14:00:00
2004-04-13,15:00:00,145.0,877.0,15.8,40.5,0.7241,2004-04-13 15:00:00
2004-04-13,16:00:00,110.0,920.0,16.3,41.8,0.7712,2004-04-13 16:00:00
2004-04-13,17:00:00,184.0,755.0,16.1,42.8,0.7783,2004-04-13 17:00:00
2004-04-13,18:00:00,243.0,630.0,15.3,46.8,0.8074,2004-04-13 18:00:00
2004-04-13,19:00:00,259.0,631.0,14.7,47.0,0.7815,2004-04-13 19:00:00
2004-04-13,20:00:00,205.0,726.0,14.1,49.6,0.7931,2004-04-13 20:00:00
2004-04-13,21:00:00,144.0,845.0,13.5,54.1,0.8351,2004-04-13 21:00:00
2004-04-13,22:00:00,152.0,843.0,12.3,59.2,0.8461,2004-04-13 22:00:00
2004-04-13,23:00:00,108.0,925.0,11.6,62.2,0.851,2004-04-13 23:00:00
2004-04-14,00:00:00,64.0,1032.0,11.5,61.4,0.8303,2004-04-14 00:00:00
2004-04-14,01:00:00,73.0,1086.0,10.9,64.6,0.8395,2004-04-14 01:00:00
2004-04-14,02:00:00,47.0,1207.0,11.1,63.2,0.8331,2004-04-14 02:00:00
2004-04-14,03:00:00,114.57692307692308,1325.0,10.7,64.4,0.8284,2004-04-14 03:00:00
2004-04-14,04:00:00,45.0,1349.0,10.7,63.8,0.8174,2004-04-14 04:00:00
2004-04-14,05:00:00,79.0,1191.0,10.2,65.8,0.8196,2004-04-14 05:00:00
2004-04-14,06:00:00,113.0,947.0,10.3,65.6,0.8225,2004-04-14 06:00:00
2004-04-14,07:00:00,263.0,669.0,10.8,64.0,0.8307,2004-04-14 07:00:00
2004-04-14,08:00:00,275.0,569.0,13.3,55.6,0.8453,2004-04-14 08:00:00
2004-04-14,09:00:00,263.0,659.0,15.8,46.8,0.8328,2004-04-14 09:00:00
2004-04-14,10:00:00,183.0,780.0,19.5,34.4,0.7738,2004-04-14 10:00:00
2004-04-14,11:00:00,147.0,882.0,21.1,30.2,0.745,2004-04-14 11:00:00
2004-04-14,12:00:00,132.0,859.0,18.4,34.2,0.7185,2004-04-14 12:00:00
2004-04-14,13:00:00,253.2882882882883,877.0,21.0,30.6,0.7538,2004-04-14 13:00:00
2004-04-14,14:00:00,243.25225225225225,788.0,21.4,28.7,0.7231,2004-04-14 14:00:00
2004-04-14,15:00:00,238.64970059880238,790.0,21.3,27.3,0.6856,2004-04-14 15:00:00
2004-04-14,16:00:00,261.36716417910446,895.0,20.4,30.4,0.7193,2004-04-14 16:00:00
2004-04-14,17:00:00,308.0385756676558,826.0,18.7,34.8,0.7436,2004-04-14 17:00:00
2004-04-14,18:00:00,350.6577380952381,799.0,18.6,34.7,0.7369,2004-04-14 18:00:00
2004-04-14,19:00:00,364.00296735905044,789.0,17.9,35.8,0.7276,2004-04-14 19:00:00
2004-04-14,20:00:00,349.0949554896142,675.0,16.5,42.1,0.7856,2004-04-14 20:00:00
2004-04-14,21:00:00,289.3690476190476,730.0,14.8,49.7,0.8321,2004-04-14 21:00:00
2004-04-14,22:00:00,219.32835820895522,870.0,13.4,54.3,0.8291,2004-04-14 22:00:00
2004-04-14,23:00:00,197.87761194029852,964.0,13.4,54.2,0.8319,2004-04-14 23:00:00
2004-04-15,00:00:00,190.41964285714286,1034.0,12.3,57.6,0.8223,2004-04-15 00:00:00
2004-04-15,01:00:00,157.3323353293413,1163.0,11.6,58.8,0.7996,2004-04-15 01:00:00
2004-04-15,02:00:00,118.58132530120481,1243.0,10.7,62.3,0.7988,2004-04-15 02:00:00
2004-04-15,03:00:00,114.57692307692308,1331.0,10.2,63.2,0.7865,2004-04-15 03:00:00
2004-04-15,04:00:00,81.15361445783132,1416.0,10.5,61.3,0.7761,2004-04-15 04:00:00
2004-04-15,05:00:00,86.8018018018018,1255.0,9.3,65.8,0.7722,2004-04-15 05:00:00
2004-04-15,06:00:00,125.69161676646706,906.0,9.1,67.4,0.7814,2004-04-15 06:00:00
2004-04-15,07:00:00,224.625748502994,625.0,10.2,62.9,0.7831,2004-04-15 07:00:00
2004-04-15,08:00:00,344.72340425531917,609.0,11.6,58.7,0.7999,2004-04-15 08:00:00
2004-04-15,09:00:00,309.0,633.0,13.5,53.4,0.8196,2004-04-15 09:00:00
2004-04-15,10:00:00,327.0,661.0,15.0,49.3,0.8364,2004-04-15 10:00:00
2004-04-15,11:00:00,299.0,661.0,17.1,42.1,0.812,2004-04-15 11:00:00
2004-04-15,12:00:00,257.0,689.0,18.4,36.9,0.7758,2004-04-15 12:00:00
2004-04-15,13:00:00,195.0,709.0,19.3,35.4,0.7824,2004-04-15 13:00:00
2004-04-15,14:00:00,231.0,681.0,19.2,35.7,0.7826,2004-04-15 14:00:00
2004-04-15,15:00:00,170.0,748.0,21.5,30.4,0.7677,2004-04-15 15:00:00
2004-04-15,16:00:00,192.0,746.0,19.6,34.6,0.7807,2004-04-15 16:00:00
2004-04-15,17:00:00,251.0,594.0,19.6,35.5,0.8017,2004-04-15 17:00:00
2004-04-15,18:00:00,289.0,533.0,18.3,44.1,0.9183,2004-04-15 18:00:00
2004-04-15,19:00:00,351.0,482.0,17.4,47.8,0.9392,2004-04-15 19:00:00
2004-04-15,20:00:00,319.0,553.0,16.8,49.8,0.9446,2004-04-15 20:00:00
2004-04-15,21:00:00,264.0,587.0,16.2,53.2,0.9723,2004-04-15 21:00:00
2004-04-15,22:00:00,144.0,802.0,14.9,59.1,0.9928,2004-04-15 22:00:00
2004-04-15,23:00:00,119.0,877.0,13.9,64.0,1.013,2004-04-15 23:00:00
2004-04-16,00:00:00,120.0,882.0,13.7,66.8,1.041,2004-04-16 00:00:00
2004-04-16,01:00:00,96.0,887.0,13.4,69.6,1.0688,2004-04-16 01:00:00
2004-04-16,02:00:00,77.0,899.0,12.8,71.9,1.0632,2004-04-16 02:00:00
2004-04-16,03:00:00,114.57692307692308,1159.0,12.9,68.5,1.0155,2004-04-16 03:00:00
2004-04-16,04:00:00,63.0,1030.0,11.9,74.8,1.038,2004-04-16 04:00:00
2004-04-16,05:00:00,97.0,941.0,11.6,76.4,1.0415,2004-04-16 05:00:00
2004-04-16,06:00:00,180.0,778.0,11.7,75.3,1.0325,2004-04-16 06:00:00
2004-04-16,07:00:00,352.0,579.0,12.8,71.0,1.0428,2004-04-16 07:00:00
2004-04-16,08:00:00,279.0,636.0,13.8,61.1,0.9595,2004-04-16 08:00:00
2004-04-16,09:00:00,186.0,827.0,15.3,51.4,0.8886,2004-04-16 09:00:00
2004-04-16,10:00:00,169.0,823.0,16.6,48.7,0.9146,2004-04-16 10:00:00
2004-04-16,11:00:00,172.0,781.0,17.6,46.7,0.9324,2004-04-16 11:00:00
2004-04-16,12:00:00,127.0,802.0,19.2,42.7,0.9425,2004-04-16 12:00:00
2004-04-16,13:00:00,230.0,653.0,15.7,62.5,1.1092,2004-04-16 13:00:00
2004-04-16,14:00:00,280.0,613.0,14.5,75.7,1.2425,2004-04-16 14:00:00
2004-04-16,15:00:00,242.0,650.0,14.4,77.4,1.2654,2004-04-16 15:00:00
2004-04-16,16:00:00,250.0,649.0,14.6,74.9,1.2391,2004-04-16 16:00:00
2004-04-16,17:00:00,309.0,582.0,14.6,76.0,1.2573,2004-04-16 17:00:00
2004-04-16,18:00:00,270.0,627.0,14.0,76.3,1.2166,2004-04-16 18:00:00
2004-04-16,19:00:00,323.0,560.0,13.9,78.0,1.2303,2004-04-16 19:00:00
2004-04-16,20:00:00,307.0,627.0,13.8,78.0,1.2229,2004-04-16 20:00:00
2004-04-16,21:00:00,224.0,737.0,13.5,79.4,1.2224,2004-04-16 21:00:00
2004-04-16,22:00:00,166.0,803.0,13.1,80.1,1.2016,2004-04-16 22:00:00
2004-04-16,23:00:00,171.0,794.0,12.8,81.0,1.1915,2004-04-16 23:00:00
2004-04-17,00:00:00,169.0,846.0,12.7,80.6,1.1819,2004-04-17 00:00:00
2004-04-17,01:00:00,120.0,869.0,12.5,81.8,1.1838,2004-04-17 01:00:00
2004-04-17,02:00:00,103.0,887.0,12.7,81.2,1.1849,2004-04-17 02:00:00
2004-04-17,03:00:00,114.57692307692308,958.0,12.4,82.4,1.1848,2004-04-17 03:00:00
2004-04-17,04:00:00,81.15361445783132,1158.0,12.6,79.9,1.1619,2004-04-17 04:00:00
2004-04-17,05:00:00,86.8018018018018,1055.0,12.8,80.0,1.1761,2004-04-17 05:00:00
2004-04-17,06:00:00,125.69161676646706,1002.0,12.6,79.9,1.1596,2004-04-17 06:00:00
2004-04-17,07:00:00,224.625748502994,905.0,12.5,79.6,1.1538,2004-04-17 07:00:00
2004-04-17,08:00:00,344.72340425531917,849.0,12.8,80.8,1.1863,2004-04-17 08:00:00
2004-04-17,09:00:00,361.3263473053892,911.0,13.5,78.1,1.1997,2004-04-17 09:00:00
2004-04-17,10:00:00,339.4970238095238,838.0,14.6,74.9,1.2348,2004-04-17 10:00:00
2004-04-17,11:00:00,306.3373134328358,969.0,16.8,61.0,1.1599,2004-04-17 11:00:00
2004-04-17,12:00:00,273.05970149253733,1054.0,18.8,50.1,1.0769,2004-04-17 12:00:00
2004-04-17,13:00:00,253.2882882882883,939.0,19.3,47.1,1.0445,2004-04-17 13:00:00
2004-04-17,14:00:00,243.25225225225225,1130.0,19.3,46.6,1.0298,2004-04-17 14:00:00
2004-04-17,15:00:00,238.64970059880238,1054.0,19.7,44.4,1.0081,2004-04-17 15:00:00
2004-04-17,16:00:00,261.36716417910446,1033.0,19.3,45.7,1.0161,2004-04-17 16:00:00
2004-04-17,17:00:00,308.0385756676558,1043.0,17.9,49.9,1.0135,2004-04-17 17:00:00
2004-04-17,18:00:00,350.6577380952381,1014.0,16.9,53.2,1.0179,2004-04-17 18:00:00
2004-04-17,19:00:00,364.00296735905044,909.0,16.1,56.0,1.0151,2004-04-17 19:00:00
2004-04-17,20:00:00,349.0949554896142,900.0,16.5,52.8,0.986,2004-04-17 20:00:00
2004-04-17,21:00:00,289.3690476190476,1022.0,16.9,51.1,0.9743,2004-04-17 21:00:00
2004-04-17,22:00:00,219.32835820895522,919.0,17.0,50.8,0.9751,2004-04-17 22:00:00
2004-04-17,23:00:00,197.87761194029852,798.0,16.9,54.8,1.0455,2004-04-17 23:00:00
2004-04-18,00:00:00,190.41964285714286,897.0,16.3,57.2,1.0492,2004-04-18 00:00:00
2004-04-18,01:00:00,157.3323353293413,942.0,16.0,56.2,1.0164,2004-04-18 01:00:00
2004-04-18,02:00:00,118.58132530120481,982.0,15.6,60.2,1.0617,2004-04-18 02:00:00
2004-04-18,03:00:00,114.57692307692308,988.0,14.6,68.2,1.1282,2004-04-18 03:00:00
2004-04-18,04:00:00,81.15361445783132,1144.0,14.3,69.6,1.1257,2004-04-18 04:00:00
2004-04-18,05:00:00,86.8018018018018,1309.0,13.8,71.9,1.1312,2004-04-18 05:00:00
2004-04-18,06:00:00,125.69161676646706,1268.0,13.8,72.7,1.1402,2004-04-18 06:00:00
2004-04-18,07:00:00,224.625748502994,1266.0,14.2,72.3,1.1632,2004-04-18 07:00:00
2004-04-18,08:00:00,344.72340425531917,1154.0,14.5,72.9,1.195,2004-04-18 08:00:00
2004-04-18,09:00:00,361.3263473053892,1052.0,14.2,75.6,1.2201,2004-04-18 09:00:00
2004-04-18,10:00:00,339.4970238095238,901.0,14.5,77.2,1.2695,2004-04-18 10:00:00
2004-04-18,11:00:00,306.3373134328358,873.0,14.9,74.5,1.253,2004-04-18 11:00:00
2004-04-18,12:00:00,273.05970149253733,980.0,15.5,67.4,1.178,2004-04-18 12:00:00
2004-04-18,13:00:00,253.2882882882883,1136.0,16.7,56.0,1.0544,2004-04-18 13:00:00
2004-04-18,14:00:00,243.25225225225225,1140.0,17.1,55.5,1.0724,2004-04-18 14:00:00
2004-04-18,15:00:00,238.64970059880238,929.0,16.2,62.4,1.1423,2004-04-18 15:00:00
2004-04-18,16:00:00,261.36716417910446,921.0,17.4,58.9,1.1567,2004-04-18 16:00:00
2004-04-18,17:00:00,308.0385756676558,916.0,17.5,54.6,1.08,2004-04-18 17:00:00
2004-04-18,18:00:00,350.6577380952381,876.0,17.5,54.2,1.0722,2004-04-18 18:00:00
2004-04-18,19:00:00,364.00296735905044,744.0,17.0,55.1,1.0621,2004-04-18 19:00:00
2004-04-18,20:00:00,349.0949554896142,847.0,16.4,57.8,1.0669,2004-04-18 20:00:00
2004-04-18,21:00:00,289.3690476190476,854.0,15.8,60.4,1.0744,2004-04-18 21:00:00
2004-04-18,22:00:00,219.32835820895522,920.0,15.5,63.3,1.1071,2004-04-18 22:00:00
2004-04-18,23:00:00,197.87761194029852,826.0,15.0,65.2,1.1045,2004-04-18 23:00:00
2004-04-19,00:00:00,190.41964285714286,871.0,14.5,67.3,1.1054,2004-04-19 00:00:00
2004-04-19,01:00:00,157.3323353293413,1029.0,14.1,70.1,1.1224,2004-04-19 01:00:00
2004-04-19,02:00:00,118.58132530120481,1103.0,13.8,73.3,1.1518,2004-04-19 02:00:00
2004-04-19,03:00:00,114.57692307692308,1275.0,13.1,78.3,1.1716,2004-04-19 03:00:00
2004-04-19,04:00:00,81.15361445783132,1238.0,13.0,78.2,1.1664,2004-04-19 04:00:00
2004-04-19,05:00:00,86.8018018018018,1242.0,14.3,70.1,1.1328,2004-04-19 05:00:00
2004-04-19,06:00:00,125.69161676646706,913.0,14.0,70.9,1.1306,2004-04-19 06:00:00
2004-04-19,07:00:00,224.625748502994,680.0,15.4,64.2,1.1123,2004-04-19 07:00:00
2004-04-19,08:00:00,344.72340425531917,652.0,16.5,57.9,1.0826,2004-04-19 08:00:00
2004-04-19,09:00:00,361.3263473053892,876.0,18.8,48.0,1.0323,2004-04-19 09:00:00
2004-04-19,10:00:00,339.4970238095238,947.0,19.5,43.3,0.9706,2004-04-19 10:00:00
2004-04-19,11:00:00,306.3373134328358,950.0,18.5,45.5,0.9606,2004-04-19 11:00:00
2004-04-19,12:00:00,273.05970149253733,811.0,18.0,46.7,0.9569,2004-04-19 12:00:00
2004-04-19,13:00:00,253.2882882882883,743.0,16.5,58.2,1.0813,2004-04-19 13:00:00
2004-04-19,14:00:00,243.25225225225225,892.0,12.1,75.6,1.0662,2004-04-19 14:00:00
2004-04-19,15:00:00,238.64970059880238,872.0,11.1,75.6,0.9974,2004-04-19 15:00:00
2004-04-19,16:00:00,261.36716417910446,797.0,10.5,79.0,1.0016,2004-04-19 16:00:00
2004-04-19,17:00:00,308.0385756676558,808.0,10.0,80.5,0.9853,2004-04-19 17:00:00
2004-04-19,18:00:00,350.6577380952381,916.0,11.3,70.5,0.9389,2004-04-19 18:00:00
2004-04-19,19:00:00,364.00296735905044,921.0,10.7,71.5,0.9197,2004-04-19 19:00:00
2004-04-19,20:00:00,349.0949554896142,960.0,9.9,74.0,0.9009,2004-04-19 20:00:00
2004-04-19,21:00:00,289.3690476190476,1085.0,10.8,68.2,0.8806,2004-04-19 21:00:00
2004-04-19,22:00:00,219.32835820895522,1056.0,10.2,74.0,0.9176,2004-04-19 22:00:00
2004-04-19,23:00:00,197.87761194029852,1017.0,10.1,77.5,0.9579,2004-04-19 23:00:00
2004-04-20,00:00:00,190.41964285714286,1136.0,9.9,77.7,0.9497,2004-04-20 00:00:00
2004-04-20,01:00:00,157.3323353293413,1222.0,9.5,80.2,0.9533,2004-04-20 01:00:00
2004-04-20,02:00:00,118.58132530120481,1429.0,9.5,79.7,0.9489,2004-04-20 02:00:00
2004-04-20,03:00:00,114.57692307692308,1587.0,9.7,78.9,0.9487,2004-04-20 03:00:00
2004-04-20,04:00:00,81.15361445783132,1523.0,9.8,80.0,0.967,2004-04-20 04:00:00
2004-04-20,05:00:00,86.8018018018018,1260.0,10.0,79.6,0.98,2004-04-20 05:00:00
2004-04-20,06:00:00,125.69161676646706,942.0,10.3,79.4,0.9927,2004-04-20 06:00:00
2004-04-20,07:00:00,224.625748502994,638.0,11.0,77.4,1.0135,2004-04-20 07:00:00
2004-04-20,08:00:00,344.72340425531917,540.0,12.3,69.2,0.9906,2004-04-20 08:00:00
2004-04-20,09:00:00,361.3263473053892,637.0,14.5,60.4,0.9936,2004-04-20 09:00:00
2004-04-20,10:00:00,339.4970238095238,678.0,16.0,56.3,1.0185,2004-04-20 10:00:00
2004-04-20,11:00:00,306.3373134328358,648.0,18.1,51.1,1.0551,2004-04-20 11:00:00
2004-04-20,12:00:00,273.05970149253733,658.0,23.0,37.5,1.0389,2004-04-20 12:00:00
2004-04-20,13:00:00,253.2882882882883,720.0,21.8,39.6,1.0209,2004-04-20 13:00:00
2004-04-20,14:00:00,243.25225225225225,859.0,21.9,37.2,0.9683,2004-04-20 14:00:00
2004-04-20,15:00:00,238.64970059880238,956.0,23.8,31.4,0.9132,2004-04-20 15:00:00
2004-04-20,16:00:00,261.36716417910446,844.0,25.9,26.9,0.8845,2004-04-20 16:00:00
2004-04-20,17:00:00,308.0385756676558,712.0,25.8,29.9,0.9808,2004-04-20 17:00:00
2004-04-20,18:00:00,350.6577380952381,599.0,22.6,39.5,1.0679,2004-04-20 18:00:00
2004-04-20,19:00:00,364.00296735905044,612.0,19.9,45.0,1.0364,2004-04-20 19:00:00
2004-04-20,20:00:00,349.0949554896142,663.0,17.9,47.4,0.9657,2004-04-20 20:00:00
2004-04-20,21:00:00,289.3690476190476,792.0,16.8,50.4,0.9545,2004-04-20 21:00:00
2004-04-20,22:00:00,219.32835820895522,932.0,16.0,52.0,0.9375,2004-04-20 22:00:00
2004-04-20,23:00:00,197.87761194029852,866.0,14.2,59.1,0.952,2004-04-20 23:00:00
2004-04-21,00:00:00,190.41964285714286,1071.0,14.2,56.7,0.9111,2004-04-21 00:00:00
2004-04-21,01:00:00,157.3323353293413,976.0,12.2,67.7,0.9625,2004-04-21 01:00:00
2004-04-21,02:00:00,118.58132530120481,1172.0,13.2,61.7,0.9328,2004-04-21 02:00:00
2004-04-21,03:00:00,114.57692307692308,1197.0,10.9,71.0,0.9249,2004-04-21 03:00:00
2004-04-21,04:00:00,81.15361445783132,1301.0,11.3,67.6,0.9038,2004-04-21 04:00:00
2004-04-21,05:00:00,86.8018018018018,1160.0,10.1,71.8,0.888,2004-04-21 05:00:00
2004-04-21,06:00:00,125.69161676646706,887.0,10.2,70.9,0.8841,2004-04-21 06:00:00
2004-04-21,07:00:00,224.625748502994,572.0,11.8,66.0,0.9085,2004-04-21 07:00:00
2004-04-21,08:00:00,344.72340425531917,478.0,14.0,58.2,0.9271,2004-04-21 08:00:00
2004-04-21,09:00:00,361.3263473053892,619.0,17.0,50.2,0.9646,2004-04-21 09:00:00
2004-04-21,10:00:00,339.4970238095238,668.0,22.3,36.9,0.9838,2004-04-21 10:00:00
2004-04-21,11:00:00,306.3373134328358,849.0,24.4,30.9,0.934,2004-04-21 11:00:00
2004-04-21,12:00:00,273.05970149253733,900.0,25.9,26.7,0.8771,2004-04-21 12:00:00
2004-04-21,13:00:00,253.2882882882883,914.0,25.8,26.1,0.854,2004-04-21 13:00:00
2004-04-21,14:00:00,243.25225225225225,953.0,26.3,24.8,0.8393,2004-04-21 14:00:00
2004-04-21,15:00:00,238.64970059880238,988.0,27.0,22.2,0.7805,2004-04-21 15:00:00
2004-04-21,16:00:00,261.36716417910446,944.0,27.3,20.5,0.7308,2004-04-21 16:00:00
2004-04-21,17:00:00,308.0385756676558,765.0,25.8,24.1,0.7912,2004-04-21 17:00:00
2004-04-21,18:00:00,350.6577380952381,601.0,25.3,28.9,0.9151,2004-04-21 18:00:00
2004-04-21,19:00:00,364.00296735905044,584.0,23.8,33.7,0.9786,2004-04-21 19:00:00
2004-04-21,20:00:00,349.0949554896142,635.0,21.4,36.0,0.9059,2004-04-21 20:00:00
2004-04-21,21:00:00,289.3690476190476,753.0,19.8,39.5,0.9016,2004-04-21 21:00:00
2004-04-21,22:00:00,219.32835820895522,847.0,19.2,42.1,0.9273,2004-04-21 22:00:00
2004-04-21,23:00:00,197.87761194029852,933.0,18.8,45.8,0.9855,2004-04-21 23:00:00
2004-04-22,00:00:00,190.41964285714286,973.0,17.1,50.8,0.9828,2004-04-22 00:00:00
2004-04-22,01:00:00,157.3323353293413,1058.0,16.2,53.4,0.9775,2004-04-22 01:00:00
2004-04-22,02:00:00,118.58132530120481,1141.0,16.0,53.5,0.9691,2004-04-22 02:00:00
2004-04-22,03:00:00,114.57692307692308,1242.0,14.3,59.2,0.9601,2004-04-22 03:00:00
2004-04-22,04:00:00,81.15361445783132,1295.0,13.3,62.6,0.9498,2004-04-22 04:00:00
2004-04-22,05:00:00,86.8018018018018,1276.0,13.4,59.5,0.9097,2004-04-22 05:00:00
2004-04-22,06:00:00,125.69161676646706,990.0,12.2,64.1,0.9062,2004-04-22 06:00:00
2004-04-22,07:00:00,224.625748502994,767.0,13.9,57.2,0.9029,2004-04-22 07:00:00
2004-04-22,08:00:00,344.72340425531917,623.0,15.2,53.2,0.9107,2004-04-22 08:00:00
2004-04-22,09:00:00,361.3263473053892,593.0,19.2,41.6,0.9154,2004-04-22 09:00:00
2004-04-22,10:00:00,339.4970238095238,694.0,23.7,30.6,0.8854,2004-04-22 10:00:00
2004-04-22,11:00:00,306.3373134328358,766.0,26.1,26.8,0.8921,2004-04-22 11:00:00
2004-04-22,12:00:00,273.05970149253733,814.0,28.1,24.4,0.9138,2004-04-22 12:00:00
2004-04-22,13:00:00,253.2882882882883,893.0,28.3,23.9,0.906,2004-04-22 13:00:00
2004-04-22,14:00:00,243.25225225225225,908.0,28.0,21.0,0.7814,2004-04-22 14:00:00
2004-04-22,15:00:00,238.64970059880238,824.0,30.8,16.4,0.7167,2004-04-22 15:00:00
2004-04-22,16:00:00,261.36716417910446,806.0,31.3,16.2,0.7262,2004-04-22 16:00:00
2004-04-22,17:00:00,308.0385756676558,679.0,29.4,20.5,0.8262,2004-04-22 17:00:00
2004-04-22,18:00:00,350.6577380952381,661.0,25.8,24.3,0.794,2004-04-22 18:00:00
2004-04-22,19:00:00,364.00296735905044,587.0,23.8,29.5,0.8559,2004-04-22 19:00:00
2004-04-22,20:00:00,349.0949554896142,701.0,22.0,34.8,0.908,2004-04-22 20:00:00
2004-04-22,21:00:00,289.3690476190476,835.0,20.2,37.4,0.8748,2004-04-22 21:00:00
2004-04-22,22:00:00,219.32835820895522,982.0,19.3,38.8,0.8559,2004-04-22 22:00:00
2004-04-22,23:00:00,197.87761194029852,976.0,17.9,43.7,0.8856,2004-04-22 23:00:00
2004-04-23,00:00:00,190.41964285714286,873.0,17.2,47.9,0.9334,2004-04-23 00:00:00
2004-04-23,01:00:00,157.3323353293413,958.0,16.3,49.7,0.916,2004-04-23 01:00:00
2004-04-23,02:00:00,118.58132530120481,1155.0,16.7,46.5,0.8755,2004-04-23 02:00:00
2004-04-23,03:00:00,114.57692307692308,1202.0,14.6,53.0,0.8775,2004-04-23 03:00:00
2004-04-23,04:00:00,81.15361445783132,1213.0,14.1,53.9,0.8633,2004-04-23 04:00:00
2004-04-23,05:00:00,59.0,1186.0,14.2,52.2,0.8413,2004-04-23 05:00:00
2004-04-23,06:00:00,72.0,1041.0,14.3,55.4,0.9003,2004-04-23 06:00:00
2004-04-23,07:00:00,244.0,627.0,14.0,58.0,0.9202,2004-04-23 07:00:00
2004-04-23,08:00:00,351.0,523.0,15.4,53.3,0.9289,2004-04-23 08:00:00
2004-04-23,09:00:00,358.0,621.0,19.1,42.1,0.9233,2004-04-23 09:00:00
2004-04-23,10:00:00,245.0,706.0,23.7,31.0,0.8968,2004-04-23 10:00:00
2004-04-23,11:00:00,240.0,677.0,26.9,25.7,0.8942,2004-04-23 11:00:00
2004-04-23,12:00:00,179.0,728.0,29.7,20.6,0.8478,2004-04-23 12:00:00
2004-04-23,13:00:00,160.0,757.0,29.2,21.5,0.8573,2004-04-23 13:00:00
2004-04-23,14:00:00,174.0,729.0,29.6,20.1,0.8181,2004-04-23 14:00:00
2004-04-23,15:00:00,260.0,680.0,30.0,19.4,0.81,2004-04-23 15:00:00
2004-04-23,16:00:00,281.0,679.0,29.5,20.1,0.8136,2004-04-23 16:00:00
2004-04-23,17:00:00,284.0,599.0,27.0,26.8,0.9403,2004-04-23 17:00:00
2004-04-23,18:00:00,250.0,615.0,24.9,30.8,0.954,2004-04-23 18:00:00
2004-04-23,19:00:00,281.0,557.0,23.1,36.7,1.0244,2004-04-23 19:00:00
2004-04-23,20:00:00,230.0,660.0,21.5,40.8,1.0333,2004-04-23 20:00:00
2004-04-23,21:00:00,98.0,816.0,20.5,41.5,0.9864,2004-04-23 21:00:00
2004-04-23,22:00:00,121.0,770.0,19.2,44.9,0.9875,2004-04-23 22:00:00
2004-04-23,23:00:00,110.0,777.0,18.8,47.7,1.0221,2004-04-23 23:00:00
2004-04-24,00:00:00,161.0,736.0,18.2,49.7,1.0284,2004-04-24 00:00:00
2004-04-24,01:00:00,148.0,707.0,16.1,57.4,1.0451,2004-04-24 01:00:00
2004-04-24,02:00:00,109.0,827.0,16.3,55.3,1.0178,2004-04-24 02:00:00
2004-04-24,03:00:00,114.57692307692308,916.0,15.7,53.6,0.9483,2004-04-24 03:00:00
2004-04-24,04:00:00,45.0,1045.0,16.9,49.8,0.9514,2004-04-24 04:00:00
2004-04-24,05:00:00,71.0,1045.0,14.8,57.7,0.9644,2004-04-24 05:00:00
2004-04-24,06:00:00,75.0,931.0,14.0,59.7,0.9499,2004-04-24 06:00:00
2004-04-24,07:00:00,106.0,794.0,14.6,56.8,0.9385,2004-04-24 07:00:00
2004-04-24,08:00:00,166.0,681.0,16.7,51.9,0.9788,2004-04-24 08:00:00
2004-04-24,09:00:00,188.0,685.0,20.0,45.0,1.039,2004-04-24 09:00:00
2004-04-24,10:00:00,161.0,787.0,23.9,33.7,0.9837,2004-04-24 10:00:00
2004-04-24,11:00:00,139.0,765.0,26.8,29.5,1.0209,2004-04-24 11:00:00
2004-04-24,12:00:00,134.0,738.0,27.2,32.4,1.1493,2004-04-24 12:00:00
2004-04-24,13:00:00,84.0,879.0,26.9,32.1,1.1217,2004-04-24 13:00:00
2004-04-24,14:00:00,98.0,798.0,24.3,41.8,1.2561,2004-04-24 14:00:00
2004-04-24,15:00:00,91.0,884.0,25.6,36.0,1.1629,2004-04-24 15:00:00
2004-04-24,16:00:00,99.0,845.0,27.0,31.8,1.1176,2004-04-24 16:00:00
2004-04-24,17:00:00,90.0,860.0,27.5,31.6,1.1417,2004-04-24 17:00:00
2004-04-24,18:00:00,147.0,725.0,24.9,38.1,1.1838,2004-04-24 18:00:00
2004-04-24,19:00:00,177.0,661.0,23.4,39.7,1.1276,2004-04-24 19:00:00
2004-04-24,20:00:00,162.0,651.0,21.2,50.8,1.2631,2004-04-24 20:00:00
2004-04-24,21:00:00,88.0,906.0,15.6,73.5,1.2953,2004-04-24 21:00:00
2004-04-24,22:00:00,53.0,1157.0,12.9,79.7,1.1774,2004-04-24 22:00:00
2004-04-24,23:00:00,68.0,1157.0,11.5,76.9,1.0436,2004-04-24 23:00:00
2004-04-25,00:00:00,61.0,1181.0,12.2,66.8,0.9455,2004-04-25 00:00:00
2004-04-25,01:00:00,71.0,1131.0,12.4,64.1,0.9209,2004-04-25 01:00:00
2004-04-25,02:00:00,63.0,1161.0,12.7,58.7,0.8605,2004-04-25 02:00:00
2004-04-25,03:00:00,114.57692307692308,1083.0,12.6,58.6,0.8529,2004-04-25 03:00:00
2004-04-25,04:00:00,23.0,1535.0,12.5,51.2,0.7374,2004-04-25 04:00:00
2004-04-25,05:00:00,14.0,1783.0,12.5,50.9,0.7346,2004-04-25 05:00:00
2004-04-25,06:00:00,34.0,1718.0,12.8,49.3,0.7285,2004-04-25 06:00:00
2004-04-25,07:00:00,42.0,1496.0,13.5,48.6,0.7487,2004-04-25 07:00:00
2004-04-25,08:00:00,40.0,1476.0,14.4,45.9,0.7476,2004-04-25 08:00:00
2004-04-25,09:00:00,48.0,1370.0,15.1,43.9,0.7487,2004-04-25 09:00:00
2004-04-25,10:00:00,61.0,1346.0,16.6,38.6,0.7236,2004-04-25 10:00:00
2004-04-25,11:00:00,58.0,1320.0,17.2,35.0,0.6789,2004-04-25 11:00:00
2004-04-25,12:00:00,57.0,1290.0,17.4,33.9,0.6683,2004-04-25 12:00:00
2004-04-25,13:00:00,54.0,1389.0,17.9,30.7,0.6234,2004-04-25 13:00:00
2004-04-25,14:00:00,41.0,1488.0,18.3,27.2,0.5675,2004-04-25 14:00:00
2004-04-25,15:00:00,57.0,1343.0,19.4,25.7,0.5738,2004-04-25 15:00:00
2004-04-25,16:00:00,83.0,1274.0,20.2,24.1,0.563,2004-04-25 16:00:00
2004-04-25,17:00:00,81.0,1228.0,19.6,24.9,0.5625,2004-04-25 17:00:00
2004-04-25,18:00:00,98.0,1122.0,18.5,27.8,0.5843,2004-04-25 18:00:00
2004-04-25,19:00:00,124.0,883.0,17.8,30.3,0.6129,2004-04-25 19:00:00
2004-04-25,20:00:00,133.0,976.0,16.6,34.0,0.6353,2004-04-25 20:00:00
2004-04-25,21:00:00,100.0,1103.0,15.5,37.0,0.6447,2004-04-25 21:00:00
2004-04-25,22:00:00,116.0,875.0,14.8,39.5,0.6595,2004-04-25 22:00:00
2004-04-25,23:00:00,102.0,1013.0,14.5,42.0,0.6896,2004-04-25 23:00:00
2004-04-26,00:00:00,55.0,1192.0,14.1,44.9,0.7206,2004-04-26 00:00:00
2004-04-26,01:00:00,33.0,1361.0,14.2,45.5,0.7333,2004-04-26 01:00:00
2004-04-26,02:00:00,17.0,1513.0,14.1,45.3,0.7247,2004-04-26 02:00:00
2004-04-26,03:00:00,114.57692307692308,1722.0,14.0,44.3,0.7038,2004-04-26 03:00:00
2004-04-26,04:00:00,10.0,1826.0,14.1,43.0,0.689,2004-04-26 04:00:00
2004-04-26,05:00:00,35.0,1575.0,13.9,43.9,0.6923,2004-04-26 05:00:00
2004-04-26,06:00:00,70.0,1271.0,14.0,43.8,0.6959,2004-04-26 06:00:00
2004-04-26,07:00:00,116.0,982.0,14.4,43.6,0.7113,2004-04-26 07:00:00
2004-04-26,08:00:00,134.0,917.0,15.0,41.7,0.7093,2004-04-26 08:00:00
2004-04-26,09:00:00,113.0,1080.0,16.3,38.4,0.7052,2004-04-26 09:00:00
2004-04-26,10:00:00,110.0,1102.0,18.3,32.3,0.676,2004-04-26 10:00:00
2004-04-26,11:00:00,98.0,1098.0,18.8,31.7,0.6821,2004-04-26 11:00:00
2004-04-26,12:00:00,96.0,1038.0,19.6,30.9,0.6968,2004-04-26 12:00:00
2004-04-26,13:00:00,95.0,1018.0,20.2,30.7,0.7176,2004-04-26 13:00:00
2004-04-26,14:00:00,86.0,1065.0,19.7,32.5,0.7396,2004-04-26 14:00:00
2004-04-26,15:00:00,86.0,1060.0,20.7,31.6,0.7602,2004-04-26 15:00:00
2004-04-26,16:00:00,91.0,1034.0,20.0,32.7,0.7545,2004-04-26 16:00:00
2004-04-26,17:00:00,119.0,864.0,18.6,35.4,0.7535,2004-04-26 17:00:00
2004-04-26,18:00:00,147.0,787.0,18.3,35.9,0.7501,2004-04-26 18:00:00
2004-04-26,19:00:00,135.0,811.0,17.8,37.5,0.7568,2004-04-26 19:00:00
2004-04-26,20:00:00,124.0,907.0,17.3,38.8,0.7584,2004-04-26 20:00:00
2004-04-26,21:00:00,89.0,1000.0,17.3,38.8,0.7596,2004-04-26 21:00:00
2004-04-26,22:00:00,79.0,1057.0,16.4,40.8,0.7542,2004-04-26 22:00:00
2004-04-26,23:00:00,63.0,1158.0,16.0,41.4,0.7487,2004-04-26 23:00:00
2004-04-27,00:00:00,39.0,1351.0,15.4,43.0,0.7482,2004-04-27 00:00:00
2004-04-27,01:00:00,25.0,1424.0,15.7,42.5,0.7539,2004-04-27 01:00:00
2004-04-27,02:00:00,19.0,1385.0,15.6,43.4,0.7651,2004-04-27 02:00:00
2004-04-27,03:00:00,114.57692307692308,1423.0,15.2,45.8,0.7864,2004-04-27 03:00:00
2004-04-27,04:00:00,34.0,1236.0,14.7,49.9,0.828,2004-04-27 04:00:00
2004-04-27,05:00:00,58.0,1143.0,15.5,47.3,0.8282,2004-04-27 05:00:00
2004-04-27,06:00:00,112.0,843.0,14.4,53.1,0.8677,2004-04-27 06:00:00
2004-04-27,07:00:00,314.0,589.0,15.9,48.5,0.8704,2004-04-27 07:00:00
2004-04-27,08:00:00,240.0,630.0,18.1,40.3,0.8294,2004-04-27 08:00:00
2004-04-27,09:00:00,128.0,938.0,19.6,35.9,0.81,2004-04-27 09:00:00
2004-04-27,10:00:00,141.0,968.0,22.8,29.1,0.796,2004-04-27 10:00:00
2004-04-27,11:00:00,118.0,979.0,24.8,25.3,0.7793,2004-04-27 11:00:00
2004-04-27,12:00:00,132.0,829.0,27.2,22.0,0.7785,2004-04-27 12:00:00
2004-04-27,13:00:00,150.0,773.0,28.2,20.4,0.7677,2004-04-27 13:00:00
2004-04-27,14:00:00,121.0,898.0,25.4,24.2,0.7733,2004-04-27 14:00:00
2004-04-27,15:00:00,149.0,840.0,25.7,23.8,0.7737,2004-04-27 15:00:00
2004-04-27,16:00:00,120.0,903.0,27.2,22.1,0.7811,2004-04-27 16:00:00
2004-04-27,17:00:00,155.0,817.0,27.0,22.3,0.786,2004-04-27 17:00:00
2004-04-27,18:00:00,172.0,766.0,24.5,27.8,0.8433,2004-04-27 18:00:00
2004-04-27,19:00:00,177.0,702.0,23.7,30.2,0.8718,2004-04-27 19:00:00
2004-04-27,20:00:00,181.0,716.0,21.5,34.5,0.8746,2004-04-27 20:00:00
2004-04-27,21:00:00,135.0,811.0,19.9,37.8,0.8675,2004-04-27 21:00:00
2004-04-27,22:00:00,99.0,905.0,18.9,40.6,0.8771,2004-04-27 22:00:00
2004-04-27,23:00:00,111.0,806.0,17.9,43.5,0.884,2004-04-27 23:00:00
2004-04-28,00:00:00,72.0,880.0,17.4,46.3,0.9112,2004-04-28 00:00:00
2004-04-28,01:00:00,54.0,999.0,18.1,44.7,0.9186,2004-04-28 01:00:00
2004-04-28,02:00:00,41.0,1139.0,16.5,50.1,0.9331,2004-04-28 02:00:00
2004-04-28,03:00:00,114.57692307692308,1167.0,14.2,56.9,0.9141,2004-04-28 03:00:00
2004-04-28,04:00:00,24.0,1209.0,14.7,56.2,0.9341,2004-04-28 04:00:00
2004-04-28,05:00:00,29.0,1191.0,16.3,52.8,0.9722,2004-04-28 05:00:00
2004-04-28,06:00:00,76.0,892.0,13.9,60.7,0.9597,2004-04-28 06:00:00
2004-04-28,07:00:00,321.0,529.0,15.0,58.3,0.9876,2004-04-28 07:00:00
2004-04-28,08:00:00,274.0,571.0,16.1,54.8,0.996,2004-04-28 08:00:00
2004-04-28,09:00:00,322.0,577.0,19.3,46.4,1.0248,2004-04-28 09:00:00
2004-04-28,10:00:00,255.0,692.0,24.2,33.8,1.0097,2004-04-28 10:00:00
2004-04-28,11:00:00,196.0,723.0,26.7,28.7,0.9895,2004-04-28 11:00:00
2004-04-28,12:00:00,136.0,755.0,27.4,28.2,1.0098,2004-04-28 12:00:00
2004-04-28,13:00:00,119.0,748.0,28.1,26.9,1.0094,2004-04-28 13:00:00
2004-04-28,14:00:00,169.0,684.0,27.7,26.5,0.9693,2004-04-28 14:00:00
2004-04-28,15:00:00,197.0,701.0,28.4,23.4,0.8935,2004-04-28 15:00:00
2004-04-28,16:00:00,140.0,768.0,28.4,26.0,0.9922,2004-04-28 16:00:00
2004-04-28,17:00:00,178.0,680.0,27.3,30.0,1.0752,2004-04-28 17:00:00
2004-04-28,18:00:00,223.0,567.0,24.3,37.3,1.1199,2004-04-28 18:00:00
2004-04-28,19:00:00,222.0,562.0,23.1,42.2,1.1746,2004-04-28 19:00:00
2004-04-28,20:00:00,265.0,597.0,21.8,43.6,1.1226,2004-04-28 20:00:00
2004-04-28,21:00:00,151.0,764.0,19.8,46.8,1.0702,2004-04-28 21:00:00
2004-04-28,22:00:00,79.0,845.0,19.6,49.8,1.1221,2004-04-28 22:00:00
2004-04-28,23:00:00,87.0,788.0,17.9,56.2,1.142,2004-04-28 23:00:00
2004-04-29,00:00:00,88.0,838.0,17.4,55.6,1.0963,2004-04-29 00:00:00
2004-04-29,01:00:00,51.0,923.0,16.8,59.5,1.1269,2004-04-29 01:00:00
2004-04-29,02:00:00,34.0,1115.0,15.9,60.1,1.0806,2004-04-29 02:00:00
2004-04-29,03:00:00,114.57692307692308,1154.0,15.6,61.2,1.0784,2004-04-29 03:00:00
2004-04-29,04:00:00,31.0,1168.0,14.6,63.4,1.0446,2004-04-29 04:00:00
2004-04-29,05:00:00,76.0,1038.0,13.3,67.0,1.0203,2004-04-29 05:00:00
2004-04-29,06:00:00,139.0,827.0,12.9,66.5,0.9846,2004-04-29 06:00:00
2004-04-29,07:00:00,293.0,539.0,14.8,61.3,1.0237,2004-04-29 07:00:00
2004-04-29,08:00:00,368.0,461.0,16.1,56.5,1.0274,2004-04-29 08:00:00
2004-04-29,09:00:00,250.0,648.0,18.6,47.8,1.0143,2004-04-29 09:00:00
2004-04-29,10:00:00,145.0,875.0,23.8,30.2,0.8771,2004-04-29 10:00:00
2004-04-29,11:00:00,110.0,971.0,25.4,25.0,0.7966,2004-04-29 11:00:00
2004-04-29,12:00:00,104.0,829.0,25.6,25.5,0.8234,2004-04-29 12:00:00
2004-04-29,13:00:00,205.0,656.0,24.9,29.9,0.9325,2004-04-29 13:00:00
2004-04-29,14:00:00,201.0,654.0,22.4,37.9,1.016,2004-04-29 14:00:00
2004-04-29,15:00:00,266.0,614.0,21.7,44.0,1.1242,2004-04-29 15:00:00
2004-04-29,16:00:00,246.0,615.0,21.4,44.4,1.1176,2004-04-29 16:00:00
2004-04-29,17:00:00,247.0,579.0,20.8,45.3,1.1016,2004-04-29 17:00:00
2004-04-29,18:00:00,271.0,553.0,20.2,48.6,1.1354,2004-04-29 18:00:00
2004-04-29,19:00:00,332.0,502.0,20.2,50.8,1.1924,2004-04-29 19:00:00
2004-04-29,20:00:00,245.0,608.0,18.6,57.6,1.2233,2004-04-29 20:00:00
2004-04-29,21:00:00,180.0,646.0,18.2,58.8,1.2173,2004-04-29 21:00:00
2004-04-29,22:00:00,156.0,694.0,17.8,61.0,1.2352,2004-04-29 22:00:00
2004-04-29,23:00:00,172.0,681.0,17.0,70.7,1.3554,2004-04-29 23:00:00
2004-04-30,00:00:00,137.0,733.0,16.2,76.9,1.4051,2004-04-30 00:00:00
2004-04-30,01:00:00,91.0,830.0,15.7,78.6,1.3943,2004-04-30 01:00:00
2004-04-30,02:00:00,80.0,897.0,15.7,78.4,1.3917,2004-04-30 02:00:00
2004-04-30,03:00:00,114.57692307692308,963.0,15.7,77.4,1.3683,2004-04-30 03:00:00
2004-04-30,04:00:00,46.0,1009.0,15.4,78.5,1.3635,2004-04-30 04:00:00
2004-04-30,05:00:00,68.0,1005.0,15.7,74.7,1.3194,2004-04-30 05:00:00
2004-04-30,06:00:00,162.0,818.0,15.9,73.1,1.3136,2004-04-30 06:00:00
2004-04-30,07:00:00,213.0,662.0,16.6,68.2,1.2737,2004-04-30 07:00:00
2004-04-30,08:00:00,161.0,638.0,18.7,57.6,1.2323,2004-04-30 08:00:00
2004-04-30,09:00:00,209.0,685.0,17.6,65.0,1.2945,2004-04-30 09:00:00
2004-04-30,10:00:00,191.0,736.0,16.3,73.2,1.3458,2004-04-30 10:00:00
2004-04-30,11:00:00,215.0,707.0,16.0,78.5,1.4209,2004-04-30 11:00:00
2004-04-30,12:00:00,212.0,673.0,17.3,72.4,1.4125,2004-04-30 12:00:00
2004-04-30,13:00:00,202.0,643.0,19.4,60.9,1.3545,2004-04-30 13:00:00
2004-04-30,14:00:00,153.0,695.0,21.4,50.9,1.2823,2004-04-30 14:00:00
2004-04-30,15:00:00,185.0,699.0,22.7,45.8,1.2465,2004-04-30 15:00:00
2004-04-30,16:00:00,210.0,644.0,20.9,60.8,1.4852,2004-04-30 16:00:00
2004-04-30,17:00:00,215.0,641.0,21.0,54.3,1.3353,2004-04-30 17:00:00
2004-04-30,18:00:00,215.0,622.0,20.8,54.4,1.3194,2004-04-30 18:00:00
2004-04-30,19:00:00,281.0,555.0,19.8,58.6,1.3392,2004-04-30 19:00:00
2004-04-30,20:00:00,254.0,625.0,19.1,61.1,1.3345,2004-04-30 20:00:00
2004-04-30,21:00:00,189.0,684.0,18.2,65.4,1.3529,2004-04-30 21:00:00
2004-04-30,22:00:00,174.0,689.0,18.1,66.1,1.3579,2004-04-30 22:00:00
2004-04-30,23:00:00,167.0,718.0,17.7,66.9,1.3422,2004-04-30 23:00:00
2004-05-01,00:00:00,185.0,709.0,17.8,66.8,1.346,2004-05-01 00:00:00
2004-05-01,01:00:00,129.0,826.0,17.3,68.3,1.3346,2004-05-01 01:00:00
2004-05-01,02:00:00,85.0,939.0,16.5,70.2,1.3099,2004-05-01 02:00:00
2004-05-01,03:00:00,114.57692307692308,950.0,15.7,73.1,1.2902,2004-05-01 03:00:00
2004-05-01,04:00:00,35.0,1134.0,16.2,69.9,1.2756,2004-05-01 04:00:00
2004-05-01,05:00:00,24.0,1205.0,16.7,67.1,1.2619,2004-05-01 05:00:00
2004-05-01,06:00:00,30.0,1180.0,16.7,66.9,1.2631,2004-05-01 06:00:00
2004-05-01,07:00:00,75.0,916.0,16.9,66.5,1.2688,2004-05-01 07:00:00
2004-05-01,08:00:00,79.0,926.0,17.7,62.0,1.2458,2004-05-01 08:00:00
2004-05-01,09:00:00,104.0,854.0,19.4,54.6,1.2184,2004-05-01 09:00:00
2004-05-01,10:00:00,118.0,886.0,21.6,46.1,1.1725,2004-05-01 10:00:00
2004-05-01,11:00:00,105.0,909.0,24.6,36.7,1.1202,2004-05-01 11:00:00
2004-05-01,12:00:00,101.0,901.0,26.0,31.9,1.0566,2004-05-01 12:00:00
2004-05-01,13:00:00,65.0,1044.0,25.6,31.5,1.0184,2004-05-01 13:00:00
2004-05-01,14:00:00,59.0,1029.0,24.8,34.8,1.0716,2004-05-01 14:00:00
2004-05-01,15:00:00,80.0,928.0,26.1,30.3,1.0101,2004-05-01 15:00:00
2004-05-01,16:00:00,98.0,949.0,25.5,33.5,1.0767,2004-05-01 16:00:00
2004-05-01,17:00:00,89.0,948.0,23.7,37.2,1.0746,2004-05-01 17:00:00
2004-05-01,18:00:00,114.0,849.0,22.3,38.9,1.0324,2004-05-01 18:00:00
2004-05-01,19:00:00,195.0,759.0,20.7,42.8,1.0298,2004-05-01 19:00:00
2004-05-01,20:00:00,156.0,835.0,19.0,51.7,1.1222,2004-05-01 20:00:00
2004-05-01,21:00:00,109.0,866.0,17.8,55.5,1.1174,2004-05-01 21:00:00
2004-05-01,22:00:00,184.0,727.0,17.4,57.6,1.1342,2004-05-01 22:00:00
2004-05-01,23:00:00,190.0,765.0,17.6,58.5,1.1645,2004-05-01 23:00:00
2004-05-02,00:00:00,105.0,876.0,17.2,59.3,1.1551,2004-05-02 00:00:00
2004-05-02,01:00:00,76.0,893.0,17.1,60.4,1.1633,2004-05-02 01:00:00
2004-05-02,02:00:00,38.0,989.0,16.4,62.2,1.1507,2004-05-02 02:00:00
2004-05-02,03:00:00,114.57692307692308,910.0,14.8,67.6,1.1352,2004-05-02 03:00:00
2004-05-02,04:00:00,26.0,1141.0,14.8,65.8,1.1028,2004-05-02 04:00:00
2004-05-02,05:00:00,33.0,1212.0,14.7,65.2,1.0811,2004-05-02 05:00:00
2004-05-02,06:00:00,57.0,1138.0,13.1,70.2,1.0554,2004-05-02 06:00:00
2004-05-02,07:00:00,48.0,1036.0,14.3,66.2,1.0728,2004-05-02 07:00:00
2004-05-02,08:00:00,87.0,951.0,16.0,61.6,1.1083,2004-05-02 08:00:00
2004-05-02,09:00:00,94.0,920.0,17.7,56.4,1.1342,2004-05-02 09:00:00
2004-05-02,10:00:00,89.0,890.0,21.3,44.7,1.1157,2004-05-02 10:00:00
2004-05-02,11:00:00,78.0,1015.0,23.6,36.4,1.0431,2004-05-02 11:00:00
2004-05-02,12:00:00,72.0,1031.0,24.3,34.0,1.0149,2004-05-02 12:00:00
2004-05-02,13:00:00,64.0,1086.0,24.4,32.7,0.9863,2004-05-02 13:00:00
2004-05-02,14:00:00,70.0,1010.0,24.6,31.7,0.9647,2004-05-02 14:00:00
2004-05-02,15:00:00,92.0,948.0,23.9,34.3,1.002,2004-05-02 15:00:00
2004-05-02,16:00:00,69.0,1047.0,25.9,28.1,0.9258,2004-05-02 16:00:00
2004-05-02,17:00:00,131.0,884.0,24.5,32.3,0.9815,2004-05-02 17:00:00
2004-05-02,18:00:00,144.0,809.0,22.6,39.3,1.06,2004-05-02 18:00:00
2004-05-02,19:00:00,209.0,736.0,21.2,47.5,1.1828,2004-05-02 19:00:00
2004-05-02,20:00:00,170.0,789.0,19.9,54.9,1.2632,2004-05-02 20:00:00
2004-05-02,21:00:00,152.0,840.0,19.4,52.1,1.1642,2004-05-02 21:00:00
2004-05-02,22:00:00,171.0,858.0,19.4,42.6,0.9485,2004-05-02 22:00:00
2004-05-02,23:00:00,153.0,923.0,19.1,44.1,0.966,2004-05-02 23:00:00
2004-05-03,00:00:00,97.0,903.0,18.0,49.3,1.0086,2004-05-03 00:00:00
2004-05-03,01:00:00,37.0,1169.0,17.6,54.6,1.0918,2004-05-03 01:00:00
2004-05-03,02:00:00,26.0,1228.0,16.4,62.1,1.1493,2004-05-03 02:00:00
2004-05-03,03:00:00,114.57692307692308,1284.0,15.6,65.3,1.1484,2004-05-03 03:00:00
2004-05-03,04:00:00,25.0,1256.0,16.0,61.4,1.1043,2004-05-03 04:00:00
2004-05-03,05:00:00,61.0,1067.0,15.8,64.3,1.1416,2004-05-03 05:00:00
2004-05-03,06:00:00,152.0,815.0,16.0,65.8,1.1844,2004-05-03 06:00:00
2004-05-03,07:00:00,283.0,577.0,16.8,62.5,1.1869,2004-05-03 07:00:00
2004-05-03,08:00:00,320.0,518.0,16.9,66.1,1.2613,2004-05-03 08:00:00
2004-05-03,09:00:00,318.0,597.0,17.4,68.9,1.3557,2004-05-03 09:00:00
2004-05-03,10:00:00,201.0,742.0,21.4,45.0,1.1291,2004-05-03 10:00:00
2004-05-03,11:00:00,135.0,858.0,23.9,30.7,0.9002,2004-05-03 11:00:00
2004-05-03,12:00:00,127.0,886.0,26.8,25.2,0.8721,2004-05-03 12:00:00
2004-05-03,13:00:00,102.0,911.0,28.4,23.6,0.8983,2004-05-03 13:00:00
2004-05-03,14:00:00,74.0,947.0,30.3,20.1,0.8539,2004-05-03 14:00:00
2004-05-03,15:00:00,81.0,896.0,30.9,19.7,0.8649,2004-05-03 15:00:00
2004-05-03,16:00:00,129.0,790.0,30.2,20.5,0.8672,2004-05-03 16:00:00
2004-05-03,17:00:00,190.0,630.0,26.4,34.6,1.1724,2004-05-03 17:00:00
2004-05-03,18:00:00,192.0,623.0,24.9,39.4,1.2268,2004-05-03 18:00:00
2004-05-03,19:00:00,163.0,660.0,23.5,43.7,1.2484,2004-05-03 19:00:00
2004-05-03,20:00:00,149.0,692.0,19.3,63.1,1.4028,2004-05-03 20:00:00
2004-05-03,21:00:00,119.0,777.0,18.7,64.6,1.3836,2004-05-03 21:00:00
2004-05-03,22:00:00,61.0,967.0,19.5,57.1,1.2806,2004-05-03 22:00:00
2004-05-03,23:00:00,84.0,872.0,18.9,62.5,1.3521,2004-05-03 23:00:00
2004-05-04,00:00:00,79.0,936.0,18.4,65.8,1.3802,2004-05-04 00:00:00
2004-05-04,01:00:00,58.0,1038.0,16.4,79.2,1.4681,2004-05-04 01:00:00
2004-05-04,02:00:00,32.0,1189.0,16.1,80.0,1.4562,2004-05-04 02:00:00
2004-05-04,03:00:00,114.57692307692308,1308.0,15.6,81.0,1.4302,2004-05-04 03:00:00
2004-05-04,04:00:00,21.0,1335.0,15.6,81.0,1.4216,2004-05-04 04:00:00
2004-05-04,05:00:00,49.0,1117.0,15.7,80.5,1.4236,2004-05-04 05:00:00
2004-05-04,06:00:00,180.0,780.0,16.0,80.8,1.4602,2004-05-04 06:00:00
2004-05-04,07:00:00,302.0,552.0,16.6,78.0,1.4572,2004-05-04 07:00:00
2004-05-04,08:00:00,258.0,556.0,16.1,79.2,1.4398,2004-05-04 08:00:00
2004-05-04,09:00:00,192.0,649.0,17.7,70.8,1.4171,2004-05-04 09:00:00
2004-05-04,10:00:00,84.0,898.0,20.3,54.8,1.2867,2004-05-04 10:00:00
2004-05-04,11:00:00,128.0,753.0,21.2,49.3,1.2271,2004-05-04 11:00:00
2004-05-04,12:00:00,145.0,725.0,21.5,47.9,1.2178,2004-05-04 12:00:00
2004-05-04,13:00:00,132.0,772.0,21.4,47.7,1.2047,2004-05-04 13:00:00
2004-05-04,14:00:00,136.0,753.0,20.4,54.0,1.2757,2004-05-04 14:00:00
2004-05-04,15:00:00,140.0,753.0,19.9,57.1,1.3158,2004-05-04 15:00:00
2004-05-04,16:00:00,55.0,971.0,19.9,55.2,1.2701,2004-05-04 16:00:00
2004-05-04,17:00:00,67.0,836.0,19.5,55.7,1.2512,2004-05-04 17:00:00
2004-05-04,18:00:00,191.0,612.0,18.3,62.8,1.3127,2004-05-04 18:00:00
2004-05-04,19:00:00,227.0,602.0,17.2,68.3,1.3289,2004-05-04 19:00:00
2004-05-04,20:00:00,264.0,591.0,16.1,75.2,1.3654,2004-05-04 20:00:00
2004-05-04,21:00:00,196.0,766.0,16.6,70.8,1.3253,2004-05-04 21:00:00
2004-05-04,22:00:00,43.0,1096.0,18.5,56.0,1.181,2004-05-04 22:00:00
2004-05-04,23:00:00,58.0,1054.0,17.3,59.5,1.1667,2004-05-04 23:00:00
2004-05-05,00:00:00,33.0,1282.0,18.6,52.3,1.1121,2004-05-05 00:00:00
2004-05-05,01:00:00,14.0,1480.0,19.0,49.8,1.0831,2004-05-05 01:00:00
2004-05-05,02:00:00,18.0,1450.0,15.7,64.5,1.14,2004-05-05 02:00:00
2004-05-05,03:00:00,114.57692307692308,1327.0,15.5,66.9,1.1691,2004-05-05 03:00:00
2004-05-05,04:00:00,28.0,1267.0,14.7,74.1,1.2302,2004-05-05 04:00:00
2004-05-05,05:00:00,56.0,1109.0,14.6,77.1,1.2727,2004-05-05 05:00:00
2004-05-05,06:00:00,108.0,912.0,14.5,78.3,1.2851,2004-05-05 06:00:00
2004-05-05,07:00:00,251.0,630.0,15.1,76.8,1.3061,2004-05-05 07:00:00
2004-05-05,08:00:00,344.72340425531917,571.0,16.4,70.8,1.3088,2004-05-05 08:00:00
2004-05-05,09:00:00,255.0,620.0,16.4,72.4,1.3379,2004-05-05 09:00:00
2004-05-05,10:00:00,214.0,737.0,16.3,68.6,1.2657,2004-05-05 10:00:00
2004-05-05,11:00:00,190.0,735.0,17.2,62.9,1.2228,2004-05-05 11:00:00
2004-05-05,12:00:00,182.0,709.0,17.4,61.1,1.206,2004-05-05 12:00:00
2004-05-05,13:00:00,202.0,618.0,16.8,66.8,1.2691,2004-05-05 13:00:00
2004-05-05,14:00:00,224.0,631.0,17.3,62.6,1.226,2004-05-05 14:00:00
2004-05-05,15:00:00,221.0,684.0,17.5,60.8,1.2029,2004-05-05 15:00:00
2004-05-05,16:00:00,126.0,824.0,17.5,59.2,1.1725,2004-05-05 16:00:00
2004-05-05,17:00:00,79.0,857.0,17.7,56.9,1.1392,2004-05-05 17:00:00
2004-05-05,18:00:00,137.0,717.0,17.1,61.5,1.1873,2004-05-05 18:00:00
2004-05-05,19:00:00,68.0,881.0,17.5,63.9,1.2667,2004-05-05 19:00:00
2004-05-05,20:00:00,96.0,850.0,15.9,70.7,1.2672,2004-05-05 20:00:00
2004-05-05,21:00:00,111.0,918.0,15.1,75.1,1.2799,2004-05-05 21:00:00
2004-05-05,22:00:00,56.0,1130.0,13.9,72.5,1.1502,2004-05-05 22:00:00
2004-05-05,23:00:00,81.0,1059.0,12.0,79.8,1.1175,2004-05-05 23:00:00
2004-05-06,00:00:00,79.0,1085.0,12.5,75.8,1.0938,2004-05-06 00:00:00
2004-05-06,01:00:00,46.0,1201.0,12.0,75.0,1.0499,2004-05-06 01:00:00
2004-05-06,02:00:00,19.0,1534.0,12.6,72.2,1.0503,2004-05-06 02:00:00
2004-05-06,03:00:00,114.57692307692308,1635.0,12.7,71.6,1.0486,2004-05-06 03:00:00
2004-05-06,04:00:00,15.0,1625.0,13.1,67.1,1.0079,2004-05-06 04:00:00
2004-05-06,05:00:00,48.0,1366.0,13.2,64.6,0.9774,2004-05-06 05:00:00
2004-05-06,06:00:00,128.0,1048.0,13.1,65.6,0.9815,2004-05-06 06:00:00
2004-05-06,07:00:00,193.0,729.0,14.7,58.5,0.9688,2004-05-06 07:00:00
2004-05-06,08:00:00,203.0,652.0,15.9,53.1,0.9529,2004-05-06 08:00:00
2004-05-06,09:00:00,220.0,705.0,17.9,46.1,0.9388,2004-05-06 09:00:00
2004-05-06,10:00:00,161.0,789.0,20.2,37.7,0.8833,2004-05-06 10:00:00
2004-05-06,11:00:00,135.0,869.0,18.5,42.8,0.9026,2004-05-06 11:00:00
2004-05-06,12:00:00,57.0,1035.0,13.0,64.3,0.9586,2004-05-06 12:00:00
2004-05-06,13:00:00,91.0,874.0,15.1,54.5,0.9309,2004-05-06 13:00:00
2004-05-06,14:00:00,219.0,733.0,13.6,65.5,1.0184,2004-05-06 14:00:00
2004-05-06,15:00:00,239.0,741.0,12.3,78.3,1.1154,2004-05-06 15:00:00
2004-05-06,16:00:00,209.0,730.0,12.7,74.2,1.0863,2004-05-06 16:00:00
2004-05-06,17:00:00,169.0,804.0,14.4,64.2,1.049,2004-05-06 17:00:00
2004-05-06,18:00:00,92.0,892.0,15.6,58.3,1.0266,2004-05-06 18:00:00
2004-05-06,19:00:00,107.0,824.0,15.0,61.4,1.0385,2004-05-06 19:00:00
2004-05-06,20:00:00,122.0,870.0,13.7,65.8,1.0254,2004-05-06 20:00:00
2004-05-06,21:00:00,100.0,973.0,12.3,66.4,0.944,2004-05-06 21:00:00
2004-05-06,22:00:00,51.0,1133.0,15.4,58.8,1.0215,2004-05-06 22:00:00
2004-05-06,23:00:00,93.0,938.0,14.1,64.9,1.0405,2004-05-06 23:00:00
2004-05-07,00:00:00,145.0,879.0,13.8,64.7,1.0168,2004-05-07 00:00:00
2004-05-07,01:00:00,106.0,896.0,13.5,67.8,1.042,2004-05-07 01:00:00
2004-05-07,02:00:00,46.0,1160.0,13.7,69.4,1.0794,2004-05-07 02:00:00
2004-05-07,03:00:00,114.57692307692308,1227.0,13.9,67.7,1.0712,2004-05-07 03:00:00
2004-05-07,04:00:00,32.0,1269.0,14.0,67.8,1.0787,2004-05-07 04:00:00
2004-05-07,05:00:00,51.0,1260.0,14.6,61.1,1.0075,2004-05-07 05:00:00
2004-05-07,06:00:00,89.0,964.0,14.3,60.5,0.9847,2004-05-07 06:00:00
2004-05-07,07:00:00,214.0,657.0,14.9,56.9,0.9582,2004-05-07 07:00:00
2004-05-07,08:00:00,196.0,621.0,16.4,50.2,0.9286,2004-05-07 08:00:00
2004-05-07,09:00:00,224.0,741.0,16.0,50.9,0.9211,2004-05-07 09:00:00
2004-05-07,10:00:00,174.0,878.0,18.6,42.8,0.9091,2004-05-07 10:00:00
2004-05-07,11:00:00,90.0,1027.0,19.7,33.7,0.7646,2004-05-07 11:00:00
2004-05-07,12:00:00,89.0,989.0,21.2,27.7,0.6864,2004-05-07 12:00:00
2004-05-07,13:00:00,132.0,904.0,19.7,28.5,0.6445,2004-05-07 13:00:00
2004-05-07,14:00:00,114.0,940.0,19.8,29.7,0.678,2004-05-07 14:00:00
2004-05-07,15:00:00,107.0,937.0,19.2,35.6,0.7856,2004-05-07 15:00:00
2004-05-07,16:00:00,140.0,869.0,14.2,60.5,0.9765,2004-05-07 16:00:00
2004-05-07,17:00:00,187.0,691.0,12.9,69.1,1.0249,2004-05-07 17:00:00
2004-05-07,18:00:00,222.0,684.0,12.7,70.4,1.0294,2004-05-07 18:00:00
2004-05-07,19:00:00,117.0,857.0,13.9,62.7,0.9905,2004-05-07 19:00:00
2004-05-07,20:00:00,89.0,940.0,13.9,62.9,0.9948,2004-05-07 20:00:00
2004-05-07,21:00:00,130.0,922.0,13.4,65.2,0.9996,2004-05-07 21:00:00
2004-05-07,22:00:00,133.0,927.0,13.4,64.6,0.9864,2004-05-07 22:00:00
2004-05-07,23:00:00,144.0,954.0,13.3,63.6,0.9677,2004-05-07 23:00:00
2004-05-08,00:00:00,99.0,1003.0,13.3,61.8,0.9433,2004-05-08 00:00:00
2004-05-08,01:00:00,102.0,1084.0,13.6,59.7,0.9271,2004-05-08 01:00:00
2004-05-08,02:00:00,27.0,1483.0,14.6,53.3,0.8807,2004-05-08 02:00:00
2004-05-08,03:00:00,114.57692307692308,1482.0,14.3,51.7,0.8412,2004-05-08 03:00:00
2004-05-08,04:00:00,81.15361445783132,1544.0,10.9,67.5,0.8785,2004-05-08 04:00:00
2004-05-08,05:00:00,86.8018018018018,1480.0,7.4,85.2,0.8808,2004-05-08 05:00:00
2004-05-08,06:00:00,125.69161676646706,1243.0,8.7,81.5,0.919,2004-05-08 06:00:00
2004-05-08,07:00:00,224.625748502994,1028.0,10.3,75.6,0.9458,2004-05-08 07:00:00
2004-05-08,08:00:00,344.72340425531917,857.0,11.0,75.0,0.9821,2004-05-08 08:00:00
2004-05-08,09:00:00,361.3263473053892,884.0,13.6,66.1,1.0236,2004-05-08 09:00:00
2004-05-08,10:00:00,339.4970238095238,910.0,14.7,63.1,1.0488,2004-05-08 10:00:00
2004-05-08,11:00:00,306.3373134328358,791.0,13.8,72.3,1.1361,2004-05-08 11:00:00
2004-05-08,12:00:00,273.05970149253733,760.0,13.3,76.8,1.1703,2004-05-08 12:00:00
2004-05-08,13:00:00,253.2882882882883,827.0,16.2,60.0,1.0937,2004-05-08 13:00:00
2004-05-08,14:00:00,243.25225225225225,1053.0,16.3,55.3,1.0146,2004-05-08 14:00:00
2004-05-08,15:00:00,238.64970059880238,1003.0,20.0,40.4,0.9354,2004-05-08 15:00:00
2004-05-08,16:00:00,261.36716417910446,1073.0,19.8,35.4,0.8099,2004-05-08 16:00:00
2004-05-08,17:00:00,308.0385756676558,992.0,19.8,33.6,0.767,2004-05-08 17:00:00
2004-05-08,18:00:00,350.6577380952381,913.0,17.8,38.5,0.7763,2004-05-08 18:00:00
2004-05-08,19:00:00,364.00296735905044,720.0,16.7,44.6,0.8393,2004-05-08 19:00:00
2004-05-08,20:00:00,349.0949554896142,714.0,15.1,51.8,0.8816,2004-05-08 20:00:00
2004-05-08,21:00:00,289.3690476190476,835.0,14.1,56.2,0.9028,2004-05-08 21:00:00
2004-05-08,22:00:00,219.32835820895522,858.0,13.8,58.3,0.9147,2004-05-08 22:00:00
2004-05-08,23:00:00,197.87761194029852,979.0,13.7,59.7,0.9285,2004-05-08 23:00:00
2004-05-09,00:00:00,190.41964285714286,952.0,13.7,60.3,0.9405,2004-05-09 00:00:00
2004-05-09,01:00:00,157.3323353293413,862.0,12.7,64.9,0.9506,2004-05-09 01:00:00
2004-05-09,02:00:00,118.58132530120481,879.0,12.6,65.4,0.9529,2004-05-09 02:00:00
2004-05-09,03:00:00,114.57692307692308,848.0,12.1,68.6,0.964,2004-05-09 03:00:00
2004-05-09,04:00:00,81.15361445783132,856.0,12.3,68.0,0.9722,2004-05-09 04:00:00
2004-05-09,05:00:00,86.8018018018018,825.0,11.9,71.1,0.9899,2004-05-09 05:00:00
2004-05-09,06:00:00,125.69161676646706,987.0,11.3,73.8,0.9848,2004-05-09 06:00:00
2004-05-09,07:00:00,224.625748502994,1050.0,13.1,62.6,0.9419,2004-05-09 07:00:00
2004-05-09,08:00:00,344.72340425531917,1266.0,16.8,46.8,0.8881,2004-05-09 08:00:00
2004-05-09,09:00:00,361.3263473053892,1068.0,17.9,44.8,0.9104,2004-05-09 09:00:00
2004-05-09,10:00:00,339.4970238095238,1025.0,17.8,49.5,0.9986,2004-05-09 10:00:00
2004-05-09,11:00:00,306.3373134328358,1008.0,18.8,46.4,0.9968,2004-05-09 11:00:00
2004-05-09,12:00:00,273.05970149253733,940.0,19.3,44.0,0.9783,2004-05-09 12:00:00
2004-05-09,13:00:00,253.2882882882883,1041.0,14.7,68.4,1.1405,2004-05-09 13:00:00
2004-05-09,14:00:00,243.25225225225225,997.0,15.6,65.8,1.1577,2004-05-09 14:00:00
2004-05-09,15:00:00,238.64970059880238,892.0,17.7,54.0,1.0826,2004-05-09 15:00:00
2004-05-09,16:00:00,261.36716417910446,1048.0,17.8,46.7,0.9466,2004-05-09 16:00:00
2004-05-09,17:00:00,308.0385756676558,1011.0,17.8,44.4,0.8967,2004-05-09 17:00:00
2004-05-09,18:00:00,350.6577380952381,972.0,17.8,44.3,0.8929,2004-05-09 18:00:00
2004-05-09,19:00:00,364.00296735905044,850.0,16.4,47.8,0.8851,2004-05-09 19:00:00
2004-05-09,20:00:00,349.0949554896142,833.0,15.6,51.6,0.9063,2004-05-09 20:00:00
2004-05-09,21:00:00,289.3690476190476,889.0,14.9,55.0,0.9228,2004-05-09 21:00:00
2004-05-09,22:00:00,219.32835820895522,866.0,13.8,59.8,0.9398,2004-05-09 22:00:00
2004-05-09,23:00:00,197.87761194029852,845.0,13.8,62.1,0.9721,2004-05-09 23:00:00
2004-05-10,00:00:00,190.41964285714286,951.0,13.9,61.1,0.9656,2004-05-10 00:00:00
2004-05-10,01:00:00,157.3323353293413,1172.0,14.9,57.6,0.9684,2004-05-10 01:00:00
2004-05-10,02:00:00,118.58132530120481,1361.0,14.4,60.1,0.9797,2004-05-10 02:00:00
2004-05-10,03:00:00,114.57692307692308,1462.0,13.8,63.2,0.9952,2004-05-10 03:00:00
2004-05-10,04:00:00,81.15361445783132,1304.0,14.2,62.9,1.0136,2004-05-10 04:00:00
2004-05-10,05:00:00,86.8018018018018,1213.0,14.0,63.8,1.0167,2004-05-10 05:00:00
2004-05-10,06:00:00,125.69161676646706,837.0,13.4,67.4,1.0292,2004-05-10 06:00:00
2004-05-10,07:00:00,224.625748502994,523.0,14.7,62.3,1.0351,2004-05-10 07:00:00
2004-05-10,08:00:00,344.72340425531917,490.0,16.0,57.3,1.0342,2004-05-10 08:00:00
2004-05-10,09:00:00,257.0,633.0,17.8,51.1,1.0362,2004-05-10 09:00:00
2004-05-10,10:00:00,178.0,731.0,20.0,45.0,1.0379,2004-05-10 10:00:00
2004-05-10,11:00:00,145.0,767.0,20.3,44.1,1.0392,2004-05-10 11:00:00
2004-05-10,12:00:00,137.0,735.0,20.7,42.4,1.0248,2004-05-10 12:00:00
2004-05-10,13:00:00,139.0,751.0,20.8,40.6,0.9888,2004-05-10 13:00:00
2004-05-10,14:00:00,130.0,753.0,21.5,39.7,1.0042,2004-05-10 14:00:00
2004-05-10,15:00:00,148.0,800.0,25.0,30.1,0.9394,2004-05-10 15:00:00
2004-05-10,16:00:00,120.0,810.0,25.2,29.7,0.9371,2004-05-10 16:00:00
2004-05-10,17:00:00,132.0,749.0,23.4,32.0,0.91,2004-05-10 17:00:00
2004-05-10,18:00:00,188.0,651.0,21.0,37.8,0.9298,2004-05-10 18:00:00
2004-05-10,19:00:00,204.0,597.0,19.2,45.7,1.0084,2004-05-10 19:00:00
2004-05-10,20:00:00,167.0,698.0,17.7,50.9,1.0232,2004-05-10 20:00:00
2004-05-10,21:00:00,128.0,775.0,16.8,53.6,1.0167,2004-05-10 21:00:00
2004-05-10,22:00:00,106.0,842.0,15.8,56.2,1.0033,2004-05-10 22:00:00
2004-05-10,23:00:00,88.0,986.0,16.0,56.5,1.0166,2004-05-10 23:00:00
2004-05-11,00:00:00,77.0,961.0,14.2,64.1,1.0346,2004-05-11 00:00:00
2004-05-11,01:00:00,36.0,1187.0,15.0,59.8,1.0142,2004-05-11 01:00:00
2004-05-11,02:00:00,28.0,1366.0,14.3,61.9,1.0031,2004-05-11 02:00:00
2004-05-11,03:00:00,114.57692307692308,1327.0,12.8,66.0,0.969,2004-05-11 03:00:00
2004-05-11,04:00:00,46.0,1305.0,11.4,70.5,0.9484,2004-05-11 04:00:00
2004-05-11,05:00:00,55.0,1135.0,12.0,68.0,0.9547,2004-05-11 05:00:00
2004-05-11,06:00:00,135.0,882.0,11.3,70.4,0.9443,2004-05-11 06:00:00
2004-05-11,07:00:00,327.0,555.0,12.7,65.6,0.962,2004-05-11 07:00:00
2004-05-11,08:00:00,383.0,508.0,14.5,59.8,0.9795,2004-05-11 08:00:00
2004-05-11,09:00:00,366.0,554.0,17.5,49.8,0.9877,2004-05-11 09:00:00
2004-05-11,10:00:00,322.0,605.0,21.9,35.2,0.9128,2004-05-11 10:00:00
2004-05-11,11:00:00,188.0,712.0,23.5,29.5,0.8435,2004-05-11 11:00:00
2004-05-11,12:00:00,144.0,776.0,24.3,29.8,0.8926,2004-05-11 12:00:00
2004-05-11,13:00:00,132.0,765.0,23.8,31.7,0.9212,2004-05-11 13:00:00
2004-05-11,14:00:00,117.0,826.0,24.2,31.2,0.9257,2004-05-11 14:00:00
2004-05-11,15:00:00,121.0,824.0,26.5,27.2,0.9282,2004-05-11 15:00:00
2004-05-11,16:00:00,124.0,832.0,25.7,28.4,0.9248,2004-05-11 16:00:00
2004-05-11,17:00:00,188.0,674.0,26.3,27.5,0.9306,2004-05-11 17:00:00
2004-05-11,18:00:00,226.0,573.0,24.4,31.6,0.9545,2004-05-11 18:00:00
2004-05-11,19:00:00,266.0,528.0,23.1,35.3,0.9845,2004-05-11 19:00:00
2004-05-11,20:00:00,269.0,568.0,21.1,40.2,0.997,2004-05-11 20:00:00
2004-05-11,21:00:00,183.0,632.0,19.2,52.3,1.1516,2004-05-11 21:00:00
2004-05-11,22:00:00,167.0,673.0,18.1,58.7,1.2072,2004-05-11 22:00:00
2004-05-11,23:00:00,138.0,706.0,17.3,58.8,1.1494,2004-05-11 23:00:00
2004-05-12,00:00:00,105.0,805.0,16.9,58.8,1.125,2004-05-12 00:00:00
2004-05-12,01:00:00,54.0,964.0,17.6,57.6,1.1484,2004-05-12 01:00:00
2004-05-12,02:00:00,58.0,967.0,15.6,63.9,1.1287,2004-05-12 02:00:00
2004-05-12,03:00:00,114.57692307692308,1089.0,14.9,65.7,1.1073,2004-05-12 03:00:00
2004-05-12,04:00:00,37.0,1132.0,15.6,62.2,1.0961,2004-05-12 04:00:00
2004-05-12,05:00:00,84.0,996.0,14.0,68.3,1.0884,2004-05-12 05:00:00
2004-05-12,06:00:00,134.0,800.0,14.5,65.7,1.0804,2004-05-12 06:00:00
2004-05-12,07:00:00,279.0,560.0,15.5,62.2,1.0875,2004-05-12 07:00:00
2004-05-12,08:00:00,333.0,452.0,17.0,56.8,1.0909,2004-05-12 08:00:00
2004-05-12,09:00:00,336.0,525.0,18.8,52.4,1.1285,2004-05-12 09:00:00
2004-05-12,10:00:00,280.0,568.0,19.7,51.9,1.1796,2004-05-12 10:00:00
2004-05-12,11:00:00,275.0,627.0,20.9,44.6,1.0872,2004-05-12 11:00:00
2004-05-12,12:00:00,207.0,576.0,21.9,43.3,1.1265,2004-05-12 12:00:00
2004-05-12,13:00:00,305.0,496.0,20.4,55.7,1.3205,2004-05-12 13:00:00
2004-05-12,14:00:00,236.0,658.0,17.4,67.0,1.325,2004-05-12 14:00:00
2004-05-12,15:00:00,183.0,713.0,17.1,64.0,1.2413,2004-05-12 15:00:00
2004-05-12,16:00:00,162.0,724.0,17.3,61.1,1.1957,2004-05-12 16:00:00
2004-05-12,17:00:00,157.0,727.0,17.7,56.3,1.13,2004-05-12 17:00:00
2004-05-12,18:00:00,136.0,748.0,17.4,48.6,0.9559,2004-05-12 18:00:00
2004-05-12,19:00:00,166.0,740.0,17.6,43.7,0.8698,2004-05-12 19:00:00
2004-05-12,20:00:00,136.0,846.0,16.7,47.2,0.892,2004-05-12 20:00:00
2004-05-12,21:00:00,112.0,959.0,16.8,45.6,0.8636,2004-05-12 21:00:00
2004-05-12,22:00:00,87.0,1026.0,16.1,52.0,0.946,2004-05-12 22:00:00
2004-05-12,23:00:00,86.0,989.0,15.5,57.1,0.996,2004-05-12 23:00:00
2004-05-13,00:00:00,98.0,949.0,16.2,50.2,0.9156,2004-05-13 00:00:00
2004-05-13,01:00:00,62.0,1045.0,16.4,50.5,0.938,2004-05-13 01:00:00
2004-05-13,02:00:00,32.0,1201.0,16.2,52.8,0.9626,2004-05-13 02:00:00
2004-05-13,03:00:00,114.57692307692308,1412.0,16.0,53.7,0.9723,2004-05-13 03:00:00
2004-05-13,04:00:00,21.0,1554.0,16.2,53.0,0.9672,2004-05-13 04:00:00
2004-05-13,05:00:00,41.0,1409.0,16.2,53.7,0.9799,2004-05-13 05:00:00
2004-05-13,06:00:00,86.0,1069.0,15.9,55.3,0.991,2004-05-13 06:00:00
2004-05-13,07:00:00,174.0,815.0,16.2,55.6,1.0151,2004-05-13 07:00:00
2004-05-13,08:00:00,264.0,645.0,16.0,59.3,1.0711,2004-05-13 08:00:00
2004-05-13,09:00:00,211.0,783.0,16.6,55.6,1.042,2004-05-13 09:00:00
2004-05-13,10:00:00,208.0,774.0,17.4,51.8,1.022,2004-05-13 10:00:00
2004-05-13,11:00:00,139.0,907.0,17.6,49.7,0.9944,2004-05-13 11:00:00
2004-05-13,12:00:00,138.0,846.0,17.2,52.8,1.0236,2004-05-13 12:00:00
2004-05-13,13:00:00,142.0,789.0,18.2,49.6,1.0268,2004-05-13 13:00:00
2004-05-13,14:00:00,131.0,891.0,19.5,45.0,1.0114,2004-05-13 14:00:00
2004-05-13,15:00:00,132.0,818.0,19.5,45.5,1.0189,2004-05-13 15:00:00
2004-05-13,16:00:00,178.0,691.0,19.8,44.3,1.0104,2004-05-13 16:00:00
2004-05-13,17:00:00,228.0,605.0,20.3,43.1,1.0114,2004-05-13 17:00:00
2004-05-13,18:00:00,232.0,636.0,20.3,44.4,1.0457,2004-05-13 18:00:00
2004-05-13,19:00:00,204.0,612.0,19.8,47.9,1.092,2004-05-13 19:00:00
2004-05-13,20:00:00,250.0,594.0,19.1,52.3,1.1486,2004-05-13 20:00:00
2004-05-13,21:00:00,208.0,656.0,18.2,54.7,1.1336,2004-05-13 21:00:00
2004-05-13,22:00:00,158.0,746.0,17.8,55.0,1.1097,2004-05-13 22:00:00
2004-05-13,23:00:00,197.0,648.0,17.5,56.4,1.1175,2004-05-13 23:00:00
2004-05-14,00:00:00,152.0,654.0,17.3,57.8,1.1298,2004-05-14 00:00:00
2004-05-14,01:00:00,112.0,740.0,16.8,57.5,1.0912,2004-05-14 01:00:00
2004-05-14,02:00:00,75.0,883.0,16.3,57.0,1.0484,2004-05-14 02:00:00
2004-05-14,03:00:00,114.57692307692308,978.0,16.2,56.3,1.0262,2004-05-14 03:00:00
2004-05-14,04:00:00,74.0,908.0,15.5,59.9,1.0498,2004-05-14 04:00:00
2004-05-14,05:00:00,116.0,894.0,16.0,58.3,1.0481,2004-05-14 05:00:00
2004-05-14,06:00:00,118.0,882.0,17.2,52.3,1.0169,2004-05-14 06:00:00
2004-05-14,07:00:00,272.0,601.0,18.5,49.4,1.0397,2004-05-14 07:00:00
2004-05-14,08:00:00,344.72340425531917,527.0,20.0,45.6,1.0524,2004-05-14 08:00:00
2004-05-14,09:00:00,258.0,723.0,21.0,37.9,0.9313,2004-05-14 09:00:00
2004-05-14,10:00:00,186.0,815.0,22.8,32.4,0.887,2004-05-14 10:00:00
2004-05-14,11:00:00,130.0,923.0,25.5,25.6,0.8218,2004-05-14 11:00:00
2004-05-14,12:00:00,134.0,905.0,25.9,23.6,0.7771,2004-05-14 12:00:00
2004-05-14,13:00:00,148.0,843.0,27.7,20.8,0.7599,2004-05-14 13:00:00
2004-05-14,14:00:00,147.0,869.0,27.1,21.6,0.7618,2004-05-14 14:00:00
2004-05-14,15:00:00,123.0,907.0,28.4,20.2,0.7697,2004-05-14 15:00:00
2004-05-14,16:00:00,138.0,882.0,28.1,21.9,0.8184,2004-05-14 16:00:00
2004-05-14,17:00:00,162.0,836.0,27.6,22.3,0.8116,2004-05-14 17:00:00
2004-05-14,18:00:00,214.0,748.0,25.2,24.3,0.7671,2004-05-14 18:00:00
2004-05-14,19:00:00,230.0,706.0,24.6,25.1,0.7636,2004-05-14 19:00:00
2004-05-14,20:00:00,191.0,792.0,23.1,27.2,0.7575,2004-05-14 20:00:00
2004-05-14,21:00:00,128.0,869.0,22.0,28.6,0.7483,2004-05-14 21:00:00
2004-05-14,22:00:00,138.0,803.0,20.8,34.5,0.8365,2004-05-14 22:00:00
2004-05-14,23:00:00,126.0,844.0,20.4,35.3,0.8352,2004-05-14 23:00:00
2004-05-15,00:00:00,107.0,843.0,19.1,38.3,0.8381,2004-05-15 00:00:00
2004-05-15,01:00:00,67.0,964.0,18.0,40.5,0.8271,2004-05-15 01:00:00
2004-05-15,02:00:00,55.0,964.0,17.4,43.4,0.8553,2004-05-15 02:00:00
2004-05-15,03:00:00,114.57692307692308,975.0,14.8,50.6,0.8489,2004-05-15 03:00:00
2004-05-15,04:00:00,48.0,1043.0,14.6,51.4,0.8489,2004-05-15 04:00:00
2004-05-15,05:00:00,33.0,1171.0,15.7,46.9,0.8329,2004-05-15 05:00:00
2004-05-15,06:00:00,41.0,1091.0,15.3,49.7,0.8552,2004-05-15 06:00:00
2004-05-15,07:00:00,106.0,890.0,16.0,47.4,0.8564,2004-05-15 07:00:00
2004-05-15,08:00:00,208.0,727.0,17.6,43.3,0.8647,2004-05-15 08:00:00
2004-05-15,09:00:00,193.0,712.0,20.3,37.4,0.8807,2004-05-15 09:00:00
2004-05-15,10:00:00,191.0,802.0,23.1,30.3,0.8425,2004-05-15 10:00:00
2004-05-15,11:00:00,113.0,1015.0,25.0,24.2,0.7568,2004-05-15 11:00:00
2004-05-15,12:00:00,111.0,997.0,25.6,23.5,0.7611,2004-05-15 12:00:00
2004-05-15,13:00:00,106.0,998.0,25.5,22.6,0.7288,2004-05-15 13:00:00
2004-05-15,14:00:00,82.0,1124.0,26.1,21.1,0.7023,2004-05-15 14:00:00
2004-05-15,15:00:00,79.0,1056.0,28.2,19.4,0.7303,2004-05-15 15:00:00
2004-05-15,16:00:00,90.0,1059.0,27.4,20.5,0.7379,2004-05-15 16:00:00
2004-05-15,17:00:00,104.0,1037.0,26.0,22.7,0.7532,2004-05-15 17:00:00
2004-05-15,18:00:00,148.0,910.0,23.8,27.1,0.7858,2004-05-15 18:00:00
2004-05-15,19:00:00,158.0,878.0,23.0,28.7,0.7976,2004-05-15 19:00:00
2004-05-15,20:00:00,234.0,780.0,21.7,31.8,0.8191,2004-05-15 20:00:00
2004-05-15,21:00:00,163.0,852.0,20.9,33.2,0.8098,2004-05-15 21:00:00
2004-05-15,22:00:00,95.0,879.0,20.2,34.3,0.8017,2004-05-15 22:00:00
2004-05-15,23:00:00,146.0,762.0,19.6,37.0,0.8325,2004-05-15 23:00:00
2004-05-16,00:00:00,102.0,822.0,18.1,40.9,0.8441,2004-05-16 00:00:00
2004-05-16,01:00:00,90.0,919.0,17.0,43.3,0.8341,2004-05-16 01:00:00
2004-05-16,02:00:00,41.0,1052.0,16.7,43.4,0.8193,2004-05-16 02:00:00
2004-05-16,03:00:00,114.57692307692308,1083.0,15.9,44.7,0.8009,2004-05-16 03:00:00
2004-05-16,04:00:00,30.0,1234.0,15.2,45.5,0.783,2004-05-16 04:00:00
2004-05-16,05:00:00,32.0,1262.0,13.5,50.1,0.7706,2004-05-16 05:00:00
2004-05-16,06:00:00,34.0,1326.0,14.2,49.9,0.8025,2004-05-16 06:00:00
2004-05-16,07:00:00,57.0,1069.0,13.8,51.4,0.8059,2004-05-16 07:00:00
2004-05-16,08:00:00,73.0,1001.0,16.3,45.1,0.8286,2004-05-16 08:00:00
2004-05-16,09:00:00,119.0,913.0,19.2,35.4,0.7812,2004-05-16 09:00:00
2004-05-16,10:00:00,138.0,930.0,25.5,21.1,0.677,2004-05-16 10:00:00
2004-05-16,11:00:00,96.0,1013.0,28.2,19.0,0.7164,2004-05-16 11:00:00
2004-05-16,12:00:00,80.0,1022.0,29.5,19.8,0.8013,2004-05-16 12:00:00
2004-05-16,13:00:00,45.0,1173.0,30.6,19.4,0.8348,2004-05-16 13:00:00
2004-05-16,14:00:00,45.0,1122.0,29.9,22.0,0.9181,2004-05-16 14:00:00
2004-05-16,15:00:00,54.0,995.0,31.5,21.9,0.997,2004-05-16 15:00:00
2004-05-16,16:00:00,66.0,887.0,31.2,24.6,1.0987,2004-05-16 16:00:00
2004-05-16,17:00:00,95.0,880.0,30.4,26.5,1.1347,2004-05-16 17:00:00
2004-05-16,18:00:00,99.0,856.0,26.8,33.5,1.1602,2004-05-16 18:00:00
2004-05-16,19:00:00,147.0,747.0,25.5,37.4,1.1995,2004-05-16 19:00:00
2004-05-16,20:00:00,129.0,833.0,23.7,39.4,1.1381,2004-05-16 20:00:00
2004-05-16,21:00:00,96.0,975.0,22.9,37.0,1.0197,2004-05-16 21:00:00
2004-05-16,22:00:00,92.0,1030.0,20.8,36.3,0.8775,2004-05-16 22:00:00
2004-05-16,23:00:00,88.0,1098.0,20.3,28.5,0.6686,2004-05-16 23:00:00
2004-05-17,00:00:00,89.0,1110.0,19.6,26.5,0.5974,2004-05-17 00:00:00
2004-05-17,01:00:00,52.0,1265.0,19.1,25.9,0.5673,2004-05-17 01:00:00
2004-05-17,02:00:00,25.0,1474.0,18.4,27.6,0.5799,2004-05-17 02:00:00
2004-05-17,03:00:00,114.57692307692308,1566.0,17.4,30.2,0.5945,2004-05-17 03:00:00
2004-05-17,04:00:00,28.0,1454.0,16.3,34.1,0.6257,2004-05-17 04:00:00
2004-05-17,05:00:00,65.0,1059.0,15.8,36.5,0.6535,2004-05-17 05:00:00
2004-05-17,06:00:00,132.0,944.0,16.0,38.1,0.6879,2004-05-17 06:00:00
2004-05-17,07:00:00,216.0,775.0,17.6,35.0,0.6965,2004-05-17 07:00:00
2004-05-17,08:00:00,180.0,945.0,18.5,31.2,0.6611,2004-05-17 08:00:00
2004-05-17,09:00:00,140.0,974.0,19.8,28.5,0.652,2004-05-17 09:00:00
2004-05-17,10:00:00,141.0,1007.0,22.3,24.1,0.6394,2004-05-17 10:00:00
2004-05-17,11:00:00,123.0,1028.0,24.2,21.7,0.6451,2004-05-17 11:00:00
2004-05-17,12:00:00,129.0,950.0,25.1,20.8,0.6516,2004-05-17 12:00:00
2004-05-17,13:00:00,115.0,990.0,25.8,19.5,0.6392,2004-05-17 13:00:00
2004-05-17,14:00:00,104.0,1028.0,26.3,18.9,0.6344,2004-05-17 14:00:00
2004-05-17,15:00:00,129.0,1054.0,25.8,18.6,0.608,2004-05-17 15:00:00
2004-05-17,16:00:00,138.0,1016.0,25.7,19.4,0.6304,2004-05-17 16:00:00
2004-05-17,17:00:00,135.0,902.0,26.7,17.1,0.5909,2004-05-17 17:00:00
2004-05-17,18:00:00,163.0,842.0,24.3,19.8,0.5933,2004-05-17 18:00:00
2004-05-17,19:00:00,180.0,796.0,23.5,20.8,0.5937,2004-05-17 19:00:00
2004-05-17,20:00:00,170.0,888.0,22.0,24.0,0.6263,2004-05-17 20:00:00
2004-05-17,21:00:00,72.0,1072.0,21.1,26.2,0.6481,2004-05-17 21:00:00
2004-05-17,22:00:00,69.0,1014.0,20.9,28.8,0.7014,2004-05-17 22:00:00
2004-05-17,23:00:00,79.0,988.0,20.2,31.2,0.7304,2004-05-17 23:00:00
2004-05-18,00:00:00,53.0,1091.0,20.0,31.5,0.7262,2004-05-18 00:00:00
2004-05-18,01:00:00,36.0,1276.0,20.8,32.3,0.7813,2004-05-18 01:00:00
2004-05-18,02:00:00,30.0,1310.0,20.0,34.5,0.7954,2004-05-18 02:00:00
2004-05-18,03:00:00,114.57692307692308,1413.0,21.2,32.9,0.8178,2004-05-18 03:00:00
2004-05-18,04:00:00,15.0,1320.0,18.3,40.0,0.8345,2004-05-18 04:00:00
2004-05-18,05:00:00,38.0,1155.0,17.0,44.6,0.8593,2004-05-18 05:00:00
2004-05-18,06:00:00,68.0,931.0,17.1,45.3,0.8784,2004-05-18 06:00:00
2004-05-18,07:00:00,192.0,628.0,17.1,46.5,0.901,2004-05-18 07:00:00
2004-05-18,08:00:00,346.0,484.0,18.8,39.7,0.8547,2004-05-18 08:00:00
2004-05-18,09:00:00,225.0,719.0,20.3,38.1,0.8946,2004-05-18 09:00:00
2004-05-18,10:00:00,199.0,794.0,25.3,27.0,0.8565,2004-05-18 10:00:00
2004-05-18,11:00:00,140.0,854.0,27.4,22.8,0.8219,2004-05-18 11:00:00
2004-05-18,12:00:00,162.0,765.0,30.0,20.0,0.8338,2004-05-18 12:00:00
2004-05-18,13:00:00,173.0,736.0,30.9,19.1,0.8394,2004-05-18 13:00:00
2004-05-18,14:00:00,121.0,818.0,30.6,20.2,0.8719,2004-05-18 14:00:00
2004-05-18,15:00:00,133.0,783.0,32.2,18.9,0.8964,2004-05-18 15:00:00
2004-05-18,16:00:00,96.0,862.0,31.7,19.5,0.8981,2004-05-18 16:00:00
2004-05-18,17:00:00,141.0,701.0,30.9,20.5,0.8996,2004-05-18 17:00:00
2004-05-18,18:00:00,221.0,664.0,27.5,24.7,0.8899,2004-05-18 18:00:00
2004-05-18,19:00:00,232.0,635.0,25.8,27.0,0.8821,2004-05-18 19:00:00
2004-05-18,20:00:00,174.0,751.0,23.7,30.0,0.8633,2004-05-18 20:00:00
2004-05-18,21:00:00,138.0,812.0,22.2,33.4,0.8806,2004-05-18 21:00:00
2004-05-18,22:00:00,65.0,910.0,21.1,36.5,0.9019,2004-05-18 22:00:00
2004-05-18,23:00:00,107.0,883.0,20.2,38.6,0.9016,2004-05-18 23:00:00
2004-05-19,00:00:00,70.0,859.0,19.3,43.0,0.9535,2004-05-19 00:00:00
2004-05-19,01:00:00,44.0,1012.0,19.2,43.6,0.9591,2004-05-19 01:00:00
2004-05-19,02:00:00,41.0,1094.0,18.4,45.7,0.9599,2004-05-19 02:00:00
2004-05-19,03:00:00,114.57692307692308,1224.0,18.7,44.3,0.9453,2004-05-19 03:00:00
2004-05-19,04:00:00,33.0,1211.0,16.3,51.4,0.9468,2004-05-19 04:00:00
2004-05-19,05:00:00,32.0,1219.0,17.0,49.2,0.9459,2004-05-19 05:00:00
2004-05-19,06:00:00,46.0,983.0,16.4,52.1,0.9612,2004-05-19 06:00:00
2004-05-19,07:00:00,173.0,618.0,16.4,53.4,0.9863,2004-05-19 07:00:00
2004-05-19,08:00:00,320.0,490.0,18.6,46.8,0.99,2004-05-19 08:00:00
2004-05-19,09:00:00,294.0,625.0,21.0,41.1,1.0104,2004-05-19 09:00:00
2004-05-19,10:00:00,182.0,772.0,26.4,28.9,0.9785,2004-05-19 10:00:00
2004-05-19,11:00:00,154.0,813.0,27.7,26.3,0.9652,2004-05-19 11:00:00
2004-05-19,12:00:00,118.0,796.0,30.1,22.1,0.9281,2004-05-19 12:00:00
2004-05-19,13:00:00,116.0,746.0,31.0,22.9,1.0144,2004-05-19 13:00:00
2004-05-19,14:00:00,121.0,792.0,31.0,22.6,1.0012,2004-05-19 14:00:00
2004-05-19,15:00:00,116.0,784.0,31.6,21.0,0.959,2004-05-19 15:00:00
2004-05-19,16:00:00,144.0,747.0,30.4,24.7,1.0526,2004-05-19 16:00:00
2004-05-19,17:00:00,176.0,689.0,28.8,26.3,1.0271,2004-05-19 17:00:00
2004-05-19,18:00:00,214.0,645.0,26.4,30.1,1.0204,2004-05-19 18:00:00
2004-05-19,19:00:00,191.0,659.0,24.7,31.5,0.9672,2004-05-19 19:00:00
2004-05-19,20:00:00,205.0,670.0,22.9,36.5,1.0083,2004-05-19 20:00:00
2004-05-19,21:00:00,110.0,823.0,20.8,41.8,1.0155,2004-05-19 21:00:00
2004-05-19,22:00:00,95.0,815.0,19.7,47.1,1.0666,2004-05-19 22:00:00
2004-05-19,23:00:00,126.0,781.0,18.9,52.2,1.1313,2004-05-19 23:00:00
2004-05-20,00:00:00,90.0,821.0,18.5,50.1,1.0539,2004-05-20 00:00:00
2004-05-20,01:00:00,48.0,900.0,18.0,53.0,1.0832,2004-05-20 01:00:00
2004-05-20,02:00:00,38.0,1043.0,18.4,51.7,1.0819,2004-05-20 02:00:00
2004-05-20,03:00:00,114.57692307692308,1217.0,19.8,46.2,1.056,2004-05-20 03:00:00
2004-05-20,04:00:00,14.0,1265.0,19.6,47.7,1.0736,2004-05-20 04:00:00
2004-05-20,05:00:00,26.0,1168.0,17.3,54.1,1.0582,2004-05-20 05:00:00
2004-05-20,06:00:00,83.0,885.0,15.8,59.0,1.0495,2004-05-20 06:00:00
2004-05-20,07:00:00,188.0,593.0,16.6,55.9,1.0486,2004-05-20 07:00:00
2004-05-20,08:00:00,253.0,489.0,18.7,52.8,1.1279,2004-05-20 08:00:00
2004-05-20,09:00:00,149.0,637.0,20.7,46.4,1.1227,2004-05-20 09:00:00
2004-05-20,10:00:00,155.0,787.0,26.1,30.0,0.9972,2004-05-20 10:00:00
2004-05-20,11:00:00,146.0,779.0,28.6,25.8,0.9989,2004-05-20 11:00:00
2004-05-20,12:00:00,121.0,796.0,30.3,23.3,0.9869,2004-05-20 12:00:00
2004-05-20,13:00:00,111.0,756.0,31.3,22.3,1.0043,2004-05-20 13:00:00
2004-05-20,14:00:00,116.0,791.0,31.1,22.3,0.9888,2004-05-20 14:00:00
2004-05-20,15:00:00,167.0,717.0,32.4,20.4,0.9732,2004-05-20 15:00:00
2004-05-20,16:00:00,145.0,772.0,32.6,19.3,0.935,2004-05-20 16:00:00
2004-05-20,17:00:00,192.0,663.0,31.2,20.3,0.9064,2004-05-20 17:00:00
2004-05-20,18:00:00,231.0,645.0,27.7,24.8,0.9106,2004-05-20 18:00:00
2004-05-20,19:00:00,248.0,655.0,25.7,27.9,0.908,2004-05-20 19:00:00
2004-05-20,20:00:00,267.0,683.0,24.1,29.9,0.8879,2004-05-20 20:00:00
2004-05-20,21:00:00,181.0,771.0,22.2,34.4,0.9072,2004-05-20 21:00:00
2004-05-20,22:00:00,163.0,773.0,20.7,38.0,0.9149,2004-05-20 22:00:00
2004-05-20,23:00:00,141.0,745.0,20.2,42.8,0.9983,2004-05-20 23:00:00
2004-05-21,00:00:00,78.0,889.0,20.5,42.0,1.0004,2004-05-21 00:00:00
2004-05-21,01:00:00,42.0,1039.0,20.1,42.0,0.9763,2004-05-21 01:00:00
2004-05-21,02:00:00,35.0,1167.0,20.0,41.5,0.9571,2004-05-21 02:00:00
2004-05-21,03:00:00,114.57692307692308,1123.0,16.3,51.6,0.9461,2004-05-21 03:00:00
2004-05-21,04:00:00,33.0,1089.0,16.5,50.2,0.932,2004-05-21 04:00:00
2004-05-21,05:00:00,38.0,1135.0,16.4,50.2,0.931,2004-05-21 05:00:00
2004-05-21,06:00:00,65.0,894.0,14.9,54.7,0.9203,2004-05-21 06:00:00
2004-05-21,07:00:00,296.0,551.0,16.4,51.3,0.9474,2004-05-21 07:00:00
2004-05-21,08:00:00,303.0,543.0,18.2,46.2,0.9575,2004-05-21 08:00:00
2004-05-21,09:00:00,244.0,635.0,20.7,40.0,0.9639,2004-05-21 09:00:00
2004-05-21,10:00:00,216.0,700.0,26.5,27.0,0.9217,2004-05-21 10:00:00
2004-05-21,11:00:00,137.0,825.0,28.5,23.8,0.915,2004-05-21 11:00:00
2004-05-21,12:00:00,120.0,788.0,29.7,23.7,0.9714,2004-05-21 12:00:00
2004-05-21,13:00:00,100.0,750.0,31.7,21.7,0.9966,2004-05-21 13:00:00
2004-05-21,14:00:00,103.0,749.0,31.7,21.5,0.9902,2004-05-21 14:00:00
2004-05-21,15:00:00,123.0,757.0,32.8,19.5,0.9515,2004-05-21 15:00:00
2004-05-21,16:00:00,136.0,783.0,32.5,18.6,0.8948,2004-05-21 16:00:00
2004-05-21,17:00:00,158.0,815.0,30.2,22.6,0.9524,2004-05-21 17:00:00
2004-05-21,18:00:00,216.0,670.0,27.6,25.7,0.9382,2004-05-21 18:00:00
2004-05-21,19:00:00,211.0,716.0,25.9,24.9,0.8195,2004-05-21 19:00:00
2004-05-21,20:00:00,202.0,715.0,23.9,29.4,0.8589,2004-05-21 20:00:00
2004-05-21,21:00:00,147.0,772.0,22.3,32.1,0.8515,2004-05-21 21:00:00
2004-05-21,22:00:00,160.0,771.0,20.5,35.9,0.8565,2004-05-21 22:00:00
2004-05-21,23:00:00,162.0,732.0,19.8,37.2,0.8509,2004-05-21 23:00:00
2004-05-22,00:00:00,194.0,662.0,19.1,41.9,0.9158,2004-05-22 00:00:00
2004-05-22,01:00:00,167.0,674.0,17.8,46.1,0.9344,2004-05-22 01:00:00
2004-05-22,02:00:00,91.0,770.0,17.6,47.6,0.9465,2004-05-22 02:00:00
2004-05-22,03:00:00,114.57692307692308,902.0,17.9,46.3,0.9394,2004-05-22 03:00:00
2004-05-22,04:00:00,42.0,994.0,16.9,49.8,0.9544,2004-05-22 04:00:00
2004-05-22,05:00:00,50.0,1024.0,15.8,53.8,0.9615,2004-05-22 05:00:00
2004-05-22,06:00:00,61.0,959.0,16.5,53.5,0.9928,2004-05-22 06:00:00
2004-05-22,07:00:00,107.0,795.0,17.2,52.9,1.0276,2004-05-22 07:00:00
2004-05-22,08:00:00,139.0,696.0,19.3,48.3,1.0723,2004-05-22 08:00:00
2004-05-22,09:00:00,165.0,743.0,20.6,47.1,1.1287,2004-05-22 09:00:00
2004-05-22,10:00:00,139.0,777.0,23.7,40.0,1.153,2004-05-22 10:00:00
2004-05-22,11:00:00,113.0,813.0,25.6,32.5,1.053,2004-05-22 11:00:00
2004-05-22,12:00:00,138.0,772.0,27.2,28.1,0.9989,2004-05-22 12:00:00
2004-05-22,13:00:00,104.0,770.0,27.9,28.1,1.0394,2004-05-22 13:00:00
2004-05-22,14:00:00,78.0,872.0,28.3,27.8,1.0539,2004-05-22 14:00:00
2004-05-22,15:00:00,97.0,800.0,29.2,27.0,1.081,2004-05-22 15:00:00
2004-05-22,16:00:00,115.0,773.0,28.9,29.3,1.1503,2004-05-22 16:00:00
2004-05-22,17:00:00,152.0,680.0,25.4,39.8,1.2771,2004-05-22 17:00:00
2004-05-22,18:00:00,157.0,710.0,25.2,40.1,1.2642,2004-05-22 18:00:00
2004-05-22,19:00:00,132.0,693.0,24.5,39.4,1.1963,2004-05-22 19:00:00
2004-05-22,20:00:00,98.0,781.0,22.3,45.4,1.2088,2004-05-22 20:00:00
2004-05-22,21:00:00,65.0,930.0,21.2,48.3,1.2034,2004-05-22 21:00:00
2004-05-22,22:00:00,101.0,757.0,20.6,50.5,1.2082,2004-05-22 22:00:00
2004-05-22,23:00:00,134.0,681.0,20.2,52.9,1.234,2004-05-22 23:00:00
2004-05-23,00:00:00,177.0,608.0,19.8,54.5,1.2488,2004-05-23 00:00:00
2004-05-23,01:00:00,179.0,660.0,19.5,56.2,1.2624,2004-05-23 01:00:00
2004-05-23,02:00:00,105.0,759.0,19.0,58.0,1.2581,2004-05-23 02:00:00
2004-05-23,03:00:00,114.57692307692308,671.0,18.1,61.6,1.2679,2004-05-23 03:00:00
2004-05-23,04:00:00,49.0,954.0,18.0,57.6,1.1788,2004-05-23 04:00:00
2004-05-23,05:00:00,27.0,1247.0,17.7,56.0,1.1215,2004-05-23 05:00:00
2004-05-23,06:00:00,41.0,1257.0,17.9,52.4,1.0655,2004-05-23 06:00:00
2004-05-23,07:00:00,78.0,1092.0,18.9,49.3,1.0668,2004-05-23 07:00:00
2004-05-23,08:00:00,68.0,1034.0,20.0,48.6,1.1199,2004-05-23 08:00:00
2004-05-23,09:00:00,64.0,1156.0,20.6,41.2,0.9841,2004-05-23 09:00:00
2004-05-23,10:00:00,67.0,1137.0,23.6,34.0,0.9749,2004-05-23 10:00:00
2004-05-23,11:00:00,54.0,1105.0,26.7,28.1,0.9688,2004-05-23 11:00:00
2004-05-23,12:00:00,67.0,1071.0,26.8,28.1,0.9785,2004-05-23 12:00:00
2004-05-23,13:00:00,51.0,1129.0,27.7,25.8,0.9467,2004-05-23 13:00:00
2004-05-23,14:00:00,28.0,1247.0,28.8,22.7,0.8864,2004-05-23 14:00:00
2004-05-23,15:00:00,51.0,1091.0,26.8,27.3,0.9462,2004-05-23 15:00:00
2004-05-23,16:00:00,77.0,1023.0,25.9,28.7,0.9423,2004-05-23 16:00:00
2004-05-23,17:00:00,93.0,991.0,25.8,27.7,0.9076,2004-05-23 17:00:00
2004-05-23,18:00:00,94.0,997.0,24.8,29.5,0.9077,2004-05-23 18:00:00
2004-05-23,19:00:00,69.0,972.0,25.3,36.3,1.1513,2004-05-23 19:00:00
2004-05-23,20:00:00,57.0,986.0,23.9,40.4,1.1787,2004-05-23 20:00:00
2004-05-23,21:00:00,74.0,934.0,21.4,46.6,1.1764,2004-05-23 21:00:00
2004-05-23,22:00:00,75.0,948.0,20.5,49.3,1.173,2004-05-23 22:00:00
2004-05-23,23:00:00,73.0,1081.0,19.2,42.3,0.9339,2004-05-23 23:00:00
2004-05-24,00:00:00,56.0,1163.0,19.2,37.9,0.8352,2004-05-24 00:00:00
2004-05-24,01:00:00,31.0,1285.0,17.2,43.1,0.8394,2004-05-24 01:00:00
2004-05-24,02:00:00,13.0,1536.0,15.8,45.2,0.8052,2004-05-24 02:00:00
2004-05-24,03:00:00,114.57692307692308,1807.0,15.7,42.3,0.7464,2004-05-24 03:00:00
2004-05-24,04:00:00,14.0,1904.0,16.3,41.0,0.7513,2004-05-24 04:00:00
2004-05-24,05:00:00,23.0,1803.0,16.1,36.5,0.664,2004-05-24 05:00:00
2004-05-24,06:00:00,72.0,1288.0,16.5,36.2,0.6752,2004-05-24 06:00:00
2004-05-24,07:00:00,165.0,1010.0,17.5,30.9,0.6111,2004-05-24 07:00:00
2004-05-24,08:00:00,118.0,944.0,18.4,24.0,0.5046,2004-05-24 08:00:00
2004-05-24,09:00:00,85.0,1066.0,19.2,23.8,0.5235,2004-05-24 09:00:00
2004-05-24,10:00:00,116.0,1155.0,21.7,18.1,0.4642,2004-05-24 10:00:00
2004-05-24,11:00:00,112.0,1203.0,22.3,17.0,0.4513,2004-05-24 11:00:00
2004-05-24,12:00:00,100.0,1139.0,22.8,16.1,0.4404,2004-05-24 12:00:00
2004-05-24,13:00:00,109.0,1107.0,23.8,14.5,0.4222,2004-05-24 13:00:00
2004-05-24,14:00:00,111.0,1160.0,25.1,13.1,0.4129,2004-05-24 14:00:00
2004-05-24,15:00:00,109.0,1122.0,25.8,12.9,0.4219,2004-05-24 15:00:00
2004-05-24,16:00:00,114.0,1101.0,25.5,14.0,0.4495,2004-05-24 16:00:00
2004-05-24,17:00:00,139.0,959.0,24.5,15.4,0.4663,2004-05-24 17:00:00
2004-05-24,18:00:00,157.0,896.0,22.6,17.2,0.4656,2004-05-24 18:00:00
2004-05-24,19:00:00,147.0,925.0,21.2,18.9,0.471,2004-05-24 19:00:00
2004-05-24,20:00:00,102.0,1072.0,19.1,22.8,0.501,2004-05-24 20:00:00
2004-05-24,21:00:00,73.0,1154.0,18.4,24.6,0.5169,2004-05-24 21:00:00
2004-05-24,22:00:00,65.0,1159.0,17.3,25.6,0.5032,2004-05-24 22:00:00
2004-05-24,23:00:00,76.0,1134.0,16.5,24.9,0.4642,2004-05-24 23:00:00
2004-05-25,00:00:00,65.0,1120.0,16.7,28.3,0.5316,2004-05-25 00:00:00
2004-05-25,01:00:00,41.0,1200.0,15.5,32.2,0.5641,2004-05-25 01:00:00
2004-05-25,02:00:00,17.0,1522.0,17.5,29.1,0.5773,2004-05-25 02:00:00
2004-05-25,03:00:00,114.57692307692308,1472.0,13.3,35.6,0.5393,2004-05-25 03:00:00
2004-05-25,04:00:00,19.0,1559.0,14.0,33.7,0.5355,2004-05-25 04:00:00
2004-05-25,05:00:00,45.0,1386.0,11.6,40.0,0.5462,2004-05-25 05:00:00
2004-05-25,06:00:00,40.0,1291.0,13.4,34.5,0.5272,2004-05-25 06:00:00
2004-05-25,07:00:00,101.0,949.0,15.2,31.0,0.5329,2004-05-25 07:00:00
2004-05-25,08:00:00,183.0,657.0,16.3,27.5,0.5066,2004-05-25 08:00:00
2004-05-25,09:00:00,149.0,820.0,19.2,20.0,0.439,2004-05-25 09:00:00
2004-05-25,10:00:00,207.0,885.0,24.9,13.0,0.4038,2004-05-25 10:00:00
2004-05-25,11:00:00,289.0,815.0,28.3,9.9,0.3754,2004-05-25 11:00:00
2004-05-25,12:00:00,159.0,913.0,29.2,9.8,0.3914,2004-05-25 12:00:00
2004-05-25,13:00:00,162.0,874.0,31.6,9.2,0.419,2004-05-25 13:00:00
2004-05-25,14:00:00,173.0,796.0,32.6,9.3,0.4499,2004-05-25 14:00:00
2004-05-25,15:00:00,238.64970059880238,925.0,32.6,9.2,0.4463,2004-05-25 15:00:00
2004-05-25,16:00:00,261.36716417910446,939.0,32.3,10.0,0.4747,2004-05-25 16:00:00
2004-05-25,17:00:00,308.0385756676558,867.0,32.1,10.7,0.4996,2004-05-25 17:00:00
2004-05-25,18:00:00,350.6577380952381,720.0,29.7,12.2,0.5007,2004-05-25 18:00:00
2004-05-25,19:00:00,364.00296735905044,735.0666666666667,29.08,13.766666666666666,0.5235866666666666,2004-05-25 19:00:00
2004-05-25,20:00:00,349.0949554896142,750.1333333333333,28.46,15.333333333333332,0.5464733333333334,2004-05-25 20:00:00
2004-05-25,21:00:00,289.3690476190476,765.2,27.84,16.9,0.56936,2004-05-25 21:00:00
2004-05-25,22:00:00,219.32835820895522,780.2666666666667,27.22,18.46666666666667,0.5922466666666667,2004-05-25 22:00:00
2004-05-25,23:00:00,197.87761194029852,795.3333333333334,26.599999999999998,20.03333333333333,0.6151333333333333,2004-05-25 23:00:00
2004-05-26,00:00:00,190.41964285714286,810.4,25.98,21.6,0.63802,2004-05-26 00:00:00
2004-05-26,01:00:00,157.3323353293413,825.4666666666667,25.36,23.166666666666668,0.6609066666666666,2004-05-26 01:00:00
2004-05-26,02:00:00,118.58132530120481,840.5333333333333,24.74,24.733333333333334,0.6837933333333334,2004-05-26 02:00:00
2004-05-26,03:00:00,114.57692307692308,855.6,24.119999999999997,26.3,0.70668,2004-05-26 03:00:00
2004-05-26,04:00:00,81.15361445783132,870.6666666666666,23.5,27.866666666666667,0.7295666666666667,2004-05-26 04:00:00
2004-05-26,05:00:00,86.8018018018018,885.7333333333333,22.88,29.433333333333334,0.7524533333333333,2004-05-26 05:00:00
2004-05-26,06:00:00,125.69161676646706,900.8,22.259999999999998,31.000000000000004,0.7753399999999999,2004-05-26 06:00:00
2004-05-26,07:00:00,224.625748502994,915.8666666666667,21.64,32.56666666666667,0.7982266666666666,2004-05-26 07:00:00
2004-05-26,08:00:00,344.72340425531917,930.9333333333334,21.02,34.13333333333334,0.8211133333333334,2004-05-26 08:00:00
2004-05-26,09:00:00,361.3263473053892,946.0,20.4,35.7,0.844,2004-05-26 09:00:00
2004-05-26,10:00:00,188.0,1144.0,26.1,23.8,0.7938,2004-05-26 10:00:00
2004-05-26,11:00:00,159.0,1118.0,28.8,21.1,0.8193,2004-05-26 11:00:00
2004-05-26,12:00:00,146.0,1156.0,29.6,19.4,0.7897,2004-05-26 12:00:00
2004-05-26,13:00:00,127.0,1128.0,31.6,16.4,0.7489,2004-05-26 13:00:00
2004-05-26,14:00:00,128.0,1237.0,32.3,13.3,0.6303,2004-05-26 14:00:00
2004-05-26,15:00:00,120.0,1200.0,31.8,13.5,0.6249,2004-05-26 15:00:00
2004-05-26,16:00:00,115.0,1276.0,31.8,13.8,0.6394,2004-05-26 16:00:00
2004-05-26,17:00:00,308.0385756676558,1023.0,31.0,15.9,0.7039,2004-05-26 17:00:00
2004-05-26,18:00:00,350.6577380952381,933.0,28.6,18.7,0.7216,2004-05-26 18:00:00
2004-05-26,19:00:00,364.00296735905044,933.0,26.7,19.5,0.6754,2004-05-26 19:00:00
2004-05-26,20:00:00,349.0949554896142,939.0,25.0,24.4,0.7616,2004-05-26 20:00:00
2004-05-26,21:00:00,289.3690476190476,1064.0,22.8,28.4,0.7804,2004-05-26 21:00:00
2004-05-26,22:00:00,219.32835820895522,1116.0,21.7,29.2,0.7458,2004-05-26 22:00:00
2004-05-26,23:00:00,197.87761194029852,1012.0,21.1,30.9,0.7617,2004-05-26 23:00:00
2004-05-27,00:00:00,190.41964285714286,1072.0,19.9,36.3,0.8349,2004-05-27 00:00:00
2004-05-27,01:00:00,157.3323353293413,1155.0,18.6,39.3,0.8355,2004-05-27 01:00:00
2004-05-27,02:00:00,118.58132530120481,1295.0,18.6,38.8,0.8228,2004-05-27 02:00:00
2004-05-27,03:00:00,114.57692307692308,1417.0,19.0,38.9,0.8468,2004-05-27 03:00:00
2004-05-27,04:00:00,81.15361445783132,1442.0,18.0,40.9,0.8394,2004-05-27 04:00:00
2004-05-27,05:00:00,86.8018018018018,1246.0,15.5,48.6,0.8505,2004-05-27 05:00:00
2004-05-27,06:00:00,125.69161676646706,1085.0,16.0,47.9,0.8659,2004-05-27 06:00:00
2004-05-27,07:00:00,224.625748502994,739.0,17.0,46.0,0.883,2004-05-27 07:00:00
2004-05-27,08:00:00,344.72340425531917,632.0,19.0,41.6,0.9039,2004-05-27 08:00:00
2004-05-27,09:00:00,361.3263473053892,749.0,21.8,35.0,0.9002,2004-05-27 09:00:00
2004-05-27,10:00:00,339.4970238095238,1071.0,25.6,28.0,0.9088,2004-05-27 10:00:00
2004-05-27,11:00:00,306.3373134328358,1132.0,26.4,23.1,0.7853,2004-05-27 11:00:00
2004-05-27,12:00:00,273.05970149253733,995.0,27.1,24.2,0.856,2004-05-27 12:00:00
2004-05-27,13:00:00,253.2882882882883,1009.0,27.5,20.9,0.7565,2004-05-27 13:00:00
2004-05-27,14:00:00,243.25225225225225,1071.0,29.5,19.7,0.8015,2004-05-27 14:00:00
2004-05-27,15:00:00,238.64970059880238,1016.0,30.6,18.6,0.8014,2004-05-27 15:00:00
2004-05-27,16:00:00,261.36716417910446,1066.0,31.3,15.8,0.7106,2004-05-27 16:00:00
2004-05-27,17:00:00,308.0385756676558,842.0,29.4,21.0,0.8452,2004-05-27 17:00:00
2004-05-27,18:00:00,350.6577380952381,767.0,27.0,23.5,0.8256,2004-05-27 18:00:00
2004-05-27,19:00:00,364.00296735905044,822.0,25.8,26.7,0.8758,2004-05-27 19:00:00
2004-05-27,20:00:00,349.0949554896142,904.0,23.7,28.4,0.8225,2004-05-27 20:00:00
2004-05-27,21:00:00,289.3690476190476,961.0,21.3,33.0,0.8284,2004-05-27 21:00:00
2004-05-27,22:00:00,219.32835820895522,1032.0,20.5,35.3,0.8435,2004-05-27 22:00:00
2004-05-27,23:00:00,197.87761194029852,1026.0,19.4,38.1,0.8511,2004-05-27 23:00:00
2004-05-28,00:00:00,190.41964285714286,1015.0,19.4,40.7,0.9045,2004-05-28 00:00:00
2004-05-28,01:00:00,157.3323353293413,1089.0,17.8,44.9,0.903,2004-05-28 01:00:00
2004-05-28,02:00:00,118.58132530120481,1074.0,16.6,49.7,0.9295,2004-05-28 02:00:00
2004-05-28,03:00:00,114.57692307692308,1221.0,16.5,48.6,0.9028,2004-05-28 03:00:00
2004-05-28,04:00:00,81.15361445783132,1305.0,15.2,53.6,0.919,2004-05-28 04:00:00
2004-05-28,05:00:00,86.8018018018018,1276.0,15.5,51.7,0.9019,2004-05-28 05:00:00
2004-05-28,06:00:00,125.69161676646706,992.0,14.9,54.8,0.9247,2004-05-28 06:00:00
2004-05-28,07:00:00,224.625748502994,762.0,16.3,51.3,0.9416,2004-05-28 07:00:00
2004-05-28,08:00:00,344.72340425531917,722.0,18.4,45.7,0.9559,2004-05-28 08:00:00
2004-05-28,09:00:00,361.3263473053892,774.0,20.8,43.6,1.0614,2004-05-28 09:00:00
2004-05-28,10:00:00,339.4970238095238,998.0,24.3,35.1,1.0477,2004-05-28 10:00:00
2004-05-28,11:00:00,306.3373134328358,1012.0,26.4,29.3,0.9889,2004-05-28 11:00:00
2004-05-28,12:00:00,273.05970149253733,902.0,28.3,25.0,0.9495,2004-05-28 12:00:00
2004-05-28,13:00:00,253.2882882882883,949.0,28.9,23.7,0.9285,2004-05-28 13:00:00
2004-05-28,14:00:00,243.25225225225225,908.0,28.5,25.8,0.9931,2004-05-28 14:00:00
2004-05-28,15:00:00,133.0,982.0,29.6,18.9,0.7692,2004-05-28 15:00:00
2004-05-28,16:00:00,131.0,966.0,28.0,23.2,0.8613,2004-05-28 16:00:00
2004-05-28,17:00:00,133.0,887.0,23.6,41.0,1.1786,2004-05-28 17:00:00
2004-05-28,18:00:00,141.0,843.0,21.5,48.1,1.2148,2004-05-28 18:00:00
2004-05-28,19:00:00,112.0,900.0,22.1,44.1,1.1573,2004-05-28 19:00:00
2004-05-28,20:00:00,147.0,959.0,20.2,47.2,1.1043,2004-05-28 20:00:00
2004-05-28,21:00:00,104.0,1070.0,20.0,47.6,1.103,2004-05-28 21:00:00
2004-05-28,22:00:00,97.0,1082.0,19.8,46.8,1.0697,2004-05-28 22:00:00
2004-05-28,23:00:00,128.0,937.0,19.6,47.0,1.0606,2004-05-28 23:00:00
2004-05-29,00:00:00,138.0,1009.0,19.3,46.3,1.0279,2004-05-29 00:00:00
2004-05-29,01:00:00,93.0,1091.0,18.5,48.7,1.0286,2004-05-29 01:00:00
2004-05-29,02:00:00,71.0,1180.0,18.0,51.4,1.0504,2004-05-29 02:00:00
2004-05-29,03:00:00,114.57692307692308,1302.0,17.9,50.8,1.0355,2004-05-29 03:00:00
2004-05-29,04:00:00,44.0,1179.0,17.7,51.9,1.0379,2004-05-29 04:00:00
2004-05-29,05:00:00,18.0,1562.0,17.7,49.7,0.997,2004-05-29 05:00:00
2004-05-29,06:00:00,41.0,1588.0,17.9,46.1,0.9383,2004-05-29 06:00:00
2004-05-29,07:00:00,84.0,1293.0,18.4,43.9,0.9192,2004-05-29 07:00:00
2004-05-29,08:00:00,77.0,1303.0,18.9,42.1,0.9081,2004-05-29 08:00:00
2004-05-29,09:00:00,73.0,1326.0,19.2,39.7,0.8728,2004-05-29 09:00:00
2004-05-29,10:00:00,72.0,1329.0,20.8,36.6,0.8878,2004-05-29 10:00:00
2004-05-29,11:00:00,77.0,1296.0,21.3,35.8,0.8975,2004-05-29 11:00:00
2004-05-29,12:00:00,82.0,1204.0,21.8,34.9,0.9004,2004-05-29 12:00:00
2004-05-29,13:00:00,67.0,1284.0,22.8,31.4,0.8615,2004-05-29 13:00:00
2004-05-29,14:00:00,59.0,1382.0,22.9,31.3,0.862,2004-05-29 14:00:00
2004-05-29,15:00:00,61.0,1353.0,22.9,30.7,0.8461,2004-05-29 15:00:00
2004-05-29,16:00:00,76.0,1279.0,23.8,29.2,0.8499,2004-05-29 16:00:00
2004-05-29,17:00:00,73.0,1247.0,23.2,30.2,0.8442,2004-05-29 17:00:00
2004-05-29,18:00:00,87.0,1221.0,22.4,31.3,0.8365,2004-05-29 18:00:00
2004-05-29,19:00:00,98.0,1163.0,21.7,32.2,0.825,2004-05-29 19:00:00
2004-05-29,20:00:00,123.0,1106.0,20.8,33.2,0.8061,2004-05-29 20:00:00
2004-05-29,21:00:00,102.0,1177.0,20.1,35.0,0.8149,2004-05-29 21:00:00
2004-05-29,22:00:00,102.0,1056.0,19.5,36.9,0.8258,2004-05-29 22:00:00
2004-05-29,23:00:00,142.0,897.0,19.0,38.2,0.8327,2004-05-29 23:00:00
2004-05-30,00:00:00,148.0,907.0,18.5,39.4,0.832,2004-05-30 00:00:00
2004-05-30,01:00:00,107.0,1030.0,17.8,41.7,0.844,2004-05-30 01:00:00
2004-05-30,02:00:00,61.0,1078.0,19.2,42.0,0.9248,2004-05-30 02:00:00
2004-05-30,03:00:00,114.57692307692308,1085.0,17.8,44.8,0.9048,2004-05-30 03:00:00
2004-05-30,04:00:00,43.0,1113.0,17.0,47.7,0.9185,2004-05-30 04:00:00
2004-05-30,05:00:00,25.0,1271.0,17.2,47.2,0.9178,2004-05-30 05:00:00
2004-05-30,06:00:00,32.0,1295.0,17.3,47.6,0.9295,2004-05-30 06:00:00
2004-05-30,07:00:00,48.0,1263.0,18.6,44.2,0.9385,2004-05-30 07:00:00
2004-05-30,08:00:00,60.0,1417.0,20.2,37.8,0.8837,2004-05-30 08:00:00
2004-05-30,09:00:00,52.0,1411.0,22.0,31.9,0.8335,2004-05-30 09:00:00
2004-05-30,10:00:00,58.0,1353.0,25.5,25.9,0.8339,2004-05-30 10:00:00
2004-05-30,11:00:00,54.0,1361.0,27.5,22.8,0.8249,2004-05-30 11:00:00
2004-05-30,12:00:00,52.0,1318.0,28.7,20.7,0.8024,2004-05-30 12:00:00
2004-05-30,13:00:00,34.0,1502.0,29.1,19.6,0.7771,2004-05-30 13:00:00
2004-05-30,14:00:00,41.0,1498.0,29.8,18.4,0.7595,2004-05-30 14:00:00
2004-05-30,15:00:00,41.0,1378.0,32.0,15.0,0.7028,2004-05-30 15:00:00
2004-05-30,16:00:00,65.0,1224.0,30.3,17.0,0.7232,2004-05-30 16:00:00
2004-05-30,17:00:00,65.0,1239.0,31.7,16.2,0.745,2004-05-30 17:00:00
2004-05-30,18:00:00,84.0,1102.0,29.2,19.6,0.7817,2004-05-30 18:00:00
2004-05-30,19:00:00,89.0,1045.0,27.4,23.8,0.858,2004-05-30 19:00:00
2004-05-30,20:00:00,114.0,986.0,25.0,26.9,0.8408,2004-05-30 20:00:00
2004-05-30,21:00:00,127.0,993.0,23.6,30.1,0.8663,2004-05-30 21:00:00
2004-05-30,22:00:00,117.0,1044.0,22.3,33.6,0.8913,2004-05-30 22:00:00
2004-05-30,23:00:00,46.0,1181.0,21.4,36.9,0.9271,2004-05-30 23:00:00
2004-05-31,00:00:00,16.0,1213.0,20.6,39.9,0.9597,2004-05-31 00:00:00
2004-05-31,01:00:00,27.0,1107.0,19.7,43.2,0.9812,2004-05-31 01:00:00
2004-05-31,02:00:00,4.0,1323.0,19.7,42.4,0.9636,2004-05-31 02:00:00
2004-05-31,03:00:00,114.57692307692308,1421.0,18.9,45.0,0.9703,2004-05-31 03:00:00
2004-05-31,04:00:00,19.0,1451.0,18.7,45.4,0.9694,2004-05-31 04:00:00
2004-05-31,05:00:00,48.0,1304.0,16.4,52.4,0.9709,2004-05-31 05:00:00
2004-05-31,06:00:00,82.0,1031.0,16.6,52.1,0.9785,2004-05-31 06:00:00
2004-05-31,07:00:00,167.0,804.0,17.4,50.9,1.0017,2004-05-31 07:00:00
2004-05-31,08:00:00,248.0,681.0,19.3,46.0,1.0185,2004-05-31 08:00:00
2004-05-31,09:00:00,213.0,790.0,20.9,43.6,1.0683,2004-05-31 09:00:00
2004-05-31,10:00:00,161.0,839.0,25.6,33.3,1.0773,2004-05-31 10:00:00
2004-05-31,11:00:00,144.0,889.0,28.9,26.0,1.0188,2004-05-31 11:00:00
2004-05-31,12:00:00,127.0,909.0,30.3,22.8,0.9695,2004-05-31 12:00:00
2004-05-31,13:00:00,116.0,863.0,30.9,24.4,1.0724,2004-05-31 13:00:00
2004-05-31,14:00:00,124.0,864.0,30.5,26.2,1.1278,2004-05-31 14:00:00
2004-05-31,15:00:00,115.0,921.0,30.7,23.4,1.015,2004-05-31 15:00:00
2004-05-31,16:00:00,150.0,827.0,28.1,29.8,1.1132,2004-05-31 16:00:00
2004-05-31,17:00:00,221.0,739.0,26.9,32.2,1.1267,2004-05-31 17:00:00
2004-05-31,18:00:00,227.0,687.0,26.0,34.6,1.1485,2004-05-31 18:00:00
2004-05-31,19:00:00,156.0,794.0,24.5,37.7,1.1454,2004-05-31 19:00:00
2004-05-31,20:00:00,97.0,904.0,21.7,46.9,1.2044,2004-05-31 20:00:00
2004-05-31,21:00:00,78.0,977.0,19.3,68.8,1.519,2004-05-31 21:00:00
2004-05-31,22:00:00,60.0,1063.0,17.6,81.6,1.6296,2004-05-31 22:00:00
2004-05-31,23:00:00,61.0,986.0,17.8,80.3,1.6212,2004-05-31 23:00:00
2004-06-01,00:00:00,46.0,1085.0,18.6,75.7,1.6074,2004-06-01 00:00:00
2004-06-01,01:00:00,17.0,1235.0,19.6,68.4,1.5443,2004-06-01 01:00:00
2004-06-01,02:00:00,18.0,1339.0,18.0,76.4,1.5608,2004-06-01 02:00:00
2004-06-01,03:00:00,114.57692307692308,1527.0,17.3,77.2,1.5104,2004-06-01 03:00:00
2004-06-01,04:00:00,16.0,1437.0,16.5,82.3,1.5318,2004-06-01 04:00:00
2004-06-01,05:00:00,39.0,1272.0,16.8,81.3,1.5452,2004-06-01 05:00:00
2004-06-01,06:00:00,107.0,987.0,17.3,78.6,1.5412,2004-06-01 06:00:00
2004-06-01,07:00:00,190.0,760.0,16.9,80.9,1.5472,2004-06-01 07:00:00
2004-06-01,08:00:00,236.0,671.0,17.1,79.8,1.542,2004-06-01 08:00:00
2004-06-01,09:00:00,227.0,758.0,18.5,70.3,1.4826,2004-06-01 09:00:00
2004-06-01,10:00:00,211.0,829.0,19.6,66.7,1.5023,2004-06-01 10:00:00
2004-06-01,11:00:00,201.0,814.0,20.4,63.1,1.4969,2004-06-01 11:00:00
2004-06-01,12:00:00,191.0,722.0,21.6,61.8,1.5775,2004-06-01 12:00:00
2004-06-01,13:00:00,192.0,759.0,24.0,49.3,1.4509,2004-06-01 13:00:00
2004-06-01,14:00:00,143.0,800.0,25.7,43.8,1.4262,2004-06-01 14:00:00
2004-06-01,15:00:00,148.0,808.0,24.6,47.5,1.4487,2004-06-01 15:00:00
2004-06-01,16:00:00,183.0,733.0,24.8,47.4,1.4628,2004-06-01 16:00:00
2004-06-01,17:00:00,216.0,657.0,23.7,50.5,1.4636,2004-06-01 17:00:00
2004-06-01,18:00:00,184.0,683.0,23.0,53.8,1.4968,2004-06-01 18:00:00
2004-06-01,19:00:00,248.0,588.0,21.5,65.8,1.6688,2004-06-01 19:00:00
2004-06-01,20:00:00,221.0,678.0,21.0,66.9,1.6436,2004-06-01 20:00:00
2004-06-01,21:00:00,159.0,737.0,20.6,68.1,1.6329,2004-06-01 21:00:00
2004-06-01,22:00:00,136.0,822.0,20.5,66.9,1.5914,2004-06-01 22:00:00
2004-06-01,23:00:00,168.0,822.0,20.2,65.2,1.5251,2004-06-01 23:00:00
2004-06-02,00:00:00,95.0,927.0,19.5,68.0,1.5269,2004-06-02 00:00:00
2004-06-02,01:00:00,70.0,958.0,19.9,66.4,1.5203,2004-06-02 01:00:00
2004-06-02,02:00:00,43.0,1094.0,19.1,69.0,1.5043,2004-06-02 02:00:00
2004-06-02,03:00:00,114.57692307692308,1051.0,18.5,70.7,1.4962,2004-06-02 03:00:00
2004-06-02,04:00:00,30.0,1217.0,18.9,67.8,1.4689,2004-06-02 04:00:00
2004-06-02,05:00:00,22.0,1280.0,20.0,63.7,1.4742,2004-06-02 05:00:00
2004-06-02,06:00:00,25.0,1267.0,19.8,64.7,1.4769,2004-06-02 06:00:00
2004-06-02,07:00:00,48.0,1145.0,19.7,65.3,1.4843,2004-06-02 07:00:00
2004-06-02,08:00:00,73.0,964.0,20.8,62.0,1.5002,2004-06-02 08:00:00
2004-06-02,09:00:00,95.0,925.0,22.2,56.6,1.4973,2004-06-02 09:00:00
2004-06-02,10:00:00,86.0,915.0,24.3,49.0,1.4724,2004-06-02 10:00:00
2004-06-02,11:00:00,102.0,925.0,25.0,46.5,1.4492,2004-06-02 11:00:00
2004-06-02,12:00:00,80.0,1003.0,28.9,34.8,1.3603,2004-06-02 12:00:00
2004-06-02,13:00:00,36.0,1141.0,29.6,33.4,1.3581,2004-06-02 13:00:00
2004-06-02,14:00:00,32.0,1164.0,30.9,30.7,1.3493,2004-06-02 14:00:00
2004-06-02,15:00:00,46.0,1035.0,31.8,31.0,1.4286,2004-06-02 15:00:00
2004-06-02,16:00:00,61.0,929.0,31.4,31.2,1.4127,2004-06-02 16:00:00
2004-06-02,17:00:00,59.0,966.0,28.9,35.7,1.3985,2004-06-02 17:00:00
2004-06-02,18:00:00,76.0,876.0,27.2,42.5,1.5135,2004-06-02 18:00:00
2004-06-02,19:00:00,145.0,778.0,26.2,46.4,1.5573,2004-06-02 19:00:00
2004-06-02,20:00:00,140.0,834.0,24.5,51.0,1.5454,2004-06-02 20:00:00
2004-06-02,21:00:00,102.0,915.0,22.8,56.1,1.5353,2004-06-02 21:00:00
2004-06-02,22:00:00,89.0,914.0,21.9,60.9,1.5799,2004-06-02 22:00:00
2004-06-02,23:00:00,62.0,995.0,21.7,61.0,1.5617,2004-06-02 23:00:00
2004-06-03,00:00:00,69.0,957.0,20.8,64.8,1.568,2004-06-03 00:00:00
2004-06-03,01:00:00,63.0,951.0,20.3,70.9,1.6699,2004-06-03 01:00:00
2004-06-03,02:00:00,31.0,1056.0,18.9,79.0,1.704,2004-06-03 02:00:00
2004-06-03,03:00:00,114.57692307692308,1517.0,18.1,64.6,1.3276,2004-06-03 03:00:00
2004-06-03,04:00:00,17.0,1420.0,18.6,64.5,1.3655,2004-06-03 04:00:00
2004-06-03,05:00:00,61.0,1203.0,17.6,67.4,1.346,2004-06-03 05:00:00
2004-06-03,06:00:00,184.0,882.0,17.6,67.6,1.3479,2004-06-03 06:00:00
2004-06-03,07:00:00,248.0,688.0,19.0,61.7,1.3393,2004-06-03 07:00:00
2004-06-03,08:00:00,220.0,694.0,20.0,57.4,1.3268,2004-06-03 08:00:00
2004-06-03,09:00:00,243.0,714.0,22.6,45.9,1.2418,2004-06-03 09:00:00
2004-06-03,10:00:00,164.0,798.0,27.3,34.3,1.2284,2004-06-03 10:00:00
2004-06-03,11:00:00,306.3373134328358,914.0,27.4,31.0,1.1184,2004-06-03 11:00:00
2004-06-03,12:00:00,273.05970149253733,921.0,26.2,33.6,1.1244,2004-06-03 12:00:00
2004-06-03,13:00:00,253.2882882882883,885.0,26.8,32.4,1.1263,2004-06-03 13:00:00
2004-06-03,14:00:00,243.25225225225225,1025.0,28.7,27.7,1.071,2004-06-03 14:00:00
2004-06-03,15:00:00,238.64970059880238,992.0,28.7,25.0,0.9684,2004-06-03 15:00:00
2004-06-03,16:00:00,261.36716417910446,988.0,29.1,22.3,0.8811,2004-06-03 16:00:00
2004-06-03,17:00:00,308.0385756676558,849.0,29.0,24.5,0.9655,2004-06-03 17:00:00
2004-06-03,18:00:00,350.6577380952381,876.0,27.2,28.3,1.0016,2004-06-03 18:00:00
2004-06-03,19:00:00,364.00296735905044,792.0,25.3,30.0,0.952,2004-06-03 19:00:00
2004-06-03,20:00:00,349.0949554896142,855.0,24.1,34.8,1.0333,2004-06-03 20:00:00
2004-06-03,21:00:00,289.3690476190476,1015.0,23.0,43.1,1.1993,2004-06-03 21:00:00
2004-06-03,22:00:00,219.32835820895522,1016.0,22.1,43.9,1.1521,2004-06-03 22:00:00
2004-06-03,23:00:00,197.87761194029852,996.0,21.0,48.1,1.178,2004-06-03 23:00:00
2004-06-04,00:00:00,190.41964285714286,976.0,20.6,49.2,1.1754,2004-06-04 00:00:00
2004-06-04,01:00:00,157.3323353293413,1097.0,21.2,47.6,1.1799,2004-06-04 01:00:00
2004-06-04,02:00:00,118.58132530120481,1146.0,21.0,50.1,1.2338,2004-06-04 02:00:00
2004-06-04,03:00:00,114.57692307692308,1042.0,20.1,53.1,1.2342,2004-06-04 03:00:00
2004-06-04,04:00:00,81.15361445783132,1098.0,19.0,54.0,1.1745,2004-06-04 04:00:00
2004-06-04,05:00:00,86.8018018018018,1570.0,19.2,51.1,1.124,2004-06-04 05:00:00
2004-06-04,06:00:00,125.69161676646706,1246.0,19.2,53.1,1.1662,2004-06-04 06:00:00
2004-06-04,07:00:00,224.625748502994,779.0,20.6,49.0,1.1748,2004-06-04 07:00:00
2004-06-04,08:00:00,344.72340425531917,921.0,21.8,41.9,1.077,2004-06-04 08:00:00
2004-06-04,09:00:00,361.3263473053892,1100.0,22.8,37.6,1.0315,2004-06-04 09:00:00
2004-06-04,10:00:00,339.4970238095238,1148.0,24.8,31.3,0.9646,2004-06-04 10:00:00
2004-06-04,11:00:00,306.3373134328358,1080.0,26.0,29.4,0.976,2004-06-04 11:00:00
2004-06-04,12:00:00,273.05970149253733,994.0,27.0,27.8,0.9731,2004-06-04 12:00:00
2004-06-04,13:00:00,253.2882882882883,930.0,27.0,29.3,1.0277,2004-06-04 13:00:00
2004-06-04,14:00:00,243.25225225225225,1016.0,27.0,29.6,1.0419,2004-06-04 14:00:00
2004-06-04,15:00:00,238.64970059880238,950.0,25.8,32.6,1.072,2004-06-04 15:00:00
2004-06-04,16:00:00,261.36716417910446,873.0,26.2,32.6,1.0892,2004-06-04 16:00:00
2004-06-04,17:00:00,308.0385756676558,811.0,28.3,27.5,1.0418,2004-06-04 17:00:00
2004-06-04,18:00:00,350.6577380952381,813.0,26.5,29.7,1.0123,2004-06-04 18:00:00
2004-06-04,19:00:00,364.00296735905044,792.0,25.7,31.8,1.0317,2004-06-04 19:00:00
2004-06-04,20:00:00,349.0949554896142,871.0,24.4,35.2,1.0632,2004-06-04 20:00:00
2004-06-04,21:00:00,289.3690476190476,987.0,23.5,36.9,1.0518,2004-06-04 21:00:00
2004-06-04,22:00:00,219.32835820895522,951.0,22.4,41.0,1.1006,2004-06-04 22:00:00
2004-06-04,23:00:00,197.87761194029852,849.0,21.7,44.7,1.1451,2004-06-04 23:00:00
2004-06-05,00:00:00,190.41964285714286,846.0,21.1,48.1,1.1864,2004-06-05 00:00:00
2004-06-05,01:00:00,157.3323353293413,970.0,20.7,50.0,1.203,2004-06-05 01:00:00
2004-06-05,02:00:00,118.58132530120481,888.0,19.8,53.1,1.2093,2004-06-05 02:00:00
2004-06-05,03:00:00,114.57692307692308,962.0,19.8,53.6,1.2214,2004-06-05 03:00:00
2004-06-05,04:00:00,37.0,1095.0,19.6,54.8,1.236,2004-06-05 04:00:00
2004-06-05,05:00:00,57.0,1066.0,19.3,57.3,1.265,2004-06-05 05:00:00
2004-06-05,06:00:00,131.0,942.0,19.7,58.4,1.3254,2004-06-05 06:00:00
2004-06-05,07:00:00,171.0,969.0,19.8,59.4,1.3554,2004-06-05 07:00:00
2004-06-05,08:00:00,187.0,954.0,20.9,54.8,1.3387,2004-06-05 08:00:00
2004-06-05,09:00:00,133.0,985.0,22.4,47.9,1.2817,2004-06-05 09:00:00
2004-06-05,10:00:00,87.0,1110.0,24.1,41.3,1.2202,2004-06-05 10:00:00
2004-06-05,11:00:00,61.0,1130.0,25.9,36.9,1.2133,2004-06-05 11:00:00
2004-06-05,12:00:00,86.0,1010.0,30.7,26.0,1.1287,2004-06-05 12:00:00
2004-06-05,13:00:00,83.0,1017.0,30.3,25.2,1.0652,2004-06-05 13:00:00
2004-06-05,14:00:00,61.0,1135.0,30.1,25.4,1.0641,2004-06-05 14:00:00
2004-06-05,15:00:00,80.0,1048.0,27.6,35.1,1.2764,2004-06-05 15:00:00
2004-06-05,16:00:00,110.0,838.0,26.6,47.6,1.6315,2004-06-05 16:00:00
2004-06-05,17:00:00,108.0,917.0,30.4,31.3,1.3331,2004-06-05 17:00:00
2004-06-05,18:00:00,134.0,793.0,27.8,35.0,1.282,2004-06-05 18:00:00
2004-06-05,19:00:00,133.0,738.0,26.6,37.9,1.2994,2004-06-05 19:00:00
2004-06-05,20:00:00,118.0,954.0,23.4,44.4,1.2646,2004-06-05 20:00:00
2004-06-05,21:00:00,17.0,1123.0,23.0,51.1,1.4175,2004-06-05 21:00:00
2004-06-05,22:00:00,26.0,1007.0,22.1,53.5,1.4087,2004-06-05 22:00:00
2004-06-05,23:00:00,55.0,907.0,21.6,53.6,1.3674,2004-06-05 23:00:00
2004-06-06,00:00:00,39.0,975.0,21.9,52.7,1.365,2004-06-06 00:00:00
2004-06-06,01:00:00,15.0,1093.0,21.3,54.9,1.3707,2004-06-06 01:00:00
2004-06-06,02:00:00,47.0,891.0,17.5,79.1,1.5709,2004-06-06 02:00:00
2004-06-06,03:00:00,114.57692307692308,871.0,17.6,78.6,1.5722,2004-06-06 03:00:00
2004-06-06,04:00:00,49.0,926.0,17.1,81.8,1.5816,2004-06-06 04:00:00
2004-06-06,05:00:00,21.0,1172.0,16.6,80.2,1.5002,2004-06-06 05:00:00
2004-06-06,06:00:00,33.0,1115.0,16.8,77.4,1.4739,2004-06-06 06:00:00
2004-06-06,07:00:00,63.0,1037.0,18.3,66.5,1.381,2004-06-06 07:00:00
2004-06-06,08:00:00,73.0,1011.0,20.4,55.8,1.3196,2004-06-06 08:00:00
2004-06-06,09:00:00,51.0,1314.0,21.6,45.3,1.1533,2004-06-06 09:00:00
2004-06-06,10:00:00,61.0,1270.0,23.1,39.4,1.0983,2004-06-06 10:00:00
2004-06-06,11:00:00,52.0,1349.0,25.4,31.6,1.0058,2004-06-06 11:00:00
2004-06-06,12:00:00,49.0,1331.0,26.6,29.0,0.9928,2004-06-06 12:00:00
2004-06-06,13:00:00,40.0,1471.0,25.9,28.8,0.9475,2004-06-06 13:00:00
2004-06-06,14:00:00,36.0,1445.0,27.0,28.0,0.981,2004-06-06 14:00:00
2004-06-06,15:00:00,51.0,1299.0,23.6,38.1,1.0917,2004-06-06 15:00:00
2004-06-06,16:00:00,56.0,1225.0,25.9,32.0,1.0529,2004-06-06 16:00:00
2004-06-06,17:00:00,71.0,1186.0,26.3,31.5,1.0643,2004-06-06 17:00:00
2004-06-06,18:00:00,79.0,1123.0,23.9,36.8,1.0774,2004-06-06 18:00:00
2004-06-06,19:00:00,117.0,1084.0,23.7,36.8,1.0609,2004-06-06 19:00:00
2004-06-06,20:00:00,127.0,1048.0,22.5,37.8,1.0157,2004-06-06 20:00:00
2004-06-06,21:00:00,118.0,1080.0,21.8,39.2,1.0115,2004-06-06 21:00:00
2004-06-06,22:00:00,130.0,1030.0,20.9,42.6,1.04,2004-06-06 22:00:00
2004-06-06,23:00:00,131.0,991.0,20.0,45.6,1.0555,2004-06-06 23:00:00
2004-06-07,00:00:00,102.0,1061.0,19.3,47.9,1.059,2004-06-07 00:00:00
2004-06-07,01:00:00,48.0,1222.0,18.7,49.0,1.0462,2004-06-07 01:00:00
2004-06-07,02:00:00,22.0,1263.0,17.8,54.1,1.0938,2004-06-07 02:00:00
2004-06-07,03:00:00,114.57692307692308,1281.0,18.6,52.7,1.1206,2004-06-07 03:00:00
2004-06-07,04:00:00,22.0,1263.0,17.2,57.9,1.127,2004-06-07 04:00:00
2004-06-07,05:00:00,44.0,1273.0,18.2,54.1,1.1155,2004-06-07 05:00:00
2004-06-07,06:00:00,167.0,867.0,17.3,57.6,1.1289,2004-06-07 06:00:00
2004-06-07,07:00:00,220.0,777.0,19.9,49.4,1.1354,2004-06-07 07:00:00
2004-06-07,08:00:00,285.0,664.0,21.7,44.2,1.1321,2004-06-07 08:00:00
2004-06-07,09:00:00,272.0,801.0,23.5,40.0,1.1386,2004-06-07 09:00:00
2004-06-07,10:00:00,238.0,774.0,28.4,29.7,1.1345,2004-06-07 10:00:00
2004-06-07,11:00:00,207.0,832.0,31.6,24.1,1.0994,2004-06-07 11:00:00
2004-06-07,12:00:00,152.0,887.0,31.3,24.1,1.0816,2004-06-07 12:00:00
2004-06-07,13:00:00,185.0,829.0,34.4,20.4,1.0857,2004-06-07 13:00:00
2004-06-07,14:00:00,184.0,833.0,33.7,21.3,1.0988,2004-06-07 14:00:00
2004-06-07,15:00:00,205.0,815.0,35.9,18.9,1.0999,2004-06-07 15:00:00
2004-06-07,16:00:00,172.0,871.0,34.3,19.4,1.0279,2004-06-07 16:00:00
2004-06-07,17:00:00,227.0,788.0,33.5,19.9,1.0112,2004-06-07 17:00:00
2004-06-07,18:00:00,187.0,786.0,30.5,24.2,1.0386,2004-06-07 18:00:00
2004-06-07,19:00:00,290.0,647.0,30.3,26.2,1.1161,2004-06-07 19:00:00
2004-06-07,20:00:00,155.0,825.0,27.0,36.7,1.2898,2004-06-07 20:00:00
2004-06-07,21:00:00,108.0,867.0,24.6,41.9,1.2752,2004-06-07 21:00:00
2004-06-07,22:00:00,94.0,919.0,23.3,44.5,1.2566,2004-06-07 22:00:00
2004-06-07,23:00:00,103.0,934.0,22.4,46.9,1.2544,2004-06-07 23:00:00
2004-06-08,00:00:00,78.0,980.0,21.7,50.8,1.3019,2004-06-08 00:00:00
2004-06-08,01:00:00,38.0,1129.0,21.0,51.9,1.2794,2004-06-08 01:00:00
2004-06-08,02:00:00,26.0,1277.0,20.5,54.3,1.2926,2004-06-08 02:00:00
2004-06-08,03:00:00,114.57692307692308,1369.0,20.9,52.5,1.2852,2004-06-08 03:00:00
2004-06-08,04:00:00,19.0,1449.0,21.0,53.1,1.3031,2004-06-08 04:00:00
2004-06-08,05:00:00,35.0,1265.0,19.6,57.1,1.2851,2004-06-08 05:00:00
2004-06-08,06:00:00,126.0,917.0,18.2,62.3,1.2903,2004-06-08 06:00:00
2004-06-08,07:00:00,309.0,683.0,19.5,57.7,1.2966,2004-06-08 07:00:00
2004-06-08,08:00:00,376.0,525.0,21.6,51.7,1.313,2004-06-08 08:00:00
2004-06-08,09:00:00,441.0,602.0,23.9,44.4,1.3029,2004-06-08 09:00:00
2004-06-08,10:00:00,309.0,698.0,28.1,35.2,1.312,2004-06-08 10:00:00
2004-06-08,11:00:00,220.0,728.0,31.4,28.6,1.298,2004-06-08 11:00:00
2004-06-08,12:00:00,168.0,761.0,33.7,25.5,1.3095,2004-06-08 12:00:00
2004-06-08,13:00:00,149.0,818.0,35.9,20.8,1.2103,2004-06-08 13:00:00
2004-06-08,14:00:00,160.0,794.0,37.5,18.1,1.1529,2004-06-08 14:00:00
2004-06-08,15:00:00,177.0,825.0,37.7,17.7,1.1383,2004-06-08 15:00:00
2004-06-08,16:00:00,261.36716417910446,865.0,37.8,17.4,1.1219,2004-06-08 16:00:00
2004-06-08,17:00:00,176.0,695.0,36.6,20.6,1.2445,2004-06-08 17:00:00
2004-06-08,18:00:00,202.0,650.0,32.5,26.0,1.2502,2004-06-08 18:00:00
2004-06-08,19:00:00,255.0,660.0,30.8,27.2,1.1832,2004-06-08 19:00:00
2004-06-08,20:00:00,210.0,683.0,28.8,30.2,1.1761,2004-06-08 20:00:00
2004-06-08,21:00:00,157.0,751.0,26.7,35.4,1.2233,2004-06-08 21:00:00
2004-06-08,22:00:00,96.0,836.0,25.3,40.7,1.291,2004-06-08 22:00:00
2004-06-08,23:00:00,59.0,933.0,24.9,41.2,1.2809,2004-06-08 23:00:00
2004-06-09,00:00:00,81.0,853.0,23.7,45.1,1.3033,2004-06-09 00:00:00
2004-06-09,01:00:00,40.0,940.0,22.5,49.0,1.3151,2004-06-09 01:00:00
2004-06-09,02:00:00,42.0,965.0,22.3,50.6,1.3486,2004-06-09 02:00:00
2004-06-09,03:00:00,114.57692307692308,1107.0,22.0,50.5,1.3199,2004-06-09 03:00:00
2004-06-09,04:00:00,31.0,1113.0,20.8,54.4,1.3229,2004-06-09 04:00:00
2004-06-09,05:00:00,54.0,1084.0,20.3,56.0,1.3204,2004-06-09 05:00:00
2004-06-09,06:00:00,88.0,899.0,20.5,54.8,1.3073,2004-06-09 06:00:00
2004-06-09,07:00:00,261.0,630.0,21.7,50.6,1.2981,2004-06-09 07:00:00
2004-06-09,08:00:00,357.0,507.0,23.4,46.1,1.3091,2004-06-09 08:00:00
2004-06-09,09:00:00,265.0,701.0,25.1,43.0,1.3488,2004-06-09 09:00:00
2004-06-09,10:00:00,247.0,676.0,30.1,32.8,1.3795,2004-06-09 10:00:00
2004-06-09,11:00:00,189.0,711.0,34.7,25.9,1.4069,2004-06-09 11:00:00
2004-06-09,12:00:00,168.0,701.0,37.2,23.2,1.4478,2004-06-09 12:00:00
2004-06-09,13:00:00,183.0,721.0,39.5,18.3,1.2917,2004-06-09 13:00:00
2004-06-09,14:00:00,157.0,815.0,40.6,15.3,1.1485,2004-06-09 14:00:00
2004-06-09,15:00:00,113.0,894.0,40.3,16.1,1.1896,2004-06-09 15:00:00
2004-06-09,16:00:00,140.0,896.0,40.3,14.2,1.0494,2004-06-09 16:00:00
2004-06-09,17:00:00,230.0,699.0,39.6,16.7,1.1867,2004-06-09 17:00:00
2004-06-09,18:00:00,277.0,586.0,37.3,23.4,1.4672,2004-06-09 18:00:00
2004-06-09,19:00:00,295.0,620.0,33.7,27.7,1.4213,2004-06-09 19:00:00
2004-06-09,20:00:00,212.0,695.0,30.7,32.2,1.3983,2004-06-09 20:00:00
2004-06-09,21:00:00,151.0,747.0,28.4,35.7,1.3549,2004-06-09 21:00:00
2004-06-09,22:00:00,110.0,805.0,26.5,38.6,1.3154,2004-06-09 22:00:00
2004-06-09,23:00:00,83.0,917.0,25.4,40.1,1.2822,2004-06-09 23:00:00
2004-06-10,00:00:00,48.0,956.0,24.1,43.3,1.2839,2004-06-10 00:00:00
2004-06-10,01:00:00,27.0,1065.0,23.9,45.6,1.3328,2004-06-10 01:00:00
2004-06-10,02:00:00,48.0,967.0,22.0,52.8,1.3752,2004-06-10 02:00:00
2004-06-10,03:00:00,114.57692307692308,1085.0,20.7,56.1,1.3565,2004-06-10 03:00:00
2004-06-10,04:00:00,33.0,1138.0,20.1,57.3,1.3352,2004-06-10 04:00:00
2004-06-10,05:00:00,75.0,1001.0,19.5,59.4,1.3328,2004-06-10 05:00:00
2004-06-10,06:00:00,101.0,887.0,20.0,56.6,1.3095,2004-06-10 06:00:00
2004-06-10,07:00:00,214.0,661.0,21.7,53.9,1.3848,2004-06-10 07:00:00
2004-06-10,08:00:00,290.0,545.0,23.7,49.0,1.4152,2004-06-10 08:00:00
2004-06-10,09:00:00,311.0,586.0,25.9,44.3,1.4544,2004-06-10 09:00:00
2004-06-10,10:00:00,234.0,705.0,30.1,34.3,1.4414,2004-06-10 10:00:00
2004-06-10,11:00:00,157.0,770.0,33.5,27.2,1.3859,2004-06-10 11:00:00
2004-06-10,12:00:00,165.0,715.0,35.4,26.1,1.4806,2004-06-10 12:00:00
2004-06-10,13:00:00,137.0,735.0,37.9,23.2,1.502,2004-06-10 13:00:00
2004-06-10,14:00:00,149.0,719.0,39.7,18.7,1.3306,2004-06-10 14:00:00
2004-06-10,15:00:00,140.0,782.0,40.4,17.2,1.2774,2004-06-10 15:00:00
2004-06-10,16:00:00,139.0,779.0,40.0,18.8,1.363,2004-06-10 16:00:00
2004-06-10,17:00:00,221.0,670.0,38.9,18.8,1.29,2004-06-10 17:00:00
2004-06-10,18:00:00,318.0,631.0,35.8,22.1,1.2792,2004-06-10 18:00:00
2004-06-10,19:00:00,363.0,635.0,33.1,25.9,1.2923,2004-06-10 19:00:00
2004-06-10,20:00:00,341.0,655.0,30.9,28.2,1.2388,2004-06-10 20:00:00
2004-06-10,21:00:00,163.0,826.0,27.5,32.6,1.176,2004-06-10 21:00:00
2004-06-10,22:00:00,157.0,768.0,26.3,34.3,1.1605,2004-06-10 22:00:00
2004-06-10,23:00:00,202.0,783.0,25.5,34.1,1.0968,2004-06-10 23:00:00
2004-06-11,00:00:00,102.0,839.0,24.7,39.3,1.2065,2004-06-11 00:00:00
2004-06-11,01:00:00,70.0,915.0,24.2,39.5,1.1764,2004-06-11 01:00:00
2004-06-11,02:00:00,41.0,1092.0,24.8,37.8,1.1639,2004-06-11 02:00:00
2004-06-11,03:00:00,114.57692307692308,1176.0,22.7,43.8,1.1952,2004-06-11 03:00:00
2004-06-11,04:00:00,36.0,1146.0,22.0,44.3,1.1553,2004-06-11 04:00:00
2004-06-11,05:00:00,68.0,1050.0,19.3,51.4,1.1364,2004-06-11 05:00:00
2004-06-11,06:00:00,92.0,923.0,19.8,50.4,1.1525,2004-06-11 06:00:00
2004-06-11,07:00:00,332.0,595.0,20.5,48.2,1.1474,2004-06-11 07:00:00
2004-06-11,08:00:00,333.0,567.0,22.8,42.7,1.1667,2004-06-11 08:00:00
2004-06-11,09:00:00,298.0,632.0,25.6,35.8,1.1548,2004-06-11 09:00:00
2004-06-11,10:00:00,339.4970238095238,788.0,30.0,27.5,1.1509,2004-06-11 10:00:00
2004-06-11,11:00:00,146.0,817.0,34.4,21.0,1.1248,2004-06-11 11:00:00
2004-06-11,12:00:00,120.0,801.0,35.9,19.6,1.1422,2004-06-11 12:00:00
2004-06-11,13:00:00,108.0,797.0,37.2,18.2,1.1389,2004-06-11 13:00:00
2004-06-11,14:00:00,109.0,837.0,37.3,16.6,1.0435,2004-06-11 14:00:00
2004-06-11,15:00:00,124.0,848.0,37.4,14.9,0.9413,2004-06-11 15:00:00
2004-06-11,16:00:00,127.0,877.0,36.4,15.1,0.9005,2004-06-11 16:00:00
2004-06-11,17:00:00,185.0,832.0,35.4,14.7,0.8323,2004-06-11 17:00:00
2004-06-11,18:00:00,230.0,776.0,34.2,14.2,0.7502,2004-06-11 18:00:00
2004-06-11,19:00:00,265.0,765.0,31.1,18.7,0.8302,2004-06-11 19:00:00
2004-06-11,20:00:00,261.0,765.0,29.1,22.0,0.8702,2004-06-11 20:00:00
2004-06-11,21:00:00,219.0,794.0,27.2,22.5,0.7962,2004-06-11 21:00:00
2004-06-11,22:00:00,180.0,805.0,25.3,24.6,0.7796,2004-06-11 22:00:00
2004-06-11,23:00:00,108.0,990.0,24.9,27.2,0.8429,2004-06-11 23:00:00
2004-06-12,00:00:00,98.0,894.0,23.5,32.2,0.922,2004-06-12 00:00:00
2004-06-12,01:00:00,57.0,957.0,23.5,32.7,0.9349,2004-06-12 01:00:00
2004-06-12,02:00:00,36.0,1052.0,24.1,32.0,0.9467,2004-06-12 02:00:00
2004-06-12,03:00:00,114.57692307692308,1109.0,22.6,34.8,0.9441,2004-06-12 03:00:00
2004-06-12,04:00:00,45.0,1047.0,20.8,40.2,0.9725,2004-06-12 04:00:00
2004-06-12,05:00:00,87.0,936.0,18.8,46.6,1.0027,2004-06-12 05:00:00
2004-06-12,06:00:00,62.0,950.0,19.8,46.0,1.0524,2004-06-12 06:00:00
2004-06-12,07:00:00,65.0,996.0,21.3,42.3,1.0625,2004-06-12 07:00:00
2004-06-12,08:00:00,125.0,850.0,21.3,41.8,1.0449,2004-06-12 08:00:00
2004-06-12,09:00:00,157.0,746.0,24.0,36.6,1.0772,2004-06-12 09:00:00
2004-06-12,10:00:00,171.0,746.0,27.2,30.7,1.0884,2004-06-12 10:00:00
2004-06-12,11:00:00,119.0,820.0,32.3,23.6,1.1271,2004-06-12 11:00:00
2004-06-12,12:00:00,110.0,849.0,31.9,25.8,1.2023,2004-06-12 12:00:00
2004-06-12,13:00:00,95.0,860.0,35.1,21.8,1.2093,2004-06-12 13:00:00
2004-06-12,14:00:00,58.0,937.0,36.0,20.5,1.1995,2004-06-12 14:00:00
2004-06-12,15:00:00,69.0,892.0,37.0,20.1,1.2423,2004-06-12 15:00:00
2004-06-12,16:00:00,76.0,869.0,36.4,21.0,1.2515,2004-06-12 16:00:00
2004-06-12,17:00:00,63.0,901.0,35.2,22.6,1.267,2004-06-12 17:00:00
2004-06-12,18:00:00,51.0,964.0,32.5,27.6,1.3229,2004-06-12 18:00:00
2004-06-12,19:00:00,46.0,936.0,29.1,35.1,1.3919,2004-06-12 19:00:00
2004-06-12,20:00:00,52.0,922.0,26.9,39.7,1.3898,2004-06-12 20:00:00
2004-06-12,21:00:00,84.0,765.0,26.1,42.2,1.4039,2004-06-12 21:00:00
2004-06-12,22:00:00,130.0,731.0,25.5,43.8,1.4095,2004-06-12 22:00:00
2004-06-12,23:00:00,147.0,734.0,24.9,45.6,1.4135,2004-06-12 23:00:00
2004-06-13,00:00:00,126.0,847.0,25.2,45.2,1.4262,2004-06-13 00:00:00
2004-06-13,01:00:00,47.0,955.0,25.4,45.5,1.457,2004-06-13 01:00:00
2004-06-13,02:00:00,24.0,1109.0,26.2,43.6,1.4599,2004-06-13 02:00:00
2004-06-13,03:00:00,114.57692307692308,1050.0,24.3,48.2,1.4476,2004-06-13 03:00:00
2004-06-13,04:00:00,25.0,1121.0,24.4,48.3,1.4499,2004-06-13 04:00:00
2004-06-13,05:00:00,21.0,1237.0,23.3,51.0,1.4346,2004-06-13 05:00:00
2004-06-13,06:00:00,25.0,1466.0,21.6,48.1,1.2259,2004-06-13 06:00:00
2004-06-13,07:00:00,25.0,1534.0,21.4,47.8,1.2005,2004-06-13 07:00:00
2004-06-13,08:00:00,30.0,1526.0,20.5,46.8,1.1152,2004-06-13 08:00:00
2004-06-13,09:00:00,42.0,1460.0,20.8,40.7,0.9882,2004-06-13 09:00:00
2004-06-13,10:00:00,52.0,1315.0,22.3,35.3,0.9371,2004-06-13 10:00:00
2004-06-13,11:00:00,62.0,1292.0,21.7,38.3,0.9842,2004-06-13 11:00:00
2004-06-13,12:00:00,67.0,1295.0,24.4,29.6,0.8921,2004-06-13 12:00:00
2004-06-13,13:00:00,47.0,1380.0,23.4,34.9,0.991,2004-06-13 13:00:00
2004-06-13,14:00:00,35.0,1426.0,23.5,35.2,1.0019,2004-06-13 14:00:00
2004-06-13,15:00:00,45.0,1309.0,22.4,39.0,1.04,2004-06-13 15:00:00
2004-06-13,16:00:00,53.0,1274.0,22.0,41.7,1.0865,2004-06-13 16:00:00
2004-06-13,17:00:00,57.0,1246.0,21.7,42.7,1.0949,2004-06-13 17:00:00
2004-06-13,18:00:00,71.0,1245.0,20.7,43.4,1.047,2004-06-13 18:00:00
2004-06-13,19:00:00,67.0,1215.0,20.3,42.6,1.0045,2004-06-13 19:00:00
2004-06-13,20:00:00,75.0,1191.0,20.3,44.1,1.0392,2004-06-13 20:00:00
2004-06-13,21:00:00,65.0,1180.0,20.1,45.2,1.0538,2004-06-13 21:00:00
2004-06-13,22:00:00,45.0,1340.0,19.8,45.7,1.0424,2004-06-13 22:00:00
2004-06-13,23:00:00,46.0,1305.0,19.6,45.3,1.0244,2004-06-13 23:00:00
2004-06-14,00:00:00,33.0,1377.0,19.4,45.9,1.0242,2004-06-14 00:00:00
2004-06-14,01:00:00,19.0,1580.0,19.7,44.8,1.0172,2004-06-14 01:00:00
2004-06-14,02:00:00,9.0,1795.0,19.5,46.3,1.0363,2004-06-14 02:00:00
2004-06-14,03:00:00,114.57692307692308,1941.0,19.0,49.0,1.063,2004-06-14 03:00:00
2004-06-14,04:00:00,12.0,1917.0,19.1,50.7,1.109,2004-06-14 04:00:00
2004-06-14,05:00:00,21.0,1703.0,19.1,52.7,1.1545,2004-06-14 05:00:00
2004-06-14,06:00:00,66.0,1196.0,20.3,49.3,1.1596,2004-06-14 06:00:00
2004-06-14,07:00:00,137.0,941.0,21.1,46.2,1.1389,2004-06-14 07:00:00
2004-06-14,08:00:00,151.0,886.0,21.5,44.5,1.129,2004-06-14 08:00:00
2004-06-14,09:00:00,115.0,992.0,22.4,43.6,1.1637,2004-06-14 09:00:00
2004-06-14,10:00:00,118.0,941.0,24.8,39.1,1.2039,2004-06-14 10:00:00
2004-06-14,11:00:00,95.0,1026.0,23.9,42.1,1.2335,2004-06-14 11:00:00
2004-06-14,12:00:00,86.0,1029.0,25.5,38.3,1.2328,2004-06-14 12:00:00
2004-06-14,13:00:00,85.0,1012.0,25.4,39.2,1.2534,2004-06-14 13:00:00
2004-06-14,14:00:00,66.0,1134.0,25.6,37.0,1.2006,2004-06-14 14:00:00
2004-06-14,15:00:00,74.0,1046.0,24.5,38.4,1.1669,2004-06-14 15:00:00
2004-06-14,16:00:00,108.0,985.0,23.9,39.9,1.1639,2004-06-14 16:00:00
2004-06-14,17:00:00,150.0,812.0,24.2,39.2,1.1665,2004-06-14 17:00:00
2004-06-14,18:00:00,157.0,846.0,23.5,41.2,1.1759,2004-06-14 18:00:00
2004-06-14,19:00:00,93.0,972.0,22.3,44.9,1.1973,2004-06-14 19:00:00
2004-06-14,20:00:00,76.0,1023.0,21.7,46.5,1.1917,2004-06-14 20:00:00
2004-06-14,21:00:00,57.0,1134.0,22.0,44.9,1.1699,2004-06-14 21:00:00
2004-06-14,22:00:00,64.0,1096.0,22.2,44.1,1.1654,2004-06-14 22:00:00
2004-06-14,23:00:00,59.0,1062.0,21.8,45.6,1.1763,2004-06-14 23:00:00
2004-06-15,00:00:00,68.0,1055.0,21.6,46.0,1.1742,2004-06-15 00:00:00
2004-06-15,01:00:00,31.0,1249.0,21.6,45.8,1.1715,2004-06-15 01:00:00
2004-06-15,02:00:00,21.0,1490.0,20.7,48.3,1.168,2004-06-15 02:00:00
2004-06-15,03:00:00,114.57692307692308,1525.0,21.0,47.1,1.1546,2004-06-15 03:00:00
2004-06-15,04:00:00,24.0,1326.0,20.8,48.5,1.18,2004-06-15 04:00:00
2004-06-15,05:00:00,38.0,1097.0,20.8,49.4,1.1994,2004-06-15 05:00:00
2004-06-15,06:00:00,92.0,897.0,19.9,51.8,1.1911,2004-06-15 06:00:00
2004-06-15,07:00:00,311.0,610.0,20.9,49.3,1.2049,2004-06-15 07:00:00
2004-06-15,08:00:00,260.0,609.0,23.7,39.9,1.1508,2004-06-15 08:00:00
2004-06-15,09:00:00,181.0,823.0,25.3,35.8,1.1421,2004-06-15 09:00:00
2004-06-15,10:00:00,177.0,838.0,28.8,29.1,1.1349,2004-06-15 10:00:00
2004-06-15,11:00:00,180.0,747.0,30.3,26.9,1.1399,2004-06-15 11:00:00
2004-06-15,12:00:00,174.0,767.0,32.8,23.3,1.138,2004-06-15 12:00:00
2004-06-15,13:00:00,140.0,824.0,33.9,21.4,1.1135,2004-06-15 13:00:00
2004-06-15,14:00:00,122.0,859.0,35.3,19.6,1.1036,2004-06-15 14:00:00
2004-06-15,15:00:00,189.0,785.0,34.0,20.8,1.0898,2004-06-15 15:00:00
2004-06-15,16:00:00,169.0,766.0,35.3,18.8,1.0572,2004-06-15 16:00:00
2004-06-15,17:00:00,172.0,722.0,32.6,24.1,1.1688,2004-06-15 17:00:00
2004-06-15,18:00:00,154.0,732.0,30.8,28.7,1.2507,2004-06-15 18:00:00
2004-06-15,19:00:00,192.0,673.0,28.7,31.2,1.2099,2004-06-15 19:00:00
2004-06-15,20:00:00,160.0,742.0,26.8,35.1,1.2201,2004-06-15 20:00:00
2004-06-15,21:00:00,110.0,806.0,25.3,39.4,1.2524,2004-06-15 21:00:00
2004-06-15,22:00:00,97.0,853.0,23.9,40.9,1.1966,2004-06-15 22:00:00
2004-06-15,23:00:00,124.0,816.0,23.0,44.4,1.2354,2004-06-15 23:00:00
2004-06-16,00:00:00,108.0,812.0,22.2,53.9,1.4237,2004-06-16 00:00:00
2004-06-16,01:00:00,61.0,865.0,20.9,59.8,1.4659,2004-06-16 01:00:00
2004-06-16,02:00:00,34.0,1034.0,21.3,58.1,1.457,2004-06-16 02:00:00
2004-06-16,03:00:00,114.57692307692308,1124.0,20.8,58.4,1.4189,2004-06-16 03:00:00
2004-06-16,04:00:00,24.0,1134.0,20.3,58.9,1.3878,2004-06-16 04:00:00
2004-06-16,05:00:00,27.0,1163.0,21.3,54.5,1.3682,2004-06-16 05:00:00
2004-06-16,06:00:00,70.0,882.0,20.6,57.4,1.3753,2004-06-16 06:00:00
2004-06-16,07:00:00,176.0,640.0,21.3,56.9,1.4226,2004-06-16 07:00:00
2004-06-16,08:00:00,310.0,517.0,22.9,52.4,1.4442,2004-06-16 08:00:00
2004-06-16,09:00:00,221.0,713.0,24.1,46.5,1.3802,2004-06-16 09:00:00
2004-06-16,10:00:00,168.0,765.0,27.1,38.8,1.3705,2004-06-16 10:00:00
2004-06-16,11:00:00,109.0,881.0,28.4,34.4,1.314,2004-06-16 11:00:00
2004-06-16,12:00:00,102.0,862.0,30.1,30.9,1.2958,2004-06-16 12:00:00
2004-06-16,13:00:00,129.0,755.0,32.7,25.8,1.2547,2004-06-16 13:00:00
2004-06-16,14:00:00,117.0,756.0,32.4,25.7,1.2271,2004-06-16 14:00:00
2004-06-16,15:00:00,112.0,802.0,33.6,24.4,1.2472,2004-06-16 15:00:00
2004-06-16,16:00:00,122.0,797.0,33.0,26.0,1.2877,2004-06-16 16:00:00
2004-06-16,17:00:00,114.0,787.0,33.2,23.7,1.1855,2004-06-16 17:00:00
2004-06-16,18:00:00,111.0,807.0,31.3,25.4,1.1415,2004-06-16 18:00:00
2004-06-16,19:00:00,158.0,698.0,28.3,31.7,1.1968,2004-06-16 19:00:00
2004-06-16,20:00:00,202.0,695.0,26.5,35.0,1.1981,2004-06-16 20:00:00
2004-06-16,21:00:00,166.0,764.0,24.4,40.0,1.2079,2004-06-16 21:00:00
2004-06-16,22:00:00,143.0,745.0,23.3,43.4,1.2251,2004-06-16 22:00:00
2004-06-16,23:00:00,122.0,742.0,22.5,45.3,1.2226,2004-06-16 23:00:00
2004-06-17,00:00:00,113.0,749.0,21.8,47.8,1.2325,2004-06-17 00:00:00
2004-06-17,01:00:00,109.0,822.0,20.9,51.0,1.2446,2004-06-17 01:00:00
2004-06-17,02:00:00,53.0,1035.0,20.8,51.7,1.2572,2004-06-17 02:00:00
2004-06-17,03:00:00,114.57692307692308,1038.0,19.3,57.1,1.2661,2004-06-17 03:00:00
2004-06-17,04:00:00,32.0,1102.0,18.8,58.6,1.2581,2004-06-17 04:00:00
2004-06-17,05:00:00,35.0,1092.0,20.2,53.8,1.2569,2004-06-17 05:00:00
2004-06-17,06:00:00,123.0,812.0,18.3,60.8,1.2635,2004-06-17 06:00:00
2004-06-17,07:00:00,254.0,611.0,20.2,54.5,1.2777,2004-06-17 07:00:00
2004-06-17,08:00:00,300.0,562.0,21.9,49.9,1.2957,2004-06-17 08:00:00
2004-06-17,09:00:00,281.0,588.0,25.2,43.0,1.3548,2004-06-17 09:00:00
2004-06-17,10:00:00,169.0,837.0,28.0,36.6,1.3603,2004-06-17 10:00:00
2004-06-17,11:00:00,152.0,867.0,27.1,38.3,1.3548,2004-06-17 11:00:00
2004-06-17,12:00:00,127.0,841.0,27.4,37.0,1.3319,2004-06-17 12:00:00
2004-06-17,13:00:00,118.0,865.0,29.4,32.9,1.3244,2004-06-17 13:00:00
2004-06-17,14:00:00,120.0,866.0,31.3,28.7,1.2885,2004-06-17 14:00:00
2004-06-17,15:00:00,125.0,881.0,31.5,28.7,1.3058,2004-06-17 15:00:00
2004-06-17,16:00:00,117.0,878.0,30.9,30.3,1.3306,2004-06-17 16:00:00
2004-06-17,17:00:00,166.0,738.0,31.4,30.3,1.3689,2004-06-17 17:00:00
2004-06-17,18:00:00,180.0,683.0,30.7,31.4,1.3686,2004-06-17 18:00:00
2004-06-17,19:00:00,172.0,726.0,29.0,33.4,1.3169,2004-06-17 19:00:00
2004-06-17,20:00:00,160.0,754.0,27.3,37.5,1.342,2004-06-17 20:00:00
2004-06-17,21:00:00,103.0,878.0,25.8,40.9,1.3389,2004-06-17 21:00:00
2004-06-17,22:00:00,87.0,868.0,25.2,43.0,1.358,2004-06-17 22:00:00
2004-06-17,23:00:00,147.0,684.0,24.6,45.8,1.394,2004-06-17 23:00:00
2004-06-18,00:00:00,120.0,791.0,24.0,47.3,1.3914,2004-06-18 00:00:00
2004-06-18,01:00:00,63.0,936.0,23.5,48.3,1.3777,2004-06-18 01:00:00
2004-06-18,02:00:00,30.0,1140.0,24.0,45.8,1.3467,2004-06-18 02:00:00
2004-06-18,03:00:00,114.57692307692308,1214.0,22.2,50.7,1.3405,2004-06-18 03:00:00
2004-06-18,04:00:00,19.0,1259.0,22.8,48.1,1.3184,2004-06-18 04:00:00
2004-06-18,05:00:00,27.0,1178.0,21.9,50.1,1.3002,2004-06-18 05:00:00
2004-06-18,06:00:00,65.0,947.0,20.4,54.1,1.28,2004-06-18 06:00:00
2004-06-18,07:00:00,169.0,711.0,20.8,52.6,1.2758,2004-06-18 07:00:00
2004-06-18,08:00:00,244.0,535.0,22.8,47.9,1.3156,2004-06-18 08:00:00
2004-06-18,09:00:00,274.0,605.0,25.2,42.9,1.3552,2004-06-18 09:00:00
2004-06-18,10:00:00,202.0,701.0,29.3,34.8,1.397,2004-06-18 10:00:00
2004-06-18,11:00:00,186.0,703.0,33.3,27.8,1.4013,2004-06-18 11:00:00
2004-06-18,12:00:00,153.0,739.0,34.9,24.9,1.363,2004-06-18 12:00:00
2004-06-18,13:00:00,112.0,785.0,36.1,22.7,1.3324,2004-06-18 13:00:00
2004-06-18,14:00:00,117.0,765.0,37.6,21.1,1.3478,2004-06-18 14:00:00
2004-06-18,15:00:00,109.0,782.0,37.3,21.9,1.3761,2004-06-18 15:00:00
2004-06-18,16:00:00,133.0,747.0,37.2,21.6,1.3514,2004-06-18 16:00:00
2004-06-18,17:00:00,185.0,693.0,35.6,23.4,1.341,2004-06-18 17:00:00
2004-06-18,18:00:00,167.0,738.0,33.1,24.3,1.2087,2004-06-18 18:00:00
2004-06-18,19:00:00,218.0,673.0,30.5,29.5,1.2635,2004-06-18 19:00:00
2004-06-18,20:00:00,171.0,719.0,28.7,35.8,1.3834,2004-06-18 20:00:00
2004-06-18,21:00:00,78.0,916.0,26.6,42.2,1.4452,2004-06-18 21:00:00
2004-06-18,22:00:00,84.0,816.0,25.2,46.6,1.4733,2004-06-18 22:00:00
2004-06-18,23:00:00,110.0,714.0,24.7,47.7,1.4649,2004-06-18 23:00:00
2004-06-19,00:00:00,87.0,802.0,24.4,47.4,1.4301,2004-06-19 00:00:00
2004-06-19,01:00:00,58.0,909.0,23.3,49.9,1.4135,2004-06-19 01:00:00
2004-06-19,02:00:00,39.0,1043.0,23.8,47.3,1.3783,2004-06-19 02:00:00
2004-06-19,03:00:00,114.57692307692308,1062.0,22.9,50.2,1.3808,2004-06-19 03:00:00
2004-06-19,04:00:00,38.0,1021.0,21.2,55.0,1.3689,2004-06-19 04:00:00
2004-06-19,05:00:00,41.0,1109.0,21.7,52.6,1.35,2004-06-19 05:00:00
2004-06-19,06:00:00,47.0,1079.0,22.8,48.9,1.3424,2004-06-19 06:00:00
2004-06-19,07:00:00,72.0,943.0,23.5,47.6,1.3611,2004-06-19 07:00:00
2004-06-19,08:00:00,100.0,806.0,24.6,44.9,1.3661,2004-06-19 08:00:00
2004-06-19,09:00:00,104.0,801.0,27.0,39.9,1.402,2004-06-19 09:00:00
2004-06-19,10:00:00,109.0,843.0,29.3,35.9,1.4411,2004-06-19 10:00:00
2004-06-19,11:00:00,103.0,822.0,31.2,32.4,1.4517,2004-06-19 11:00:00
2004-06-19,12:00:00,75.0,819.0,34.4,26.6,1.423,2004-06-19 12:00:00
2004-06-19,13:00:00,72.0,833.0,36.1,22.1,1.3004,2004-06-19 13:00:00
2004-06-19,14:00:00,56.0,846.3333333333334,35.65897435897436,22.94871794871795,1.2975564102564103,2004-06-19 14:00:00
2004-06-19,15:00:00,51.0,859.6666666666666,35.21794871794872,23.7974358974359,1.2947128205128204,2004-06-19 15:00:00
2004-06-19,16:00:00,52.0,873.0,34.776923076923076,24.646153846153847,1.2918692307692308,2004-06-19 16:00:00
2004-06-19,17:00:00,46.0,886.3333333333334,34.33589743589744,25.494871794871795,1.289025641025641,2004-06-19 17:00:00
2004-06-19,18:00:00,44.0,899.6666666666666,33.8948717948718,26.343589743589746,1.2861820512820512,2004-06-19 18:00:00
2004-06-19,19:00:00,72.0,913.0,33.45384615384616,27.192307692307693,1.2833384615384615,2004-06-19 19:00:00
2004-06-19,20:00:00,88.0,926.3333333333334,33.01282051282051,28.04102564102564,1.2804948717948719,2004-06-19 20:00:00
2004-06-19,21:00:00,56.0,939.6666666666666,32.57179487179487,28.889743589743592,1.277651282051282,2004-06-19 21:00:00
2004-06-19,22:00:00,82.0,953.0,32.13076923076923,29.73846153846154,1.2748076923076923,2004-06-19 22:00:00
2004-06-19,23:00:00,125.0,966.3333333333334,31.68974358974359,30.58717948717949,1.2719641025641026,2004-06-19 23:00:00
2004-06-20,00:00:00,144.0,979.6666666666667,31.24871794871795,31.435897435897438,1.2691205128205127,2004-06-20 00:00:00
2004-06-20,01:00:00,54.0,993.0,30.807692307692307,32.284615384615385,1.266276923076923,2004-06-20 01:00:00
2004-06-20,02:00:00,48.0,1006.3333333333334,30.366666666666667,33.13333333333333,1.2634333333333334,2004-06-20 02:00:00
2004-06-20,03:00:00,114.57692307692308,1019.6666666666667,29.925641025641028,33.98205128205129,1.2605897435897435,2004-06-20 03:00:00
2004-06-20,04:00:00,41.0,1033.0,29.484615384615385,34.830769230769235,1.2577461538461538,2004-06-20 04:00:00
2004-06-20,05:00:00,40.0,1046.3333333333333,29.04358974358974,35.67948717948718,1.2549025641025642,2004-06-20 05:00:00
2004-06-20,06:00:00,48.0,1059.6666666666667,28.602564102564102,36.52820512820513,1.2520589743589743,2004-06-20 06:00:00
2004-06-20,07:00:00,44.0,1073.0,28.161538461538463,37.37692307692308,1.2492153846153846,2004-06-20 07:00:00
2004-06-20,08:00:00,59.0,1086.3333333333333,27.72051282051282,38.225641025641025,1.246371794871795,2004-06-20 08:00:00
2004-06-20,09:00:00,59.0,1099.6666666666667,27.279487179487177,39.07435897435897,1.243528205128205,2004-06-20 09:00:00
2004-06-20,10:00:00,53.0,1113.0,26.838461538461537,39.92307692307692,1.2406846153846154,2004-06-20 10:00:00
2004-06-20,11:00:00,42.0,1126.3333333333335,26.397435897435898,40.771794871794874,1.2378410256410257,2004-06-20 11:00:00
2004-06-20,12:00:00,43.0,1139.6666666666667,25.956410256410255,41.62051282051282,1.2349974358974358,2004-06-20 12:00:00
2004-06-20,13:00:00,23.0,1153.0,25.515384615384615,42.46923076923077,1.2321538461538462,2004-06-20 13:00:00
2004-06-20,14:00:00,22.0,1166.3333333333335,25.074358974358972,43.317948717948724,1.2293102564102565,2004-06-20 14:00:00
2004-06-20,15:00:00,37.0,1179.6666666666667,24.633333333333333,44.16666666666667,1.2264666666666666,2004-06-20 15:00:00
2004-06-20,16:00:00,53.0,1193.0,24.192307692307693,45.01538461538462,1.223623076923077,2004-06-20 16:00:00
2004-06-20,17:00:00,68.0,1206.3333333333335,23.75128205128205,45.864102564102566,1.2207794871794873,2004-06-20 17:00:00
2004-06-20,18:00:00,125.0,1219.6666666666667,23.310256410256407,46.712820512820514,1.2179358974358974,2004-06-20 18:00:00
2004-06-20,19:00:00,96.0,1233.0,22.869230769230768,47.56153846153846,1.2150923076923077,2004-06-20 19:00:00
2004-06-20,20:00:00,75.0,1246.3333333333335,22.42820512820513,48.41025641025641,1.212248717948718,2004-06-20 20:00:00
2004-06-20,21:00:00,74.0,1259.6666666666667,21.987179487179485,49.258974358974356,1.2094051282051281,2004-06-20 21:00:00
2004-06-20,22:00:00,92.0,1273.0,21.546153846153842,50.107692307692304,1.2065615384615385,2004-06-20 22:00:00
2004-06-20,23:00:00,136.0,1286.3333333333335,21.105128205128203,50.95641025641026,1.2037179487179488,2004-06-20 23:00:00
2004-06-21,00:00:00,119.0,1299.6666666666667,20.664102564102564,51.805128205128206,1.200874358974359,2004-06-21 00:00:00
2004-06-21,01:00:00,76.0,1313.0,20.22307692307692,52.65384615384615,1.1980307692307692,2004-06-21 01:00:00
2004-06-21,02:00:00,21.0,1326.3333333333335,19.78205128205128,53.50256410256411,1.1951871794871796,2004-06-21 02:00:00
2004-06-21,03:00:00,114.57692307692308,1339.6666666666667,19.341025641025638,54.351282051282055,1.1923435897435897,2004-06-21 03:00:00
2004-06-21,04:00:00,15.0,1353.0,18.9,55.2,1.1895,2004-06-21 04:00:00
2004-06-21,05:00:00,52.0,1108.0,18.2,57.6,1.193,2004-06-21 05:00:00
2004-06-21,06:00:00,85.0,857.0,18.6,56.0,1.1865,2004-06-21 06:00:00
2004-06-21,07:00:00,177.0,691.0,20.8,48.0,1.1702,2004-06-21 07:00:00
2004-06-21,08:00:00,232.0,626.0,23.3,38.6,1.0919,2004-06-21 08:00:00
2004-06-21,09:00:00,201.0,770.0,25.1,32.4,1.017,2004-06-21 09:00:00
2004-06-21,10:00:00,134.0,862.0,27.8,25.8,0.9473,2004-06-21 10:00:00
2004-06-21,11:00:00,104.0,965.0,29.6,21.0,0.8548,2004-06-21 11:00:00
2004-06-21,12:00:00,89.0,947.0,30.2,18.0,0.7613,2004-06-21 12:00:00
2004-06-21,13:00:00,66.0,1005.0,30.1,18.5,0.7747,2004-06-21 13:00:00
2004-06-21,14:00:00,85.0,978.0,29.5,19.4,0.7872,2004-06-21 14:00:00
2004-06-21,15:00:00,105.0,920.0,31.1,18.2,0.8079,2004-06-21 15:00:00
2004-06-21,16:00:00,99.0,920.0,30.3,19.0,0.8103,2004-06-21 16:00:00
2004-06-21,17:00:00,132.0,834.0,30.1,19.3,0.8083,2004-06-21 17:00:00
2004-06-21,18:00:00,186.0,760.0,28.6,22.3,0.859,2004-06-21 18:00:00
2004-06-21,19:00:00,174.0,736.0,26.1,28.3,0.9407,2004-06-21 19:00:00
2004-06-21,20:00:00,149.0,736.0,24.5,35.7,1.0807,2004-06-21 20:00:00
2004-06-21,21:00:00,114.0,798.0,23.1,41.5,1.1582,2004-06-21 21:00:00
2004-06-21,22:00:00,92.0,838.0,21.8,46.3,1.1913,2004-06-21 22:00:00
2004-06-21,23:00:00,75.0,915.0,20.9,48.9,1.1945,2004-06-21 23:00:00
2004-06-22,00:00:00,74.0,956.0,20.5,49.9,1.1903,2004-06-22 00:00:00
2004-06-22,01:00:00,35.0,1062.0,20.0,50.9,1.1794,2004-06-22 01:00:00
2004-06-22,02:00:00,22.0,1215.0,22.1,44.3,1.1665,2004-06-22 02:00:00
2004-06-22,03:00:00,114.57692307692308,1338.0,21.0,47.5,1.1666,2004-06-22 03:00:00
2004-06-22,04:00:00,24.0,1385.0,19.8,50.3,1.1444,2004-06-22 04:00:00
2004-06-22,05:00:00,30.0,1236.0,19.0,52.8,1.1489,2004-06-22 05:00:00
2004-06-22,06:00:00,93.0,922.0,17.8,56.5,1.1375,2004-06-22 06:00:00
2004-06-22,07:00:00,332.0,632.0,18.2,55.8,1.1529,2004-06-22 07:00:00
2004-06-22,08:00:00,387.0,523.0,20.6,47.7,1.1448,2004-06-22 08:00:00
2004-06-22,09:00:00,267.0,717.0,22.8,41.9,1.1496,2004-06-22 09:00:00
2004-06-22,10:00:00,269.0,725.0,27.1,31.7,1.1147,2004-06-22 10:00:00
2004-06-22,11:00:00,193.0,766.0,30.4,26.4,1.131,2004-06-22 11:00:00
2004-06-22,12:00:00,239.0,702.0,31.1,26.2,1.1647,2004-06-22 12:00:00
2004-06-22,13:00:00,232.0,707.0,31.4,25.3,1.1444,2004-06-22 13:00:00
2004-06-22,14:00:00,152.0,776.0,30.8,26.7,1.168,2004-06-22 14:00:00
2004-06-22,15:00:00,115.0,826.0,31.8,25.6,1.1868,2004-06-22 15:00:00
2004-06-22,16:00:00,169.0,762.0,33.5,22.9,1.1649,2004-06-22 16:00:00
2004-06-22,17:00:00,226.0,656.0,33.1,23.5,1.1673,2004-06-22 17:00:00
2004-06-22,18:00:00,218.0,654.0,31.7,25.9,1.1883,2004-06-22 18:00:00
2004-06-22,19:00:00,245.0,623.0,29.0,30.4,1.2013,2004-06-22 19:00:00
2004-06-22,20:00:00,236.0,646.0,27.4,33.6,1.2095,2004-06-22 20:00:00
2004-06-22,21:00:00,104.0,857.0,25.2,36.4,1.1528,2004-06-22 21:00:00
2004-06-22,22:00:00,104.0,813.0,24.0,39.6,1.1662,2004-06-22 22:00:00
2004-06-22,23:00:00,144.0,729.0,23.8,39.6,1.1558,2004-06-22 23:00:00
2004-06-23,00:00:00,79.0,864.0,22.9,43.6,1.1974,2004-06-23 00:00:00
2004-06-23,01:00:00,51.0,1004.0,22.8,43.9,1.202,2004-06-23 01:00:00
2004-06-23,02:00:00,38.0,1093.0,21.8,47.3,1.2189,2004-06-23 02:00:00
2004-06-23,03:00:00,114.57692307692308,1170.0,21.7,47.3,1.2135,2004-06-23 03:00:00
2004-06-23,04:00:00,24.0,1183.0,20.8,50.3,1.2207,2004-06-23 04:00:00
2004-06-23,05:00:00,30.0,1155.0,21.7,46.8,1.2031,2004-06-23 05:00:00
2004-06-23,06:00:00,73.0,934.0,20.3,52.3,1.2367,2004-06-23 06:00:00
2004-06-23,07:00:00,305.0,579.0,20.5,52.3,1.245,2004-06-23 07:00:00
2004-06-23,08:00:00,295.0,605.0,21.7,49.6,1.2673,2004-06-23 08:00:00
2004-06-23,09:00:00,331.0,608.0,24.0,43.1,1.2677,2004-06-23 09:00:00
2004-06-23,10:00:00,304.0,672.0,28.5,31.7,1.2144,2004-06-23 10:00:00
2004-06-23,11:00:00,210.0,746.0,32.2,25.1,1.189,2004-06-23 11:00:00
2004-06-23,12:00:00,163.0,763.0,34.9,20.5,1.1279,2004-06-23 12:00:00
2004-06-23,13:00:00,132.0,796.0,35.4,19.9,1.1222,2004-06-23 13:00:00
2004-06-23,14:00:00,126.0,767.0,34.4,22.5,1.205,2004-06-23 14:00:00
2004-06-23,15:00:00,150.0,724.0,34.8,22.8,1.2488,2004-06-23 15:00:00
2004-06-23,16:00:00,171.0,735.0,34.3,22.4,1.1907,2004-06-23 16:00:00
2004-06-23,17:00:00,234.0,645.0,32.5,25.3,1.2165,2004-06-23 17:00:00
2004-06-23,18:00:00,251.0,616.0,31.3,27.3,1.2234,2004-06-23 18:00:00
2004-06-23,19:00:00,294.0,595.0,30.2,29.0,1.2224,2004-06-23 19:00:00
2004-06-23,20:00:00,300.0,603.0,28.5,33.3,1.2775,2004-06-23 20:00:00
2004-06-23,21:00:00,159.0,713.0,27.3,35.3,1.2606,2004-06-23 21:00:00
2004-06-23,22:00:00,176.0,685.0,26.1,37.8,1.2575,2004-06-23 22:00:00
2004-06-23,23:00:00,192.0,626.0,24.7,47.1,1.44,2004-06-23 23:00:00
2004-06-24,00:00:00,152.0,675.0,23.6,59.8,1.7193,2004-06-24 00:00:00
2004-06-24,01:00:00,63.0,783.0,23.3,60.5,1.706,2004-06-24 01:00:00
2004-06-24,02:00:00,35.0,929.0,23.3,59.4,1.6753,2004-06-24 02:00:00
2004-06-24,03:00:00,114.57692307692308,983.0,22.9,57.7,1.5902,2004-06-24 03:00:00
2004-06-24,04:00:00,21.0,1062.0,23.7,53.5,1.546,2004-06-24 04:00:00
2004-06-24,05:00:00,41.0,1047.0,21.2,60.9,1.5092,2004-06-24 05:00:00
2004-06-24,06:00:00,48.0,1008.0,22.1,56.2,1.48,2004-06-24 06:00:00
2004-06-24,07:00:00,102.0,824.0,21.9,57.0,1.4742,2004-06-24 07:00:00
2004-06-24,08:00:00,111.0,783.0,24.7,45.9,1.4061,2004-06-24 08:00:00
2004-06-24,09:00:00,93.0,864.0,27.0,40.8,1.4286,2004-06-24 09:00:00
2004-06-24,10:00:00,118.0,879.0,29.1,37.4,1.4833,2004-06-24 10:00:00
2004-06-24,11:00:00,93.0,874.0,31.1,32.4,1.4351,2004-06-24 11:00:00
2004-06-24,12:00:00,56.0,976.0,31.9,30.3,1.4125,2004-06-24 12:00:00
2004-06-24,13:00:00,51.0,939.0,32.8,28.9,1.412,2004-06-24 13:00:00
2004-06-24,14:00:00,52.0,927.0,33.4,27.8,1.4119,2004-06-24 14:00:00
2004-06-24,15:00:00,59.0,942.0,35.3,23.7,1.3331,2004-06-24 15:00:00
2004-06-24,16:00:00,62.0,869.0,35.8,22.4,1.2915,2004-06-24 16:00:00
2004-06-24,17:00:00,85.0,889.0,35.3,20.8,1.1664,2004-06-24 17:00:00
2004-06-24,18:00:00,109.0,802.0,33.3,23.9,1.2085,2004-06-24 18:00:00
2004-06-24,19:00:00,168.0,695.0,30.3,30.8,1.3044,2004-06-24 19:00:00
2004-06-24,20:00:00,166.0,706.0,28.3,34.5,1.3084,2004-06-24 20:00:00
2004-06-24,21:00:00,149.0,594.0,27.1,38.9,1.3758,2004-06-24 21:00:00
2004-06-24,22:00:00,118.0,658.0,25.4,43.2,1.3805,2004-06-24 22:00:00
2004-06-24,23:00:00,160.0,601.0,24.6,45.3,1.3767,2004-06-24 23:00:00
2004-06-25,00:00:00,124.0,711.0,23.7,46.0,1.3346,2004-06-25 00:00:00
2004-06-25,01:00:00,95.0,750.0,23.0,48.1,1.3322,2004-06-25 01:00:00
2004-06-25,02:00:00,34.0,1030.0,24.8,43.4,1.3366,2004-06-25 02:00:00
2004-06-25,03:00:00,114.57692307692308,1061.0,23.1,47.4,1.3208,2004-06-25 03:00:00
2004-06-25,04:00:00,45.0,1144.0,21.7,50.2,1.2917,2004-06-25 04:00:00
2004-06-25,05:00:00,35.0,1097.0,21.9,50.7,1.3138,2004-06-25 05:00:00
2004-06-25,06:00:00,141.0,818.0,20.1,57.0,1.3216,2004-06-25 06:00:00
2004-06-25,07:00:00,199.0,671.0,21.5,51.8,1.3129,2004-06-25 07:00:00
2004-06-25,08:00:00,224.0,649.0,22.9,48.7,1.3416,2004-06-25 08:00:00
2004-06-25,09:00:00,245.0,667.0,25.7,41.0,1.3351,2004-06-25 09:00:00
2004-06-25,10:00:00,153.0,858.0,29.9,33.2,1.3793,2004-06-25 10:00:00
2004-06-25,11:00:00,145.0,828.0,32.9,28.0,1.3789,2004-06-25 11:00:00
2004-06-25,12:00:00,130.0,808.0,34.0,25.6,1.3363,2004-06-25 12:00:00
2004-06-25,13:00:00,95.0,826.0,34.7,22.6,1.2297,2004-06-25 13:00:00
2004-06-25,14:00:00,88.0,882.0,35.5,20.3,1.1586,2004-06-25 14:00:00
2004-06-25,15:00:00,89.0,920.0,35.9,18.8,1.0912,2004-06-25 15:00:00
2004-06-25,16:00:00,127.0,802.0,36.2,18.6,1.0945,2004-06-25 16:00:00
2004-06-25,17:00:00,149.0,817.0,35.4,15.3,0.8613,2004-06-25 17:00:00
2004-06-25,18:00:00,170.0,813.0,32.9,15.5,0.7649,2004-06-25 18:00:00
2004-06-25,19:00:00,210.0,737.0,29.9,19.8,0.8211,2004-06-25 19:00:00
2004-06-25,20:00:00,230.0,763.0,28.1,22.4,0.8394,2004-06-25 20:00:00
2004-06-25,21:00:00,203.0,808.0,26.1,24.7,0.8233,2004-06-25 21:00:00
2004-06-25,22:00:00,174.0,765.0,25.0,28.7,0.8944,2004-06-25 22:00:00
2004-06-25,23:00:00,164.0,793.0,24.3,31.0,0.9268,2004-06-25 23:00:00
2004-06-26,00:00:00,76.0,975.0,24.0,31.2,0.919,2004-06-26 00:00:00
2004-06-26,01:00:00,52.0,1006.0,22.4,34.9,0.9362,2004-06-26 01:00:00
2004-06-26,02:00:00,47.0,1036.0,21.2,37.6,0.9355,2004-06-26 02:00:00
2004-06-26,03:00:00,114.57692307692308,1005.0,19.5,42.3,0.9461,2004-06-26 03:00:00
2004-06-26,04:00:00,37.0,1129.0,21.2,39.4,0.9802,2004-06-26 04:00:00
2004-06-26,05:00:00,41.0,1171.0,19.5,42.4,0.9515,2004-06-26 05:00:00
2004-06-26,06:00:00,74.0,960.0,18.6,45.8,0.9723,2004-06-26 06:00:00
2004-06-26,07:00:00,168.0,779.0,19.7,44.1,1.0039,2004-06-26 07:00:00
2004-06-26,08:00:00,176.0,728.0,21.9,39.4,1.0243,2004-06-26 08:00:00
2004-06-26,09:00:00,184.0,716.0,24.5,34.3,1.0407,2004-06-26 09:00:00
2004-06-26,10:00:00,187.0,761.0,30.0,25.6,1.0674,2004-06-26 10:00:00
2004-06-26,11:00:00,118.0,912.0,34.5,18.9,1.0168,2004-06-26 11:00:00
2004-06-26,12:00:00,89.0,918.0,36.3,17.5,1.0411,2004-06-26 12:00:00
2004-06-26,13:00:00,70.0,910.0,37.7,16.0,1.0231,2004-06-26 13:00:00
2004-06-26,14:00:00,51.0,1013.0,38.3,15.8,1.0465,2004-06-26 14:00:00
2004-06-26,15:00:00,52.0,1002.0,38.4,17.5,1.1609,2004-06-26 15:00:00
2004-06-26,16:00:00,70.0,935.0,37.2,20.5,1.2813,2004-06-26 16:00:00
2004-06-26,17:00:00,80.0,955.0,34.0,26.4,1.3781,2004-06-26 17:00:00
2004-06-26,18:00:00,90.0,917.0,32.3,30.4,1.445,2004-06-26 18:00:00
2004-06-26,19:00:00,111.0,827.0,30.5,33.9,1.4564,2004-06-26 19:00:00
2004-06-26,20:00:00,107.0,861.0,29.2,37.8,1.5098,2004-06-26 20:00:00
2004-06-26,21:00:00,73.0,900.0,28.4,39.1,1.4881,2004-06-26 21:00:00
2004-06-26,22:00:00,75.0,827.0,27.7,40.6,1.4828,2004-06-26 22:00:00
2004-06-26,23:00:00,144.0,683.0,27.2,42.5,1.5069,2004-06-26 23:00:00
2004-06-27,00:00:00,120.0,728.0,26.5,44.8,1.528,2004-06-27 00:00:00
2004-06-27,01:00:00,71.0,776.0,25.5,47.6,1.5318,2004-06-27 01:00:00
2004-06-27,02:00:00,40.0,873.0,25.2,47.8,1.5076,2004-06-27 02:00:00
2004-06-27,03:00:00,114.57692307692308,848.0,23.2,53.7,1.5046,2004-06-27 03:00:00
2004-06-27,04:00:00,34.0,975.0,23.2,52.3,1.4668,2004-06-27 04:00:00
2004-06-27,05:00:00,27.0,1127.0,24.0,50.3,1.4811,2004-06-27 05:00:00
2004-06-27,06:00:00,30.0,1088.0,23.5,51.2,1.4634,2004-06-27 06:00:00
2004-06-27,07:00:00,40.0,1083.0,23.5,50.8,1.452,2004-06-27 07:00:00
2004-06-27,08:00:00,56.0,913.0,24.7,47.6,1.4597,2004-06-27 08:00:00
2004-06-27,09:00:00,104.0,823.0,27.2,41.1,1.4611,2004-06-27 09:00:00
2004-06-27,10:00:00,121.0,782.0,31.0,32.4,1.4294,2004-06-27 10:00:00
2004-06-27,11:00:00,100.0,844.0,35.2,24.8,1.3854,2004-06-27 11:00:00
2004-06-27,12:00:00,59.0,991.0,37.8,18.5,1.1977,2004-06-27 12:00:00
2004-06-27,13:00:00,42.0,1195.0,39.0,15.1,1.0424,2004-06-27 13:00:00
2004-06-27,14:00:00,38.0,1175.0,41.3,12.8,0.9933,2004-06-27 14:00:00
2004-06-27,15:00:00,40.0,1163.0,41.8,11.9,0.9476,2004-06-27 15:00:00
2004-06-27,16:00:00,70.0,967.0,42.2,14.2,1.1609,2004-06-27 16:00:00
2004-06-27,17:00:00,95.0,916.0,41.4,15.5,1.2089,2004-06-27 17:00:00
2004-06-27,18:00:00,90.0,879.0,38.9,21.4,1.4605,2004-06-27 18:00:00
2004-06-27,19:00:00,90.0,799.0,34.3,26.0,1.3865,2004-06-27 19:00:00
2004-06-27,20:00:00,111.0,799.0,32.7,27.7,1.3439,2004-06-27 20:00:00
2004-06-27,21:00:00,135.0,761.0,30.5,30.4,1.3031,2004-06-27 21:00:00
2004-06-27,22:00:00,146.0,777.0,29.0,33.6,1.3277,2004-06-27 22:00:00
2004-06-27,23:00:00,100.0,830.0,28.2,36.6,1.3781,2004-06-27 23:00:00
2004-06-28,00:00:00,69.0,857.0,27.2,38.9,1.3821,2004-06-28 00:00:00
2004-06-28,01:00:00,47.0,952.0,26.7,40.0,1.3754,2004-06-28 01:00:00
2004-06-28,02:00:00,26.0,1049.0,26.0,41.2,1.3598,2004-06-28 02:00:00
2004-06-28,03:00:00,114.57692307692308,1068.0,22.8,50.1,1.3677,2004-06-28 03:00:00
2004-06-28,04:00:00,24.0,1079.0,24.0,46.6,1.37,2004-06-28 04:00:00
2004-06-28,05:00:00,55.0,1075.0,24.0,46.4,1.3689,2004-06-28 05:00:00
2004-06-28,06:00:00,47.0,984.0,23.7,47.1,1.3602,2004-06-28 06:00:00
2004-06-28,07:00:00,209.0,603.0,23.6,47.3,1.3634,2004-06-28 07:00:00
2004-06-28,08:00:00,348.0,503.0,25.5,43.1,1.3891,2004-06-28 08:00:00
2004-06-28,09:00:00,337.0,565.0,28.5,36.8,1.4128,2004-06-28 09:00:00
2004-06-28,10:00:00,280.0,671.0,32.6,28.0,1.3566,2004-06-28 10:00:00
2004-06-28,11:00:00,169.0,751.0,36.3,23.4,1.3902,2004-06-28 11:00:00
2004-06-28,12:00:00,126.0,770.0,37.5,21.5,1.3673,2004-06-28 12:00:00
2004-06-28,13:00:00,108.0,770.0,39.6,19.0,1.3447,2004-06-28 13:00:00
2004-06-28,14:00:00,93.0,793.0,40.1,19.3,1.4013,2004-06-28 14:00:00
2004-06-28,15:00:00,112.0,741.0,40.4,20.0,1.4854,2004-06-28 15:00:00
2004-06-28,16:00:00,110.0,772.0,39.9,20.1,1.4495,2004-06-28 16:00:00
2004-06-28,17:00:00,188.0,670.0,39.1,19.6,1.3542,2004-06-28 17:00:00
2004-06-28,18:00:00,203.0,640.0,37.0,21.9,1.3503,2004-06-28 18:00:00
2004-06-28,19:00:00,167.0,635.0,33.9,26.8,1.3899,2004-06-28 19:00:00
2004-06-28,20:00:00,116.0,687.0,31.9,30.6,1.4201,2004-06-28 20:00:00
2004-06-28,21:00:00,89.0,754.0,29.7,33.9,1.3874,2004-06-28 21:00:00
2004-06-28,22:00:00,103.0,744.0,28.6,36.8,1.416,2004-06-28 22:00:00
2004-06-28,23:00:00,100.0,745.0,27.8,38.7,1.4187,2004-06-28 23:00:00
2004-06-29,00:00:00,86.0,780.0,27.8,40.0,1.4691,2004-06-29 00:00:00
2004-06-29,01:00:00,52.0,873.0,27.5,41.3,1.4962,2004-06-29 01:00:00
2004-06-29,02:00:00,27.0,980.0,27.3,41.6,1.4906,2004-06-29 02:00:00
2004-06-29,03:00:00,114.57692307692308,1080.0,26.0,44.2,1.4657,2004-06-29 03:00:00
2004-06-29,04:00:00,35.0,1048.0,24.8,48.0,1.4857,2004-06-29 04:00:00
2004-06-29,05:00:00,42.0,1055.0,25.9,45.1,1.4889,2004-06-29 05:00:00
2004-06-29,06:00:00,57.0,928.0,25.3,47.6,1.5108,2004-06-29 06:00:00
2004-06-29,07:00:00,228.0,552.0,24.7,49.5,1.5201,2004-06-29 07:00:00
2004-06-29,08:00:00,350.0,459.0,27.1,43.1,1.5224,2004-06-29 08:00:00
2004-06-29,09:00:00,232.0,642.0,28.3,39.8,1.5053,2004-06-29 09:00:00
2004-06-29,10:00:00,206.0,663.0,32.4,32.3,1.5484,2004-06-29 10:00:00
2004-06-29,11:00:00,159.0,706.0,35.4,27.8,1.5733,2004-06-29 11:00:00
2004-06-29,12:00:00,184.0,682.0,35.5,27.4,1.5635,2004-06-29 12:00:00
2004-06-29,13:00:00,136.0,681.0,37.8,24.4,1.5722,2004-06-29 13:00:00
2004-06-29,14:00:00,124.0,726.0,37.2,25.5,1.5914,2004-06-29 14:00:00
2004-06-29,15:00:00,133.0,683.0,37.2,25.6,1.6014,2004-06-29 15:00:00
2004-06-29,16:00:00,156.0,636.0,38.0,25.0,1.6312,2004-06-29 16:00:00
2004-06-29,17:00:00,200.0,593.0,37.1,26.9,1.6635,2004-06-29 17:00:00
2004-06-29,18:00:00,202.0,568.0,36.9,27.8,1.7099,2004-06-29 18:00:00
2004-06-29,19:00:00,286.0,543.0,34.7,31.9,1.7325,2004-06-29 19:00:00
2004-06-29,20:00:00,141.0,664.0,31.9,38.4,1.7897,2004-06-29 20:00:00
2004-06-29,21:00:00,117.0,655.0,30.5,42.3,1.8173,2004-06-29 21:00:00
2004-06-29,22:00:00,110.0,687.0,29.3,45.8,1.8362,2004-06-29 22:00:00
2004-06-29,23:00:00,100.0,667.0,28.2,48.1,1.8144,2004-06-29 23:00:00
2004-06-30,00:00:00,112.0,658.0,27.3,51.0,1.8287,2004-06-30 00:00:00
2004-06-30,01:00:00,35.0,844.0,26.8,52.4,1.8141,2004-06-30 01:00:00
2004-06-30,02:00:00,33.0,850.0,26.0,54.9,1.8141,2004-06-30 02:00:00
2004-06-30,03:00:00,114.57692307692308,952.0,26.8,51.9,1.8058,2004-06-30 03:00:00
2004-06-30,04:00:00,28.0,1052.0,26.9,51.8,1.805,2004-06-30 04:00:00
2004-06-30,05:00:00,49.0,892.0,24.6,59.1,1.8013,2004-06-30 05:00:00
2004-06-30,06:00:00,81.0,797.0,26.4,53.1,1.7987,2004-06-30 06:00:00
2004-06-30,07:00:00,178.0,643.0,27.3,46.4,1.6542,2004-06-30 07:00:00
2004-06-30,08:00:00,223.0,628.0,28.4,40.4,1.5442,2004-06-30 08:00:00
2004-06-30,09:00:00,290.0,638.0,30.8,37.1,1.6169,2004-06-30 09:00:00
2004-06-30,10:00:00,274.0,642.0,34.2,30.7,1.6252,2004-06-30 10:00:00
2004-06-30,11:00:00,278.0,675.0,37.0,26.5,1.6352,2004-06-30 11:00:00
2004-06-30,12:00:00,152.0,698.0,36.6,27.8,1.676,2004-06-30 12:00:00
2004-06-30,13:00:00,118.0,700.0,36.9,26.9,1.6477,2004-06-30 13:00:00
2004-06-30,14:00:00,141.0,723.0,39.3,22.2,1.552,2004-06-30 14:00:00
2004-06-30,15:00:00,131.0,801.0,38.5,22.4,1.5018,2004-06-30 15:00:00
2004-06-30,16:00:00,171.0,747.0,39.7,20.4,1.4594,2004-06-30 16:00:00
2004-06-30,17:00:00,287.0,568.0,38.8,24.2,1.6433,2004-06-30 17:00:00
2004-06-30,18:00:00,267.0,506.0,33.5,38.0,1.939,2004-06-30 18:00:00
2004-06-30,19:00:00,280.0,563.0,34.0,32.9,1.7251,2004-06-30 19:00:00
2004-06-30,20:00:00,224.0,641.0,31.9,33.7,1.5663,2004-06-30 20:00:00
2004-06-30,21:00:00,137.0,688.0,30.2,37.6,1.587,2004-06-30 21:00:00
2004-06-30,22:00:00,118.0,688.0,28.9,41.0,1.6096,2004-06-30 22:00:00
2004-06-30,23:00:00,128.0,678.0,27.8,45.2,1.6604,2004-06-30 23:00:00
2004-07-01,00:00:00,111.0,696.0,27.1,47.4,1.6701,2004-07-01 00:00:00
2004-07-01,01:00:00,66.0,763.0,26.2,49.4,1.6555,2004-07-01 01:00:00
2004-07-01,02:00:00,36.0,918.0,26.9,49.3,1.7196,2004-07-01 02:00:00
2004-07-01,03:00:00,114.57692307692308,1079.0,26.3,50.8,1.7058,2004-07-01 03:00:00
2004-07-01,04:00:00,31.0,1038.0,24.9,54.6,1.6908,2004-07-01 04:00:00
2004-07-01,05:00:00,75.0,879.0,23.4,58.6,1.6651,2004-07-01 05:00:00
2004-07-01,06:00:00,66.0,858.0,24.4,55.2,1.6604,2004-07-01 06:00:00
2004-07-01,07:00:00,154.0,625.0,25.1,54.3,1.7057,2004-07-01 07:00:00
2004-07-01,08:00:00,239.0,538.0,26.6,51.2,1.7565,2004-07-01 08:00:00
2004-07-01,09:00:00,246.0,628.0,28.2,47.1,1.7752,2004-07-01 09:00:00
2004-07-01,10:00:00,261.0,667.0,31.6,39.4,1.7969,2004-07-01 10:00:00
2004-07-01,11:00:00,179.0,767.0,34.2,31.8,1.6837,2004-07-01 11:00:00
2004-07-01,12:00:00,159.0,680.0,36.6,27.1,1.6352,2004-07-01 12:00:00
2004-07-01,13:00:00,111.0,710.0,37.6,26.9,1.715,2004-07-01 13:00:00
2004-07-01,14:00:00,101.0,751.0,38.1,26.3,1.7213,2004-07-01 14:00:00
2004-07-01,15:00:00,118.0,723.0,37.8,26.9,1.7392,2004-07-01 15:00:00
2004-07-01,16:00:00,120.0,767.0,37.8,22.7,1.4653,2004-07-01 16:00:00
2004-07-01,17:00:00,177.0,651.0,36.9,24.7,1.5134,2004-07-01 17:00:00
2004-07-01,18:00:00,186.0,637.0,34.5,28.5,1.531,2004-07-01 18:00:00
2004-07-01,19:00:00,235.0,580.0,32.5,30.9,1.4875,2004-07-01 19:00:00
2004-07-01,20:00:00,195.0,675.0,30.9,30.4,1.338,2004-07-01 20:00:00
2004-07-01,21:00:00,106.0,778.0,28.7,34.7,1.3457,2004-07-01 21:00:00
2004-07-01,22:00:00,107.0,726.0,27.7,39.3,1.4372,2004-07-01 22:00:00
2004-07-01,23:00:00,134.0,648.0,26.8,45.1,1.5645,2004-07-01 23:00:00
2004-07-02,00:00:00,117.0,669.0,26.1,45.3,1.5115,2004-07-02 00:00:00
2004-07-02,01:00:00,83.0,736.0,25.9,46.1,1.5174,2004-07-02 01:00:00
2004-07-02,02:00:00,77.0,791.0,25.3,47.6,1.513,2004-07-02 02:00:00
2004-07-02,03:00:00,114.57692307692308,1010.0,26.6,43.0,1.4773,2004-07-02 03:00:00
2004-07-02,04:00:00,37.0,1043.0,25.3,47.2,1.5025,2004-07-02 04:00:00
2004-07-02,05:00:00,50.0,1046.0,25.1,48.0,1.5115,2004-07-02 05:00:00
2004-07-02,06:00:00,60.0,888.0,24.8,50.6,1.5654,2004-07-02 06:00:00
2004-07-02,07:00:00,179.0,620.0,25.7,49.7,1.615,2004-07-02 07:00:00
2004-07-02,08:00:00,300.0,476.0,27.4,45.5,1.6396,2004-07-02 08:00:00
2004-07-02,09:00:00,263.0,595.0,29.3,40.0,1.6082,2004-07-02 09:00:00
2004-07-02,10:00:00,265.0,650.0,33.6,28.7,1.4693,2004-07-02 10:00:00
2004-07-02,11:00:00,164.0,777.0,34.6,27.7,1.4991,2004-07-02 11:00:00
2004-07-02,12:00:00,122.0,720.0,35.6,27.2,1.5557,2004-07-02 12:00:00
2004-07-02,13:00:00,125.0,730.0,36.9,23.3,1.4313,2004-07-02 13:00:00
2004-07-02,14:00:00,125.0,763.0,38.8,20.7,1.4036,2004-07-02 14:00:00
2004-07-02,15:00:00,115.0,745.0,38.1,22.6,1.4868,2004-07-02 15:00:00
2004-07-02,16:00:00,162.0,778.0,37.1,23.0,1.4229,2004-07-02 16:00:00
2004-07-02,17:00:00,149.0,804.0,34.8,19.3,1.0543,2004-07-02 17:00:00
2004-07-02,18:00:00,161.0,757.0,33.6,20.7,1.059,2004-07-02 18:00:00
2004-07-02,19:00:00,201.0,739.0,31.4,18.5,0.8376,2004-07-02 19:00:00
2004-07-02,20:00:00,209.0,752.0,29.5,23.8,0.9623,2004-07-02 20:00:00
2004-07-02,21:00:00,133.0,817.0,27.4,27.1,0.9736,2004-07-02 21:00:00
2004-07-02,22:00:00,133.0,745.0,26.1,31.1,1.0338,2004-07-02 22:00:00
2004-07-02,23:00:00,134.0,780.0,25.5,34.0,1.0935,2004-07-02 23:00:00
2004-07-03,00:00:00,164.0,705.0,24.0,37.8,1.1125,2004-07-03 00:00:00
2004-07-03,01:00:00,72.0,854.0,24.2,37.3,1.1118,2004-07-03 01:00:00
2004-07-03,02:00:00,50.0,968.0,23.4,40.6,1.1571,2004-07-03 02:00:00
2004-07-03,03:00:00,114.57692307692308,932.0,21.8,46.6,1.1991,2004-07-03 03:00:00
2004-07-03,04:00:00,27.0,1077.0,22.6,43.0,1.1629,2004-07-03 04:00:00
2004-07-03,05:00:00,74.0,964.0,20.2,50.7,1.1844,2004-07-03 05:00:00
2004-07-03,06:00:00,69.0,912.0,20.5,49.3,1.176,2004-07-03 06:00:00
2004-07-03,07:00:00,162.0,722.0,21.4,48.0,1.2086,2004-07-03 07:00:00
2004-07-03,08:00:00,208.0,648.0,23.2,43.9,1.2344,2004-07-03 08:00:00
2004-07-03,09:00:00,168.0,712.0,25.3,40.7,1.2921,2004-07-03 09:00:00
2004-07-03,10:00:00,139.0,781.0,29.9,31.1,1.2883,2004-07-03 10:00:00
2004-07-03,11:00:00,104.0,872.0,33.9,21.3,1.1067,2004-07-03 11:00:00
2004-07-03,12:00:00,99.0,865.0,36.3,16.0,0.9465,2004-07-03 12:00:00
2004-07-03,13:00:00,89.0,946.0,36.6,15.2,0.9177,2004-07-03 13:00:00
2004-07-03,14:00:00,57.0,992.0,37.4,15.8,0.9998,2004-07-03 14:00:00
2004-07-03,15:00:00,64.0,1002.0,37.9,15.0,0.9721,2004-07-03 15:00:00
2004-07-03,16:00:00,65.0,930.0,38.0,16.8,1.0933,2004-07-03 16:00:00
2004-07-03,17:00:00,79.0,909.0,36.9,17.5,1.0789,2004-07-03 17:00:00
2004-07-03,18:00:00,80.0,942.0,35.3,17.0,0.9561,2004-07-03 18:00:00
2004-07-03,19:00:00,81.0,905.0,31.9,20.4,0.9462,2004-07-03 19:00:00
2004-07-03,20:00:00,59.0,864.0,29.1,29.6,1.1792,2004-07-03 20:00:00
2004-07-03,21:00:00,90.0,822.0,27.4,33.4,1.2022,2004-07-03 21:00:00
2004-07-03,22:00:00,122.0,728.0,26.7,35.8,1.2318,2004-07-03 22:00:00
2004-07-03,23:00:00,120.0,742.0,25.2,42.7,1.3473,2004-07-03 23:00:00
2004-07-04,00:00:00,126.0,660.0,24.0,51.9,1.5252,2004-07-04 00:00:00
2004-07-04,01:00:00,68.0,847.0,24.5,44.4,1.3476,2004-07-04 01:00:00
2004-07-04,02:00:00,65.0,816.0,22.6,51.0,1.3805,2004-07-04 02:00:00
2004-07-04,03:00:00,114.57692307692308,846.0,22.2,52.7,1.3891,2004-07-04 03:00:00
2004-07-04,04:00:00,38.0,949.0,21.2,56.8,1.4094,2004-07-04 04:00:00
2004-07-04,05:00:00,31.0,971.0,20.3,59.6,1.3994,2004-07-04 05:00:00
2004-07-04,06:00:00,40.0,972.0,21.3,56.7,1.4178,2004-07-04 06:00:00
2004-07-04,07:00:00,36.0,968.0,23.0,54.6,1.5177,2004-07-04 07:00:00
2004-07-04,08:00:00,64.0,835.0,23.7,54.3,1.5731,2004-07-04 08:00:00
2004-07-04,09:00:00,56.0,859.0,25.4,49.3,1.5732,2004-07-04 09:00:00
2004-07-04,10:00:00,56.0,877.0,29.6,37.7,1.544,2004-07-04 10:00:00
2004-07-04,11:00:00,43.0,939.0,33.9,26.2,1.3664,2004-07-04 11:00:00
2004-07-04,12:00:00,40.0,1007.0,35.8,22.4,1.2933,2004-07-04 12:00:00
2004-07-04,13:00:00,34.0,1076.0,37.9,18.8,1.222,2004-07-04 13:00:00
2004-07-04,14:00:00,28.0,1185.0,38.5,14.8,0.9942,2004-07-04 14:00:00
2004-07-04,15:00:00,32.0,1109.0,39.3,14.5,1.0149,2004-07-04 15:00:00
2004-07-04,16:00:00,39.0,1106.0,38.9,15.6,1.0613,2004-07-04 16:00:00
2004-07-04,17:00:00,52.0,1102.0,37.9,12.7,0.8211,2004-07-04 17:00:00
2004-07-04,18:00:00,60.0,1064.0,35.8,13.4,0.7749,2004-07-04 18:00:00
2004-07-04,19:00:00,104.0,900.0,32.3,19.7,0.9345,2004-07-04 19:00:00
2004-07-04,20:00:00,102.0,866.0,30.1,23.5,0.9869,2004-07-04 20:00:00
2004-07-04,21:00:00,120.0,817.0,28.2,28.7,1.0806,2004-07-04 21:00:00
2004-07-04,22:00:00,89.0,853.0,26.0,35.7,1.1842,2004-07-04 22:00:00
2004-07-04,23:00:00,121.0,766.0,25.3,39.2,1.2452,2004-07-04 23:00:00
2004-07-05,00:00:00,107.0,790.0,24.7,38.7,1.1845,2004-07-05 00:00:00
2004-07-05,01:00:00,41.0,1034.0,25.5,35.7,1.1499,2004-07-05 01:00:00
2004-07-05,02:00:00,34.0,1075.0,22.5,43.2,1.1589,2004-07-05 02:00:00
2004-07-05,03:00:00,114.57692307692308,1097.0,21.6,46.1,1.1761,2004-07-05 03:00:00
2004-07-05,04:00:00,41.0,1073.0,19.7,51.4,1.1688,2004-07-05 04:00:00
2004-07-05,05:00:00,38.0,1120.0,21.6,45.7,1.1665,2004-07-05 05:00:00
2004-07-05,06:00:00,59.0,906.0,21.1,47.3,1.1654,2004-07-05 06:00:00
2004-07-05,07:00:00,165.0,697.0,21.6,44.1,1.1269,2004-07-05 07:00:00
2004-07-05,08:00:00,287.0,519.0,23.7,37.9,1.0988,2004-07-05 08:00:00
2004-07-05,09:00:00,317.0,632.0,26.0,30.1,0.9953,2004-07-05 09:00:00
2004-07-05,10:00:00,330.0,691.0,30.6,23.2,1.001,2004-07-05 10:00:00
2004-07-05,11:00:00,204.0,798.0,34.1,19.1,1.0048,2004-07-05 11:00:00
2004-07-05,12:00:00,189.0,778.0,36.2,18.0,1.0636,2004-07-05 12:00:00
2004-07-05,13:00:00,165.0,783.0,37.4,17.3,1.0914,2004-07-05 13:00:00
2004-07-05,14:00:00,139.0,813.0,39.5,15.6,1.102,2004-07-05 14:00:00
2004-07-05,15:00:00,156.0,776.0,40.4,14.9,1.1033,2004-07-05 15:00:00
2004-07-05,16:00:00,130.0,791.0,40.1,16.1,1.1699,2004-07-05 16:00:00
2004-07-05,17:00:00,173.0,633.0,39.3,18.9,1.3251,2004-07-05 17:00:00
2004-07-05,18:00:00,302.0,584.0,37.3,19.9,1.2437,2004-07-05 18:00:00
2004-07-05,19:00:00,239.0,654.0,33.6,22.9,1.1747,2004-07-05 19:00:00
2004-07-05,20:00:00,139.0,732.0,30.7,28.9,1.2501,2004-07-05 20:00:00
2004-07-05,21:00:00,92.0,776.0,28.8,32.8,1.2776,2004-07-05 21:00:00
2004-07-05,22:00:00,104.0,738.0,27.3,36.8,1.3207,2004-07-05 22:00:00
2004-07-05,23:00:00,108.0,776.0,26.2,39.7,1.3249,2004-07-05 23:00:00
2004-07-06,00:00:00,107.0,752.0,25.4,43.0,1.37,2004-07-06 00:00:00
2004-07-06,01:00:00,55.0,931.0,25.8,41.0,1.3461,2004-07-06 01:00:00
2004-07-06,02:00:00,43.0,965.0,23.3,48.4,1.3677,2004-07-06 02:00:00
2004-07-06,03:00:00,114.57692307692308,1012.0,23.5,47.8,1.3607,2004-07-06 03:00:00
2004-07-06,04:00:00,23.0,1123.0,23.5,46.7,1.3361,2004-07-06 04:00:00
2004-07-06,05:00:00,65.0,931.0,21.8,52.3,1.3539,2004-07-06 05:00:00
2004-07-06,06:00:00,165.0,742.0,21.8,52.5,1.3529,2004-07-06 06:00:00
2004-07-06,07:00:00,274.0,565.0,22.9,49.1,1.3546,2004-07-06 07:00:00
2004-07-06,08:00:00,369.0,472.0,24.9,43.3,1.3422,2004-07-06 08:00:00
2004-07-06,09:00:00,308.0,611.0,26.7,39.4,1.3556,2004-07-06 09:00:00
2004-07-06,10:00:00,227.0,675.0,30.5,32.9,1.4135,2004-07-06 10:00:00
2004-07-06,11:00:00,178.0,693.0,34.2,27.2,1.4404,2004-07-06 11:00:00
2004-07-06,12:00:00,267.0,631.0,38.2,20.9,1.3701,2004-07-06 12:00:00
2004-07-06,13:00:00,278.0,657.0,39.6,16.9,1.2028,2004-07-06 13:00:00
2004-07-06,14:00:00,165.0,794.0,39.9,15.8,1.141,2004-07-06 14:00:00
2004-07-06,15:00:00,172.0,789.0,40.2,13.9,1.02,2004-07-06 15:00:00
2004-07-06,16:00:00,216.0,762.0,39.6,13.2,0.9332,2004-07-06 16:00:00
2004-07-06,17:00:00,306.0,661.0,39.5,12.6,0.8894,2004-07-06 17:00:00
2004-07-06,18:00:00,317.0,632.0,37.9,13.9,0.9015,2004-07-06 18:00:00
2004-07-06,19:00:00,251.0,654.0,34.2,17.9,0.9444,2004-07-06 19:00:00
2004-07-06,20:00:00,230.0,613.0,32.6,20.6,0.9939,2004-07-06 20:00:00
2004-07-06,21:00:00,154.0,737.0,30.4,23.2,0.9889,2004-07-06 21:00:00
2004-07-06,22:00:00,137.0,765.0,28.8,25.1,0.9793,2004-07-06 22:00:00
2004-07-06,23:00:00,133.0,681.0,27.8,29.9,1.1018,2004-07-06 23:00:00
2004-07-07,00:00:00,117.0,675.0,26.9,32.6,1.1381,2004-07-07 00:00:00
2004-07-07,01:00:00,106.0,773.0,26.3,33.7,1.1377,2004-07-07 01:00:00
2004-07-07,02:00:00,55.0,931.0,25.7,33.9,1.1065,2004-07-07 02:00:00
2004-07-07,03:00:00,114.57692307692308,1046.0,24.8,36.0,1.1109,2004-07-07 03:00:00
2004-07-07,04:00:00,27.0,1073.0,25.5,34.6,1.1096,2004-07-07 04:00:00
2004-07-07,05:00:00,46.0,997.0,24.0,37.8,1.1077,2004-07-07 05:00:00
2004-07-07,06:00:00,144.0,740.0,23.9,39.3,1.1522,2004-07-07 06:00:00
2004-07-07,07:00:00,392.0,512.0,24.8,38.4,1.1808,2004-07-07 07:00:00
2004-07-07,08:00:00,358.0,496.0,26.9,34.4,1.2036,2004-07-07 08:00:00
2004-07-07,09:00:00,381.0,572.0,29.6,28.7,1.1706,2004-07-07 09:00:00
2004-07-07,10:00:00,261.0,730.0,34.6,21.1,1.1398,2004-07-07 10:00:00
2004-07-07,11:00:00,207.0,761.0,38.3,17.0,1.1216,2004-07-07 11:00:00
2004-07-07,12:00:00,155.0,741.0,40.4,14.5,1.0736,2004-07-07 12:00:00
2004-07-07,13:00:00,193.0,739.0,42.6,9.6,0.8012,2004-07-07 13:00:00
2004-07-07,14:00:00,195.0,743.0,42.5,10.2,0.8478,2004-07-07 14:00:00
2004-07-07,15:00:00,159.0,792.0,41.0,11.6,0.8872,2004-07-07 15:00:00
2004-07-07,16:00:00,120.0,799.0,41.3,13.0,1.0154,2004-07-07 16:00:00
2004-07-07,17:00:00,228.0,635.0,39.2,14.5,1.0106,2004-07-07 17:00:00
2004-07-07,18:00:00,348.0,599.0,36.9,17.9,1.096,2004-07-07 18:00:00
2004-07-07,19:00:00,337.0,538.0,35.6,20.4,1.1646,2004-07-07 19:00:00
2004-07-07,20:00:00,282.0,597.0,33.7,22.6,1.1658,2004-07-07 20:00:00
2004-07-07,21:00:00,228.0,580.0,31.5,27.8,1.2671,2004-07-07 21:00:00
2004-07-07,22:00:00,168.0,620.0,31.1,29.3,1.3055,2004-07-07 22:00:00
2004-07-07,23:00:00,173.0,661.0,30.2,30.9,1.3026,2004-07-07 23:00:00
2004-07-08,00:00:00,87.0,749.0,29.8,30.2,1.2502,2004-07-08 00:00:00
2004-07-08,01:00:00,65.0,809.0,28.4,32.5,1.2361,2004-07-08 01:00:00
2004-07-08,02:00:00,43.0,853.0,27.5,34.0,1.231,2004-07-08 02:00:00
2004-07-08,03:00:00,114.57692307692308,910.0,26.8,35.3,1.2243,2004-07-08 03:00:00
2004-07-08,04:00:00,43.0,866.0,24.5,40.4,1.2251,2004-07-08 04:00:00
2004-07-08,05:00:00,66.0,839.0,25.6,38.8,1.2545,2004-07-08 05:00:00
2004-07-08,06:00:00,57.0,848.0,27.5,34.6,1.2518,2004-07-08 06:00:00
2004-07-08,07:00:00,231.0,603.0,25.9,37.4,1.2289,2004-07-08 07:00:00
2004-07-08,08:00:00,219.0,545.0,28.5,32.5,1.2441,2004-07-08 08:00:00
2004-07-08,09:00:00,288.0,596.0,29.5,32.7,1.3229,2004-07-08 09:00:00
2004-07-08,10:00:00,312.0,595.0,29.8,33.1,1.3693,2004-07-08 10:00:00
2004-07-08,11:00:00,361.0,587.0,33.4,26.8,1.3586,2004-07-08 11:00:00
2004-07-08,12:00:00,147.0,801.0,40.3,15.8,1.1604,2004-07-08 12:00:00
2004-07-08,13:00:00,111.0,819.0,41.8,15.0,1.1989,2004-07-08 13:00:00
2004-07-08,14:00:00,98.0,788.0,41.1,15.7,1.2071,2004-07-08 14:00:00
2004-07-08,15:00:00,156.0,673.0,41.9,14.8,1.1944,2004-07-08 15:00:00
2004-07-08,16:00:00,213.0,671.0,40.9,14.6,1.114,2004-07-08 16:00:00
2004-07-08,17:00:00,250.0,628.0,39.1,16.9,1.1705,2004-07-08 17:00:00
2004-07-08,18:00:00,253.0,580.0,36.4,27.3,1.6308,2004-07-08 18:00:00
2004-07-08,19:00:00,317.0,487.0,34.9,29.3,1.611,2004-07-08 19:00:00
2004-07-08,20:00:00,309.0,559.0,33.6,26.4,1.3515,2004-07-08 20:00:00
2004-07-08,21:00:00,201.0,648.0,32.2,27.6,1.3044,2004-07-08 21:00:00
2004-07-08,22:00:00,173.0,660.0,30.5,29.7,1.2742,2004-07-08 22:00:00
2004-07-08,23:00:00,156.0,628.0,29.4,35.6,1.4383,2004-07-08 23:00:00
2004-07-09,00:00:00,190.0,575.0,29.1,34.8,1.38,2004-07-09 00:00:00
2004-07-09,01:00:00,129.0,564.0,27.7,41.9,1.537,2004-07-09 01:00:00
2004-07-09,02:00:00,65.0,823.0,27.9,41.6,1.5425,2004-07-09 02:00:00
2004-07-09,03:00:00,114.57692307692308,1070.0,27.8,43.7,1.6039,2004-07-09 03:00:00
2004-07-09,04:00:00,29.0,1144.0,27.4,42.2,1.5177,2004-07-09 04:00:00
2004-07-09,05:00:00,58.0,1011.0,26.6,42.8,1.4713,2004-07-09 05:00:00
2004-07-09,06:00:00,92.0,847.0,26.9,40.3,1.4041,2004-07-09 06:00:00
2004-07-09,07:00:00,228.0,609.0,27.0,37.3,1.3081,2004-07-09 07:00:00
2004-07-09,08:00:00,172.0,654.0,27.0,35.3,1.2396,2004-07-09 08:00:00
2004-07-09,09:00:00,154.0,785.0,27.4,32.0,1.1545,2004-07-09 09:00:00
2004-07-09,10:00:00,166.0,829.0,30.5,24.7,1.0592,2004-07-09 10:00:00
2004-07-09,11:00:00,149.0,828.0,32.9,20.1,0.9902,2004-07-09 11:00:00
2004-07-09,12:00:00,111.0,856.0,33.9,18.4,0.9587,2004-07-09 12:00:00
2004-07-09,13:00:00,145.0,845.0,34.4,19.3,1.0325,2004-07-09 13:00:00
2004-07-09,14:00:00,105.0,846.0,34.2,19.6,1.0399,2004-07-09 14:00:00
2004-07-09,15:00:00,113.0,822.0,33.2,20.4,1.0195,2004-07-09 15:00:00
2004-07-09,16:00:00,115.0,845.0,32.4,19.1,0.915,2004-07-09 16:00:00
2004-07-09,17:00:00,202.0,779.0,32.2,17.1,0.8124,2004-07-09 17:00:00
2004-07-09,18:00:00,180.0,786.0,31.0,17.1,0.7526,2004-07-09 18:00:00
2004-07-09,19:00:00,190.0,699.0,28.3,24.9,0.9412,2004-07-09 19:00:00
2004-07-09,20:00:00,207.0,723.0,26.6,30.2,1.033,2004-07-09 20:00:00
2004-07-09,21:00:00,113.0,776.0,24.8,36.8,1.1357,2004-07-09 21:00:00
2004-07-09,22:00:00,98.0,794.0,23.7,43.4,1.2495,2004-07-09 22:00:00
2004-07-09,23:00:00,152.0,727.0,23.0,46.2,1.2815,2004-07-09 23:00:00
2004-07-10,00:00:00,161.0,694.0,22.7,47.7,1.2977,2004-07-10 00:00:00
2004-07-10,01:00:00,91.0,776.0,22.2,49.5,1.3081,2004-07-10 01:00:00
2004-07-10,02:00:00,57.0,845.0,21.6,51.9,1.3254,2004-07-10 02:00:00
2004-07-10,03:00:00,114.57692307692308,1114.0,22.3,50.4,1.3379,2004-07-10 03:00:00
2004-07-10,04:00:00,22.0,1126.0,22.4,49.7,1.3333,2004-07-10 04:00:00
2004-07-10,05:00:00,41.0,1018.0,21.7,52.0,1.3313,2004-07-10 05:00:00
2004-07-10,06:00:00,53.0,976.0,21.1,53.2,1.3181,2004-07-10 06:00:00
2004-07-10,07:00:00,92.0,886.0,22.0,51.0,1.3296,2004-07-10 07:00:00
2004-07-10,08:00:00,91.0,859.0,25.0,41.6,1.301,2004-07-10 08:00:00
2004-07-10,09:00:00,89.0,799.0,26.7,36.4,1.2596,2004-07-10 09:00:00
2004-07-10,10:00:00,81.0,891.0,29.1,29.7,1.1751,2004-07-10 10:00:00
2004-07-10,11:00:00,66.0,946.0,31.2,23.4,1.0487,2004-07-10 11:00:00
2004-07-10,12:00:00,53.0,982.0,32.4,20.5,0.9806,2004-07-10 12:00:00
2004-07-10,13:00:00,61.0,997.0,33.3,19.2,0.9634,2004-07-10 13:00:00
2004-07-10,14:00:00,48.0,1071.0,33.1,16.8,0.8391,2004-07-10 14:00:00
2004-07-10,15:00:00,39.0,1108.0,33.1,18.3,0.9081,2004-07-10 15:00:00
2004-07-10,16:00:00,41.0,1118.0,32.4,18.0,0.8599,2004-07-10 16:00:00
2004-07-10,17:00:00,48.0,1064.0,31.8,18.7,0.8624,2004-07-10 17:00:00
2004-07-10,18:00:00,50.0,1032.0,30.3,21.4,0.9064,2004-07-10 18:00:00
2004-07-10,19:00:00,51.0,978.0,27.2,28.2,1.0013,2004-07-10 19:00:00
2004-07-10,20:00:00,70.0,856.0,26.1,33.7,1.1228,2004-07-10 20:00:00
2004-07-10,21:00:00,89.0,866.0,24.7,38.8,1.1929,2004-07-10 21:00:00
2004-07-10,22:00:00,100.0,846.0,23.4,43.2,1.229,2004-07-10 22:00:00
2004-07-10,23:00:00,139.0,781.0,23.1,44.2,1.2317,2004-07-10 23:00:00
2004-07-11,00:00:00,176.0,751.0,22.7,45.3,1.2299,2004-07-11 00:00:00
2004-07-11,01:00:00,71.0,880.0,21.6,47.5,1.2118,2004-07-11 01:00:00
2004-07-11,02:00:00,37.0,994.0,22.0,45.8,1.1965,2004-07-11 02:00:00
2004-07-11,03:00:00,114.57692307692308,875.0,20.4,51.3,1.2131,2004-07-11 03:00:00
2004-07-11,04:00:00,30.0,1092.0,20.6,50.3,1.2041,2004-07-11 04:00:00
2004-07-11,05:00:00,29.0,1136.0,20.6,50.6,1.2119,2004-07-11 05:00:00
2004-07-11,06:00:00,25.0,1152.0,21.3,48.8,1.2189,2004-07-11 06:00:00
2004-07-11,07:00:00,40.0,1080.0,20.4,52.6,1.247,2004-07-11 07:00:00
2004-07-11,08:00:00,32.0,1077.0,23.5,44.0,1.2596,2004-07-11 08:00:00
2004-07-11,09:00:00,43.0,1027.0,25.7,37.9,1.2334,2004-07-11 09:00:00
2004-07-11,10:00:00,44.0,983.0,27.9,33.6,1.2433,2004-07-11 10:00:00
2004-07-11,11:00:00,35.0,1034.0,29.0,28.3,1.1116,2004-07-11 11:00:00
2004-07-11,12:00:00,32.0,1070.0,29.5,25.9,1.0489,2004-07-11 12:00:00
2004-07-11,13:00:00,21.0,1185.0,31.8,22.3,1.0366,2004-07-11 13:00:00
2004-07-11,14:00:00,10.0,1254.0,32.2,20.0,0.9488,2004-07-11 14:00:00
2004-07-11,15:00:00,22.0,1206.0,32.4,19.3,0.922,2004-07-11 15:00:00
2004-07-11,16:00:00,46.0,1064.0,33.0,17.7,0.8758,2004-07-11 16:00:00
2004-07-11,17:00:00,66.0,1029.0,32.0,19.8,0.9273,2004-07-11 17:00:00
2004-07-11,18:00:00,49.0,1077.0,29.6,24.1,0.9831,2004-07-11 18:00:00
2004-07-11,19:00:00,86.0,892.0,26.9,27.1,0.948,2004-07-11 19:00:00
2004-07-11,20:00:00,111.0,818.0,25.3,30.9,0.9815,2004-07-11 20:00:00
2004-07-11,21:00:00,143.0,757.0,24.2,35.9,1.0684,2004-07-11 21:00:00
2004-07-11,22:00:00,184.0,733.0,23.2,43.2,1.2104,2004-07-11 22:00:00
2004-07-11,23:00:00,134.0,805.0,22.7,43.9,1.1962,2004-07-11 23:00:00
2004-07-12,00:00:00,78.0,837.0,21.6,44.0,1.1244,2004-07-12 00:00:00
2004-07-12,01:00:00,50.0,911.0,20.7,46.4,1.1198,2004-07-12 01:00:00
2004-07-12,02:00:00,13.0,1204.0,21.2,46.2,1.1482,2004-07-12 02:00:00
2004-07-12,03:00:00,114.57692307692308,1269.0,22.7,42.3,1.1491,2004-07-12 03:00:00
2004-07-12,04:00:00,24.0,1200.0,19.9,51.3,1.1803,2004-07-12 04:00:00
2004-07-12,05:00:00,43.0,1053.0,20.0,51.8,1.1967,2004-07-12 05:00:00
2004-07-12,06:00:00,146.0,758.0,18.5,57.4,1.2076,2004-07-12 06:00:00
2004-07-12,07:00:00,333.0,567.0,19.6,54.3,1.2278,2004-07-12 07:00:00
2004-07-12,08:00:00,298.0,625.0,21.3,49.7,1.2452,2004-07-12 08:00:00
2004-07-12,09:00:00,178.0,820.0,21.7,46.3,1.1867,2004-07-12 09:00:00
2004-07-12,10:00:00,177.0,907.0,23.4,39.4,1.1172,2004-07-12 10:00:00
2004-07-12,11:00:00,172.0,891.0,25.7,33.0,1.0763,2004-07-12 11:00:00
2004-07-12,12:00:00,183.0,779.0,28.5,27.3,1.0479,2004-07-12 12:00:00
2004-07-12,13:00:00,164.0,835.0,27.0,27.9,0.9812,2004-07-12 13:00:00
2004-07-12,14:00:00,122.0,868.0,24.2,36.9,1.0966,2004-07-12 14:00:00
2004-07-12,15:00:00,105.0,888.0,26.0,34.9,1.1509,2004-07-12 15:00:00
2004-07-12,16:00:00,144.0,842.0,24.8,33.1,1.0222,2004-07-12 16:00:00
2004-07-12,17:00:00,220.0,693.0,24.0,36.3,1.0708,2004-07-12 17:00:00
2004-07-12,18:00:00,207.0,686.0,23.6,35.5,1.0187,2004-07-12 18:00:00
2004-07-12,19:00:00,210.0,682.0,23.6,35.7,1.0282,2004-07-12 19:00:00
2004-07-12,20:00:00,175.0,786.0,23.3,34.5,0.9768,2004-07-12 20:00:00
2004-07-12,21:00:00,117.0,890.0,22.5,36.8,0.988,2004-07-12 21:00:00
2004-07-12,22:00:00,93.0,991.0,21.3,38.7,0.9686,2004-07-12 22:00:00
2004-07-12,23:00:00,118.0,911.0,20.9,39.4,0.9596,2004-07-12 23:00:00
2004-07-13,00:00:00,132.0,837.0,19.8,47.7,1.093,2004-07-13 00:00:00
2004-07-13,01:00:00,88.0,932.0,19.3,51.4,1.1387,2004-07-13 01:00:00
2004-07-13,02:00:00,43.0,1165.0,18.4,53.4,1.117,2004-07-13 02:00:00
2004-07-13,03:00:00,114.57692307692308,1274.0,18.8,51.1,1.1,2004-07-13 03:00:00
2004-07-13,04:00:00,44.0,1102.0,16.3,59.8,1.1042,2004-07-13 04:00:00
2004-07-13,05:00:00,50.0,1070.0,16.6,56.8,1.0629,2004-07-13 05:00:00
2004-07-13,06:00:00,101.0,871.0,16.2,57.4,1.0515,2004-07-13 06:00:00
2004-07-13,07:00:00,339.0,567.0,17.3,54.3,1.0631,2004-07-13 07:00:00
2004-07-13,08:00:00,379.0,524.0,19.2,48.8,1.0751,2004-07-13 08:00:00
2004-07-13,09:00:00,321.0,648.0,21.7,42.4,1.0859,2004-07-13 09:00:00
2004-07-13,10:00:00,272.0,711.0,26.4,29.9,1.0138,2004-07-13 10:00:00
2004-07-13,11:00:00,278.0,769.0,31.3,19.1,0.8634,2004-07-13 11:00:00
2004-07-13,12:00:00,253.0,773.0,33.7,15.4,0.7913,2004-07-13 12:00:00
2004-07-13,13:00:00,187.0,857.0,34.5,13.3,0.7158,2004-07-13 13:00:00
2004-07-13,14:00:00,149.0,870.0,33.8,13.9,0.7172,2004-07-13 14:00:00
2004-07-13,15:00:00,89.0,995.0,30.1,19.4,0.8157,2004-07-13 15:00:00
2004-07-13,16:00:00,124.0,876.0,28.3,21.3,0.8054,2004-07-13 16:00:00
2004-07-13,17:00:00,206.0,760.0,31.9,18.3,0.8523,2004-07-13 17:00:00
2004-07-13,18:00:00,241.0,662.0,32.0,20.1,0.9364,2004-07-13 18:00:00
2004-07-13,19:00:00,303.0,586.0,28.9,24.1,0.9495,2004-07-13 19:00:00
2004-07-13,20:00:00,294.0,634.0,27.3,27.1,0.967,2004-07-13 20:00:00
2004-07-13,21:00:00,203.0,737.0,26.0,28.5,0.9484,2004-07-13 21:00:00
2004-07-13,22:00:00,176.0,768.0,25.2,28.6,0.9008,2004-07-13 22:00:00
2004-07-13,23:00:00,155.0,788.0,24.3,31.1,0.9316,2004-07-13 23:00:00
2004-07-14,00:00:00,108.0,840.0,23.6,33.8,0.9685,2004-07-14 00:00:00
2004-07-14,01:00:00,72.0,925.0,23.0,33.8,0.9406,2004-07-14 01:00:00
2004-07-14,02:00:00,65.0,905.0,22.2,38.4,1.0126,2004-07-14 02:00:00
2004-07-14,03:00:00,114.57692307692308,994.0,20.4,42.6,1.0083,2004-07-14 03:00:00
2004-07-14,04:00:00,39.0,1076.0,20.5,42.3,1.0091,2004-07-14 04:00:00
2004-07-14,05:00:00,79.0,942.0,18.8,49.0,1.0505,2004-07-14 05:00:00
2004-07-14,06:00:00,140.0,769.0,18.8,49.4,1.0624,2004-07-14 06:00:00
2004-07-14,07:00:00,427.0,527.0,19.9,46.5,1.071,2004-07-14 07:00:00
2004-07-14,08:00:00,366.0,498.0,22.1,41.7,1.098,2004-07-14 08:00:00
2004-07-14,09:00:00,311.0,606.0,24.0,36.4,1.0706,2004-07-14 09:00:00
2004-07-14,10:00:00,275.0,711.0,30.2,22.8,0.9616,2004-07-14 10:00:00
2004-07-14,11:00:00,195.0,851.0,33.4,17.1,0.8627,2004-07-14 11:00:00
2004-07-14,12:00:00,144.0,819.0,35.1,15.0,0.8381,2004-07-14 12:00:00
2004-07-14,13:00:00,162.0,829.0,34.1,16.0,0.8408,2004-07-14 13:00:00
2004-07-14,14:00:00,200.0,800.0,35.7,13.6,0.7836,2004-07-14 14:00:00
2004-07-14,15:00:00,176.0,848.0,35.3,13.8,0.7767,2004-07-14 15:00:00
2004-07-14,16:00:00,203.0,865.0,32.3,16.7,0.7946,2004-07-14 16:00:00
2004-07-14,17:00:00,237.0,739.0,36.0,13.3,0.7773,2004-07-14 17:00:00
2004-07-14,18:00:00,263.0,676.0,35.8,13.7,0.7868,2004-07-14 18:00:00
2004-07-14,19:00:00,300.0,636.0,32.3,18.4,0.8753,2004-07-14 19:00:00
2004-07-14,20:00:00,189.0,717.0,29.7,25.0,1.0246,2004-07-14 20:00:00
2004-07-14,21:00:00,185.0,686.0,27.8,26.6,0.9748,2004-07-14 21:00:00
2004-07-14,22:00:00,134.0,787.0,26.3,27.3,0.9238,2004-07-14 22:00:00
2004-07-14,23:00:00,96.0,849.0,25.3,30.0,0.9508,2004-07-14 23:00:00
2004-07-15,00:00:00,122.0,744.0,24.0,34.9,1.0271,2004-07-15 00:00:00
2004-07-15,01:00:00,64.0,802.0,23.4,38.6,1.0968,2004-07-15 01:00:00
2004-07-15,02:00:00,30.0,1033.0,23.5,38.3,1.0972,2004-07-15 02:00:00
2004-07-15,03:00:00,114.57692307692308,1070.0,22.0,42.6,1.1146,2004-07-15 03:00:00
2004-07-15,04:00:00,23.0,1105.0,21.6,44.0,1.1225,2004-07-15 04:00:00
2004-07-15,05:00:00,36.0,1033.0,21.4,45.6,1.1493,2004-07-15 05:00:00
2004-07-15,06:00:00,58.0,912.0,21.1,47.1,1.1641,2004-07-15 06:00:00
2004-07-15,07:00:00,168.0,652.0,21.3,48.4,1.2119,2004-07-15 07:00:00
2004-07-15,08:00:00,306.0,526.0,22.9,47.9,1.3208,2004-07-15 08:00:00
2004-07-15,09:00:00,231.0,630.0,24.4,45.5,1.3721,2004-07-15 09:00:00
2004-07-15,10:00:00,157.0,796.0,27.6,38.0,1.3818,2004-07-15 10:00:00
2004-07-15,11:00:00,132.0,822.0,31.1,29.6,1.318,2004-07-15 11:00:00
2004-07-15,12:00:00,136.0,736.0,33.4,24.7,1.2516,2004-07-15 12:00:00
2004-07-15,13:00:00,127.0,742.0,35.7,18.9,1.0865,2004-07-15 13:00:00
2004-07-15,14:00:00,125.0,810.0,36.2,18.1,1.0724,2004-07-15 14:00:00
2004-07-15,15:00:00,138.0,773.0,37.1,17.7,1.094,2004-07-15 15:00:00
2004-07-15,16:00:00,163.0,734.0,36.5,18.1,1.0887,2004-07-15 16:00:00
2004-07-15,17:00:00,259.0,648.0,35.5,19.1,1.0888,2004-07-15 17:00:00
2004-07-15,18:00:00,236.0,655.0,33.7,20.0,1.0275,2004-07-15 18:00:00
2004-07-15,19:00:00,245.0,628.0,30.5,22.7,0.9763,2004-07-15 19:00:00
2004-07-15,20:00:00,344.0,592.0,28.7,26.2,1.0144,2004-07-15 20:00:00
2004-07-15,21:00:00,188.0,696.0,26.7,28.9,0.9981,2004-07-15 21:00:00
2004-07-15,22:00:00,149.0,693.0,25.7,31.6,1.0285,2004-07-15 22:00:00
2004-07-15,23:00:00,102.0,779.0,24.5,35.7,1.0807,2004-07-15 23:00:00
2004-07-16,00:00:00,99.0,779.0,24.3,36.3,1.0852,2004-07-16 00:00:00
2004-07-16,01:00:00,48.0,904.0,23.8,36.9,1.0748,2004-07-16 01:00:00
2004-07-16,02:00:00,36.0,1021.0,23.7,37.3,1.076,2004-07-16 02:00:00
2004-07-16,03:00:00,114.57692307692308,1114.0,22.2,40.6,1.0729,2004-07-16 03:00:00
2004-07-16,04:00:00,30.0,1155.0,21.6,42.2,1.0762,2004-07-16 04:00:00
2004-07-16,05:00:00,56.0,1048.0,20.3,46.8,1.1,2004-07-16 05:00:00
2004-07-16,06:00:00,51.0,961.0,20.7,45.9,1.1088,2004-07-16 06:00:00
2004-07-16,07:00:00,172.0,667.0,20.5,47.7,1.1419,2004-07-16 07:00:00
2004-07-16,08:00:00,316.0,520.0,22.4,46.6,1.247,2004-07-16 08:00:00
2004-07-16,09:00:00,269.0,632.0,24.2,48.5,1.4452,2004-07-16 09:00:00
2004-07-16,10:00:00,196.0,802.0,28.8,33.0,1.2825,2004-07-16 10:00:00
2004-07-16,11:00:00,206.0,749.0,32.8,25.2,1.2325,2004-07-16 11:00:00
2004-07-16,12:00:00,156.0,795.0,34.4,19.9,1.0647,2004-07-16 12:00:00
2004-07-16,13:00:00,120.0,769.0,36.5,16.7,1.0045,2004-07-16 13:00:00
2004-07-16,14:00:00,161.0,764.0,37.5,14.3,0.9099,2004-07-16 14:00:00
2004-07-16,15:00:00,114.0,833.0,38.0,15.5,1.0119,2004-07-16 15:00:00
2004-07-16,16:00:00,191.0,754.0,38.1,16.5,1.0828,2004-07-16 16:00:00
2004-07-16,17:00:00,236.0,665.0,37.3,17.3,1.084,2004-07-16 17:00:00
2004-07-16,18:00:00,287.0,606.0,35.9,17.7,1.0316,2004-07-16 18:00:00
2004-07-16,19:00:00,266.0,628.0,32.4,21.5,1.0303,2004-07-16 19:00:00
2004-07-16,20:00:00,274.0,626.0,30.3,25.6,1.0879,2004-07-16 20:00:00
2004-07-16,21:00:00,196.0,690.0,28.5,27.8,1.0665,2004-07-16 21:00:00
2004-07-16,22:00:00,144.0,748.0,26.9,30.5,1.0671,2004-07-16 22:00:00
2004-07-16,23:00:00,142.0,695.0,25.7,33.5,1.0918,2004-07-16 23:00:00
2004-07-17,00:00:00,124.0,685.0,24.7,36.9,1.1302,2004-07-17 00:00:00
2004-07-17,01:00:00,93.0,765.0,23.6,39.2,1.1306,2004-07-17 01:00:00
2004-07-17,02:00:00,71.0,816.0,22.2,43.0,1.1363,2004-07-17 02:00:00
2004-07-17,03:00:00,114.57692307692308,863.0,21.2,45.8,1.1353,2004-07-17 03:00:00
2004-07-17,04:00:00,56.0,919.0,21.3,45.9,1.1471,2004-07-17 04:00:00
2004-07-17,05:00:00,46.0,988.0,21.6,45.0,1.151,2004-07-17 05:00:00
2004-07-17,06:00:00,51.0,917.0,21.3,46.5,1.1608,2004-07-17 06:00:00
2004-07-17,07:00:00,83.0,793.0,21.1,46.9,1.1585,2004-07-17 07:00:00
2004-07-17,08:00:00,175.0,713.0,22.8,43.0,1.1731,2004-07-17 08:00:00
2004-07-17,09:00:00,148.0,734.0,25.0,38.3,1.198,2004-07-17 09:00:00
2004-07-17,10:00:00,167.0,714.0,30.9,26.9,1.1835,2004-07-17 10:00:00
2004-07-17,11:00:00,120.0,775.0,35.1,19.2,1.0664,2004-07-17 11:00:00
2004-07-17,12:00:00,78.0,840.0,36.9,17.2,1.0576,2004-07-17 12:00:00
2004-07-17,13:00:00,76.0,862.0,39.3,13.9,0.9715,2004-07-17 13:00:00
2004-07-17,14:00:00,45.0,1001.0,40.3,12.6,0.9302,2004-07-17 14:00:00
2004-07-17,15:00:00,54.0,1039.0,39.7,13.5,0.965,2004-07-17 15:00:00
2004-07-17,16:00:00,70.0,884.0,41.1,13.1,1.0124,2004-07-17 16:00:00
2004-07-17,17:00:00,87.0,809.0,40.1,14.9,1.0828,2004-07-17 17:00:00
2004-07-17,18:00:00,69.0,849.0,37.4,17.0,1.0757,2004-07-17 18:00:00
2004-07-17,19:00:00,95.0,787.0,34.0,19.2,1.0073,2004-07-17 19:00:00
2004-07-17,20:00:00,107.0,810.0,31.7,21.6,0.9959,2004-07-17 20:00:00
2004-07-17,21:00:00,88.0,830.0,29.7,24.2,0.9926,2004-07-17 21:00:00
2004-07-17,22:00:00,100.0,746.0,27.9,27.6,1.0252,2004-07-17 22:00:00
2004-07-17,23:00:00,125.0,717.0,26.8,29.9,1.0402,2004-07-17 23:00:00
2004-07-18,00:00:00,132.0,727.0,25.8,33.0,1.0826,2004-07-18 00:00:00
2004-07-18,01:00:00,57.0,869.0,26.3,33.1,1.1199,2004-07-18 01:00:00
2004-07-18,02:00:00,46.0,871.0,24.3,38.1,1.1398,2004-07-18 02:00:00
2004-07-18,03:00:00,114.57692307692308,971.0,24.7,36.4,1.1158,2004-07-18 03:00:00
2004-07-18,04:00:00,34.0,1023.0,23.3,39.5,1.1176,2004-07-18 04:00:00
2004-07-18,05:00:00,33.0,974.0,21.1,45.6,1.1246,2004-07-18 05:00:00
2004-07-18,06:00:00,50.0,915.0,20.2,48.5,1.1319,2004-07-18 06:00:00
2004-07-18,07:00:00,39.0,927.0,21.3,45.5,1.1405,2004-07-18 07:00:00
2004-07-18,08:00:00,84.0,893.0,22.6,31.0,0.8372,2004-07-18 08:00:00
2004-07-18,09:00:00,93.0,786.0,25.7,34.8,1.1292,2004-07-18 09:00:00
2004-07-18,10:00:00,82.0,831.0,31.6,23.8,1.0842,2004-07-18 10:00:00
2004-07-18,11:00:00,73.0,889.0,36.3,16.3,0.9727,2004-07-18 11:00:00
2004-07-18,12:00:00,43.0,1035.0,37.9,15.0,0.9728,2004-07-18 12:00:00
2004-07-18,13:00:00,39.0,1060.0,39.4,13.7,0.9639,2004-07-18 13:00:00
2004-07-18,14:00:00,27.0,1132.0,40.2,12.3,0.8983,2004-07-18 14:00:00
2004-07-18,15:00:00,46.0,968.0,41.3,11.9,0.9252,2004-07-18 15:00:00
2004-07-18,16:00:00,53.0,977.0,41.4,11.8,0.9282,2004-07-18 16:00:00
2004-07-18,17:00:00,38.0,1003.0,40.1,13.6,0.9953,2004-07-18 17:00:00
2004-07-18,18:00:00,39.0,974.0,37.6,16.4,1.0458,2004-07-18 18:00:00
2004-07-18,19:00:00,49.0,929.0,33.9,20.3,1.0522,2004-07-18 19:00:00
2004-07-18,20:00:00,68.0,874.0,31.6,22.9,1.0469,2004-07-18 20:00:00
2004-07-18,21:00:00,102.0,825.0,29.7,24.8,1.016,2004-07-18 21:00:00
2004-07-18,22:00:00,123.0,745.0,29.0,27.0,1.063,2004-07-18 22:00:00
2004-07-18,23:00:00,106.0,728.0,27.9,30.4,1.1249,2004-07-18 23:00:00
2004-07-19,00:00:00,66.0,855.0,28.0,30.6,1.1396,2004-07-19 00:00:00
2004-07-19,01:00:00,43.0,944.0,26.8,32.3,1.1235,2004-07-19 01:00:00
2004-07-19,02:00:00,33.0,1031.0,26.6,33.0,1.1338,2004-07-19 02:00:00
2004-07-19,03:00:00,114.57692307692308,1090.0,23.7,38.6,1.1159,2004-07-19 03:00:00
2004-07-19,04:00:00,33.0,1022.0,22.2,42.8,1.1317,2004-07-19 04:00:00
2004-07-19,05:00:00,75.0,936.0,21.2,46.3,1.1501,2004-07-19 05:00:00
2004-07-19,06:00:00,111.0,758.0,21.4,46.5,1.172,2004-07-19 06:00:00
2004-07-19,07:00:00,250.0,599.0,22.9,43.0,1.1826,2004-07-19 07:00:00
2004-07-19,08:00:00,313.0,508.0,25.2,38.6,1.2215,2004-07-19 08:00:00
2004-07-19,09:00:00,263.0,594.0,27.1,34.9,1.231,2004-07-19 09:00:00
2004-07-19,10:00:00,282.0,633.0,32.4,24.8,1.1886,2004-07-19 10:00:00
2004-07-19,11:00:00,226.0,678.0,36.8,18.0,1.0945,2004-07-19 11:00:00
2004-07-19,12:00:00,176.0,709.0,39.1,16.0,1.11,2004-07-19 12:00:00
2004-07-19,13:00:00,120.0,777.0,39.2,16.4,1.1439,2004-07-19 13:00:00
2004-07-19,14:00:00,96.0,799.0,40.5,14.9,1.111,2004-07-19 14:00:00
2004-07-19,15:00:00,115.0,777.0,41.4,13.8,1.0786,2004-07-19 15:00:00
2004-07-19,16:00:00,108.0,761.0,40.5,14.9,1.114,2004-07-19 16:00:00
2004-07-19,17:00:00,142.0,658.0,39.6,17.0,1.2064,2004-07-19 17:00:00
2004-07-19,18:00:00,219.0,586.0,37.7,19.8,1.2715,2004-07-19 18:00:00
2004-07-19,19:00:00,193.0,610.0,34.3,24.2,1.2857,2004-07-19 19:00:00
2004-07-19,20:00:00,128.0,658.0,31.7,28.1,1.2912,2004-07-19 20:00:00
2004-07-19,21:00:00,127.0,664.0,30.2,30.8,1.3008,2004-07-19 21:00:00
2004-07-19,22:00:00,132.0,628.0,29.4,33.0,1.3343,2004-07-19 22:00:00
2004-07-19,23:00:00,77.0,728.0,29.2,33.1,1.3202,2004-07-19 23:00:00
2004-07-20,00:00:00,72.0,762.0,27.6,36.6,1.332,2004-07-20 00:00:00
2004-07-20,01:00:00,57.0,802.0,27.2,36.9,1.3147,2004-07-20 01:00:00
2004-07-20,02:00:00,56.0,827.0,25.4,41.0,1.3079,2004-07-20 02:00:00
2004-07-20,03:00:00,114.57692307692308,924.0,25.2,41.5,1.3106,2004-07-20 03:00:00
2004-07-20,04:00:00,64.0,879.0,23.4,47.4,1.3475,2004-07-20 04:00:00
2004-07-20,05:00:00,52.0,856.0,25.1,44.0,1.3794,2004-07-20 05:00:00
2004-07-20,06:00:00,122.0,683.0,23.9,46.5,1.3637,2004-07-20 06:00:00
2004-07-20,07:00:00,314.0,499.0,24.8,43.2,1.3387,2004-07-20 07:00:00
2004-07-20,08:00:00,395.0,412.0,27.0,38.7,1.361,2004-07-20 08:00:00
2004-07-20,09:00:00,357.0,494.0,29.4,33.6,1.3526,2004-07-20 09:00:00
2004-07-20,10:00:00,308.0,567.0,34.8,23.4,1.2781,2004-07-20 10:00:00
2004-07-20,11:00:00,184.0,645.0,38.1,18.5,1.2108,2004-07-20 11:00:00
2004-07-20,12:00:00,128.0,685.0,38.9,18.0,1.2318,2004-07-20 12:00:00
2004-07-20,13:00:00,125.0,713.0,39.8,16.0,1.1444,2004-07-20 13:00:00
2004-07-20,14:00:00,135.0,727.0,41.7,12.5,0.9941,2004-07-20 14:00:00
2004-07-20,15:00:00,158.0,714.0,42.8,12.3,1.0326,2004-07-20 15:00:00
2004-07-20,16:00:00,106.0,771.0,41.4,14.2,1.1128,2004-07-20 16:00:00
2004-07-20,17:00:00,163.0,632.0,41.3,15.5,1.21,2004-07-20 17:00:00
2004-07-20,18:00:00,143.0,685.0,38.3,19.4,1.2851,2004-07-20 18:00:00
2004-07-20,19:00:00,96.0,648.0,34.7,23.3,1.2653,2004-07-20 19:00:00
2004-07-20,20:00:00,127.0,638.0,32.6,26.3,1.2754,2004-07-20 20:00:00
2004-07-20,21:00:00,95.0,695.0,30.9,29.0,1.275,2004-07-20 21:00:00
2004-07-20,22:00:00,104.0,644.0,30.1,30.2,1.2711,2004-07-20 22:00:00
2004-07-20,23:00:00,131.0,645.0,29.0,33.4,1.3149,2004-07-20 23:00:00
2004-07-21,00:00:00,92.0,733.0,28.3,36.8,1.3906,2004-07-21 00:00:00
2004-07-21,01:00:00,53.0,784.0,27.6,38.2,1.3911,2004-07-21 01:00:00
2004-07-21,02:00:00,45.0,816.0,25.8,43.1,1.4113,2004-07-21 02:00:00
2004-07-21,03:00:00,114.57692307692308,967.0,27.4,39.1,1.4072,2004-07-21 03:00:00
2004-07-21,04:00:00,19.0,1006.0,26.3,40.9,1.3803,2004-07-21 04:00:00
2004-07-21,05:00:00,75.0,828.0,23.3,50.1,1.41,2004-07-21 05:00:00
2004-07-21,06:00:00,84.0,751.0,23.1,49.7,1.3863,2004-07-21 06:00:00
2004-07-21,07:00:00,160.0,562.0,24.2,46.4,1.3834,2004-07-21 07:00:00
2004-07-21,08:00:00,286.0,471.0,25.8,42.2,1.3774,2004-07-21 08:00:00
2004-07-21,09:00:00,212.0,576.0,28.1,37.3,1.3922,2004-07-21 09:00:00
2004-07-21,10:00:00,279.0,545.0,33.9,26.8,1.397,2004-07-21 10:00:00
2004-07-21,11:00:00,207.0,656.0,38.0,17.2,1.1227,2004-07-21 11:00:00
2004-07-21,12:00:00,140.0,736.0,38.9,15.9,1.0896,2004-07-21 12:00:00
2004-07-21,13:00:00,110.0,741.0,40.4,15.0,1.1125,2004-07-21 13:00:00
2004-07-21,14:00:00,67.0,865.0,40.1,15.2,1.1065,2004-07-21 14:00:00
2004-07-21,15:00:00,98.0,778.0,42.0,14.2,1.1517,2004-07-21 15:00:00
2004-07-21,16:00:00,97.0,767.0,42.7,14.4,1.2092,2004-07-21 16:00:00
2004-07-21,17:00:00,87.0,733.0,41.6,14.5,1.1483,2004-07-21 17:00:00
2004-07-21,18:00:00,124.0,623.0,39.6,18.8,1.3413,2004-07-21 18:00:00
2004-07-21,19:00:00,165.0,544.0,36.1,25.5,1.4949,2004-07-21 19:00:00
2004-07-21,20:00:00,164.0,593.0,33.3,29.9,1.5079,2004-07-21 20:00:00
2004-07-21,21:00:00,122.0,628.0,31.2,33.2,1.4831,2004-07-21 21:00:00
2004-07-21,22:00:00,134.0,602.0,30.1,35.8,1.5034,2004-07-21 22:00:00
2004-07-21,23:00:00,121.0,637.0,28.9,39.1,1.537,2004-07-21 23:00:00
2004-07-22,00:00:00,112.0,627.0,27.8,43.3,1.5929,2004-07-22 00:00:00
2004-07-22,01:00:00,62.0,713.0,26.9,46.1,1.608,2004-07-22 01:00:00
2004-07-22,02:00:00,50.0,794.0,26.4,47.1,1.5947,2004-07-22 02:00:00
2004-07-22,03:00:00,114.57692307692308,842.0,25.2,51.4,1.621,2004-07-22 03:00:00
2004-07-22,04:00:00,72.0,796.0,23.8,55.4,1.6073,2004-07-22 04:00:00
2004-07-22,05:00:00,48.0,867.0,24.9,50.6,1.5755,2004-07-22 05:00:00
2004-07-22,06:00:00,58.0,781.0,25.0,49.2,1.5418,2004-07-22 06:00:00
2004-07-22,07:00:00,306.0,469.0,24.7,50.9,1.5593,2004-07-22 07:00:00
2004-07-22,08:00:00,351.0,410.0,26.4,46.3,1.5722,2004-07-22 08:00:00
2004-07-22,09:00:00,252.0,551.0,28.1,42.0,1.5735,2004-07-22 09:00:00
2004-07-22,10:00:00,266.0,555.0,34.0,29.9,1.5614,2004-07-22 10:00:00
2004-07-22,11:00:00,159.0,682.0,37.3,22.9,1.4373,2004-07-22 11:00:00
2004-07-22,12:00:00,144.0,658.0,40.1,19.0,1.3849,2004-07-22 12:00:00
2004-07-22,13:00:00,117.0,712.0,42.0,15.8,1.2759,2004-07-22 13:00:00
2004-07-22,14:00:00,108.0,749.0,42.8,14.3,1.2003,2004-07-22 14:00:00
2004-07-22,15:00:00,153.0,693.0,44.3,13.0,1.183,2004-07-22 15:00:00
2004-07-22,16:00:00,166.0,680.0,44.6,12.6,1.1684,2004-07-22 16:00:00
2004-07-22,17:00:00,179.0,629.0,43.4,14.8,1.2882,2004-07-22 17:00:00
2004-07-22,18:00:00,225.0,569.0,40.6,18.2,1.368,2004-07-22 18:00:00
2004-07-22,19:00:00,261.0,567.0,37.1,21.3,1.3223,2004-07-22 19:00:00
2004-07-22,20:00:00,228.0,575.0,34.5,25.5,1.368,2004-07-22 20:00:00
2004-07-22,21:00:00,137.0,639.0,32.2,30.4,1.4433,2004-07-22 21:00:00
2004-07-22,22:00:00,116.0,643.0,30.4,35.4,1.5144,2004-07-22 22:00:00
2004-07-22,23:00:00,143.0,625.0,29.4,38.7,1.5581,2004-07-22 23:00:00
2004-07-23,00:00:00,157.0,592.0,28.6,38.7,1.4921,2004-07-23 00:00:00
2004-07-23,01:00:00,72.0,743.0,27.7,40.5,1.4835,2004-07-23 01:00:00
2004-07-23,02:00:00,42.0,846.0,28.0,39.8,1.4803,2004-07-23 02:00:00
2004-07-23,03:00:00,114.57692307692308,826.0,24.8,48.5,1.4953,2004-07-23 03:00:00
2004-07-23,04:00:00,34.0,891.0,25.6,45.8,1.4801,2004-07-23 04:00:00
2004-07-23,05:00:00,74.0,806.0,23.6,51.5,1.4852,2004-07-23 05:00:00
2004-07-23,06:00:00,75.0,743.0,25.1,46.5,1.4615,2004-07-23 06:00:00
2004-07-23,07:00:00,199.0,519.0,24.5,48.3,1.4593,2004-07-23 07:00:00
2004-07-23,08:00:00,262.0,470.0,26.6,42.8,1.4675,2004-07-23 08:00:00
2004-07-23,09:00:00,236.0,519.0,29.0,37.6,1.4866,2004-07-23 09:00:00
2004-07-23,10:00:00,186.0,626.0,34.2,28.5,1.5071,2004-07-23 10:00:00
2004-07-23,11:00:00,132.0,712.0,37.3,22.9,1.4369,2004-07-23 11:00:00
2004-07-23,12:00:00,140.0,671.0,40.1,17.5,1.2721,2004-07-23 12:00:00
2004-07-23,13:00:00,143.0,691.0,42.2,14.6,1.192,2004-07-23 13:00:00
2004-07-23,14:00:00,99.0,725.0,41.9,15.2,1.2173,2004-07-23 14:00:00
2004-07-23,15:00:00,107.0,733.0,43.1,13.8,1.1803,2004-07-23 15:00:00
2004-07-23,16:00:00,130.0,723.0,42.8,13.8,1.1681,2004-07-23 16:00:00
2004-07-23,17:00:00,133.0,682.0,41.1,16.5,1.2701,2004-07-23 17:00:00
2004-07-23,18:00:00,188.0,600.0,38.7,20.3,1.3743,2004-07-23 18:00:00
2004-07-23,19:00:00,155.0,606.0,35.8,24.1,1.3924,2004-07-23 19:00:00
2004-07-23,20:00:00,154.0,651.0,33.1,28.3,1.4121,2004-07-23 20:00:00
2004-07-23,21:00:00,95.0,784.0,30.1,33.9,1.4257,2004-07-23 21:00:00
2004-07-23,22:00:00,110.0,712.0,29.0,36.6,1.4431,2004-07-23 22:00:00
2004-07-23,23:00:00,116.0,655.0,28.5,38.4,1.468,2004-07-23 23:00:00
2004-07-24,00:00:00,153.0,621.0,27.8,39.9,1.4682,2004-07-24 00:00:00
2004-07-24,01:00:00,111.0,649.0,27.0,42.8,1.503,2004-07-24 01:00:00
2004-07-24,02:00:00,79.0,695.0,26.4,44.5,1.5119,2004-07-24 02:00:00
2004-07-24,03:00:00,114.57692307692308,820.0,25.8,46.6,1.5269,2004-07-24 03:00:00
2004-07-24,04:00:00,47.0,774.0,25.1,48.5,1.5266,2004-07-24 04:00:00
2004-07-24,05:00:00,61.0,810.0,24.6,52.2,1.5881,2004-07-24 05:00:00
2004-07-24,06:00:00,56.0,806.0,24.4,50.5,1.5243,2004-07-24 06:00:00
2004-07-24,07:00:00,69.0,733.0,25.2,49.1,1.5546,2004-07-24 07:00:00
2004-07-24,08:00:00,109.0,677.0,26.6,50.8,1.7419,2004-07-24 08:00:00
2004-07-24,09:00:00,111.0,672.0,28.0,46.9,1.748,2004-07-24 09:00:00
2004-07-24,10:00:00,150.0,636.0,32.7,34.5,1.6798,2004-07-24 10:00:00
2004-07-24,11:00:00,87.0,737.0,36.6,26.5,1.599,2004-07-24 11:00:00
2004-07-24,12:00:00,64.0,799.0,37.8,26.3,1.6951,2004-07-24 12:00:00
2004-07-24,13:00:00,47.0,804.0,38.3,27.1,1.797,2004-07-24 13:00:00
2004-07-24,14:00:00,34.0,983.0,35.4,32.4,1.837,2004-07-24 14:00:00
2004-07-24,15:00:00,37.0,982.0,37.3,28.8,1.8087,2004-07-24 15:00:00
2004-07-24,16:00:00,49.0,899.0,36.6,28.2,1.697,2004-07-24 16:00:00
2004-07-24,17:00:00,54.0,858.0,35.1,29.6,1.6452,2004-07-24 17:00:00
2004-07-24,18:00:00,70.0,866.0,32.3,33.4,1.59,2004-07-24 18:00:00
2004-07-24,19:00:00,76.0,875.0,29.9,37.9,1.5745,2004-07-24 19:00:00
2004-07-24,20:00:00,59.0,932.0,28.2,41.9,1.5776,2004-07-24 20:00:00
2004-07-24,21:00:00,44.0,983.0,27.2,45.9,1.6316,2004-07-24 21:00:00
2004-07-24,22:00:00,47.0,870.0,27.3,45.7,1.6308,2004-07-24 22:00:00
2004-07-24,23:00:00,71.0,790.0,27.0,47.1,1.6573,2004-07-24 23:00:00
2004-07-25,00:00:00,90.0,706.0,23.7,69.3,2.0042,2004-07-25 00:00:00
2004-07-25,01:00:00,45.0,927.0,23.8,63.5,1.8495,2004-07-25 01:00:00
2004-07-25,02:00:00,44.0,949.0,24.7,56.9,1.739,2004-07-25 02:00:00
2004-07-25,03:00:00,114.57692307692308,1119.0,25.0,53.1,1.6541,2004-07-25 03:00:00
2004-07-25,04:00:00,15.0,1119.0,24.1,59.6,1.7657,2004-07-25 04:00:00
2004-07-25,05:00:00,10.0,1242.0,22.5,69.1,1.8578,2004-07-25 05:00:00
2004-07-25,06:00:00,19.0,1162.0,23.4,64.4,1.835,2004-07-25 06:00:00
2004-07-25,07:00:00,20.0,1242.0,24.4,57.9,1.7476,2004-07-25 07:00:00
2004-07-25,08:00:00,30.0,1224.0,24.5,56.9,1.7225,2004-07-25 08:00:00
2004-07-25,09:00:00,24.0,1215.0,24.9,54.8,1.7063,2004-07-25 09:00:00
2004-07-25,10:00:00,35.0,1095.0,27.0,47.4,1.6661,2004-07-25 10:00:00
2004-07-25,11:00:00,48.0,1025.0,27.6,43.7,1.5877,2004-07-25 11:00:00
2004-07-25,12:00:00,41.0,1076.0,28.2,42.6,1.6062,2004-07-25 12:00:00
2004-07-25,13:00:00,37.0,1105.0,29.1,40.8,1.6203,2004-07-25 13:00:00
2004-07-25,14:00:00,32.0,1163.0,29.8,38.6,1.5911,2004-07-25 14:00:00
2004-07-25,15:00:00,43.0,1107.0,31.5,34.5,1.5666,2004-07-25 15:00:00
2004-07-25,16:00:00,28.0,1214.0,31.2,36.3,1.6217,2004-07-25 16:00:00
2004-07-25,17:00:00,38.0,1102.0,30.0,41.3,1.7259,2004-07-25 17:00:00
2004-07-25,18:00:00,72.0,954.0,27.6,47.5,1.7266,2004-07-25 18:00:00
2004-07-25,19:00:00,89.0,853.0,28.8,41.3,1.6164,2004-07-25 19:00:00
2004-07-25,20:00:00,103.0,846.0,28.5,41.6,1.5959,2004-07-25 20:00:00
2004-07-25,21:00:00,77.0,833.0,27.7,43.4,1.5833,2004-07-25 21:00:00
2004-07-25,22:00:00,84.0,831.0,27.3,44.1,1.5751,2004-07-25 22:00:00
2004-07-25,23:00:00,82.0,857.0,26.9,45.5,1.5926,2004-07-25 23:00:00
2004-07-26,00:00:00,81.0,876.0,26.6,47.2,1.616,2004-07-26 00:00:00
2004-07-26,01:00:00,50.0,935.0,26.0,48.0,1.5882,2004-07-26 01:00:00
2004-07-26,02:00:00,30.0,1056.0,26.2,45.7,1.5324,2004-07-26 02:00:00
2004-07-26,03:00:00,114.57692307692308,1129.0,25.9,46.3,1.524,2004-07-26 03:00:00
2004-07-26,04:00:00,14.0,1204.0,25.6,46.8,1.5111,2004-07-26 04:00:00
2004-07-26,05:00:00,51.0,1097.0,25.3,47.6,1.5159,2004-07-26 05:00:00
2004-07-26,06:00:00,120.0,830.0,25.4,48.5,1.5507,2004-07-26 06:00:00
2004-07-26,07:00:00,180.0,686.0,26.5,46.3,1.5768,2004-07-26 07:00:00
2004-07-26,08:00:00,168.0,734.0,27.9,42.7,1.5754,2004-07-26 08:00:00
2004-07-26,09:00:00,111.0,832.0,28.8,38.9,1.5184,2004-07-26 09:00:00
2004-07-26,10:00:00,111.0,861.0,31.7,31.5,1.4487,2004-07-26 10:00:00
2004-07-26,11:00:00,97.0,838.0,33.9,26.9,1.3964,2004-07-26 11:00:00
2004-07-26,12:00:00,90.0,834.0,34.7,26.5,1.4408,2004-07-26 12:00:00
2004-07-26,13:00:00,87.0,834.0,35.4,24.8,1.4017,2004-07-26 13:00:00
2004-07-26,14:00:00,67.0,975.0,35.2,24.1,1.351,2004-07-26 14:00:00
2004-07-26,15:00:00,84.0,866.0,36.3,22.8,1.3564,2004-07-26 15:00:00
2004-07-26,16:00:00,86.0,867.0,35.4,23.8,1.3443,2004-07-26 16:00:00
2004-07-26,17:00:00,124.0,767.0,34.6,23.5,1.2691,2004-07-26 17:00:00
2004-07-26,18:00:00,144.0,659.0,33.0,28.2,1.3921,2004-07-26 18:00:00
2004-07-26,19:00:00,130.0,709.0,32.5,27.9,1.3373,2004-07-26 19:00:00
2004-07-26,20:00:00,122.0,756.0,30.5,29.9,1.2875,2004-07-26 20:00:00
2004-07-26,21:00:00,82.0,815.0,29.1,33.1,1.3126,2004-07-26 21:00:00
2004-07-26,22:00:00,62.0,881.0,28.4,35.8,1.3665,2004-07-26 22:00:00
2004-07-26,23:00:00,65.0,813.0,27.7,37.9,1.3842,2004-07-26 23:00:00
2004-07-27,00:00:00,52.0,873.0,28.3,35.5,1.3414,2004-07-27 00:00:00
2004-07-27,01:00:00,22.0,942.0,27.1,38.6,1.3632,2004-07-27 01:00:00
2004-07-27,02:00:00,27.0,949.0,25.8,40.9,1.3377,2004-07-27 02:00:00
2004-07-27,03:00:00,114.57692307692308,1128.0,26.0,40.6,1.3467,2004-07-27 03:00:00
2004-07-27,04:00:00,29.0,1064.0,24.6,43.4,1.3248,2004-07-27 04:00:00
2004-07-27,05:00:00,29.0,1035.0,25.1,42.3,1.326,2004-07-27 05:00:00
2004-07-27,06:00:00,135.0,796.0,23.1,48.8,1.3638,2004-07-27 06:00:00
2004-07-27,07:00:00,181.0,724.0,24.7,46.8,1.4337,2004-07-27 07:00:00
2004-07-27,08:00:00,119.0,728.0,24.6,45.1,1.3714,2004-07-27 08:00:00
2004-07-27,09:00:00,116.0,765.0,26.2,38.5,1.2932,2004-07-27 09:00:00
2004-07-27,10:00:00,143.0,780.0,29.3,31.0,1.2445,2004-07-27 10:00:00
2004-07-27,11:00:00,126.0,839.0,31.2,26.6,1.192,2004-07-27 11:00:00
2004-07-27,12:00:00,94.0,894.0,31.1,26.2,1.1619,2004-07-27 12:00:00
2004-07-27,13:00:00,96.0,890.0,31.7,26.4,1.2153,2004-07-27 13:00:00
2004-07-27,14:00:00,90.0,928.0,31.7,25.6,1.179,2004-07-27 14:00:00
2004-07-27,15:00:00,93.0,942.0,32.6,22.5,1.0901,2004-07-27 15:00:00
2004-07-27,16:00:00,101.0,925.0,32.8,22.2,1.0835,2004-07-27 16:00:00
2004-07-27,17:00:00,123.0,818.0,32.4,22.4,1.0701,2004-07-27 17:00:00
2004-07-27,18:00:00,136.0,781.0,31.4,22.7,1.027,2004-07-27 18:00:00
2004-07-27,19:00:00,109.0,819.0,28.4,24.7,0.9404,2004-07-27 19:00:00
2004-07-27,20:00:00,124.0,846.0,27.7,24.2,0.882,2004-07-27 20:00:00
2004-07-27,21:00:00,82.0,892.0,26.1,28.3,0.9456,2004-07-27 21:00:00
2004-07-27,22:00:00,69.0,874.0,25.3,28.4,0.9041,2004-07-27 22:00:00
2004-07-27,23:00:00,60.0,940.0,25.2,27.7,0.874,2004-07-27 23:00:00
2004-07-28,00:00:00,90.0,835.0,24.5,28.0,0.8489,2004-07-28 00:00:00
2004-07-28,01:00:00,58.0,873.0,23.6,31.9,0.9195,2004-07-28 01:00:00
2004-07-28,02:00:00,53.0,999.0,22.8,34.7,0.9514,2004-07-28 02:00:00
2004-07-28,03:00:00,114.57692307692308,1156.0,23.6,33.2,0.9577,2004-07-28 03:00:00
2004-07-28,04:00:00,45.0,1022.0,20.5,41.2,0.9802,2004-07-28 04:00:00
2004-07-28,05:00:00,61.0,977.0,20.6,41.5,0.9982,2004-07-28 05:00:00
2004-07-28,06:00:00,76.0,875.0,20.2,42.5,0.9949,2004-07-28 06:00:00
2004-07-28,07:00:00,144.0,670.0,20.9,40.4,0.9884,2004-07-28 07:00:00
2004-07-28,08:00:00,221.0,515.0,22.4,38.0,1.0201,2004-07-28 08:00:00
2004-07-28,09:00:00,282.0,575.0,26.0,29.7,0.9831,2004-07-28 09:00:00
2004-07-28,10:00:00,235.0,719.0,31.4,18.6,0.8398,2004-07-28 10:00:00
2004-07-28,11:00:00,113.0,872.0,34.2,15.8,0.8371,2004-07-28 11:00:00
2004-07-28,12:00:00,93.0,829.0,35.4,15.3,0.8649,2004-07-28 12:00:00
2004-07-28,13:00:00,88.0,877.0,34.6,15.5,0.8435,2004-07-28 13:00:00
2004-07-28,14:00:00,87.0,909.0,33.9,16.2,0.8454,2004-07-28 14:00:00
2004-07-28,15:00:00,109.0,830.0,35.3,15.0,0.8463,2004-07-28 15:00:00
2004-07-28,16:00:00,106.0,838.0,36.8,13.7,0.8335,2004-07-28 16:00:00
2004-07-28,17:00:00,182.0,704.0,34.4,16.4,0.8761,2004-07-28 17:00:00
2004-07-28,18:00:00,350.6577380952381,679.0,35.3,16.8,0.9448,2004-07-28 18:00:00
2004-07-28,19:00:00,144.0,687.0,32.3,20.7,0.9875,2004-07-28 19:00:00
2004-07-28,20:00:00,144.0,710.0,29.6,26.1,1.0682,2004-07-28 20:00:00
2004-07-28,21:00:00,84.0,780.0,28.6,27.2,1.048,2004-07-28 21:00:00
2004-07-28,22:00:00,74.0,783.0,27.6,27.4,0.9926,2004-07-28 22:00:00
2004-07-28,23:00:00,80.0,805.0,26.3,29.0,0.9807,2004-07-28 23:00:00
2004-07-29,00:00:00,78.0,776.0,25.4,30.1,0.9602,2004-07-29 00:00:00
2004-07-29,01:00:00,50.0,808.0,24.7,32.1,0.9878,2004-07-29 01:00:00
2004-07-29,02:00:00,18.0,1074.0,25.7,30.9,1.0048,2004-07-29 02:00:00
2004-07-29,03:00:00,114.57692307692308,1087.0,25.1,32.6,1.0203,2004-07-29 03:00:00
2004-07-29,04:00:00,21.0,1158.0,23.9,34.4,1.0079,2004-07-29 04:00:00
2004-07-29,05:00:00,62.0,995.0,21.4,40.3,1.0157,2004-07-29 05:00:00
2004-07-29,06:00:00,74.0,807.0,21.2,41.2,1.0246,2004-07-29 06:00:00
2004-07-29,07:00:00,171.0,601.0,21.6,40.9,1.0468,2004-07-29 07:00:00
2004-07-29,08:00:00,287.0,491.0,24.0,36.6,1.0763,2004-07-29 08:00:00
2004-07-29,09:00:00,230.0,600.0,26.8,29.5,1.0209,2004-07-29 09:00:00
2004-07-29,10:00:00,261.0,654.0,31.8,19.4,0.8936,2004-07-29 10:00:00
2004-07-29,11:00:00,178.0,742.0,34.4,16.6,0.8892,2004-07-29 11:00:00
2004-07-29,12:00:00,116.0,786.0,35.3,16.7,0.9402,2004-07-29 12:00:00
2004-07-29,13:00:00,96.0,800.0,36.4,16.8,1.0033,2004-07-29 13:00:00
2004-07-29,14:00:00,83.0,887.0,34.8,19.5,1.0667,2004-07-29 14:00:00
2004-07-29,15:00:00,120.0,725.0,38.6,16.1,1.0853,2004-07-29 15:00:00
2004-07-29,16:00:00,108.0,756.0,38.5,16.5,1.1037,2004-07-29 16:00:00
2004-07-29,17:00:00,115.0,713.0,37.4,18.1,1.1467,2004-07-29 17:00:00
2004-07-29,18:00:00,102.0,689.0,35.7,19.8,1.1399,2004-07-29 18:00:00
2004-07-29,19:00:00,118.0,687.0,32.0,24.9,1.1663,2004-07-29 19:00:00
2004-07-29,20:00:00,107.0,720.0,29.7,28.1,1.1544,2004-07-29 20:00:00
2004-07-29,21:00:00,129.0,658.0,28.5,32.1,1.2296,2004-07-29 21:00:00
2004-07-29,22:00:00,133.0,601.0,27.6,40.5,1.4715,2004-07-29 22:00:00
2004-07-29,23:00:00,98.0,651.0,26.3,45.6,1.5349,2004-07-29 23:00:00
2004-07-30,00:00:00,110.0,677.0,25.7,46.1,1.5025,2004-07-30 00:00:00
2004-07-30,01:00:00,62.0,747.0,25.1,46.3,1.4486,2004-07-30 01:00:00
2004-07-30,02:00:00,55.0,841.0,23.5,51.3,1.467,2004-07-30 02:00:00
2004-07-30,03:00:00,114.57692307692308,782.0,23.1,52.1,1.4518,2004-07-30 03:00:00
2004-07-30,04:00:00,35.0,932.0,23.7,51.2,1.4795,2004-07-30 04:00:00
2004-07-30,05:00:00,52.0,894.0,23.0,52.2,1.4516,2004-07-30 05:00:00
2004-07-30,06:00:00,36.0,862.0,23.0,49.9,1.3849,2004-07-30 06:00:00
2004-07-30,07:00:00,182.0,559.0,23.0,50.9,1.4105,2004-07-30 07:00:00
2004-07-30,08:00:00,297.0,470.0,24.4,49.3,1.4814,2004-07-30 08:00:00
2004-07-30,09:00:00,237.0,511.0,26.8,46.6,1.6157,2004-07-30 09:00:00
2004-07-30,10:00:00,235.0,584.0,32.2,32.6,1.5412,2004-07-30 10:00:00
2004-07-30,11:00:00,158.0,686.0,34.8,26.0,1.4241,2004-07-30 11:00:00
2004-07-30,12:00:00,89.0,742.0,36.1,24.8,1.4628,2004-07-30 12:00:00
2004-07-30,13:00:00,80.0,742.0,37.7,21.8,1.3977,2004-07-30 13:00:00
2004-07-30,14:00:00,93.0,752.0,36.9,21.8,1.3384,2004-07-30 14:00:00
2004-07-30,15:00:00,96.0,749.0,39.1,18.7,1.2884,2004-07-30 15:00:00
2004-07-30,16:00:00,98.0,777.0,39.3,18.9,1.318,2004-07-30 16:00:00
2004-07-30,17:00:00,104.0,684.0,38.2,21.8,1.4312,2004-07-30 17:00:00
2004-07-30,18:00:00,121.0,649.0,36.6,23.3,1.4042,2004-07-30 18:00:00
2004-07-30,19:00:00,116.0,628.0,33.3,28.7,1.4454,2004-07-30 19:00:00
2004-07-30,20:00:00,121.0,647.0,30.9,34.2,1.5064,2004-07-30 20:00:00
2004-07-30,21:00:00,114.0,667.0,29.1,38.9,1.5384,2004-07-30 21:00:00
2004-07-30,22:00:00,112.0,620.0,28.1,40.3,1.5086,2004-07-30 22:00:00
2004-07-30,23:00:00,81.0,716.0,27.0,41.6,1.4596,2004-07-30 23:00:00
2004-07-31,00:00:00,220.0,762.5,26.35,44.2,1.4912999999999998,2004-07-31 00:00:00
2004-07-31,01:00:00,81.0,809.0,25.7,46.8,1.523,2004-07-31 01:00:00
2004-07-31,02:00:00,43.0,864.0,25.1,51.1,1.6044,2004-07-31 02:00:00
2004-07-31,03:00:00,114.57692307692308,854.0,23.7,56.5,1.6341,2004-07-31 03:00:00
2004-07-31,04:00:00,26.0,913.0,23.8,55.3,1.6068,2004-07-31 04:00:00
2004-07-31,05:00:00,40.0,878.0,23.7,54.6,1.5823,2004-07-31 05:00:00
2004-07-31,06:00:00,72.0,771.0,22.6,58.8,1.5903,2004-07-31 06:00:00
2004-07-31,07:00:00,68.0,801.0,24.0,53.4,1.5748,2004-07-31 07:00:00
2004-07-31,08:00:00,89.0,728.0,25.2,51.0,1.6131,2004-07-31 08:00:00
2004-07-31,09:00:00,151.0,642.0,27.3,47.1,1.6807,2004-07-31 09:00:00
2004-07-31,10:00:00,215.0,620.0,32.8,33.4,1.633,2004-07-31 10:00:00
2004-07-31,11:00:00,196.0,614.0,36.0,28.0,1.6304,2004-07-31 11:00:00
2004-07-31,12:00:00,161.0,654.0,38.5,23.8,1.5944,2004-07-31 12:00:00
2004-07-31,13:00:00,120.0,745.0,39.8,20.5,1.4687,2004-07-31 13:00:00
2004-07-31,14:00:00,88.0,859.0,38.1,22.0,1.4402,2004-07-31 14:00:00
2004-07-31,15:00:00,38.0,917.0,40.0,20.0,1.4517,2004-07-31 15:00:00
2004-07-31,16:00:00,47.0,866.0,40.4,19.8,1.4724,2004-07-31 16:00:00
2004-07-31,17:00:00,40.0,886.0,39.1,20.7,1.427,2004-07-31 17:00:00
2004-07-31,18:00:00,58.0,816.0,37.3,24.3,1.5222,2004-07-31 18:00:00
2004-07-31,19:00:00,71.0,737.0,34.0,30.9,1.6158,2004-07-31 19:00:00
2004-07-31,20:00:00,90.0,724.0,31.8,34.5,1.5911,2004-07-31 20:00:00
2004-07-31,21:00:00,95.0,675.0,30.1,37.7,1.5799,2004-07-31 21:00:00
2004-07-31,22:00:00,85.0,684.0,28.6,42.3,1.6251,2004-07-31 22:00:00
2004-07-31,23:00:00,119.0,642.0,27.7,44.6,1.6304,2004-07-31 23:00:00
2004-08-01,00:00:00,106.0,681.0,26.6,47.5,1.6265,2004-08-01 00:00:00
2004-08-01,01:00:00,77.0,698.0,25.7,50.7,1.6491,2004-08-01 01:00:00
2004-08-01,02:00:00,28.0,820.0,25.1,53.9,1.689,2004-08-01 02:00:00
2004-08-01,03:00:00,114.57692307692308,941.0,24.8,58.7,1.8089,2004-08-01 03:00:00
2004-08-01,04:00:00,21.0,883.0,23.5,63.6,1.8223,2004-08-01 04:00:00
2004-08-01,05:00:00,17.0,993.0,24.3,59.4,1.7838,2004-08-01 05:00:00
2004-08-01,06:00:00,24.0,997.0,23.3,62.0,1.7547,2004-08-01 06:00:00
2004-08-01,07:00:00,19.0,975.0,24.1,63.1,1.8619,2004-08-01 07:00:00
2004-08-01,08:00:00,39.0,876.0,25.0,60.7,1.892,2004-08-01 08:00:00
2004-08-01,09:00:00,46.0,824.0,27.3,52.4,1.8707,2004-08-01 09:00:00
2004-08-01,10:00:00,53.0,832.0,32.4,37.3,1.7808,2004-08-01 10:00:00
2004-08-01,11:00:00,32.0,896.0,35.4,31.3,1.7736,2004-08-01 11:00:00
2004-08-01,12:00:00,30.0,933.0,37.4,28.2,1.7808,2004-08-01 12:00:00
2004-08-01,13:00:00,24.0,1055.0,39.2,20.2,1.4104,2004-08-01 13:00:00
2004-08-01,14:00:00,34.0,1119.0,38.1,18.5,1.2141,2004-08-01 14:00:00
2004-08-01,15:00:00,63.0,1063.0,40.2,17.7,1.2989,2004-08-01 15:00:00
2004-08-01,16:00:00,69.0,1020.0,39.7,19.1,1.3646,2004-08-01 16:00:00
2004-08-01,17:00:00,61.0,991.0,38.5,19.8,1.326,2004-08-01 17:00:00
2004-08-01,18:00:00,73.0,906.0,36.6,24.6,1.4872,2004-08-01 18:00:00
2004-08-01,19:00:00,75.0,817.0,33.1,32.7,1.62,2004-08-01 19:00:00
2004-08-01,20:00:00,69.0,743.0,30.7,38.7,1.678,2004-08-01 20:00:00
2004-08-01,21:00:00,71.0,711.0,29.5,42.7,1.7316,2004-08-01 21:00:00
2004-08-01,22:00:00,73.0,682.0,27.8,52.6,1.9398,2004-08-01 22:00:00
2004-08-01,23:00:00,86.0,666.0,27.4,55.5,1.9998,2004-08-01 23:00:00
2004-08-02,00:00:00,65.0,672.0,27.3,57.1,2.0426,2004-08-02 00:00:00
2004-08-02,01:00:00,74.0,821.0,26.7,60.1,2.067,2004-08-02 01:00:00
2004-08-02,02:00:00,45.0,916.0,26.2,61.6,2.0575,2004-08-02 02:00:00
2004-08-02,03:00:00,114.57692307692308,1097.0,25.5,62.8,2.0236,2004-08-02 03:00:00
2004-08-02,04:00:00,2.0,1203.0,25.5,61.8,1.9831,2004-08-02 04:00:00
2004-08-02,05:00:00,29.0,1061.0,25.1,62.4,1.9602,2004-08-02 05:00:00
2004-08-02,06:00:00,42.0,829.0,24.6,62.7,1.9158,2004-08-02 06:00:00
2004-08-02,07:00:00,146.0,610.0,25.7,58.9,1.9156,2004-08-02 07:00:00
2004-08-02,08:00:00,344.72340425531917,544.0,27.1,54.4,1.9206,2004-08-02 08:00:00
2004-08-02,09:00:00,163.0,633.0,28.4,50.7,1.9329,2004-08-02 09:00:00
2004-08-02,10:00:00,144.0,689.0,32.7,36.9,1.7953,2004-08-02 10:00:00
2004-08-02,11:00:00,125.0,702.0,34.0,32.7,1.7146,2004-08-02 11:00:00
2004-08-02,12:00:00,90.0,706.0,35.6,29.2,1.6684,2004-08-02 12:00:00
2004-08-02,13:00:00,76.0,778.0,37.1,25.6,1.5868,2004-08-02 13:00:00
2004-08-02,14:00:00,73.0,798.0,36.1,26.4,1.5505,2004-08-02 14:00:00
2004-08-02,15:00:00,73.0,763.0,37.9,23.8,1.5392,2004-08-02 15:00:00
2004-08-02,16:00:00,80.0,779.0,38.0,22.2,1.4483,2004-08-02 16:00:00
2004-08-02,17:00:00,121.0,705.0,36.9,22.7,1.3887,2004-08-02 17:00:00
2004-08-02,18:00:00,129.0,676.0,35.5,25.7,1.4626,2004-08-02 18:00:00
2004-08-02,19:00:00,103.0,689.0,32.8,32.2,1.5779,2004-08-02 19:00:00
2004-08-02,20:00:00,87.0,697.0,30.5,38.2,1.6376,2004-08-02 20:00:00
2004-08-02,21:00:00,58.0,707.0,28.8,43.5,1.6989,2004-08-02 21:00:00
2004-08-02,22:00:00,64.0,669.0,28.0,46.2,1.721,2004-08-02 22:00:00
2004-08-02,23:00:00,58.0,708.0,27.1,49.4,1.7398,2004-08-02 23:00:00
2004-08-03,00:00:00,44.0,720.0,26.4,52.2,1.7708,2004-08-03 00:00:00
2004-08-03,01:00:00,28.0,774.0,26.2,52.3,1.7561,2004-08-03 01:00:00
2004-08-03,02:00:00,19.0,941.0,27.1,47.4,1.6809,2004-08-03 02:00:00
2004-08-03,03:00:00,114.57692307692308,1186.0,28.0,45.2,1.6832,2004-08-03 03:00:00
2004-08-03,04:00:00,48.0,1077.0,25.8,50.9,1.6605,2004-08-03 04:00:00
2004-08-03,05:00:00,77.0,1026.0,27.2,47.2,1.6803,2004-08-03 05:00:00
2004-08-03,06:00:00,110.0,973.0,27.0,48.3,1.6946,2004-08-03 06:00:00
2004-08-03,07:00:00,282.0,529.0,25.9,51.5,1.7,2004-08-03 07:00:00
2004-08-03,08:00:00,275.0,487.0,27.4,48.6,1.7447,2004-08-03 08:00:00
2004-08-03,09:00:00,253.0,539.0,29.1,45.5,1.7998,2004-08-03 09:00:00
2004-08-03,10:00:00,211.0,596.0,32.8,36.9,1.803,2004-08-03 10:00:00
2004-08-03,11:00:00,176.0,697.0,34.7,32.1,1.741,2004-08-03 11:00:00
2004-08-03,12:00:00,153.0,650.0,33.7,35.1,1.8022,2004-08-03 12:00:00
2004-08-03,13:00:00,144.0,689.0,35.1,32.4,1.7996,2004-08-03 13:00:00
2004-08-03,14:00:00,127.0,722.0,35.4,30.9,1.7505,2004-08-03 14:00:00
2004-08-03,15:00:00,112.0,730.0,36.5,28.7,1.7256,2004-08-03 15:00:00
2004-08-03,16:00:00,261.36716417910446,684.0,38.0,24.7,1.6073,2004-08-03 16:00:00
2004-08-03,17:00:00,148.0,671.0,37.5,24.4,1.5515,2004-08-03 17:00:00
2004-08-03,18:00:00,140.0,622.0,35.5,28.9,1.6468,2004-08-03 18:00:00
2004-08-03,19:00:00,125.0,631.0,31.9,37.5,1.7442,2004-08-03 19:00:00
2004-08-03,20:00:00,111.0,672.0,30.1,45.0,1.8891,2004-08-03 20:00:00
2004-08-03,21:00:00,102.0,685.0,28.8,48.9,1.9105,2004-08-03 21:00:00
2004-08-03,22:00:00,108.0,659.0,28.8,48.8,1.9039,2004-08-03 22:00:00
2004-08-03,23:00:00,132.0,645.0,28.0,49.0,1.8237,2004-08-03 23:00:00
2004-08-04,00:00:00,104.0,678.0,27.5,51.5,1.8664,2004-08-04 00:00:00
2004-08-04,01:00:00,92.0,714.0,27.3,51.5,1.844,2004-08-04 01:00:00
2004-08-04,02:00:00,78.0,791.0,26.7,53.3,1.8366,2004-08-04 02:00:00
2004-08-04,03:00:00,114.57692307692308,889.0,25.9,55.1,1.8117,2004-08-04 03:00:00
2004-08-04,04:00:00,81.15361445783132,962.0,27.0,51.8,1.8147,2004-08-04 04:00:00
2004-08-04,05:00:00,86.8018018018018,987.0,26.8,50.9,1.7693,2004-08-04 05:00:00
2004-08-04,06:00:00,125.69161676646706,733.0,25.0,57.0,1.7792,2004-08-04 06:00:00
2004-08-04,07:00:00,224.625748502994,521.0,26.2,52.8,1.7729,2004-08-04 07:00:00
2004-08-04,08:00:00,344.72340425531917,455.0,28.3,47.6,1.7981,2004-08-04 08:00:00
2004-08-04,09:00:00,361.3263473053892,663.0,29.9,42.1,1.7474,2004-08-04 09:00:00
2004-08-04,10:00:00,339.4970238095238,764.0,33.0,35.4,1.7504,2004-08-04 10:00:00
2004-08-04,11:00:00,306.3373134328358,719.0,35.6,30.6,1.7493,2004-08-04 11:00:00
2004-08-04,12:00:00,273.05970149253733,747.0,37.1,27.9,1.7309,2004-08-04 12:00:00
2004-08-04,13:00:00,253.2882882882883,748.0,37.9,25.7,1.6651,2004-08-04 13:00:00
2004-08-04,14:00:00,243.25225225225225,852.0,37.2,23.6,1.4764,2004-08-04 14:00:00
2004-08-04,15:00:00,238.64970059880238,813.0,39.1,21.7,1.5031,2004-08-04 15:00:00
2004-08-04,16:00:00,261.36716417910446,828.0,39.3,22.0,1.5366,2004-08-04 16:00:00
2004-08-04,17:00:00,308.0385756676558,727.0,38.2,23.8,1.5666,2004-08-04 17:00:00
2004-08-04,18:00:00,350.6577380952381,750.0,34.0,33.2,1.7395,2004-08-04 18:00:00
2004-08-04,19:00:00,364.00296735905044,732.0,25.5,58.6,1.8891,2004-08-04 19:00:00
2004-08-04,20:00:00,349.0949554896142,785.0,27.2,46.0,1.6376,2004-08-04 20:00:00
2004-08-04,21:00:00,289.3690476190476,846.0,27.6,45.2,1.6479,2004-08-04 21:00:00
2004-08-04,22:00:00,219.32835820895522,838.0,25.4,52.7,1.6867,2004-08-04 22:00:00
2004-08-04,23:00:00,197.87761194029852,894.0,26.1,49.4,1.6491,2004-08-04 23:00:00
2004-08-05,00:00:00,190.41964285714286,783.0,25.0,53.6,1.6721,2004-08-05 00:00:00
2004-08-05,01:00:00,157.3323353293413,869.0,25.4,52.9,1.698,2004-08-05 01:00:00
2004-08-05,02:00:00,118.58132530120481,922.0,25.4,54.4,1.7384,2004-08-05 02:00:00
2004-08-05,03:00:00,114.57692307692308,1032.0,25.4,54.6,1.7432,2004-08-05 03:00:00
2004-08-05,04:00:00,81.15361445783132,1054.0,24.5,57.1,1.7327,2004-08-05 04:00:00
2004-08-05,05:00:00,86.8018018018018,857.0,22.8,63.7,1.7392,2004-08-05 05:00:00
2004-08-05,06:00:00,125.69161676646706,742.0,22.6,64.1,1.7358,2004-08-05 06:00:00
2004-08-05,07:00:00,224.625748502994,557.0,24.3,58.0,1.7429,2004-08-05 07:00:00
2004-08-05,08:00:00,344.72340425531917,574.0,26.5,50.4,1.7215,2004-08-05 08:00:00
2004-08-05,09:00:00,361.3263473053892,676.0,28.1,45.4,1.697,2004-08-05 09:00:00
2004-08-05,10:00:00,339.4970238095238,662.0,31.7,36.7,1.6843,2004-08-05 10:00:00
2004-08-05,11:00:00,104.0,706.0,35.8,28.7,1.6626,2004-08-05 11:00:00
2004-08-05,12:00:00,98.0,727.0,36.8,27.2,1.6623,2004-08-05 12:00:00
2004-08-05,13:00:00,66.0,808.0,38.3,24.5,1.622,2004-08-05 13:00:00
2004-08-05,14:00:00,60.0,850.0,34.2,30.8,1.6299,2004-08-05 14:00:00
2004-08-05,15:00:00,85.0,767.0,28.7,51.4,1.9871,2004-08-05 15:00:00
2004-08-05,16:00:00,90.0,748.0,23.9,69.1,2.0202,2004-08-05 16:00:00
2004-08-05,17:00:00,122.0,669.0,21.5,78.8,1.9939,2004-08-05 17:00:00
2004-08-05,18:00:00,117.0,682.0,21.6,78.5,1.994,2004-08-05 18:00:00
2004-08-05,19:00:00,115.0,678.0,21.5,78.4,1.9818,2004-08-05 19:00:00
2004-08-05,20:00:00,127.0,732.0,20.8,80.9,1.9637,2004-08-05 20:00:00
2004-08-05,21:00:00,79.0,805.0,20.7,81.8,1.9717,2004-08-05 21:00:00
2004-08-05,22:00:00,61.0,816.0,23.1,70.1,1.9582,2004-08-05 22:00:00
2004-08-05,23:00:00,67.0,829.0,22.7,68.4,1.8627,2004-08-05 23:00:00
2004-08-06,00:00:00,93.0,731.0,22.1,72.6,1.9105,2004-08-06 00:00:00
2004-08-06,01:00:00,77.0,734.0,21.8,74.1,1.915,2004-08-06 01:00:00
2004-08-06,02:00:00,60.0,827.0,21.9,72.8,1.8944,2004-08-06 02:00:00
2004-08-06,03:00:00,114.57692307692308,875.0,21.7,73.2,1.8763,2004-08-06 03:00:00
2004-08-06,04:00:00,45.0,930.0,21.4,75.5,1.9033,2004-08-06 04:00:00
2004-08-06,05:00:00,65.0,847.0,21.4,75.5,1.9069,2004-08-06 05:00:00
2004-08-06,06:00:00,94.0,722.0,21.9,74.9,1.9396,2004-08-06 06:00:00
2004-08-06,07:00:00,205.0,588.0,22.0,75.9,1.9817,2004-08-06 07:00:00
2004-08-06,08:00:00,240.0,516.0,22.5,74.9,2.019,2004-08-06 08:00:00
2004-08-06,09:00:00,237.0,557.0,24.5,66.2,2.0011,2004-08-06 09:00:00
2004-08-06,10:00:00,245.0,601.0,25.6,61.2,1.9808,2004-08-06 10:00:00
2004-08-06,11:00:00,206.0,607.0,29.3,48.4,1.9367,2004-08-06 11:00:00
2004-08-06,12:00:00,156.0,631.0,33.5,36.0,1.8395,2004-08-06 12:00:00
2004-08-06,13:00:00,126.0,717.0,35.6,29.8,1.7045,2004-08-06 13:00:00
2004-08-06,14:00:00,108.0,735.0,33.7,33.4,1.7186,2004-08-06 14:00:00
2004-08-06,15:00:00,102.0,711.0,34.1,33.3,1.7509,2004-08-06 15:00:00
2004-08-06,16:00:00,110.0,672.0,31.5,43.5,1.9797,2004-08-06 16:00:00
2004-08-06,17:00:00,57.0,761.0,32.5,40.6,1.9481,2004-08-06 17:00:00
2004-08-06,18:00:00,109.0,668.0,29.8,45.2,1.8642,2004-08-06 18:00:00
2004-08-06,19:00:00,151.0,606.0,27.7,49.9,1.8189,2004-08-06 19:00:00
2004-08-06,20:00:00,153.0,620.0,26.4,54.6,1.8459,2004-08-06 20:00:00
2004-08-06,21:00:00,103.0,692.0,25.5,58.0,1.8611,2004-08-06 21:00:00
2004-08-06,22:00:00,76.0,728.0,25.1,59.9,1.8797,2004-08-06 22:00:00
2004-08-06,23:00:00,93.0,685.0,24.1,63.5,1.8828,2004-08-06 23:00:00
2004-08-07,00:00:00,75.0,718.0,23.8,65.0,1.8897,2004-08-07 00:00:00
2004-08-07,01:00:00,57.0,789.0,23.4,64.9,1.843,2004-08-07 01:00:00
2004-08-07,02:00:00,32.0,976.0,24.4,58.6,1.7714,2004-08-07 02:00:00
2004-08-07,03:00:00,114.57692307692308,1032.0,23.3,63.3,1.7895,2004-08-07 03:00:00
2004-08-07,04:00:00,42.0,990.0,21.9,67.1,1.7414,2004-08-07 04:00:00
2004-08-07,05:00:00,37.0,1068.0,23.6,61.2,1.7588,2004-08-07 05:00:00
2004-08-07,06:00:00,44.0,971.0,22.6,63.4,1.7136,2004-08-07 06:00:00
2004-08-07,07:00:00,51.0,840.0,22.9,62.6,1.7253,2004-08-07 07:00:00
2004-08-07,08:00:00,74.0,742.0,23.3,61.8,1.7504,2004-08-07 08:00:00
2004-08-07,09:00:00,115.0,649.0,25.4,56.2,1.7961,2004-08-07 09:00:00
2004-08-07,10:00:00,109.0,676.0,30.6,41.9,1.8104,2004-08-07 10:00:00
2004-08-07,11:00:00,80.0,760.0,33.5,34.0,1.73,2004-08-07 11:00:00
2004-08-07,12:00:00,57.0,862.0,35.5,29.8,1.7004,2004-08-07 12:00:00
2004-08-07,13:00:00,56.0,875.0,37.5,24.7,1.5637,2004-08-07 13:00:00
2004-08-07,14:00:00,43.0,960.0,35.1,25.2,1.402,2004-08-07 14:00:00
2004-08-07,15:00:00,43.0,947.0,38.1,21.1,1.3863,2004-08-07 15:00:00
2004-08-07,16:00:00,51.0,939.0,38.5,21.8,1.4653,2004-08-07 16:00:00
2004-08-07,17:00:00,46.0,864.0,36.8,29.5,1.8037,2004-08-07 17:00:00
2004-08-07,18:00:00,71.0,783.0,34.9,33.4,1.8384,2004-08-07 18:00:00
2004-08-07,19:00:00,65.0,777.0,32.2,37.4,1.7655,2004-08-07 19:00:00
2004-08-07,20:00:00,78.0,740.0,29.7,41.7,1.7081,2004-08-07 20:00:00
2004-08-07,21:00:00,51.0,793.0,27.7,47.4,1.7344,2004-08-07 21:00:00
2004-08-07,22:00:00,84.0,686.0,27.3,49.4,1.7602,2004-08-07 22:00:00
2004-08-07,23:00:00,89.0,681.0,26.3,51.3,1.7251,2004-08-07 23:00:00
2004-08-08,00:00:00,65.0,767.0,25.7,54.1,1.7546,2004-08-08 00:00:00
2004-08-08,01:00:00,43.0,816.0,25.4,55.1,1.7628,2004-08-08 01:00:00
2004-08-08,02:00:00,32.0,894.0,24.9,57.3,1.7822,2004-08-08 02:00:00
2004-08-08,03:00:00,114.57692307692308,869.0,24.1,61.8,1.8339,2004-08-08 03:00:00
2004-08-08,04:00:00,22.0,1017.0,23.9,61.2,1.7871,2004-08-08 04:00:00
2004-08-08,05:00:00,21.0,1080.0,23.8,61.3,1.7881,2004-08-08 05:00:00
2004-08-08,06:00:00,27.0,1049.0,23.4,61.7,1.7495,2004-08-08 06:00:00
2004-08-08,07:00:00,31.0,1024.0,24.3,58.4,1.7508,2004-08-08 07:00:00
2004-08-08,08:00:00,46.0,901.0,25.1,56.6,1.7798,2004-08-08 08:00:00
2004-08-08,09:00:00,62.0,839.0,27.3,51.3,1.835,2004-08-08 09:00:00
2004-08-08,10:00:00,43.0,936.0,29.5,45.9,1.8662,2004-08-08 10:00:00
2004-08-08,11:00:00,53.0,849.0,27.6,52.4,1.9055,2004-08-08 11:00:00
2004-08-08,12:00:00,87.0,813.0,25.4,68.0,2.1806,2004-08-08 12:00:00
2004-08-08,13:00:00,36.0,964.0,32.2,40.3,1.8999,2004-08-08 13:00:00
2004-08-08,14:00:00,21.0,1129.0,31.6,38.9,1.7838,2004-08-08 14:00:00
2004-08-08,15:00:00,27.0,1061.0,33.0,37.3,1.8481,2004-08-08 15:00:00
2004-08-08,16:00:00,29.0,1039.0,35.1,32.1,1.7841,2004-08-08 16:00:00
2004-08-08,17:00:00,38.0,988.0,35.0,31.1,1.7173,2004-08-08 17:00:00
2004-08-08,18:00:00,41.0,949.0,33.8,32.1,1.6596,2004-08-08 18:00:00
2004-08-08,19:00:00,66.0,848.0,31.1,38.8,1.7295,2004-08-08 19:00:00
2004-08-08,20:00:00,63.0,798.0,29.0,46.1,1.8141,2004-08-08 20:00:00
2004-08-08,21:00:00,88.0,745.0,28.1,50.6,1.8969,2004-08-08 21:00:00
2004-08-08,22:00:00,87.0,660.0,27.1,54.7,1.9284,2004-08-08 22:00:00
2004-08-08,23:00:00,86.0,683.0,26.6,56.4,1.9349,2004-08-08 23:00:00
2004-08-09,00:00:00,49.0,771.0,25.8,60.4,1.9759,2004-08-09 00:00:00
2004-08-09,01:00:00,40.0,774.0,25.5,61.6,1.9804,2004-08-09 01:00:00
2004-08-09,02:00:00,27.0,888.0,24.9,63.5,1.9647,2004-08-09 02:00:00
2004-08-09,03:00:00,114.57692307692308,997.0,24.3,65.1,1.9475,2004-08-09 03:00:00
2004-08-09,04:00:00,23.0,1065.0,23.8,65.7,1.9079,2004-08-09 04:00:00
2004-08-09,05:00:00,58.0,941.0,23.2,68.0,1.9045,2004-08-09 05:00:00
2004-08-09,06:00:00,87.0,756.0,23.2,67.5,1.899,2004-08-09 06:00:00
2004-08-09,07:00:00,143.0,579.0,24.3,63.3,1.8929,2004-08-09 07:00:00
2004-08-09,08:00:00,96.0,578.0,25.5,59.7,1.9193,2004-08-09 08:00:00
2004-08-09,09:00:00,16.0,585.0,27.7,52.5,1.9138,2004-08-09 09:00:00
2004-08-09,10:00:00,54.0,715.0,31.8,38.9,1.8005,2004-08-09 10:00:00
2004-08-09,11:00:00,42.0,800.0,32.7,34.1,1.6592,2004-08-09 11:00:00
2004-08-09,12:00:00,72.0,764.0,34.3,31.5,1.6745,2004-08-09 12:00:00
2004-08-09,13:00:00,54.0,787.0,34.2,31.5,1.6675,2004-08-09 13:00:00
2004-08-09,14:00:00,52.0,835.0,33.9,32.3,1.6809,2004-08-09 14:00:00
2004-08-09,15:00:00,64.0,783.0,34.4,31.9,1.7005,2004-08-09 15:00:00
2004-08-09,16:00:00,70.0,772.4,33.48,33.86,1.7037399999999998,2004-08-09 16:00:00
2004-08-09,17:00:00,65.0,761.8,32.56,35.82,1.70698,2004-08-09 17:00:00
2004-08-09,18:00:00,80.0,751.2,31.64,37.78,1.7102199999999999,2004-08-09 18:00:00
2004-08-09,19:00:00,88.0,740.6,30.72,39.74,1.71346,2004-08-09 19:00:00
2004-08-09,20:00:00,81.0,730.0,29.8,41.7,1.7167,2004-08-09 20:00:00
2004-08-09,21:00:00,59.0,696.0,28.8,45.9,1.7884,2004-08-09 21:00:00
2004-08-09,22:00:00,69.0,687.0,28.2,51.1,1.9221,2004-08-09 22:00:00
2004-08-09,23:00:00,58.0,674.0,27.5,54.4,1.9705,2004-08-09 23:00:00
2004-08-10,00:00:00,33.0,732.0,27.4,55.0,1.9827,2004-08-10 00:00:00
2004-08-10,01:00:00,17.0,824.0,28.1,51.6,1.9269,2004-08-10 01:00:00
2004-08-10,02:00:00,6.0,919.0,26.3,56.5,1.9027,2004-08-10 02:00:00
2004-08-10,03:00:00,114.57692307692308,861.0,24.4,65.0,1.9612,2004-08-10 03:00:00
2004-08-10,04:00:00,20.0,919.0,24.4,63.6,1.9218,2004-08-10 04:00:00
2004-08-10,05:00:00,58.0,830.0,23.5,67.4,1.9305,2004-08-10 05:00:00
2004-08-10,06:00:00,106.0,718.0,23.4,65.7,1.872,2004-08-10 06:00:00
2004-08-10,07:00:00,143.0,563.0,24.5,61.3,1.8522,2004-08-10 07:00:00
2004-08-10,08:00:00,167.0,519.0,26.0,55.8,1.8536,2004-08-10 08:00:00
2004-08-10,09:00:00,188.0,565.0,28.5,48.5,1.8607,2004-08-10 09:00:00
2004-08-10,10:00:00,164.0,604.0,33.6,35.7,1.8229,2004-08-10 10:00:00
2004-08-10,11:00:00,128.0,646.0,36.5,28.9,1.7359,2004-08-10 11:00:00
2004-08-10,12:00:00,88.0,764.0,39.0,23.7,1.6346,2004-08-10 12:00:00
2004-08-10,13:00:00,51.0,955.0,38.8,23.7,1.6093,2004-08-10 13:00:00
2004-08-10,14:00:00,52.0,914.0,38.0,24.0,1.5686,2004-08-10 14:00:00
2004-08-10,15:00:00,59.0,819.0,40.5,23.3,1.7416,2004-08-10 15:00:00
2004-08-10,16:00:00,67.0,841.0,39.8,25.4,1.8213,2004-08-10 16:00:00
2004-08-10,17:00:00,105.0,760.0,39.6,23.3,1.6535,2004-08-10 17:00:00
2004-08-10,18:00:00,91.0,720.0,38.8,24.7,1.6772,2004-08-10 18:00:00
2004-08-10,19:00:00,69.0,706.0,34.7,35.9,1.9528,2004-08-10 19:00:00
2004-08-10,20:00:00,65.0,703.0,32.3,43.6,2.07,2004-08-10 20:00:00
2004-08-10,21:00:00,58.0,725.0,30.7,48.1,2.0821,2004-08-10 21:00:00
2004-08-10,22:00:00,67.0,678.0,29.5,50.6,2.0492,2004-08-10 22:00:00
2004-08-10,23:00:00,64.0,669.0,28.8,52.0,2.0297,2004-08-10 23:00:00
2004-08-11,00:00:00,65.0,697.0,28.2,55.0,2.0697,2004-08-11 00:00:00
2004-08-11,01:00:00,47.0,740.0,27.2,59.1,2.0997,2004-08-11 01:00:00
2004-08-11,02:00:00,29.0,797.0,26.7,60.7,2.0977,2004-08-11 02:00:00
2004-08-11,03:00:00,114.57692307692308,961.0,26.9,60.3,2.1074,2004-08-11 03:00:00
2004-08-11,04:00:00,16.0,932.0,26.4,61.6,2.0931,2004-08-11 04:00:00
2004-08-11,05:00:00,50.0,895.0,25.9,63.6,2.102,2004-08-11 05:00:00
2004-08-11,06:00:00,78.0,717.0,26.1,63.7,2.117,2004-08-11 06:00:00
2004-08-11,07:00:00,89.0,663.0,26.8,60.5,2.1008,2004-08-11 07:00:00
2004-08-11,08:00:00,97.0,622.0,27.9,56.5,2.0895,2004-08-11 08:00:00
2004-08-11,09:00:00,93.0,651.0,29.8,51.1,2.1054,2004-08-11 09:00:00
2004-08-11,10:00:00,105.0,680.0,33.6,41.0,2.0995,2004-08-11 10:00:00
2004-08-11,11:00:00,89.0,715.0,35.1,38.1,2.1144,2004-08-11 11:00:00
2004-08-11,12:00:00,63.0,792.0,36.2,34.9,2.0578,2004-08-11 12:00:00
2004-08-11,13:00:00,52.0,824.0,38.0,30.7,2.0022,2004-08-11 13:00:00
2004-08-11,14:00:00,48.0,882.0,36.6,30.8,1.8617,2004-08-11 14:00:00
2004-08-11,15:00:00,50.0,926.0,38.8,25.4,1.7282,2004-08-11 15:00:00
2004-08-11,16:00:00,80.0,845.0,38.7,25.8,1.7426,2004-08-11 16:00:00
2004-08-11,17:00:00,78.0,777.0,37.4,29.9,1.8848,2004-08-11 17:00:00
2004-08-11,18:00:00,64.0,799.0,36.2,31.1,1.8371,2004-08-11 18:00:00
2004-08-11,19:00:00,84.0,720.0,33.8,34.5,1.7788,2004-08-11 19:00:00
2004-08-11,20:00:00,72.0,778.0,31.4,40.7,1.8377,2004-08-11 20:00:00
2004-08-11,21:00:00,70.0,736.0,30.8,45.0,1.9733,2004-08-11 21:00:00
2004-08-11,22:00:00,59.0,770.0,29.4,50.0,2.0181,2004-08-11 22:00:00
2004-08-11,23:00:00,63.0,764.0,28.1,54.1,2.029,2004-08-11 23:00:00
2004-08-12,00:00:00,58.0,745.0,27.3,57.8,2.0646,2004-08-12 00:00:00
2004-08-12,01:00:00,68.0,794.0,26.7,60.6,2.0942,2004-08-12 01:00:00
2004-08-12,02:00:00,57.0,906.0,25.9,64.5,2.1247,2004-08-12 02:00:00
2004-08-12,03:00:00,114.57692307692308,1001.0,25.6,63.5,2.0566,2004-08-12 03:00:00
2004-08-12,04:00:00,15.0,1027.0,26.7,61.0,2.101,2004-08-12 04:00:00
2004-08-12,05:00:00,47.0,888.0,25.8,64.6,2.1195,2004-08-12 05:00:00
2004-08-12,06:00:00,39.0,893.0,26.5,60.6,2.063,2004-08-12 06:00:00
2004-08-12,07:00:00,87.0,672.0,26.4,61.7,2.0929,2004-08-12 07:00:00
2004-08-12,08:00:00,122.0,585.0,27.5,60.1,2.1719,2004-08-12 08:00:00
2004-08-12,09:00:00,122.0,694.0,29.4,53.1,2.1362,2004-08-12 09:00:00
2004-08-12,10:00:00,101.0,803.0,33.4,39.9,2.0177,2004-08-12 10:00:00
2004-08-12,11:00:00,92.0,785.0,33.2,39.2,1.9642,2004-08-12 11:00:00
2004-08-12,12:00:00,70.0,851.0,34.5,35.1,1.8856,2004-08-12 12:00:00
2004-08-12,13:00:00,58.0,898.0,37.1,30.5,1.8962,2004-08-12 13:00:00
2004-08-12,14:00:00,44.0,898.0,35.9,32.1,1.8697,2004-08-12 14:00:00
2004-08-12,15:00:00,44.0,897.0,37.3,28.0,1.7537,2004-08-12 15:00:00
2004-08-12,16:00:00,52.0,877.0,38.1,26.3,1.7252,2004-08-12 16:00:00
2004-08-12,17:00:00,53.0,836.0,37.1,27.2,1.6844,2004-08-12 17:00:00
2004-08-12,18:00:00,65.0,794.0,35.2,31.2,1.7485,2004-08-12 18:00:00
2004-08-12,19:00:00,67.0,772.0,32.1,38.7,1.819,2004-08-12 19:00:00
2004-08-12,20:00:00,67.0,797.0,30.3,45.1,1.9129,2004-08-12 20:00:00
2004-08-12,21:00:00,53.0,792.0,29.3,50.2,2.0127,2004-08-12 21:00:00
2004-08-12,22:00:00,53.0,845.0,28.6,53.7,2.0691,2004-08-12 22:00:00
2004-08-12,23:00:00,60.0,739.0,27.8,57.4,2.1107,2004-08-12 23:00:00
2004-08-13,00:00:00,60.0,774.0,27.4,59.4,2.1395,2004-08-13 00:00:00
2004-08-13,01:00:00,39.0,836.0,27.2,59.3,2.1059,2004-08-13 01:00:00
2004-08-13,02:00:00,22.0,1045.0,26.7,61.0,2.1005,2004-08-13 02:00:00
2004-08-13,03:00:00,114.57692307692308,1264.0,26.0,62.7,2.0737,2004-08-13 03:00:00
2004-08-13,04:00:00,7.0,1232.0,25.4,63.1,2.0184,2004-08-13 04:00:00
2004-08-13,05:00:00,25.0,1154.0,26.1,60.3,2.012,2004-08-13 05:00:00
2004-08-13,06:00:00,47.0,956.0,25.2,67.1,2.1164,2004-08-13 06:00:00
2004-08-13,07:00:00,101.0,720.0,26.0,61.9,2.0511,2004-08-13 07:00:00
2004-08-13,08:00:00,100.0,688.0,27.0,57.5,2.0183,2004-08-13 08:00:00
2004-08-13,09:00:00,79.0,759.0,30.5,44.4,1.9076,2004-08-13 09:00:00
2004-08-13,10:00:00,91.0,766.0,33.4,35.1,1.781,2004-08-13 10:00:00
2004-08-13,11:00:00,83.0,868.0,35.7,29.0,1.6716,2004-08-13 11:00:00
2004-08-13,12:00:00,65.0,896.0,35.8,27.7,1.6041,2004-08-13 12:00:00
2004-08-13,13:00:00,55.0,971.0,36.3,27.4,1.6264,2004-08-13 13:00:00
2004-08-13,14:00:00,40.0,1061.0,33.6,28.8,1.4695,2004-08-13 14:00:00
2004-08-13,15:00:00,48.0,1078.0,35.2,20.5,1.1418,2004-08-13 15:00:00
2004-08-13,16:00:00,46.0,1056.0,35.0,22.4,1.2371,2004-08-13 16:00:00
2004-08-13,17:00:00,54.0,998.0,34.0,25.2,1.314,2004-08-13 17:00:00
2004-08-13,18:00:00,55.0,965.0,32.0,28.2,1.3204,2004-08-13 18:00:00
2004-08-13,19:00:00,60.0,901.0,29.4,34.4,1.3899,2004-08-13 19:00:00
2004-08-13,20:00:00,62.0,870.0,28.1,41.1,1.535,2004-08-13 20:00:00
2004-08-13,21:00:00,51.0,912.0,26.9,47.5,1.6595,2004-08-13 21:00:00
2004-08-13,22:00:00,57.0,867.0,26.6,50.4,1.724,2004-08-13 22:00:00
2004-08-13,23:00:00,72.0,830.0,25.9,52.9,1.7478,2004-08-13 23:00:00
2004-08-14,00:00:00,63.0,838.0,25.4,54.6,1.7483,2004-08-14 00:00:00
2004-08-14,01:00:00,49.0,899.0,25.1,55.7,1.7471,2004-08-14 01:00:00
2004-08-14,02:00:00,30.0,1075.0,25.1,55.3,1.733,2004-08-14 02:00:00
2004-08-14,03:00:00,114.57692307692308,1232.0,25.0,56.0,1.7428,2004-08-14 03:00:00
2004-08-14,04:00:00,18.0,1178.0,25.2,55.0,1.7405,2004-08-14 04:00:00
2004-08-14,05:00:00,22.0,1170.0,25.6,53.5,1.7291,2004-08-14 05:00:00
2004-08-14,06:00:00,39.0,1088.0,24.7,55.9,1.7114,2004-08-14 06:00:00
2004-08-14,07:00:00,68.0,821.0,24.0,57.2,1.6835,2004-08-14 07:00:00
2004-08-14,08:00:00,84.0,800.0,25.0,53.2,1.663,2004-08-14 08:00:00
2004-08-14,09:00:00,54.0,911.0,28.0,43.4,1.6162,2004-08-14 09:00:00
2004-08-14,10:00:00,51.0,948.0,31.6,35.5,1.6269,2004-08-14 10:00:00
2004-08-14,11:00:00,52.0,924.0,35.0,29.0,1.6017,2004-08-14 11:00:00
2004-08-14,12:00:00,44.0,959.0,35.3,27.6,1.5512,2004-08-14 12:00:00
2004-08-14,13:00:00,47.0,999.0,36.2,24.1,1.4235,2004-08-14 13:00:00
2004-08-14,14:00:00,37.0,1041.0,34.8,24.5,1.3373,2004-08-14 14:00:00
2004-08-14,15:00:00,33.0,1051.0,38.2,19.6,1.2915,2004-08-14 15:00:00
2004-08-14,16:00:00,36.0,1032.0,38.9,20.3,1.382,2004-08-14 16:00:00
2004-08-14,17:00:00,33.0,1006.0,36.9,27.1,1.6683,2004-08-14 17:00:00
2004-08-14,18:00:00,40.0,873.0,35.2,32.1,1.7898,2004-08-14 18:00:00
2004-08-14,19:00:00,56.0,801.0,32.0,38.2,1.788,2004-08-14 19:00:00
2004-08-14,20:00:00,71.0,779.0,29.8,41.8,1.7269,2004-08-14 20:00:00
2004-08-14,21:00:00,57.0,797.0,28.2,45.9,1.7272,2004-08-14 21:00:00
2004-08-14,22:00:00,43.0,825.0,27.1,48.2,1.7075,2004-08-14 22:00:00
2004-08-14,23:00:00,40.0,858.0,26.7,49.5,1.7048,2004-08-14 23:00:00
2004-08-15,00:00:00,26.0,947.0,26.1,50.8,1.6917,2004-08-15 00:00:00
2004-08-15,01:00:00,24.0,989.0,25.7,52.5,1.7077,2004-08-15 01:00:00
2004-08-15,02:00:00,24.0,1028.0,24.8,55.4,1.7054,2004-08-15 02:00:00
2004-08-15,03:00:00,114.57692307692308,1077.0,23.8,57.5,1.6723,2004-08-15 03:00:00
2004-08-15,04:00:00,18.0,1107.0,22.4,62.2,1.6648,2004-08-15 04:00:00
2004-08-15,05:00:00,18.0,1054.0,22.5,61.8,1.6654,2004-08-15 05:00:00
2004-08-15,06:00:00,19.0,1149.0,22.7,59.2,1.6139,2004-08-15 06:00:00
2004-08-15,07:00:00,22.0,1064.0,23.0,58.4,1.6223,2004-08-15 07:00:00
2004-08-15,08:00:00,34.0,983.0,23.9,56.3,1.6489,2004-08-15 08:00:00
2004-08-15,09:00:00,61.0,841.0,26.3,50.1,1.6889,2004-08-15 09:00:00
2004-08-15,10:00:00,46.0,896.0,32.1,34.0,1.6039,2004-08-15 10:00:00
2004-08-15,11:00:00,56.0,870.0,35.8,25.7,1.4861,2004-08-15 11:00:00
2004-08-15,12:00:00,31.0,978.0,38.3,19.8,1.3067,2004-08-15 12:00:00
2004-08-15,13:00:00,11.0,1123.0,37.3,20.5,1.286,2004-08-15 13:00:00
2004-08-15,14:00:00,8.0,1227.0,36.3,18.4,1.0976,2004-08-15 14:00:00
2004-08-15,15:00:00,14.0,1281.0,36.8,16.9,1.0347,2004-08-15 15:00:00
2004-08-15,16:00:00,21.0,1223.0,37.9,15.9,1.0296,2004-08-15 16:00:00
2004-08-15,17:00:00,26.0,1216.0,36.7,17.1,1.0398,2004-08-15 17:00:00
2004-08-15,18:00:00,37.0,1143.0,33.8,21.9,1.1303,2004-08-15 18:00:00
2004-08-15,19:00:00,53.0,1016.0,32.6,24.6,1.1885,2004-08-15 19:00:00
2004-08-15,20:00:00,56.0,988.0,30.6,28.4,1.2247,2004-08-15 20:00:00
2004-08-15,21:00:00,51.0,936.0,29.4,30.5,1.2288,2004-08-15 21:00:00
2004-08-15,22:00:00,79.0,784.0,28.4,34.4,1.314,2004-08-15 22:00:00
2004-08-15,23:00:00,38.0,880.0,28.3,34.1,1.2951,2004-08-15 23:00:00
2004-08-16,00:00:00,25.0,956.0,27.8,35.2,1.2968,2004-08-16 00:00:00
2004-08-16,01:00:00,24.0,988.0,25.3,39.7,1.2656,2004-08-16 01:00:00
2004-08-16,02:00:00,11.0,1016.0,24.5,41.5,1.2589,2004-08-16 02:00:00
2004-08-16,03:00:00,114.57692307692308,1175.0,24.8,39.8,1.2231,2004-08-16 03:00:00
2004-08-16,04:00:00,16.0,1238.0,23.3,41.9,1.1856,2004-08-16 04:00:00
2004-08-16,05:00:00,43.0,1163.0,21.5,45.6,1.1558,2004-08-16 05:00:00
2004-08-16,06:00:00,86.0,893.0,21.3,47.0,1.1793,2004-08-16 06:00:00
2004-08-16,07:00:00,92.0,767.0,22.2,45.0,1.1867,2004-08-16 07:00:00
2004-08-16,08:00:00,102.0,722.0,23.6,40.8,1.1746,2004-08-16 08:00:00
2004-08-16,09:00:00,171.0,719.0,27.1,32.4,1.1462,2004-08-16 09:00:00
2004-08-16,10:00:00,148.0,796.0,33.4,20.1,1.0142,2004-08-16 10:00:00
2004-08-16,11:00:00,119.0,923.0,35.3,17.0,0.9546,2004-08-16 11:00:00
2004-08-16,12:00:00,71.0,953.0,37.4,14.7,0.9295,2004-08-16 12:00:00
2004-08-16,13:00:00,53.0,1065.0,38.6,14.6,0.9821,2004-08-16 13:00:00
2004-08-16,14:00:00,61.0,1091.0,35.8,17.8,1.0274,2004-08-16 14:00:00
2004-08-16,15:00:00,53.0,1077.0,38.4,16.4,1.0957,2004-08-16 15:00:00
2004-08-16,16:00:00,61.0,1015.0,39.7,15.3,1.0963,2004-08-16 16:00:00
2004-08-16,17:00:00,72.0,930.0,38.8,15.8,1.0706,2004-08-16 17:00:00
2004-08-16,18:00:00,67.0,880.0,35.2,22.3,1.2467,2004-08-16 18:00:00
2004-08-16,19:00:00,70.0,857.0,31.7,28.2,1.2962,2004-08-16 19:00:00
2004-08-16,20:00:00,81.0,788.0,30.4,30.9,1.3219,2004-08-16 20:00:00
2004-08-16,21:00:00,79.0,807.0,29.5,32.1,1.3005,2004-08-16 21:00:00
2004-08-16,22:00:00,73.0,854.0,28.0,34.9,1.2989,2004-08-16 22:00:00
2004-08-16,23:00:00,57.0,870.0,28.2,36.6,1.3722,2004-08-16 23:00:00
2004-08-17,00:00:00,45.0,830.0,26.5,40.7,1.3873,2004-08-17 00:00:00
2004-08-17,01:00:00,25.0,964.0,28.3,36.7,1.3878,2004-08-17 01:00:00
2004-08-17,02:00:00,23.0,1001.0,25.7,43.8,1.4233,2004-08-17 02:00:00
2004-08-17,03:00:00,114.57692307692308,1024.0,24.3,49.0,1.4666,2004-08-17 03:00:00
2004-08-17,04:00:00,18.0,1069.0,24.3,48.3,1.4449,2004-08-17 04:00:00
2004-08-17,05:00:00,23.0,1039.0,23.6,49.2,1.4153,2004-08-17 05:00:00
2004-08-17,06:00:00,59.0,841.0,22.2,53.9,1.4201,2004-08-17 06:00:00
2004-08-17,07:00:00,135.0,638.0,22.5,52.3,1.41,2004-08-17 07:00:00
2004-08-17,08:00:00,167.0,580.0,24.3,47.8,1.4321,2004-08-17 08:00:00
2004-08-17,09:00:00,190.0,654.0,27.3,40.7,1.4548,2004-08-17 09:00:00
2004-08-17,10:00:00,142.0,717.0,33.3,28.2,1.4189,2004-08-17 10:00:00
2004-08-17,11:00:00,306.3373134328358,803.0,35.3,23.1,1.2989,2004-08-17 11:00:00
2004-08-17,12:00:00,273.05970149253733,875.0,36.1,21.3,1.2502,2004-08-17 12:00:00
2004-08-17,13:00:00,253.2882882882883,852.0,38.5,18.0,1.2055,2004-08-17 13:00:00
2004-08-17,14:00:00,243.25225225225225,922.0,36.5,20.8,1.2446,2004-08-17 14:00:00
2004-08-17,15:00:00,238.64970059880238,870.0,38.8,19.1,1.3035,2004-08-17 15:00:00
2004-08-17,16:00:00,261.36716417910446,843.0,38.8,19.8,1.3513,2004-08-17 16:00:00
2004-08-17,17:00:00,308.0385756676558,914.0,38.1,19.7,1.2928,2004-08-17 17:00:00
2004-08-17,18:00:00,350.6577380952381,969.0,36.1,20.7,1.2151,2004-08-17 18:00:00
2004-08-17,19:00:00,364.00296735905044,929.0,32.8,24.3,1.1894,2004-08-17 19:00:00
2004-08-17,20:00:00,349.0949554896142,807.0,30.4,29.8,1.2712,2004-08-17 20:00:00
2004-08-17,21:00:00,289.3690476190476,735.0,29.1,33.6,1.3314,2004-08-17 21:00:00
2004-08-17,22:00:00,219.32835820895522,692.0,28.6,35.7,1.3726,2004-08-17 22:00:00
2004-08-17,23:00:00,197.87761194029852,728.0,28.0,36.1,1.3425,2004-08-17 23:00:00
2004-08-18,00:00:00,190.41964285714286,795.0,25.8,39.5,1.2949,2004-08-18 00:00:00
2004-08-18,01:00:00,157.3323353293413,823.0,25.1,40.1,1.2544,2004-08-18 01:00:00
2004-08-18,02:00:00,118.58132530120481,847.0,24.4,42.5,1.2854,2004-08-18 02:00:00
2004-08-18,03:00:00,114.57692307692308,890.0,23.0,46.2,1.2783,2004-08-18 03:00:00
2004-08-18,04:00:00,81.15361445783132,903.0,22.5,46.7,1.261,2004-08-18 04:00:00
2004-08-18,05:00:00,86.8018018018018,920.0,22.9,45.7,1.2621,2004-08-18 05:00:00
2004-08-18,06:00:00,125.69161676646706,870.0,23.8,41.8,1.2149,2004-08-18 06:00:00
2004-08-18,07:00:00,224.625748502994,708.0,24.4,42.6,1.2866,2004-08-18 07:00:00
2004-08-18,08:00:00,344.72340425531917,713.0,27.3,36.8,1.3189,2004-08-18 08:00:00
2004-08-18,09:00:00,361.3263473053892,840.0,29.6,35.4,1.4426,2004-08-18 09:00:00
2004-08-18,10:00:00,339.4970238095238,896.0,34.6,28.3,1.5338,2004-08-18 10:00:00
2004-08-18,11:00:00,306.3373134328358,810.0,33.1,32.6,1.6188,2004-08-18 11:00:00
2004-08-18,12:00:00,273.05970149253733,855.0,33.3,33.1,1.6642,2004-08-18 12:00:00
2004-08-18,13:00:00,253.2882882882883,850.0,34.6,30.1,1.6296,2004-08-18 13:00:00
2004-08-18,14:00:00,243.25225225225225,875.0,34.9,29.5,1.6275,2004-08-18 14:00:00
2004-08-18,15:00:00,238.64970059880238,810.0,35.6,28.5,1.6293,2004-08-18 15:00:00
2004-08-18,16:00:00,83.0,785.0,36.4,27.1,1.6226,2004-08-18 16:00:00
2004-08-18,17:00:00,94.0,735.0,36.8,26.2,1.5984,2004-08-18 17:00:00
2004-08-18,18:00:00,84.0,759.0,36.4,26.8,1.6038,2004-08-18 18:00:00
2004-08-18,19:00:00,90.0,733.0,33.3,32.8,1.6527,2004-08-18 19:00:00
2004-08-18,20:00:00,91.0,743.0,31.3,39.5,1.7798,2004-08-18 20:00:00
2004-08-18,21:00:00,70.0,738.0,29.9,44.7,1.8511,2004-08-18 21:00:00
2004-08-18,22:00:00,75.0,804.0,29.1,48.4,1.9186,2004-08-18 22:00:00
2004-08-18,23:00:00,72.0,769.0,28.0,52.9,1.964,2004-08-18 23:00:00
2004-08-19,00:00:00,59.0,800.0,27.7,53.0,1.9423,2004-08-19 00:00:00
2004-08-19,01:00:00,48.0,864.0,27.7,52.6,1.9202,2004-08-19 01:00:00
2004-08-19,02:00:00,41.0,1035.0,28.3,49.5,1.8782,2004-08-19 02:00:00
2004-08-19,03:00:00,114.57692307692308,1187.0,28.8,49.0,1.9112,2004-08-19 03:00:00
2004-08-19,04:00:00,11.0,1144.0,27.7,52.5,1.923,2004-08-19 04:00:00
2004-08-19,05:00:00,11.0,1077.0,27.5,53.0,1.9097,2004-08-19 05:00:00
2004-08-19,06:00:00,37.0,862.0,27.1,54.4,1.9168,2004-08-19 06:00:00
2004-08-19,07:00:00,72.0,725.0,27.6,52.1,1.8936,2004-08-19 07:00:00
2004-08-19,08:00:00,53.0,721.0,29.0,48.5,1.9133,2004-08-19 08:00:00
2004-08-19,09:00:00,31.0,803.0,31.0,42.9,1.8909,2004-08-19 09:00:00
2004-08-19,10:00:00,47.0,793.0,32.5,39.4,1.8982,2004-08-19 10:00:00
2004-08-19,11:00:00,33.0,830.0,36.9,30.9,1.8934,2004-08-19 11:00:00
2004-08-19,12:00:00,35.0,822.0,36.2,30.6,1.8105,2004-08-19 12:00:00
2004-08-19,13:00:00,32.0,858.0,37.7,27.7,1.778,2004-08-19 13:00:00
2004-08-19,14:00:00,23.0,852.0,37.1,27.2,1.6874,2004-08-19 14:00:00
2004-08-19,15:00:00,27.0,870.0,39.5,24.3,1.7216,2004-08-19 15:00:00
2004-08-19,16:00:00,32.0,813.0,39.9,23.8,1.7127,2004-08-19 16:00:00
2004-08-19,17:00:00,51.0,723.0,39.6,24.3,1.7255,2004-08-19 17:00:00
2004-08-19,18:00:00,46.0,735.0,37.2,29.1,1.8185,2004-08-19 18:00:00
2004-08-19,19:00:00,62.0,702.0,33.9,37.1,1.9264,2004-08-19 19:00:00
2004-08-19,20:00:00,65.0,722.0,31.6,43.6,1.9944,2004-08-19 20:00:00
2004-08-19,21:00:00,289.3690476190476,757.0,30.3,47.3,2.0034,2004-08-19 21:00:00
2004-08-19,22:00:00,219.32835820895522,723.0,29.8,49.1,2.0248,2004-08-19 22:00:00
2004-08-19,23:00:00,197.87761194029852,809.0,29.0,51.7,2.0375,2004-08-19 23:00:00
2004-08-20,00:00:00,190.41964285714286,810.0,28.5,52.1,2.0036,2004-08-20 00:00:00
2004-08-20,01:00:00,157.3323353293413,807.0,27.7,53.7,1.9661,2004-08-20 01:00:00
2004-08-20,02:00:00,118.58132530120481,859.0,27.4,53.5,1.9267,2004-08-20 02:00:00
2004-08-20,03:00:00,114.57692307692308,1206.0,28.5,48.7,1.872,2004-08-20 03:00:00
2004-08-20,04:00:00,81.15361445783132,1398.0,28.9,48.4,1.8982,2004-08-20 04:00:00
2004-08-20,05:00:00,86.8018018018018,1075.0,27.1,54.8,1.9309,2004-08-20 05:00:00
2004-08-20,06:00:00,125.69161676646706,873.0,26.1,59.0,1.9669,2004-08-20 06:00:00
2004-08-20,07:00:00,224.625748502994,683.0,26.7,58.0,2.0023,2004-08-20 07:00:00
2004-08-20,08:00:00,344.72340425531917,591.0,27.9,54.9,2.0353,2004-08-20 08:00:00
2004-08-20,09:00:00,361.3263473053892,701.0,29.7,50.5,2.0767,2004-08-20 09:00:00
2004-08-20,10:00:00,339.4970238095238,747.0,32.2,41.4,1.9624,2004-08-20 10:00:00
2004-08-20,11:00:00,306.3373134328358,777.0,35.6,32.2,1.8408,2004-08-20 11:00:00
2004-08-20,12:00:00,273.05970149253733,772.0,35.7,31.4,1.8025,2004-08-20 12:00:00
2004-08-20,13:00:00,253.2882882882883,919.0,35.5,34.9,1.9841,2004-08-20 13:00:00
2004-08-20,14:00:00,243.25225225225225,960.0,35.0,35.5,1.962,2004-08-20 14:00:00
2004-08-20,15:00:00,238.64970059880238,964.0,35.1,34.6,1.9255,2004-08-20 15:00:00
2004-08-20,16:00:00,261.36716417910446,876.0,36.8,30.5,1.8572,2004-08-20 16:00:00
2004-08-20,17:00:00,308.0385756676558,840.0,34.5,34.7,1.8667,2004-08-20 17:00:00
2004-08-20,18:00:00,350.6577380952381,845.0,33.0,38.1,1.8813,2004-08-20 18:00:00
2004-08-20,19:00:00,364.00296735905044,836.0,30.8,43.1,1.8761,2004-08-20 19:00:00
2004-08-20,20:00:00,349.0949554896142,767.0,29.1,46.9,1.8652,2004-08-20 20:00:00
2004-08-20,21:00:00,289.3690476190476,763.0,28.2,49.8,1.8795,2004-08-20 21:00:00
2004-08-20,22:00:00,219.32835820895522,717.0,27.5,50.4,1.823,2004-08-20 22:00:00
2004-08-20,23:00:00,197.87761194029852,767.0,27.3,49.1,1.7503,2004-08-20 23:00:00
2004-08-21,00:00:00,190.41964285714286,824.0,26.7,46.7,1.6121,2004-08-21 00:00:00
2004-08-21,01:00:00,157.3323353293413,863.0,26.0,45.0,1.4913,2004-08-21 01:00:00
2004-08-21,02:00:00,118.58132530120481,927.0,25.0,47.3,1.4771,2004-08-21 02:00:00
2004-08-21,03:00:00,114.57692307692308,1150.0,25.3,44.3,1.4032,2004-08-21 03:00:00
2004-08-21,04:00:00,81.15361445783132,1137.0,24.3,46.3,1.3857,2004-08-21 04:00:00
2004-08-21,05:00:00,86.8018018018018,1058.0,24.8,43.4,1.3347,2004-08-21 05:00:00
2004-08-21,06:00:00,125.69161676646706,1088.0,24.5,40.6,1.2327,2004-08-21 06:00:00
2004-08-21,07:00:00,224.625748502994,1017.0,25.7,36.9,1.1991,2004-08-21 07:00:00
2004-08-21,08:00:00,344.72340425531917,1061.0,26.8,35.0,1.2175,2004-08-21 08:00:00
2004-08-21,09:00:00,361.3263473053892,1131.0,28.0,34.9,1.3008,2004-08-21 09:00:00
2004-08-21,10:00:00,339.4970238095238,1031.0,29.0,34.1,1.3445,2004-08-21 10:00:00
2004-08-21,11:00:00,306.3373134328358,1086.0,30.4,30.8,1.3155,2004-08-21 11:00:00
2004-08-21,12:00:00,273.05970149253733,1113.0,32.4,26.3,1.2523,2004-08-21 12:00:00
2004-08-21,13:00:00,253.2882882882883,1120.0,31.0,28.9,1.277,2004-08-21 13:00:00
2004-08-21,14:00:00,243.25225225225225,1171.0,29.3,33.1,1.322,2004-08-21 14:00:00
2004-08-21,15:00:00,238.64970059880238,1142.0,26.9,35.2,1.2334,2004-08-21 15:00:00
2004-08-21,16:00:00,261.36716417910446,1023.0,28.1,34.2,1.2802,2004-08-21 16:00:00
2004-08-21,17:00:00,308.0385756676558,1060.0,28.5,29.4,1.1298,2004-08-21 17:00:00
2004-08-21,18:00:00,350.6577380952381,958.0,27.3,31.0,1.111,2004-08-21 18:00:00
2004-08-21,19:00:00,364.00296735905044,808.0,25.4,36.2,1.1562,2004-08-21 19:00:00
2004-08-21,20:00:00,349.0949554896142,831.0,24.6,38.0,1.158,2004-08-21 20:00:00
2004-08-21,21:00:00,289.3690476190476,941.0,24.3,41.6,1.2467,2004-08-21 21:00:00
2004-08-21,22:00:00,219.32835820895522,944.0,24.9,40.8,1.2696,2004-08-21 22:00:00
2004-08-21,23:00:00,197.87761194029852,878.0,23.8,44.7,1.3019,2004-08-21 23:00:00
2004-08-22,00:00:00,190.41964285714286,809.0,22.8,49.8,1.367,2004-08-22 00:00:00
2004-08-22,01:00:00,157.3323353293413,868.0,22.8,49.4,1.3568,2004-08-22 01:00:00
2004-08-22,02:00:00,118.58132530120481,868.0,20.9,57.4,1.4037,2004-08-22 02:00:00
2004-08-22,03:00:00,114.57692307692308,856.0,20.5,60.6,1.447,2004-08-22 03:00:00
2004-08-22,04:00:00,81.15361445783132,917.0,19.6,63.7,1.4396,2004-08-22 04:00:00
2004-08-22,05:00:00,86.8018018018018,935.0,19.4,64.5,1.4394,2004-08-22 05:00:00
2004-08-22,06:00:00,125.69161676646706,1038.0,18.6,67.4,1.4302,2004-08-22 06:00:00
2004-08-22,07:00:00,224.625748502994,936.0,19.6,63.7,1.4419,2004-08-22 07:00:00
2004-08-22,08:00:00,344.72340425531917,911.0,21.7,56.4,1.4496,2004-08-22 08:00:00
2004-08-22,09:00:00,361.3263473053892,830.0,25.2,47.4,1.4978,2004-08-22 09:00:00
2004-08-22,10:00:00,339.4970238095238,842.0,30.4,34.1,1.4577,2004-08-22 10:00:00
2004-08-22,11:00:00,306.3373134328358,899.0,33.4,25.1,1.2665,2004-08-22 11:00:00
2004-08-22,12:00:00,273.05970149253733,1009.0,35.5,18.2,1.0376,2004-08-22 12:00:00
2004-08-22,13:00:00,253.2882882882883,1286.0,35.1,15.7,0.8757,2004-08-22 13:00:00
2004-08-22,14:00:00,243.25225225225225,1326.0,33.3,17.1,0.8592,2004-08-22 14:00:00
2004-08-22,15:00:00,238.64970059880238,1224.0,36.6,11.8,0.7107,2004-08-22 15:00:00
2004-08-22,16:00:00,261.36716417910446,1212.0,38.3,10.0,0.6591,2004-08-22 16:00:00
2004-08-22,17:00:00,308.0385756676558,1163.0,37.3,10.9,0.6846,2004-08-22 17:00:00
2004-08-22,18:00:00,350.6577380952381,999.0,34.6,20.0,1.0817,2004-08-22 18:00:00
2004-08-22,19:00:00,364.00296735905044,851.0,30.4,28.2,1.204,2004-08-22 19:00:00
2004-08-22,20:00:00,349.0949554896142,782.0,28.1,34.3,1.2821,2004-08-22 20:00:00
2004-08-22,21:00:00,289.3690476190476,773.0,26.5,36.6,1.2484,2004-08-22 21:00:00
2004-08-22,22:00:00,219.32835820895522,826.0,25.7,38.5,1.2548,2004-08-22 22:00:00
2004-08-22,23:00:00,197.87761194029852,856.0,24.7,41.6,1.2751,2004-08-22 23:00:00
2004-08-23,00:00:00,190.41964285714286,817.0,23.6,45.4,1.3067,2004-08-23 00:00:00
2004-08-23,01:00:00,157.3323353293413,903.0,23.4,46.3,1.3134,2004-08-23 01:00:00
2004-08-23,02:00:00,118.58132530120481,995.0,21.6,51.6,1.3171,2004-08-23 02:00:00
2004-08-23,03:00:00,114.57692307692308,1065.0,21.2,53.3,1.328,2004-08-23 03:00:00
2004-08-23,04:00:00,81.15361445783132,1105.0,20.6,55.1,1.3237,2004-08-23 04:00:00
2004-08-23,05:00:00,86.8018018018018,1093.0,22.1,49.6,1.3022,2004-08-23 05:00:00
2004-08-23,06:00:00,125.69161676646706,997.0,21.1,51.6,1.2784,2004-08-23 06:00:00
2004-08-23,07:00:00,224.625748502994,810.0,21.8,48.6,1.2556,2004-08-23 07:00:00
2004-08-23,08:00:00,344.72340425531917,638.0,21.7,49.1,1.2602,2004-08-23 08:00:00
2004-08-23,09:00:00,111.0,702.0,25.3,41.7,1.3243,2004-08-23 09:00:00
2004-08-23,10:00:00,339.4970238095238,764.0,30.3,30.9,1.3096,2004-08-23 10:00:00
2004-08-23,11:00:00,86.0,822.0,32.9,24.9,1.2269,2004-08-23 11:00:00
2004-08-23,12:00:00,57.0,912.0,34.4,23.5,1.2541,2004-08-23 12:00:00
2004-08-23,13:00:00,39.0,955.0,34.3,22.5,1.1974,2004-08-23 13:00:00
2004-08-23,14:00:00,41.0,1005.0,33.4,21.6,1.0927,2004-08-23 14:00:00
2004-08-23,15:00:00,47.0,979.0,36.1,18.4,1.0827,2004-08-23 15:00:00
2004-08-23,16:00:00,45.0,979.0,37.3,15.4,0.9692,2004-08-23 16:00:00
2004-08-23,17:00:00,60.0,880.0,36.8,16.2,0.9922,2004-08-23 17:00:00
2004-08-23,18:00:00,51.0,856.0,34.9,20.9,1.1463,2004-08-23 18:00:00
2004-08-23,19:00:00,53.0,813.0,30.8,26.5,1.1603,2004-08-23 19:00:00
2004-08-23,20:00:00,72.0,758.0,28.9,28.3,1.1078,2004-08-23 20:00:00
2004-08-23,21:00:00,62.0,808.0,27.0,30.7,1.079,2004-08-23 21:00:00
2004-08-23,22:00:00,41.0,819.0,26.6,30.6,1.0459,2004-08-23 22:00:00
2004-08-23,23:00:00,32.0,845.0,26.0,33.1,1.0955,2004-08-23 23:00:00
2004-08-24,00:00:00,44.0,852.0,24.1,37.9,1.1204,2004-08-24 00:00:00
2004-08-24,01:00:00,29.0,844.0,22.2,43.1,1.1396,2004-08-24 01:00:00
2004-08-24,02:00:00,18.0,982.0,22.8,41.3,1.1284,2004-08-24 02:00:00
2004-08-24,03:00:00,114.57692307692308,1099.0,21.2,43.8,1.088,2004-08-24 03:00:00
2004-08-24,04:00:00,12.0,1181.0,21.7,42.6,1.0907,2004-08-24 04:00:00
2004-08-24,05:00:00,39.0,1057.0,20.2,47.1,1.1021,2004-08-24 05:00:00
2004-08-24,06:00:00,83.0,866.0,20.1,47.8,1.1093,2004-08-24 06:00:00
2004-08-24,07:00:00,149.0,725.0,20.6,45.5,1.0925,2004-08-24 07:00:00
2004-08-24,08:00:00,216.0,630.0,22.4,41.1,1.0979,2004-08-24 08:00:00
2004-08-24,09:00:00,153.0,714.0,25.0,36.6,1.143,2004-08-24 09:00:00
2004-08-24,10:00:00,177.0,714.0,29.9,26.2,1.0891,2004-08-24 10:00:00
2004-08-24,11:00:00,126.0,800.0,32.9,21.8,1.0714,2004-08-24 11:00:00
2004-08-24,12:00:00,96.0,787.0,35.0,17.9,0.99,2004-08-24 12:00:00
2004-08-24,13:00:00,92.0,875.0,34.6,18.2,0.9832,2004-08-24 13:00:00
2004-08-24,14:00:00,75.0,896.0,33.8,22.8,1.1781,2004-08-24 14:00:00
2004-08-24,15:00:00,109.0,770.0,36.3,19.5,1.1539,2004-08-24 15:00:00
2004-08-24,16:00:00,133.0,723.0,38.3,17.9,1.181,2004-08-24 16:00:00
2004-08-24,17:00:00,87.0,757.0,36.9,20.9,1.2864,2004-08-24 17:00:00
2004-08-24,18:00:00,80.0,728.0,33.9,30.0,1.56,2004-08-24 18:00:00
2004-08-24,19:00:00,70.0,737.0,29.8,43.4,1.7988,2004-08-24 19:00:00
2004-08-24,20:00:00,67.0,749.0,27.5,50.4,1.8274,2004-08-24 20:00:00
2004-08-24,21:00:00,66.0,740.0,27.5,50.4,1.8284,2004-08-24 21:00:00
2004-08-24,22:00:00,97.0,704.0,28.1,48.0,1.7933,2004-08-24 22:00:00
2004-08-24,23:00:00,90.0,677.0,26.9,49.6,1.7299,2004-08-24 23:00:00
2004-08-25,00:00:00,99.0,729.0,26.0,48.0,1.5899,2004-08-25 00:00:00
2004-08-25,01:00:00,71.0,756.0,24.9,50.6,1.5747,2004-08-25 01:00:00
2004-08-25,02:00:00,59.0,823.0,23.7,53.2,1.5418,2004-08-25 02:00:00
2004-08-25,03:00:00,114.57692307692308,1102.0,24.5,50.9,1.5416,2004-08-25 03:00:00
2004-08-25,04:00:00,26.0,908.0,22.9,56.1,1.5492,2004-08-25 04:00:00
2004-08-25,05:00:00,47.0,883.0,23.3,55.5,1.5636,2004-08-25 05:00:00
2004-08-25,06:00:00,108.0,784.0,23.6,54.2,1.5583,2004-08-25 06:00:00
2004-08-25,07:00:00,160.0,631.0,24.9,52.9,1.643,2004-08-25 07:00:00
2004-08-25,08:00:00,204.0,499.0,26.4,50.8,1.7166,2004-08-25 08:00:00
2004-08-25,09:00:00,193.0,557.0,28.1,47.4,1.7753,2004-08-25 09:00:00
2004-08-25,10:00:00,146.0,623.0,30.2,43.2,1.823,2004-08-25 10:00:00
2004-08-25,11:00:00,126.0,687.0,31.2,41.9,1.871,2004-08-25 11:00:00
2004-08-25,12:00:00,90.0,707.0,33.9,36.0,1.8692,2004-08-25 12:00:00
2004-08-25,13:00:00,84.0,736.0,33.9,34.1,1.7754,2004-08-25 13:00:00
2004-08-25,14:00:00,60.0,811.0,34.4,30.6,1.6402,2004-08-25 14:00:00
2004-08-25,15:00:00,66.0,808.0,35.3,28.5,1.6034,2004-08-25 15:00:00
2004-08-25,16:00:00,57.0,808.0,36.3,28.3,1.6851,2004-08-25 16:00:00
2004-08-25,17:00:00,71.0,733.0,35.3,29.4,1.6577,2004-08-25 17:00:00
2004-08-25,18:00:00,51.0,821.0,32.5,34.1,1.6453,2004-08-25 18:00:00
2004-08-25,19:00:00,49.0,793.0,29.1,42.1,1.6695,2004-08-25 19:00:00
2004-08-25,20:00:00,59.0,804.0,27.8,35.6,1.3116,2004-08-25 20:00:00
2004-08-25,21:00:00,66.0,853.0,27.0,30.0,1.0542,2004-08-25 21:00:00
2004-08-25,22:00:00,72.0,804.0,26.3,37.3,1.2555,2004-08-25 22:00:00
2004-08-25,23:00:00,89.0,792.0,25.2,40.8,1.2877,2004-08-25 23:00:00
2004-08-26,00:00:00,75.0,753.0,24.3,43.3,1.2973,2004-08-26 00:00:00
2004-08-26,01:00:00,38.0,879.0,23.3,45.3,1.2794,2004-08-26 01:00:00
2004-08-26,02:00:00,24.0,1048.0,24.1,44.0,1.3034,2004-08-26 02:00:00
2004-08-26,03:00:00,114.57692307692308,1122.0,23.8,44.8,1.3061,2004-08-26 03:00:00
2004-08-26,04:00:00,19.0,1189.0,23.0,47.7,1.3232,2004-08-26 04:00:00
2004-08-26,05:00:00,40.0,1070.0,23.7,46.7,1.3501,2004-08-26 05:00:00
2004-08-26,06:00:00,63.0,1066.5652173913043,23.61521739130435,46.97391304347826,1.350108695652174,2004-08-26 06:00:00
2004-08-26,07:00:00,121.0,1063.1304347826087,23.530434782608694,47.24782608695652,1.3501173913043478,2004-08-26 07:00:00
2004-08-26,08:00:00,143.0,1059.695652173913,23.445652173913043,47.52173913043479,1.350126086956522,2004-08-26 08:00:00
2004-08-26,09:00:00,104.0,1056.2608695652175,23.360869565217392,47.79565217391305,1.3501347826086958,2004-08-26 09:00:00
2004-08-26,10:00:00,111.0,1052.8260869565217,23.276086956521738,48.06956521739131,1.3501434782608697,2004-08-26 10:00:00
2004-08-26,11:00:00,83.0,1049.391304347826,23.191304347826087,48.34347826086957,1.3501521739130435,2004-08-26 11:00:00
2004-08-26,12:00:00,90.0,1045.9565217391305,23.106521739130436,48.61739130434783,1.3501608695652174,2004-08-26 12:00:00
2004-08-26,13:00:00,82.0,1042.5217391304348,23.02173913043478,48.891304347826086,1.3501695652173913,2004-08-26 13:00:00
2004-08-26,14:00:00,48.0,1039.0869565217392,22.93695652173913,49.16521739130435,1.3501782608695654,2004-08-26 14:00:00
2004-08-26,15:00:00,89.0,1035.6521739130435,22.85217391304348,49.43913043478261,1.3501869565217393,2004-08-26 15:00:00
2004-08-26,16:00:00,58.0,1032.2173913043478,22.767391304347825,49.71304347826087,1.3501956521739131,2004-08-26 16:00:00
2004-08-26,17:00:00,129.0,1028.7826086956522,22.682608695652174,49.98695652173913,1.350204347826087,2004-08-26 17:00:00
2004-08-26,18:00:00,103.0,1025.3478260869565,22.597826086956523,50.26086956521739,1.3502130434782609,2004-08-26 18:00:00
2004-08-26,19:00:00,115.0,1021.9130434782609,22.51304347826087,50.53478260869565,1.3502217391304348,2004-08-26 19:00:00
2004-08-26,20:00:00,108.0,1018.4782608695652,22.428260869565218,50.80869565217392,1.3502304347826088,2004-08-26 20:00:00
2004-08-26,21:00:00,60.0,1015.0434782608695,22.343478260869563,51.082608695652176,1.3502391304347827,2004-08-26 21:00:00
2004-08-26,22:00:00,68.0,1011.6086956521739,22.258695652173913,51.356521739130436,1.3502478260869566,2004-08-26 22:00:00
2004-08-26,23:00:00,36.0,1008.1739130434783,22.17391304347826,51.630434782608695,1.3502565217391305,2004-08-26 23:00:00
2004-08-27,00:00:00,81.0,1004.7391304347826,22.089130434782607,51.904347826086955,1.3502652173913043,2004-08-27 00:00:00
2004-08-27,01:00:00,91.0,1001.304347826087,22.004347826086956,52.17826086956522,1.3502739130434782,2004-08-27 01:00:00
2004-08-27,02:00:00,65.0,997.8695652173913,21.919565217391305,52.45217391304348,1.3502826086956523,2004-08-27 02:00:00
2004-08-27,03:00:00,114.57692307692308,994.4347826086956,21.83478260869565,52.72608695652174,1.3502913043478262,2004-08-27 03:00:00
2004-08-27,04:00:00,46.0,991.0,21.75,53.0,1.3503,2004-08-27 04:00:00
2004-08-27,05:00:00,71.0,987.5652173913044,21.66521739130435,53.27391304347826,1.350308695652174,2004-08-27 05:00:00
2004-08-27,06:00:00,92.0,984.1304347826087,21.580434782608695,53.54782608695652,1.3503173913043478,2004-08-27 06:00:00
2004-08-27,07:00:00,201.0,980.695652173913,21.495652173913044,53.82173913043478,1.350326086956522,2004-08-27 07:00:00
2004-08-27,08:00:00,169.0,977.2608695652174,21.410869565217393,54.095652173913045,1.3503347826086958,2004-08-27 08:00:00
2004-08-27,09:00:00,158.0,973.8260869565217,21.32608695652174,54.369565217391305,1.3503434782608696,2004-08-27 09:00:00
2004-08-27,10:00:00,147.0,970.3913043478261,21.241304347826087,54.643478260869564,1.3503521739130435,2004-08-27 10:00:00
2004-08-27,11:00:00,119.0,966.9565217391305,21.156521739130437,54.917391304347824,1.3503608695652174,2004-08-27 11:00:00
2004-08-27,12:00:00,114.0,963.5217391304348,21.071739130434782,55.19130434782608,1.3503695652173913,2004-08-27 12:00:00
2004-08-27,13:00:00,92.0,960.0869565217391,20.98695652173913,55.46521739130435,1.3503782608695654,2004-08-27 13:00:00
2004-08-27,14:00:00,82.0,956.6521739130435,20.902173913043477,55.73913043478261,1.3503869565217392,2004-08-27 14:00:00
2004-08-27,15:00:00,85.0,953.2173913043478,20.817391304347826,56.01304347826087,1.350395652173913,2004-08-27 15:00:00
2004-08-27,16:00:00,96.0,949.7826086956521,20.732608695652175,56.28695652173913,1.350404347826087,2004-08-27 16:00:00
2004-08-27,17:00:00,104.0,946.3478260869565,20.64782608695652,56.56086956521739,1.3504130434782609,2004-08-27 17:00:00
2004-08-27,18:00:00,101.0,942.9130434782609,20.56304347826087,56.83478260869565,1.3504217391304347,2004-08-27 18:00:00
2004-08-27,19:00:00,128.0,939.4782608695652,20.47826086956522,57.10869565217391,1.3504304347826088,2004-08-27 19:00:00
2004-08-27,20:00:00,147.0,936.0434782608695,20.393478260869564,57.38260869565217,1.3504391304347827,2004-08-27 20:00:00
2004-08-27,21:00:00,115.0,932.6086956521739,20.308695652173913,57.65652173913043,1.3504478260869566,2004-08-27 21:00:00
2004-08-27,22:00:00,97.0,929.1739130434783,20.223913043478262,57.93043478260869,1.3504565217391304,2004-08-27 22:00:00
2004-08-27,23:00:00,74.0,925.7391304347826,20.139130434782608,58.20434782608695,1.3504652173913043,2004-08-27 23:00:00
2004-08-28,00:00:00,50.0,922.304347826087,20.054347826086957,58.47826086956522,1.3504739130434782,2004-08-28 00:00:00
2004-08-28,01:00:00,41.0,918.8695652173913,19.969565217391306,58.75217391304348,1.3504826086956523,2004-08-28 01:00:00
2004-08-28,02:00:00,36.0,915.4347826086956,19.88478260869565,59.02608695652174,1.3504913043478262,2004-08-28 02:00:00
2004-08-28,03:00:00,114.57692307692308,912.0,19.8,59.3,1.3505,2004-08-28 03:00:00
2004-08-28,04:00:00,40.0,1015.0,20.0,59.3,1.3681,2004-08-28 04:00:00
2004-08-28,05:00:00,25.0,1145.0,22.5,48.6,1.3077,2004-08-28 05:00:00
2004-08-28,06:00:00,38.0,975.0,19.5,57.0,1.2739,2004-08-28 06:00:00
2004-08-28,07:00:00,38.0,921.0,19.6,56.1,1.2651,2004-08-28 07:00:00
2004-08-28,08:00:00,75.0,767.0,20.7,53.3,1.287,2004-08-28 08:00:00
2004-08-28,09:00:00,104.0,744.0,24.7,41.8,1.2839,2004-08-28 09:00:00
2004-08-28,10:00:00,134.0,733.0,29.9,30.5,1.2616,2004-08-28 10:00:00
2004-08-28,11:00:00,85.0,829.0,32.3,27.2,1.2933,2004-08-28 11:00:00
2004-08-28,12:00:00,30.0,828.0,34.3,24.5,1.3021,2004-08-28 12:00:00
2004-08-28,13:00:00,49.0,886.0,33.4,22.5,1.1398,2004-08-28 13:00:00
2004-08-28,14:00:00,243.25225225225225,1020.0,32.7,22.8,1.1069,2004-08-28 14:00:00
2004-08-28,15:00:00,238.64970059880238,953.0,34.5,20.5,1.1028,2004-08-28 15:00:00
2004-08-28,16:00:00,261.36716417910446,877.0,35.9,20.3,1.18,2004-08-28 16:00:00
2004-08-28,17:00:00,308.0385756676558,786.0,35.8,23.0,1.3323,2004-08-28 17:00:00
2004-08-28,18:00:00,350.6577380952381,775.0,33.5,29.0,1.4797,2004-08-28 18:00:00
2004-08-28,19:00:00,364.00296735905044,690.0,29.8,39.6,1.6324,2004-08-28 19:00:00
2004-08-28,20:00:00,349.0949554896142,727.0,27.9,43.1,1.6004,2004-08-28 20:00:00
2004-08-28,21:00:00,289.3690476190476,685.0,27.3,44.5,1.5885,2004-08-28 21:00:00
2004-08-28,22:00:00,219.32835820895522,697.0,26.0,47.6,1.5806,2004-08-28 22:00:00
2004-08-28,23:00:00,197.87761194029852,646.0,25.3,52.9,1.6765,2004-08-28 23:00:00
2004-08-29,00:00:00,190.41964285714286,714.0,24.5,56.3,1.7026,2004-08-29 00:00:00
2004-08-29,01:00:00,157.3323353293413,699.0,23.5,59.8,1.7141,2004-08-29 01:00:00
2004-08-29,02:00:00,118.58132530120481,711.0,22.6,62.6,1.6945,2004-08-29 02:00:00
2004-08-29,03:00:00,114.57692307692308,768.0,21.8,64.6,1.6721,2004-08-29 03:00:00
2004-08-29,04:00:00,81.15361445783132,809.0,21.0,66.9,1.6454,2004-08-29 04:00:00
2004-08-29,05:00:00,86.8018018018018,843.0,21.2,66.4,1.6468,2004-08-29 05:00:00
2004-08-29,06:00:00,125.69161676646706,897.0,21.0,66.5,1.6344,2004-08-29 06:00:00
2004-08-29,07:00:00,224.625748502994,947.0,21.3,64.1,1.6043,2004-08-29 07:00:00
2004-08-29,08:00:00,344.72340425531917,809.0,22.7,58.1,1.5856,2004-08-29 08:00:00
2004-08-29,09:00:00,361.3263473053892,859.0,25.1,51.8,1.6304,2004-08-29 09:00:00
2004-08-29,10:00:00,339.4970238095238,776.0,29.5,39.0,1.5868,2004-08-29 10:00:00
2004-08-29,11:00:00,306.3373134328358,800.0,32.3,31.8,1.5128,2004-08-29 11:00:00
2004-08-29,12:00:00,273.05970149253733,872.0,33.6,28.9,1.4792,2004-08-29 12:00:00
2004-08-29,13:00:00,253.2882882882883,956.0,31.9,28.2,1.3116,2004-08-29 13:00:00
2004-08-29,14:00:00,243.25225225225225,982.0,32.5,25.9,1.2437,2004-08-29 14:00:00
2004-08-29,15:00:00,238.64970059880238,955.0,34.1,23.4,1.2307,2004-08-29 15:00:00
2004-08-29,16:00:00,261.36716417910446,898.0,36.2,21.4,1.2664,2004-08-29 16:00:00
2004-08-29,17:00:00,308.0385756676558,746.0,35.6,22.6,1.2984,2004-08-29 17:00:00
2004-08-29,18:00:00,350.6577380952381,752.0,33.6,25.7,1.3101,2004-08-29 18:00:00
2004-08-29,19:00:00,364.00296735905044,590.0,29.9,35.2,1.4603,2004-08-29 19:00:00
2004-08-29,20:00:00,349.0949554896142,613.0,28.3,39.2,1.4826,2004-08-29 20:00:00
2004-08-29,21:00:00,289.3690476190476,697.0,27.0,43.0,1.5118,2004-08-29 21:00:00
2004-08-29,22:00:00,219.32835820895522,680.0,26.2,46.8,1.5669,2004-08-29 22:00:00
2004-08-29,23:00:00,197.87761194029852,613.0,25.1,51.5,1.621,2004-08-29 23:00:00
2004-08-30,00:00:00,190.41964285714286,690.0,24.1,55.3,1.6363,2004-08-30 00:00:00
2004-08-30,01:00:00,157.3323353293413,831.0,23.8,57.8,1.677,2004-08-30 01:00:00
2004-08-30,02:00:00,118.58132530120481,951.0,23.7,56.2,1.6255,2004-08-30 02:00:00
2004-08-30,03:00:00,114.57692307692308,1123.0,24.8,52.2,1.6086,2004-08-30 03:00:00
2004-08-30,04:00:00,81.15361445783132,1127.0,22.9,59.4,1.6353,2004-08-30 04:00:00
2004-08-30,05:00:00,86.8018018018018,877.0,22.0,62.3,1.6266,2004-08-30 05:00:00
2004-08-30,06:00:00,125.69161676646706,726.0,21.5,64.0,1.6256,2004-08-30 06:00:00
2004-08-30,07:00:00,224.625748502994,477.0,22.6,60.3,1.6287,2004-08-30 07:00:00
2004-08-30,08:00:00,344.72340425531917,416.0,23.8,56.5,1.64,2004-08-30 08:00:00
2004-08-30,09:00:00,361.3263473053892,517.0,25.7,50.6,1.6475,2004-08-30 09:00:00
2004-08-30,10:00:00,339.4970238095238,607.0,27.8,45.4,1.6751,2004-08-30 10:00:00
2004-08-30,11:00:00,306.3373134328358,643.0,29.9,39.6,1.6397,2004-08-30 11:00:00
2004-08-30,12:00:00,273.05970149253733,679.0,31.6,34.7,1.589,2004-08-30 12:00:00
2004-08-30,13:00:00,253.2882882882883,715.0,31.5,34.4,1.5665,2004-08-30 13:00:00
2004-08-30,14:00:00,243.25225225225225,765.0,31.2,35.0,1.5669,2004-08-30 14:00:00
2004-08-30,15:00:00,238.64970059880238,635.0,33.0,31.4,1.5583,2004-08-30 15:00:00
2004-08-30,16:00:00,261.36716417910446,645.0,33.8,29.2,1.5143,2004-08-30 16:00:00
2004-08-30,17:00:00,308.0385756676558,657.0,33.0,29.5,1.4613,2004-08-30 17:00:00
2004-08-30,18:00:00,350.6577380952381,611.0,32.3,30.2,1.4347,2004-08-30 18:00:00
2004-08-30,19:00:00,364.00296735905044,629.0,28.4,38.4,1.4616,2004-08-30 19:00:00
2004-08-30,20:00:00,349.0949554896142,648.0,26.9,43.2,1.5052,2004-08-30 20:00:00
2004-08-30,21:00:00,289.3690476190476,656.0,26.0,43.6,1.4407,2004-08-30 21:00:00
2004-08-30,22:00:00,219.32835820895522,675.0,25.0,47.6,1.4872,2004-08-30 22:00:00
2004-08-30,23:00:00,197.87761194029852,736.0,24.6,50.9,1.5508,2004-08-30 23:00:00
2004-08-31,00:00:00,190.41964285714286,836.0,24.0,55.6,1.6381,2004-08-31 00:00:00
2004-08-31,01:00:00,157.3323353293413,826.0,23.5,58.3,1.6672,2004-08-31 01:00:00
2004-08-31,02:00:00,118.58132530120481,953.0,22.7,60.8,1.6519,2004-08-31 02:00:00
2004-08-31,03:00:00,114.57692307692308,1049.0,24.1,55.5,1.6481,2004-08-31 03:00:00
2004-08-31,04:00:00,81.15361445783132,954.0,22.5,60.9,1.6424,2004-08-31 04:00:00
2004-08-31,05:00:00,86.8018018018018,861.0,22.0,64.5,1.6847,2004-08-31 05:00:00
2004-08-31,06:00:00,125.69161676646706,756.0,22.3,62.9,1.6754,2004-08-31 06:00:00
2004-08-31,07:00:00,224.625748502994,505.0,23.1,60.0,1.6711,2004-08-31 07:00:00
2004-08-31,08:00:00,344.72340425531917,443.0,24.7,55.1,1.6872,2004-08-31 08:00:00
2004-08-31,09:00:00,361.3263473053892,546.0,27.7,46.1,1.6852,2004-08-31 09:00:00
2004-08-31,10:00:00,339.4970238095238,568.0,29.8,38.8,1.6029,2004-08-31 10:00:00
2004-08-31,11:00:00,306.3373134328358,552.0,31.5,32.6,1.478,2004-08-31 11:00:00
2004-08-31,12:00:00,273.05970149253733,610.0,31.8,30.5,1.4083,2004-08-31 12:00:00
2004-08-31,13:00:00,253.2882882882883,626.0,31.4,31.8,1.441,2004-08-31 13:00:00
2004-08-31,14:00:00,243.25225225225225,726.0,32.5,28.7,1.3796,2004-08-31 14:00:00
2004-08-31,15:00:00,209.0,673.0,33.8,25.8,1.3338,2004-08-31 15:00:00
2004-08-31,16:00:00,132.0,756.0,34.5,28.6,1.5393,2004-08-31 16:00:00
2004-08-31,17:00:00,166.0,666.0,32.7,33.0,1.5987,2004-08-31 17:00:00
2004-08-31,18:00:00,243.0,594.0,31.4,35.4,1.5972,2004-08-31 18:00:00
2004-08-31,19:00:00,247.0,568.0,27.7,43.5,1.592,2004-08-31 19:00:00
2004-08-31,20:00:00,165.0,633.0,26.2,47.8,1.5979,2004-08-31 20:00:00
2004-08-31,21:00:00,187.0,621.0,25.7,48.7,1.5825,2004-08-31 21:00:00
2004-08-31,22:00:00,206.0,639.0,25.2,50.1,1.58,2004-08-31 22:00:00
2004-08-31,23:00:00,200.0,655.0,24.4,53.4,1.6031,2004-08-31 23:00:00
2004-09-01,00:00:00,189.0,671.0,23.7,55.4,1.6031,2004-09-01 00:00:00
2004-09-01,01:00:00,136.0,742.0,22.8,58.5,1.5992,2004-09-01 01:00:00
2004-09-01,02:00:00,83.0,947.0,22.8,58.5,1.5985,2004-09-01 02:00:00
2004-09-01,03:00:00,114.57692307692308,994.0,22.3,59.7,1.5889,2004-09-01 03:00:00
2004-09-01,04:00:00,72.0,963.0,20.8,64.9,1.571,2004-09-01 04:00:00
2004-09-01,05:00:00,121.0,802.0,19.7,66.8,1.5184,2004-09-01 05:00:00
2004-09-01,06:00:00,268.0,687.0,19.8,64.3,1.4678,2004-09-01 06:00:00
2004-09-01,07:00:00,451.0,499.0,20.6,62.3,1.4915,2004-09-01 07:00:00
2004-09-01,08:00:00,458.0,393.0,23.2,54.0,1.5143,2004-09-01 08:00:00
2004-09-01,09:00:00,487.0,533.0,26.3,43.1,1.4542,2004-09-01 09:00:00
2004-09-01,10:00:00,319.0,633.0,29.1,35.4,1.4008,2004-09-01 10:00:00
2004-09-01,11:00:00,269.0,689.0,30.0,31.6,1.3176,2004-09-01 11:00:00
2004-09-01,12:00:00,224.0,646.0,32.4,26.3,1.2594,2004-09-01 12:00:00
2004-09-01,13:00:00,162.0,700.0,31.3,29.1,1.3054,2004-09-01 13:00:00
2004-09-01,14:00:00,189.0,722.0,31.1,28.6,1.2718,2004-09-01 14:00:00
2004-09-01,15:00:00,213.0,686.0,33.3,24.4,1.232,2004-09-01 15:00:00
2004-09-01,16:00:00,245.0,705.0,35.5,21.2,1.2022,2004-09-01 16:00:00
2004-09-01,17:00:00,341.0,595.0,34.6,22.0,1.189,2004-09-01 17:00:00
2004-09-01,18:00:00,382.0,567.0,33.3,23.6,1.1842,2004-09-01 18:00:00
2004-09-01,19:00:00,358.0,528.0,30.0,28.5,1.1896,2004-09-01 19:00:00
2004-09-01,20:00:00,288.0,599.0,28.0,33.0,1.2264,2004-09-01 20:00:00
2004-09-01,21:00:00,252.0,650.0,27.2,37.4,1.3279,2004-09-01 21:00:00
2004-09-01,22:00:00,201.0,700.0,26.6,39.9,1.3657,2004-09-01 22:00:00
2004-09-01,23:00:00,225.0,635.0,25.3,41.7,1.3247,2004-09-01 23:00:00
2004-09-02,00:00:00,242.0,622.0,24.3,44.7,1.3432,2004-09-02 00:00:00
2004-09-02,01:00:00,167.0,726.0,24.4,45.6,1.3779,2004-09-02 01:00:00
2004-09-02,02:00:00,99.0,846.0,23.1,49.9,1.3891,2004-09-02 02:00:00
2004-09-02,03:00:00,114.57692307692308,977.0,22.7,51.3,1.3977,2004-09-02 03:00:00
2004-09-02,04:00:00,87.0,907.0,21.8,54.1,1.4004,2004-09-02 04:00:00
2004-09-02,05:00:00,164.0,866.0,21.0,56.9,1.3999,2004-09-02 05:00:00
2004-09-02,06:00:00,87.0,819.0,21.8,55.5,1.4323,2004-09-02 06:00:00
2004-09-02,07:00:00,93.0,542.0,21.6,57.2,1.4607,2004-09-02 07:00:00
2004-09-02,08:00:00,417.0,419.0,22.8,54.2,1.4886,2004-09-02 08:00:00
2004-09-02,09:00:00,406.0,514.0,26.2,45.0,1.5098,2004-09-02 09:00:00
2004-09-02,10:00:00,339.4970238095238,577.0,30.8,34.8,1.5165,2004-09-02 10:00:00
2004-09-02,11:00:00,306.3373134328358,616.0,34.1,28.8,1.5105,2004-09-02 11:00:00
2004-09-02,12:00:00,273.05970149253733,623.0,35.9,24.7,1.437,2004-09-02 12:00:00
2004-09-02,13:00:00,253.2882882882883,697.0,33.7,25.1,1.2915,2004-09-02 13:00:00
2004-09-02,14:00:00,243.25225225225225,704.0,34.4,24.0,1.279,2004-09-02 14:00:00
2004-09-02,15:00:00,238.64970059880238,667.0,36.4,20.3,1.214,2004-09-02 15:00:00
2004-09-02,16:00:00,261.36716417910446,694.0,38.7,17.3,1.1729,2004-09-02 16:00:00
2004-09-02,17:00:00,308.0385756676558,666.0,37.2,18.9,1.1774,2004-09-02 17:00:00
2004-09-02,18:00:00,350.6577380952381,550.0,36.1,20.0,1.1767,2004-09-02 18:00:00
2004-09-02,19:00:00,364.00296735905044,490.0,32.8,29.4,1.4344,2004-09-02 19:00:00
2004-09-02,20:00:00,349.0949554896142,572.0,30.0,35.9,1.4958,2004-09-02 20:00:00
2004-09-02,21:00:00,289.3690476190476,640.0,28.7,38.2,1.4794,2004-09-02 21:00:00
2004-09-02,22:00:00,219.32835820895522,649.0,28.1,40.4,1.512,2004-09-02 22:00:00
2004-09-02,23:00:00,197.87761194029852,672.0,27.4,41.4,1.4877,2004-09-02 23:00:00
2004-09-03,00:00:00,190.41964285714286,666.0,26.4,44.0,1.4919,2004-09-03 00:00:00
2004-09-03,01:00:00,157.3323353293413,699.0,24.9,47.9,1.4855,2004-09-03 01:00:00
2004-09-03,02:00:00,118.58132530120481,784.0,24.0,50.3,1.476,2004-09-03 02:00:00
2004-09-03,03:00:00,114.57692307692308,921.0,25.2,47.9,1.5129,2004-09-03 03:00:00
2004-09-03,04:00:00,81.15361445783132,954.0,24.2,50.6,1.5011,2004-09-03 04:00:00
2004-09-03,05:00:00,86.8018018018018,911.0,23.1,55.0,1.5357,2004-09-03 05:00:00
2004-09-03,06:00:00,125.69161676646706,842.0,22.9,56.2,1.5522,2004-09-03 06:00:00
2004-09-03,07:00:00,224.625748502994,540.0,22.0,59.3,1.5523,2004-09-03 07:00:00
2004-09-03,08:00:00,344.72340425531917,388.0,23.7,54.0,1.5627,2004-09-03 08:00:00
2004-09-03,09:00:00,361.3263473053892,489.0,26.7,45.7,1.5747,2004-09-03 09:00:00
2004-09-03,10:00:00,339.4970238095238,524.0,31.4,34.5,1.5599,2004-09-03 10:00:00
2004-09-03,11:00:00,306.3373134328358,565.0,34.5,28.5,1.5324,2004-09-03 11:00:00
2004-09-03,12:00:00,273.05970149253733,635.0,36.4,23.6,1.4064,2004-09-03 12:00:00
2004-09-03,13:00:00,253.2882882882883,698.0,35.1,23.2,1.2884,2004-09-03 13:00:00
2004-09-03,14:00:00,243.25225225225225,697.0,35.7,22.2,1.2765,2004-09-03 14:00:00
2004-09-03,15:00:00,238.64970059880238,670.0,37.6,19.6,1.2534,2004-09-03 15:00:00
2004-09-03,16:00:00,261.36716417910446,674.0,38.8,17.6,1.1979,2004-09-03 16:00:00
2004-09-03,17:00:00,308.0385756676558,565.0,39.3,16.0,1.1138,2004-09-03 17:00:00
2004-09-03,18:00:00,350.6577380952381,529.0,37.0,23.6,1.4639,2004-09-03 18:00:00
2004-09-03,19:00:00,364.00296735905044,488.0,33.2,30.1,1.5095,2004-09-03 19:00:00
2004-09-03,20:00:00,349.0949554896142,546.0,31.0,33.1,1.462,2004-09-03 20:00:00
2004-09-03,21:00:00,289.3690476190476,619.0,29.5,33.4,1.3562,2004-09-03 21:00:00
2004-09-03,22:00:00,219.32835820895522,709.0,29.1,36.7,1.4502,2004-09-03 22:00:00
2004-09-03,23:00:00,197.87761194029852,702.0,27.8,40.7,1.5002,2004-09-03 23:00:00
2004-09-04,00:00:00,190.41964285714286,601.0,26.0,45.3,1.4999,2004-09-04 00:00:00
2004-09-04,01:00:00,157.3323353293413,738.0,25.8,45.4,1.487,2004-09-04 01:00:00
2004-09-04,02:00:00,118.58132530120481,772.0,25.4,45.9,1.4684,2004-09-04 02:00:00
2004-09-04,03:00:00,114.57692307692308,816.0,25.2,46.4,1.464,2004-09-04 03:00:00
2004-09-04,04:00:00,81.15361445783132,813.0,23.0,52.7,1.4568,2004-09-04 04:00:00
2004-09-04,05:00:00,86.8018018018018,809.0,22.1,54.5,1.4337,2004-09-04 05:00:00
2004-09-04,06:00:00,125.69161676646706,795.0,22.5,53.6,1.4422,2004-09-04 06:00:00
2004-09-04,07:00:00,224.625748502994,636.0,22.0,55.4,1.4436,2004-09-04 07:00:00
2004-09-04,08:00:00,344.72340425531917,595.0,23.4,51.6,1.4639,2004-09-04 08:00:00
2004-09-04,09:00:00,361.3263473053892,615.0,26.7,43.0,1.4808,2004-09-04 09:00:00
2004-09-04,10:00:00,339.4970238095238,649.0,31.3,32.9,1.4771,2004-09-04 10:00:00
2004-09-04,11:00:00,306.3373134328358,622.0,34.8,27.1,1.4837,2004-09-04 11:00:00
2004-09-04,12:00:00,273.05970149253733,638.0,38.3,21.5,1.4263,2004-09-04 12:00:00
2004-09-04,13:00:00,253.2882882882883,729.0,37.1,21.2,1.3107,2004-09-04 13:00:00
2004-09-04,14:00:00,243.25225225225225,798.0,37.3,20.3,1.2771,2004-09-04 14:00:00
2004-09-04,15:00:00,238.64970059880238,787.0,38.3,19.3,1.2736,2004-09-04 15:00:00
2004-09-04,16:00:00,261.36716417910446,682.0,40.7,17.0,1.2793,2004-09-04 16:00:00
2004-09-04,17:00:00,308.0385756676558,664.0,39.5,18.5,1.3076,2004-09-04 17:00:00
2004-09-04,18:00:00,350.6577380952381,705.0,36.6,22.6,1.3664,2004-09-04 18:00:00
2004-09-04,19:00:00,364.00296735905044,730.0,32.8,28.2,1.3842,2004-09-04 19:00:00
2004-09-04,20:00:00,349.0949554896142,765.0,30.7,30.7,1.3338,2004-09-04 20:00:00
2004-09-04,21:00:00,289.3690476190476,720.0,30.1,28.7,1.2052,2004-09-04 21:00:00
2004-09-04,22:00:00,219.32835820895522,812.0,29.7,25.4,1.044,2004-09-04 22:00:00
2004-09-04,23:00:00,197.87761194029852,706.0,29.6,24.3,0.9889,2004-09-04 23:00:00
2004-09-05,00:00:00,190.41964285714286,473.0,28.0,29.1,1.0846,2004-09-05 00:00:00
2004-09-05,01:00:00,157.3323353293413,555.0,27.2,33.3,1.1788,2004-09-05 01:00:00
2004-09-05,02:00:00,118.58132530120481,792.0,27.5,30.9,1.1155,2004-09-05 02:00:00
2004-09-05,03:00:00,114.57692307692308,912.0,27.1,33.3,1.1762,2004-09-05 03:00:00
2004-09-05,04:00:00,81.15361445783132,879.0,26.4,35.1,1.1919,2004-09-05 04:00:00
2004-09-05,05:00:00,86.8018018018018,864.0,25.6,37.6,1.2131,2004-09-05 05:00:00
2004-09-05,06:00:00,125.69161676646706,1102.0,25.4,38.6,1.2352,2004-09-05 06:00:00
2004-09-05,07:00:00,224.625748502994,964.0,25.5,38.2,1.2296,2004-09-05 07:00:00
2004-09-05,08:00:00,344.72340425531917,1042.0,27.0,34.3,1.2089,2004-09-05 08:00:00
2004-09-05,09:00:00,361.3263473053892,1059.0,29.9,29.6,1.2296,2004-09-05 09:00:00
2004-09-05,10:00:00,339.4970238095238,1037.0,31.9,26.8,1.2477,2004-09-05 10:00:00
2004-09-05,11:00:00,306.3373134328358,1071.0,33.0,23.5,1.1583,2004-09-05 11:00:00
2004-09-05,12:00:00,273.05970149253733,1096.0,34.5,19.3,1.0369,2004-09-05 12:00:00
2004-09-05,13:00:00,253.2882882882883,1191.0,33.2,19.0,0.9533,2004-09-05 13:00:00
2004-09-05,14:00:00,243.25225225225225,1255.0,32.2,20.5,0.9699,2004-09-05 14:00:00
2004-09-05,15:00:00,238.64970059880238,1327.0,32.6,17.5,0.8467,2004-09-05 15:00:00
2004-09-05,16:00:00,261.36716417910446,1228.0,33.0,17.5,0.8683,2004-09-05 16:00:00
2004-09-05,17:00:00,308.0385756676558,1153.0,32.9,17.5,0.8622,2004-09-05 17:00:00
2004-09-05,18:00:00,350.6577380952381,1046.0,31.6,18.0,0.8243,2004-09-05 18:00:00
2004-09-05,19:00:00,364.00296735905044,897.0,29.3,20.4,0.8162,2004-09-05 19:00:00
2004-09-05,20:00:00,349.0949554896142,930.0,27.8,24.4,0.9002,2004-09-05 20:00:00
2004-09-05,21:00:00,289.3690476190476,845.0,27.1,26.9,0.9524,2004-09-05 21:00:00
2004-09-05,22:00:00,219.32835820895522,832.0,26.3,29.5,0.9959,2004-09-05 22:00:00
2004-09-05,23:00:00,197.87761194029852,878.0,25.9,32.9,1.0826,2004-09-05 23:00:00
2004-09-06,00:00:00,190.41964285714286,911.0,25.3,36.9,1.1764,2004-09-06 00:00:00
2004-09-06,01:00:00,157.3323353293413,954.0,24.8,40.1,1.2378,2004-09-06 01:00:00
2004-09-06,02:00:00,118.58132530120481,1106.0,24.3,42.9,1.2906,2004-09-06 02:00:00
2004-09-06,03:00:00,114.57692307692308,1250.0,24.0,45.5,1.3404,2004-09-06 03:00:00
2004-09-06,04:00:00,81.15361445783132,1281.0,23.9,47.4,1.3881,2004-09-06 04:00:00
2004-09-06,05:00:00,86.8018018018018,1076.0,23.5,49.1,1.3991,2004-09-06 05:00:00
2004-09-06,06:00:00,125.69161676646706,938.0,23.7,49.2,1.4195,2004-09-06 06:00:00
2004-09-06,07:00:00,224.625748502994,728.0,23.6,49.6,1.4247,2004-09-06 07:00:00
2004-09-06,08:00:00,344.72340425531917,716.0,24.3,45.4,1.365,2004-09-06 08:00:00
2004-09-06,09:00:00,361.3263473053892,749.0,26.3,38.3,1.2932,2004-09-06 09:00:00
2004-09-06,10:00:00,339.4970238095238,843.0,27.6,34.2,1.2464,2004-09-06 10:00:00
2004-09-06,11:00:00,306.3373134328358,827.0,29.2,29.1,1.1586,2004-09-06 11:00:00
2004-09-06,12:00:00,273.05970149253733,880.0,29.2,28.6,1.1423,2004-09-06 12:00:00
2004-09-06,13:00:00,253.2882882882883,850.0,29.4,28.3,1.1434,2004-09-06 13:00:00
2004-09-06,14:00:00,243.25225225225225,889.0,29.8,28.0,1.1558,2004-09-06 14:00:00
2004-09-06,15:00:00,238.64970059880238,854.0,30.1,26.7,1.1217,2004-09-06 15:00:00
2004-09-06,16:00:00,261.36716417910446,840.0,30.1,27.2,1.1406,2004-09-06 16:00:00
2004-09-06,17:00:00,308.0385756676558,699.0,29.6,27.5,1.1229,2004-09-06 17:00:00
2004-09-06,18:00:00,350.6577380952381,663.0,29.6,27.7,1.1278,2004-09-06 18:00:00
2004-09-06,19:00:00,364.00296735905044,647.0,28.0,30.1,1.1226,2004-09-06 19:00:00
2004-09-06,20:00:00,349.0949554896142,731.0,26.8,33.8,1.1723,2004-09-06 20:00:00
2004-09-06,21:00:00,289.3690476190476,856.0,25.7,35.8,1.16,2004-09-06 21:00:00
2004-09-06,22:00:00,219.32835820895522,835.0,25.4,35.2,1.1255,2004-09-06 22:00:00
2004-09-06,23:00:00,197.87761194029852,889.0,25.0,37.3,1.1614,2004-09-06 23:00:00
2004-09-07,00:00:00,190.41964285714286,859.0,24.6,40.5,1.2362,2004-09-07 00:00:00
2004-09-07,01:00:00,157.3323353293413,973.0,24.2,43.8,1.3057,2004-09-07 01:00:00
2004-09-07,02:00:00,118.58132530120481,1012.0,24.0,43.7,1.2876,2004-09-07 02:00:00
2004-09-07,03:00:00,114.57692307692308,955.0,21.9,48.3,1.2522,2004-09-07 03:00:00
2004-09-07,04:00:00,81.15361445783132,876.0,22.4,47.2,1.2593,2004-09-07 04:00:00
2004-09-07,05:00:00,86.8018018018018,936.0,22.9,46.5,1.2861,2004-09-07 05:00:00
2004-09-07,06:00:00,169.0,776.0,23.1,47.0,1.3122,2004-09-07 06:00:00
2004-09-07,07:00:00,231.0,628.0,23.7,46.2,1.3376,2004-09-07 07:00:00
2004-09-07,08:00:00,232.0,529.0,25.8,41.9,1.3688,2004-09-07 08:00:00
2004-09-07,09:00:00,145.0,703.0,27.3,38.3,1.3669,2004-09-07 09:00:00
2004-09-07,10:00:00,170.0,705.0,31.0,29.1,1.2885,2004-09-07 10:00:00
2004-09-07,11:00:00,214.0,787.0,31.6,25.5,1.1638,2004-09-07 11:00:00
2004-09-07,12:00:00,273.05970149253733,755.0,32.5,21.2,1.0173,2004-09-07 12:00:00
2004-09-07,13:00:00,253.2882882882883,752.0,31.7,20.5,0.9428,2004-09-07 13:00:00
2004-09-07,14:00:00,243.25225225225225,828.0,31.5,21.5,0.9768,2004-09-07 14:00:00
2004-09-07,15:00:00,238.64970059880238,851.0,31.6,20.8,0.9562,2004-09-07 15:00:00
2004-09-07,16:00:00,261.36716417910446,820.0,32.4,19.4,0.9279,2004-09-07 16:00:00
2004-09-07,17:00:00,308.0385756676558,747.0,31.7,20.3,0.9336,2004-09-07 17:00:00
2004-09-07,18:00:00,350.6577380952381,653.0,31.1,21.0,0.9337,2004-09-07 18:00:00
2004-09-07,19:00:00,364.00296735905044,579.0,28.9,25.4,0.9933,2004-09-07 19:00:00
2004-09-07,20:00:00,349.0949554896142,597.0,27.4,30.8,1.1112,2004-09-07 20:00:00
2004-09-07,21:00:00,289.3690476190476,668.0,26.3,34.1,1.1453,2004-09-07 21:00:00
2004-09-07,22:00:00,219.32835820895522,694.0,25.4,35.2,1.1288,2004-09-07 22:00:00
2004-09-07,23:00:00,197.87761194029852,708.0,25.154545454545453,35.0,1.1078818181818182,2004-09-07 23:00:00
2004-09-08,00:00:00,190.41964285714286,722.0,24.909090909090907,34.800000000000004,1.0869636363636364,2004-09-08 00:00:00
2004-09-08,01:00:00,157.3323353293413,736.0,24.663636363636364,34.6,1.0660454545454545,2004-09-08 01:00:00
2004-09-08,02:00:00,118.58132530120481,750.0,24.418181818181818,34.4,1.0451272727272727,2004-09-08 02:00:00
2004-09-08,03:00:00,114.57692307692308,764.0,24.172727272727272,34.2,1.0242090909090908,2004-09-08 03:00:00
2004-09-08,04:00:00,81.15361445783132,778.0,23.927272727272726,34.0,1.003290909090909,2004-09-08 04:00:00
2004-09-08,05:00:00,86.8018018018018,792.0,23.68181818181818,33.800000000000004,0.9823727272727273,2004-09-08 05:00:00
2004-09-08,06:00:00,125.69161676646706,806.0,23.436363636363634,33.6,0.9614545454545456,2004-09-08 06:00:00
2004-09-08,07:00:00,224.625748502994,820.0,23.19090909090909,33.4,0.9405363636363637,2004-09-08 07:00:00
2004-09-08,08:00:00,344.72340425531917,834.0,22.945454545454545,33.2,0.9196181818181819,2004-09-08 08:00:00
2004-09-08,09:00:00,361.3263473053892,848.0,22.7,33.0,0.8987,2004-09-08 09:00:00
2004-09-08,10:00:00,339.4970238095238,856.6666666666666,23.77777777777778,31.533333333333335,0.9042222222222223,2004-09-08 10:00:00
2004-09-08,11:00:00,306.3373134328358,865.3333333333334,24.855555555555554,30.066666666666666,0.9097444444444445,2004-09-08 11:00:00
2004-09-08,12:00:00,273.05970149253733,874.0,25.933333333333334,28.6,0.9152666666666667,2004-09-08 12:00:00
2004-09-08,13:00:00,253.2882882882883,882.6666666666666,27.01111111111111,27.133333333333333,0.9207888888888889,2004-09-08 13:00:00
2004-09-08,14:00:00,243.25225225225225,891.3333333333334,28.08888888888889,25.666666666666668,0.9263111111111112,2004-09-08 14:00:00
2004-09-08,15:00:00,238.64970059880238,900.0,29.166666666666664,24.200000000000003,0.9318333333333334,2004-09-08 15:00:00
2004-09-08,16:00:00,261.36716417910446,908.6666666666666,30.244444444444444,22.733333333333334,0.9373555555555556,2004-09-08 16:00:00
2004-09-08,17:00:00,308.0385756676558,917.3333333333334,31.322222222222223,21.266666666666666,0.9428777777777778,2004-09-08 17:00:00
2004-09-08,18:00:00,477.0,926.0,32.4,19.8,0.9484,2004-09-08 18:00:00
2004-09-08,19:00:00,502.0,824.0,29.9,22.3,0.9235,2004-09-08 19:00:00
2004-09-08,20:00:00,420.0,873.0,28.2,24.8,0.936,2004-09-08 20:00:00
2004-09-08,21:00:00,344.0,874.0,26.8,28.9,1.0019,2004-09-08 21:00:00
2004-09-08,22:00:00,307.0,862.0,25.1,32.3,1.0131,2004-09-08 22:00:00
2004-09-08,23:00:00,251.0,984.0,25.4,30.5,0.9722,2004-09-08 23:00:00
2004-09-09,00:00:00,180.0,1114.0,24.9,28.3,0.8775,2004-09-09 00:00:00
2004-09-09,01:00:00,141.0,1088.0,23.2,30.5,0.8558,2004-09-09 01:00:00
2004-09-09,02:00:00,105.0,1254.0,22.3,33.6,0.8959,2004-09-09 02:00:00
2004-09-09,03:00:00,114.57692307692308,1370.0,23.0,33.0,0.9184,2004-09-09 03:00:00
2004-09-09,04:00:00,74.0,1366.0,21.4,35.7,0.8982,2004-09-09 04:00:00
2004-09-09,05:00:00,91.0,1327.0,21.7,33.4,0.8545,2004-09-09 05:00:00
2004-09-09,06:00:00,143.0,1224.0,20.3,35.5,0.8342,2004-09-09 06:00:00
2004-09-09,07:00:00,553.0,798.0,19.7,37.5,0.8501,2004-09-09 07:00:00
2004-09-09,08:00:00,542.0,724.0,21.0,35.6,0.8736,2004-09-09 08:00:00
2004-09-09,09:00:00,590.0,741.0,25.0,28.9,0.9025,2004-09-09 09:00:00
2004-09-09,10:00:00,590.0,800.0,31.0,21.9,0.9708,2004-09-09 10:00:00
2004-09-09,11:00:00,387.0,907.0,34.9,18.5,1.0189,2004-09-09 11:00:00
2004-09-09,12:00:00,252.0,1006.0,37.1,15.0,0.9297,2004-09-09 12:00:00
2004-09-09,13:00:00,310.0,971.0,35.0,17.3,0.9542,2004-09-09 13:00:00
2004-09-09,14:00:00,396.0,873.0,35.1,17.5,0.9733,2004-09-09 14:00:00
2004-09-09,15:00:00,329.0,924.0,35.4,16.6,0.9385,2004-09-09 15:00:00
2004-09-09,16:00:00,393.0,878.0,38.4,13.8,0.9221,2004-09-09 16:00:00
2004-09-09,17:00:00,522.0,794.0,37.6,14.5,0.9277,2004-09-09 17:00:00
2004-09-09,18:00:00,631.0,660.0,35.2,16.6,0.9242,2004-09-09 18:00:00
2004-09-09,19:00:00,435.0,704.0,31.2,25.5,1.1379,2004-09-09 19:00:00
2004-09-09,20:00:00,407.0,763.0,29.3,30.7,1.229,2004-09-09 20:00:00
2004-09-09,21:00:00,255.0,845.0,28.3,30.1,1.1392,2004-09-09 21:00:00
2004-09-09,22:00:00,180.0,831.0,27.4,31.5,1.133,2004-09-09 22:00:00
2004-09-09,23:00:00,186.0,876.0,26.2,35.7,1.1929,2004-09-09 23:00:00
2004-09-10,00:00:00,147.0,950.0,25.2,38.1,1.2049,2004-09-10 00:00:00
2004-09-10,01:00:00,101.0,1035.0,24.4,39.1,1.1784,2004-09-10 01:00:00
2004-09-10,02:00:00,69.0,1175.0,23.7,39.1,1.1289,2004-09-10 02:00:00
2004-09-10,03:00:00,114.57692307692308,1219.0,24.2,38.5,1.1491,2004-09-10 03:00:00
2004-09-10,04:00:00,49.0,1162.0,24.5,38.5,1.1688,2004-09-10 04:00:00
2004-09-10,05:00:00,91.0,1134.0,22.4,43.5,1.1624,2004-09-10 05:00:00
2004-09-10,06:00:00,144.0,1018.0,22.3,43.8,1.1631,2004-09-10 06:00:00
2004-09-10,07:00:00,430.0,762.0,21.4,45.8,1.1515,2004-09-10 07:00:00
2004-09-10,08:00:00,606.0,587.0,22.9,41.3,1.1383,2004-09-10 08:00:00
2004-09-10,09:00:00,519.0,739.0,26.6,30.3,1.0378,2004-09-10 09:00:00
2004-09-10,10:00:00,353.0,871.0,30.3,23.0,0.977,2004-09-10 10:00:00
2004-09-10,11:00:00,429.0,867.0,32.8,18.9,0.9234,2004-09-10 11:00:00
2004-09-10,12:00:00,345.0,866.0,34.3,17.7,0.9416,2004-09-10 12:00:00
2004-09-10,13:00:00,417.0,858.0,33.3,18.9,0.9536,2004-09-10 13:00:00
2004-09-10,14:00:00,276.0,907.0,33.0,20.1,0.9959,2004-09-10 14:00:00
2004-09-10,15:00:00,280.0,908.0,33.6,19.6,1.0029,2004-09-10 15:00:00
2004-09-10,16:00:00,365.0,882.0,34.9,18.4,1.0106,2004-09-10 16:00:00
2004-09-10,17:00:00,363.0,846.0,33.4,20.3,1.027,2004-09-10 17:00:00
2004-09-10,18:00:00,393.0,797.0,31.6,22.7,1.041,2004-09-10 18:00:00
2004-09-10,19:00:00,385.0,755.0,29.2,26.9,1.0709,2004-09-10 19:00:00
2004-09-10,20:00:00,307.0,824.0,27.7,30.1,1.0991,2004-09-10 20:00:00
2004-09-10,21:00:00,194.0,932.0,27.1,31.0,1.0991,2004-09-10 21:00:00
2004-09-10,22:00:00,205.0,886.0,26.0,33.4,1.1071,2004-09-10 22:00:00
2004-09-10,23:00:00,223.0,880.0,25.1,35.7,1.1222,2004-09-10 23:00:00
2004-09-11,00:00:00,176.0,829.0,24.3,38.5,1.1525,2004-09-11 00:00:00
2004-09-11,01:00:00,157.3323353293413,952.0,23.4,40.7,1.1551,2004-09-11 01:00:00
2004-09-11,02:00:00,118.58132530120481,1059.0,23.2,41.2,1.1561,2004-09-11 02:00:00
2004-09-11,03:00:00,114.57692307692308,1126.0,23.6,40.5,1.1667,2004-09-11 03:00:00
2004-09-11,04:00:00,81.15361445783132,1189.0,23.5,40.9,1.1677,2004-09-11 04:00:00
2004-09-11,05:00:00,86.8018018018018,1101.0,20.5,48.4,1.1557,2004-09-11 05:00:00
2004-09-11,06:00:00,125.69161676646706,1057.0,20.7,48.4,1.1663,2004-09-11 06:00:00
2004-09-11,07:00:00,224.625748502994,757.0,19.9,50.8,1.1694,2004-09-11 07:00:00
2004-09-11,08:00:00,344.72340425531917,729.0,21.3,47.2,1.1825,2004-09-11 08:00:00
2004-09-11,09:00:00,361.3263473053892,775.0,24.0,40.8,1.1993,2004-09-11 09:00:00
2004-09-11,10:00:00,339.4970238095238,698.0,28.7,30.3,1.1769,2004-09-11 10:00:00
2004-09-11,11:00:00,306.3373134328358,805.0,31.9,24.7,1.1477,2004-09-11 11:00:00
2004-09-11,12:00:00,273.05970149253733,899.0,33.8,21.9,1.1331,2004-09-11 12:00:00
2004-09-11,13:00:00,253.2882882882883,893.0,32.7,22.7,1.1044,2004-09-11 13:00:00
2004-09-11,14:00:00,243.25225225225225,989.0,33.0,21.3,1.0512,2004-09-11 14:00:00
2004-09-11,15:00:00,238.64970059880238,994.0,33.9,21.2,1.0989,2004-09-11 15:00:00
2004-09-11,16:00:00,261.36716417910446,872.0,35.9,20.3,1.1845,2004-09-11 16:00:00
2004-09-11,17:00:00,308.0385756676558,883.0,34.2,22.6,1.197,2004-09-11 17:00:00
2004-09-11,18:00:00,350.6577380952381,815.0,32.0,27.3,1.2752,2004-09-11 18:00:00
2004-09-11,19:00:00,364.00296735905044,719.0,29.3,32.6,1.3105,2004-09-11 19:00:00
2004-09-11,20:00:00,349.0949554896142,815.0,27.2,38.0,1.347,2004-09-11 20:00:00
2004-09-11,21:00:00,289.3690476190476,743.0,26.1,41.1,1.3705,2004-09-11 21:00:00
2004-09-11,22:00:00,219.32835820895522,716.0,25.3,44.6,1.4161,2004-09-11 22:00:00
2004-09-11,23:00:00,197.87761194029852,715.0,24.6,47.2,1.4424,2004-09-11 23:00:00
2004-09-12,00:00:00,190.41964285714286,701.0,24.1,48.8,1.4412,2004-09-12 00:00:00
2004-09-12,01:00:00,157.3323353293413,811.0,23.6,50.4,1.447,2004-09-12 01:00:00
2004-09-12,02:00:00,118.58132530120481,797.0,22.0,55.8,1.4585,2004-09-12 02:00:00
2004-09-12,03:00:00,114.57692307692308,943.0,22.4,53.6,1.4379,2004-09-12 03:00:00
2004-09-12,04:00:00,81.15361445783132,982.0,21.6,55.8,1.4228,2004-09-12 04:00:00
2004-09-12,05:00:00,86.8018018018018,1105.0,21.8,55.2,1.4184,2004-09-12 05:00:00
2004-09-12,06:00:00,125.69161676646706,1111.0,21.7,55.4,1.4192,2004-09-12 06:00:00
2004-09-12,07:00:00,224.625748502994,923.0,20.6,59.8,1.435,2004-09-12 07:00:00
2004-09-12,08:00:00,344.72340425531917,830.0,22.1,55.3,1.4495,2004-09-12 08:00:00
2004-09-12,09:00:00,361.3263473053892,853.0,24.8,48.2,1.4883,2004-09-12 09:00:00
2004-09-12,10:00:00,339.4970238095238,853.0,27.9,43.4,1.6017,2004-09-12 10:00:00
2004-09-12,11:00:00,306.3373134328358,908.0,30.1,38.5,1.6212,2004-09-12 11:00:00
2004-09-12,12:00:00,273.05970149253733,858.0,28.2,48.6,1.8253,2004-09-12 12:00:00
2004-09-12,13:00:00,253.2882882882883,745.0,24.8,70.4,2.1766,2004-09-12 13:00:00
2004-09-12,14:00:00,243.25225225225225,996.0,27.8,49.4,1.8209,2004-09-12 14:00:00
2004-09-12,15:00:00,238.64970059880238,1050.0,25.4,59.9,1.9168,2004-09-12 15:00:00
2004-09-12,16:00:00,261.36716417910446,787.0,26.1,66.8,2.231,2004-09-12 16:00:00
2004-09-12,17:00:00,308.0385756676558,796.0,28.0,53.2,1.981,2004-09-12 17:00:00
2004-09-12,18:00:00,350.6577380952381,823.0,27.4,51.4,1.8404,2004-09-12 18:00:00
2004-09-12,19:00:00,364.00296735905044,697.0,25.7,55.8,1.8149,2004-09-12 19:00:00
2004-09-12,20:00:00,349.0949554896142,609.0,24.6,60.3,1.8363,2004-09-12 20:00:00
2004-09-12,21:00:00,289.3690476190476,655.0,24.2,61.6,1.8381,2004-09-12 21:00:00
2004-09-12,22:00:00,219.32835820895522,555.0,23.8,63.5,1.8495,2004-09-12 22:00:00
2004-09-12,23:00:00,197.87761194029852,705.0,23.0,64.8,1.802,2004-09-12 23:00:00
2004-09-13,00:00:00,190.41964285714286,833.0,23.0,63.3,1.7589,2004-09-13 00:00:00
2004-09-13,01:00:00,157.3323353293413,970.0,22.8,63.3,1.7355,2004-09-13 01:00:00
2004-09-13,02:00:00,118.58132530120481,1036.0,21.0,68.6,1.6873,2004-09-13 02:00:00
2004-09-13,03:00:00,114.57692307692308,1070.0,20.4,70.7,1.6734,2004-09-13 03:00:00
2004-09-13,04:00:00,81.15361445783132,1027.0,19.4,73.4,1.6417,2004-09-13 04:00:00
2004-09-13,05:00:00,86.8018018018018,917.0,19.5,72.0,1.6118,2004-09-13 05:00:00
2004-09-13,06:00:00,125.69161676646706,824.0,19.7,70.3,1.5925,2004-09-13 06:00:00
2004-09-13,07:00:00,224.625748502994,533.0,20.4,66.7,1.577,2004-09-13 07:00:00
2004-09-13,08:00:00,344.72340425531917,498.0,21.8,61.8,1.5966,2004-09-13 08:00:00
2004-09-13,09:00:00,361.3263473053892,626.0,23.0,60.2,1.6652,2004-09-13 09:00:00
2004-09-13,10:00:00,475.0,609.0,25.4,53.0,1.6963,2004-09-13 10:00:00
2004-09-13,11:00:00,395.0,655.0,30.0,41.6,1.7324,2004-09-13 11:00:00
2004-09-13,12:00:00,353.0,639.0,32.6,34.8,1.6872,2004-09-13 12:00:00
2004-09-13,13:00:00,397.0,649.0,32.2,34.2,1.6145,2004-09-13 13:00:00
2004-09-13,14:00:00,274.0,737.0,32.1,33.5,1.569,2004-09-13 14:00:00
2004-09-13,15:00:00,505.0,773.0,32.6,31.8,1.5361,2004-09-13 15:00:00
2004-09-13,16:00:00,275.0,735.0,35.2,25.2,1.4111,2004-09-13 16:00:00
2004-09-13,17:00:00,360.0,693.0,34.3,24.7,1.3154,2004-09-13 17:00:00
2004-09-13,18:00:00,350.6577380952381,605.0,31.5,29.9,1.3638,2004-09-13 18:00:00
2004-09-13,19:00:00,597.0,494.0,29.0,36.6,1.4452,2004-09-13 19:00:00
2004-09-13,20:00:00,728.0,542.0,27.1,42.2,1.4949,2004-09-13 20:00:00
2004-09-13,21:00:00,891.0,593.0,26.1,46.4,1.5445,2004-09-13 21:00:00
2004-09-13,22:00:00,346.0,648.0,25.1,49.4,1.548,2004-09-13 22:00:00
2004-09-13,23:00:00,98.0,843.0,26.0,46.4,1.5375,2004-09-13 23:00:00
2004-09-14,00:00:00,144.0,896.0,24.7,49.2,1.5116,2004-09-14 00:00:00
2004-09-14,01:00:00,110.0,1005.0,24.8,49.0,1.5092,2004-09-14 01:00:00
2004-09-14,02:00:00,118.58132530120481,1061.0,23.5,52.6,1.5035,2004-09-14 02:00:00
2004-09-14,03:00:00,114.57692307692308,1032.0,20.8,62.1,1.5044,2004-09-14 03:00:00
2004-09-14,04:00:00,81.15361445783132,922.0,19.9,65.5,1.5078,2004-09-14 04:00:00
2004-09-14,05:00:00,86.8018018018018,916.0,20.6,62.9,1.5088,2004-09-14 05:00:00
2004-09-14,06:00:00,125.69161676646706,774.0,21.3,59.4,1.4918,2004-09-14 06:00:00
2004-09-14,07:00:00,224.625748502994,519.0,22.0,58.3,1.5199,2004-09-14 07:00:00
2004-09-14,08:00:00,344.72340425531917,469.0,23.2,55.4,1.5559,2004-09-14 08:00:00
2004-09-14,09:00:00,361.3263473053892,562.0,26.5,50.2,1.713,2004-09-14 09:00:00
2004-09-14,10:00:00,339.4970238095238,699.0,29.0,45.5,1.7976,2004-09-14 10:00:00
2004-09-14,11:00:00,306.3373134328358,644.0,30.1,42.0,1.7602,2004-09-14 11:00:00
2004-09-14,12:00:00,273.05970149253733,668.0,32.3,35.9,1.7067,2004-09-14 12:00:00
2004-09-14,13:00:00,253.2882882882883,711.0,33.2,33.8,1.69,2004-09-14 13:00:00
2004-09-14,14:00:00,243.25225225225225,832.0,34.0,33.6,1.7591,2004-09-14 14:00:00
2004-09-14,15:00:00,238.64970059880238,682.0,29.9,45.6,1.8942,2004-09-14 15:00:00
2004-09-14,16:00:00,261.36716417910446,576.0,27.7,53.7,1.967,2004-09-14 16:00:00
2004-09-14,17:00:00,308.0385756676558,518.0,28.0,52.7,1.9604,2004-09-14 17:00:00
2004-09-14,18:00:00,350.6577380952381,620.0,28.6,48.2,1.8616,2004-09-14 18:00:00
2004-09-14,19:00:00,364.00296735905044,686.0,24.8,61.6,1.9067,2004-09-14 19:00:00
2004-09-14,20:00:00,349.0949554896142,873.0,20.3,77.2,1.8204,2004-09-14 20:00:00
2004-09-14,21:00:00,289.3690476190476,980.0,19.7,82.5,1.8674,2004-09-14 21:00:00
2004-09-14,22:00:00,219.32835820895522,1009.0,20.6,78.8,1.8885,2004-09-14 22:00:00
2004-09-14,23:00:00,197.87761194029852,967.0,19.2,87.2,1.9195,2004-09-14 23:00:00
2004-09-15,00:00:00,190.41964285714286,949.0,20.5,81.5,1.936,2004-09-15 00:00:00
2004-09-15,01:00:00,157.3323353293413,1082.0,21.4,74.0,1.8683,2004-09-15 01:00:00
2004-09-15,02:00:00,118.58132530120481,1013.0,20.5,78.2,1.8678,2004-09-15 02:00:00
2004-09-15,03:00:00,114.57692307692308,1013.0,20.7,77.8,1.8764,2004-09-15 03:00:00
2004-09-15,04:00:00,81.15361445783132,970.0,20.5,78.0,1.8636,2004-09-15 04:00:00
2004-09-15,05:00:00,86.8018018018018,961.0,20.6,76.2,1.8272,2004-09-15 05:00:00
2004-09-15,06:00:00,125.69161676646706,791.0,20.1,77.4,1.802,2004-09-15 06:00:00
2004-09-15,07:00:00,224.625748502994,644.0,20.9,73.3,1.787,2004-09-15 07:00:00
2004-09-15,08:00:00,344.72340425531917,492.0,21.2,72.3,1.8007,2004-09-15 08:00:00
2004-09-15,09:00:00,361.3263473053892,582.0,22.5,68.9,1.8511,2004-09-15 09:00:00
2004-09-15,10:00:00,339.4970238095238,573.0,23.7,64.5,1.8682,2004-09-15 10:00:00
2004-09-15,11:00:00,306.3373134328358,529.0,23.2,68.4,1.9243,2004-09-15 11:00:00
2004-09-15,12:00:00,273.05970149253733,540.0,23.5,69.2,1.9776,2004-09-15 12:00:00
2004-09-15,13:00:00,253.2882882882883,599.0,24.1,65.5,1.9371,2004-09-15 13:00:00
2004-09-15,14:00:00,243.25225225225225,619.0,24.2,65.6,1.9501,2004-09-15 14:00:00
2004-09-15,15:00:00,238.64970059880238,579.0,24.6,63.9,1.9459,2004-09-15 15:00:00
2004-09-15,16:00:00,261.36716417910446,608.0,26.3,56.5,1.9018,2004-09-15 16:00:00
2004-09-15,17:00:00,341.0,624.0,26.9,53.1,1.8557,2004-09-15 17:00:00
2004-09-15,18:00:00,622.0,493.0,26.5,50.8,1.7334,2004-09-15 18:00:00
2004-09-15,19:00:00,615.0,469.0,25.1,55.8,1.7511,2004-09-15 19:00:00
2004-09-15,20:00:00,443.0,580.0,23.9,58.9,1.7276,2004-09-15 20:00:00
2004-09-15,21:00:00,219.0,767.0,23.1,62.8,1.7562,2004-09-15 21:00:00
2004-09-15,22:00:00,203.0,752.0,22.1,67.3,1.7671,2004-09-15 22:00:00
2004-09-15,23:00:00,165.0,769.0,22.1,66.5,1.7441,2004-09-15 23:00:00
2004-09-16,00:00:00,339.0,772.0,21.1,70.1,1.7366,2004-09-16 00:00:00
2004-09-16,01:00:00,103.0,934.0,21.9,67.1,1.7394,2004-09-16 01:00:00
2004-09-16,02:00:00,74.0,1107.0,21.7,67.4,1.7262,2004-09-16 02:00:00
2004-09-16,03:00:00,114.57692307692308,962.0,20.2,73.8,1.7229,2004-09-16 03:00:00
2004-09-16,04:00:00,72.0,936.0,19.1,76.0,1.6668,2004-09-16 04:00:00
2004-09-16,05:00:00,180.0,844.0,19.4,75.4,1.6802,2004-09-16 05:00:00
2004-09-16,06:00:00,239.0,740.0,19.7,74.4,1.6829,2004-09-16 06:00:00
2004-09-16,07:00:00,664.0,544.0,19.9,74.3,1.7083,2004-09-16 07:00:00
2004-09-16,08:00:00,525.0,512.0,20.4,72.8,1.7198,2004-09-16 08:00:00
2004-09-16,09:00:00,543.0,549.0,21.6,67.7,1.7254,2004-09-16 09:00:00
2004-09-16,10:00:00,390.0,695.0,22.9,59.1,1.633,2004-09-16 10:00:00
2004-09-16,11:00:00,217.0,888.0,18.7,73.1,1.5608,2004-09-16 11:00:00
2004-09-16,12:00:00,248.0,798.0,21.1,58.3,1.4444,2004-09-16 12:00:00
2004-09-16,13:00:00,333.0,771.0,23.3,47.1,1.3281,2004-09-16 13:00:00
2004-09-16,14:00:00,279.0,834.0,22.9,47.9,1.3208,2004-09-16 14:00:00
2004-09-16,15:00:00,339.0,816.0,23.3,46.2,1.301,2004-09-16 15:00:00
2004-09-16,16:00:00,315.0,772.0,23.7,45.4,1.315,2004-09-16 16:00:00
2004-09-16,17:00:00,365.0,659.0,23.8,46.1,1.3373,2004-09-16 17:00:00
2004-09-16,18:00:00,338.0,640.0,23.0,49.3,1.3689,2004-09-16 18:00:00
2004-09-16,19:00:00,318.0,658.0,21.9,53.1,1.3787,2004-09-16 19:00:00
2004-09-16,20:00:00,302.0,725.0,21.3,54.8,1.3742,2004-09-16 20:00:00
2004-09-16,21:00:00,214.0,845.0,21.2,55.2,1.3699,2004-09-16 21:00:00
2004-09-16,22:00:00,219.32835820895522,858.0,21.4,54.8,1.3813,2004-09-16 22:00:00
2004-09-16,23:00:00,197.87761194029852,906.0,20.8,57.2,1.3925,2004-09-16 23:00:00
2004-09-17,00:00:00,363.0,874.0,21.3,55.8,1.3974,2004-09-17 00:00:00
2004-09-17,01:00:00,178.0,1022.0,21.4,52.1,1.3125,2004-09-17 01:00:00
2004-09-17,02:00:00,55.0,1162.0,20.6,56.6,1.3583,2004-09-17 02:00:00
2004-09-17,03:00:00,114.57692307692308,1305.0,20.0,59.1,1.3694,2004-09-17 03:00:00
2004-09-17,04:00:00,32.0,1451.0,19.7,61.9,1.4017,2004-09-17 04:00:00
2004-09-17,05:00:00,35.0,1472.0,19.6,59.1,1.3346,2004-09-17 05:00:00
2004-09-17,06:00:00,84.0,1336.0,19.8,56.7,1.2941,2004-09-17 06:00:00
2004-09-17,07:00:00,456.0,737.0,20.2,55.6,1.3043,2004-09-17 07:00:00
2004-09-17,08:00:00,342.0,854.0,19.7,57.8,1.3112,2004-09-17 08:00:00
2004-09-17,09:00:00,239.0,979.0,20.2,53.1,1.2442,2004-09-17 09:00:00
2004-09-17,10:00:00,337.0,932.0,22.0,47.0,1.2259,2004-09-17 10:00:00
2004-09-17,11:00:00,351.0,902.0,23.5,41.6,1.1884,2004-09-17 11:00:00
2004-09-17,12:00:00,209.0,889.0,22.8,41.8,1.1417,2004-09-17 12:00:00
2004-09-17,13:00:00,257.0,832.0,23.4,40.4,1.15,2004-09-17 13:00:00
2004-09-17,14:00:00,169.0,988.0,23.2,42.8,1.2017,2004-09-17 14:00:00
2004-09-17,15:00:00,216.0,872.0,23.6,43.2,1.2433,2004-09-17 15:00:00
2004-09-17,16:00:00,303.0,798.0,23.9,40.8,1.1937,2004-09-17 16:00:00
2004-09-17,17:00:00,320.0,733.0,23.6,42.8,1.23,2004-09-17 17:00:00
2004-09-17,18:00:00,310.0,741.0,23.2,43.3,1.2161,2004-09-17 18:00:00
2004-09-17,19:00:00,341.0,733.0,22.8,42.5,1.1608,2004-09-17 19:00:00
2004-09-17,20:00:00,272.0,872.0,22.3,42.2,1.1209,2004-09-17 20:00:00
2004-09-17,21:00:00,229.0,978.0,22.1,43.0,1.1271,2004-09-17 21:00:00
2004-09-17,22:00:00,168.0,1046.0,22.2,42.7,1.1237,2004-09-17 22:00:00
2004-09-17,23:00:00,173.0,1021.0,22.1,42.8,1.1265,2004-09-17 23:00:00
2004-09-18,00:00:00,186.0,978.0,22.1,43.5,1.1443,2004-09-18 00:00:00
2004-09-18,01:00:00,112.0,1153.0,21.5,45.6,1.1528,2004-09-18 01:00:00
2004-09-18,02:00:00,79.0,1212.0,21.1,44.5,1.098,2004-09-18 02:00:00
2004-09-18,03:00:00,114.57692307692308,1271.0,20.4,47.1,1.1178,2004-09-18 03:00:00
2004-09-18,04:00:00,62.0,1213.0,20.6,45.9,1.0993,2004-09-18 04:00:00
2004-09-18,05:00:00,58.0,1319.0,20.2,46.7,1.0899,2004-09-18 05:00:00
2004-09-18,06:00:00,122.0,1183.0,20.1,47.8,1.1144,2004-09-18 06:00:00
2004-09-18,07:00:00,173.0,980.0,20.0,50.7,1.1724,2004-09-18 07:00:00
2004-09-18,08:00:00,176.0,1035.0,20.7,49.7,1.197,2004-09-18 08:00:00
2004-09-18,09:00:00,233.0,892.0,24.3,39.5,1.1842,2004-09-18 09:00:00
2004-09-18,10:00:00,210.0,949.0,25.4,34.8,1.1119,2004-09-18 10:00:00
2004-09-18,11:00:00,178.0,1024.0,26.6,30.7,1.0501,2004-09-18 11:00:00
2004-09-18,12:00:00,189.0,957.0,27.7,28.1,1.0272,2004-09-18 12:00:00
2004-09-18,13:00:00,210.0,926.0,27.6,28.7,1.0406,2004-09-18 13:00:00
2004-09-18,14:00:00,162.0,1017.0,27.6,29.2,1.0594,2004-09-18 14:00:00
2004-09-18,15:00:00,137.0,1010.0,28.1,28.6,1.0715,2004-09-18 15:00:00
2004-09-18,16:00:00,165.0,994.0,29.1,26.8,1.0648,2004-09-18 16:00:00
2004-09-18,17:00:00,204.0,936.0,28.4,28.3,1.0798,2004-09-18 17:00:00
2004-09-18,18:00:00,266.0,832.0,26.6,32.1,1.102,2004-09-18 18:00:00
2004-09-18,19:00:00,299.0,770.0,25.3,35.3,1.1262,2004-09-18 19:00:00
2004-09-18,20:00:00,234.0,827.0,24.7,37.1,1.1397,2004-09-18 20:00:00
2004-09-18,21:00:00,181.0,885.0,23.5,40.6,1.1588,2004-09-18 21:00:00
2004-09-18,22:00:00,210.0,816.0,22.8,43.4,1.1915,2004-09-18 22:00:00
2004-09-18,23:00:00,304.0,707.0,22.2,47.9,1.2626,2004-09-18 23:00:00
2004-09-19,00:00:00,255.0,754.0,21.3,50.5,1.2652,2004-09-19 00:00:00
2004-09-19,01:00:00,149.0,850.0,20.6,53.2,1.2742,2004-09-19 01:00:00
2004-09-19,02:00:00,112.0,891.0,19.6,56.6,1.2797,2004-09-19 02:00:00
2004-09-19,03:00:00,114.57692307692308,854.0,18.8,59.8,1.2847,2004-09-19 03:00:00
2004-09-19,04:00:00,90.0,1012.0,18.8,59.5,1.2758,2004-09-19 04:00:00
2004-09-19,05:00:00,46.0,1169.0,19.3,57.0,1.2603,2004-09-19 05:00:00
2004-09-19,06:00:00,76.0,1144.0,18.2,60.8,1.2567,2004-09-19 06:00:00
2004-09-19,07:00:00,139.0,936.0,16.8,66.8,1.2721,2004-09-19 07:00:00
2004-09-19,08:00:00,179.0,863.0,18.6,60.0,1.2757,2004-09-19 08:00:00
2004-09-19,09:00:00,224.0,806.0,22.2,48.0,1.2678,2004-09-19 09:00:00
2004-09-19,10:00:00,272.0,755.0,26.5,35.7,1.2149,2004-09-19 10:00:00
2004-09-19,11:00:00,251.0,784.0,30.0,28.5,1.1883,2004-09-19 11:00:00
2004-09-19,12:00:00,250.0,754.0,32.2,24.7,1.1696,2004-09-19 12:00:00
2004-09-19,13:00:00,178.0,761.0,29.6,28.6,1.1628,2004-09-19 13:00:00
2004-09-19,14:00:00,137.0,771.0,29.8,28.5,1.1809,2004-09-19 14:00:00
2004-09-19,15:00:00,119.0,987.0,31.1,26.1,1.163,2004-09-19 15:00:00
2004-09-19,16:00:00,193.0,878.0,34.6,22.4,1.212,2004-09-19 16:00:00
2004-09-19,17:00:00,329.0,631.0,33.2,25.4,1.2722,2004-09-19 17:00:00
2004-09-19,18:00:00,413.0,668.0,30.0,31.4,1.3074,2004-09-19 18:00:00
2004-09-19,19:00:00,489.0,587.0,27.5,38.1,1.3756,2004-09-19 19:00:00
2004-09-19,20:00:00,470.0,645.0,26.2,42.5,1.423,2004-09-19 20:00:00
2004-09-19,21:00:00,228.0,766.0,24.7,46.4,1.4206,2004-09-19 21:00:00
2004-09-19,22:00:00,169.0,778.0,23.6,50.0,1.4383,2004-09-19 22:00:00
2004-09-19,23:00:00,189.0,751.0,22.7,53.6,1.4632,2004-09-19 23:00:00
2004-09-20,00:00:00,100.0,863.0,22.7,53.8,1.4666,2004-09-20 00:00:00
2004-09-20,01:00:00,71.0,978.0,22.8,53.0,1.4577,2004-09-20 01:00:00
2004-09-20,02:00:00,52.0,1051.0,21.4,57.6,1.4469,2004-09-20 02:00:00
2004-09-20,03:00:00,114.57692307692308,1112.0,19.9,62.3,1.4363,2004-09-20 03:00:00
2004-09-20,04:00:00,57.0,1122.0,19.5,63.5,1.4269,2004-09-20 04:00:00
2004-09-20,05:00:00,69.0,1090.0,20.2,60.8,1.4243,2004-09-20 05:00:00
2004-09-20,06:00:00,126.0,937.0,19.4,63.5,1.4139,2004-09-20 06:00:00
2004-09-20,07:00:00,376.0,573.0,18.7,65.6,1.4039,2004-09-20 07:00:00
2004-09-20,08:00:00,344.72340425531917,455.0,20.1,60.6,1.4062,2004-09-20 08:00:00
2004-09-20,09:00:00,737.0,494.0,23.5,49.7,1.4156,2004-09-20 09:00:00
2004-09-20,10:00:00,481.0,599.0,26.4,41.9,1.4237,2004-09-20 10:00:00
2004-09-20,11:00:00,425.0,597.0,29.9,34.0,1.4096,2004-09-20 11:00:00
2004-09-20,12:00:00,330.0,643.0,31.5,30.8,1.4017,2004-09-20 12:00:00
2004-09-20,13:00:00,303.0,676.0,30.2,30.2,1.2744,2004-09-20 13:00:00
2004-09-20,14:00:00,283.0,757.0,30.5,29.3,1.2612,2004-09-20 14:00:00
2004-09-20,15:00:00,264.0,752.0,31.8,27.4,1.2673,2004-09-20 15:00:00
2004-09-20,16:00:00,280.0,708.0,34.3,23.2,1.2326,2004-09-20 16:00:00
2004-09-20,17:00:00,505.0,560.0,34.1,23.0,1.2081,2004-09-20 17:00:00
2004-09-20,18:00:00,566.0,521.0,30.5,29.2,1.2585,2004-09-20 18:00:00
2004-09-20,19:00:00,681.0,473.0,28.1,32.4,1.2173,2004-09-20 19:00:00
2004-09-20,20:00:00,448.0,633.0,26.5,31.7,1.0787,2004-09-20 20:00:00
2004-09-20,21:00:00,231.0,761.0,24.8,33.7,1.0377,2004-09-20 21:00:00
2004-09-20,22:00:00,230.0,747.0,23.9,38.1,1.1123,2004-09-20 22:00:00
2004-09-20,23:00:00,146.0,835.0,23.0,43.0,1.1897,2004-09-20 23:00:00
2004-09-21,00:00:00,77.0,966.0,23.5,44.7,1.2755,2004-09-21 00:00:00
2004-09-21,01:00:00,82.0,957.0,22.3,47.7,1.2643,2004-09-21 01:00:00
2004-09-21,02:00:00,55.0,1042.0,22.1,49.8,1.3094,2004-09-21 02:00:00
2004-09-21,03:00:00,114.57692307692308,1094.0,21.8,51.4,1.3272,2004-09-21 03:00:00
2004-09-21,04:00:00,42.0,1119.0,20.8,55.9,1.3581,2004-09-21 04:00:00
2004-09-21,05:00:00,102.0,1033.0,18.8,63.0,1.3582,2004-09-21 05:00:00
2004-09-21,06:00:00,231.0,804.0,18.3,65.5,1.3686,2004-09-21 06:00:00
2004-09-21,07:00:00,699.0,496.0,18.2,66.1,1.3679,2004-09-21 07:00:00
2004-09-21,08:00:00,738.0,425.0,19.6,60.7,1.3713,2004-09-21 08:00:00
2004-09-21,09:00:00,665.0,508.0,22.6,51.4,1.392,2004-09-21 09:00:00
2004-09-21,10:00:00,598.0,537.0,25.8,44.2,1.4512,2004-09-21 10:00:00
2004-09-21,11:00:00,340.0,632.0,28.5,39.0,1.4928,2004-09-21 11:00:00
2004-09-21,12:00:00,374.0,615.0,30.1,35.1,1.4782,2004-09-21 12:00:00
2004-09-21,13:00:00,401.0,586.0,29.4,36.4,1.4718,2004-09-21 13:00:00
2004-09-21,14:00:00,275.0,671.0,29.2,37.9,1.5116,2004-09-21 14:00:00
2004-09-21,15:00:00,278.0,645.0,30.5,34.9,1.5015,2004-09-21 15:00:00
2004-09-21,16:00:00,342.0,618.0,31.5,31.4,1.431,2004-09-21 16:00:00
2004-09-21,17:00:00,479.0,531.0,31.2,31.4,1.3987,2004-09-21 17:00:00
2004-09-21,18:00:00,553.0,485.0,28.5,37.2,1.4282,2004-09-21 18:00:00
2004-09-21,19:00:00,531.0,494.0,26.7,42.3,1.4618,2004-09-21 19:00:00
2004-09-21,20:00:00,428.0,567.0,24.8,49.0,1.5092,2004-09-21 20:00:00
2004-09-21,21:00:00,229.0,680.0,23.6,53.6,1.5374,2004-09-21 21:00:00
2004-09-21,22:00:00,145.0,782.0,23.0,55.8,1.548,2004-09-21 22:00:00
2004-09-21,23:00:00,112.0,809.0,22.1,58.4,1.5393,2004-09-21 23:00:00
2004-09-22,00:00:00,99.0,866.0,22.6,56.3,1.5233,2004-09-22 00:00:00
2004-09-22,01:00:00,98.0,916.0,21.0,61.3,1.5031,2004-09-22 01:00:00
2004-09-22,02:00:00,54.0,1133.0,23.0,54.0,1.501,2004-09-22 02:00:00
2004-09-22,03:00:00,114.57692307692308,1111.0,19.8,65.3,1.4894,2004-09-22 03:00:00
2004-09-22,04:00:00,59.0,949.0,18.3,70.8,1.4794,2004-09-22 04:00:00
2004-09-22,05:00:00,162.0,892.0,18.1,72.5,1.4876,2004-09-22 05:00:00
2004-09-22,06:00:00,268.0,737.0,18.3,71.0,1.4807,2004-09-22 06:00:00
2004-09-22,07:00:00,531.0,521.0,18.5,68.9,1.4565,2004-09-22 07:00:00
2004-09-22,08:00:00,517.0,457.0,20.1,62.7,1.461,2004-09-22 08:00:00
2004-09-22,09:00:00,701.0,479.0,23.5,52.0,1.4833,2004-09-22 09:00:00
2004-09-22,10:00:00,510.0,562.0,26.8,42.7,1.4864,2004-09-22 10:00:00
2004-09-22,11:00:00,415.0,597.0,29.1,36.7,1.4543,2004-09-22 11:00:00
2004-09-22,12:00:00,243.0,674.0,30.8,32.0,1.4014,2004-09-22 12:00:00
2004-09-22,13:00:00,267.0,657.0,27.9,37.0,1.372,2004-09-22 13:00:00
2004-09-22,14:00:00,233.0,680.0,28.5,37.3,1.4291,2004-09-22 14:00:00
2004-09-22,15:00:00,295.0,640.0,30.2,32.9,1.3865,2004-09-22 15:00:00
2004-09-22,16:00:00,309.0,657.0,32.9,27.7,1.3622,2004-09-22 16:00:00
2004-09-22,17:00:00,506.0,523.0,32.2,28.8,1.3624,2004-09-22 17:00:00
2004-09-22,18:00:00,479.0,507.0,28.8,39.0,1.5203,2004-09-22 18:00:00
2004-09-22,19:00:00,460.0,508.0,26.7,43.3,1.4881,2004-09-22 19:00:00
2004-09-22,20:00:00,363.0,582.0,24.6,54.0,1.6461,2004-09-22 20:00:00
2004-09-22,21:00:00,213.0,688.0,23.4,59.9,1.6992,2004-09-22 21:00:00
2004-09-22,22:00:00,183.0,702.0,22.5,62.6,1.6883,2004-09-22 22:00:00
2004-09-22,23:00:00,163.0,749.0,22.9,62.0,1.7127,2004-09-22 23:00:00
2004-09-23,00:00:00,152.0,793.0,22.2,64.9,1.719,2004-09-23 00:00:00
2004-09-23,01:00:00,104.0,818.0,21.4,68.5,1.7261,2004-09-23 01:00:00
2004-09-23,02:00:00,61.0,989.0,22.2,63.0,1.6673,2004-09-23 02:00:00
2004-09-23,03:00:00,114.57692307692308,1131.0,22.4,59.9,1.6069,2004-09-23 03:00:00
2004-09-23,04:00:00,54.0,1138.0,21.1,63.8,1.5817,2004-09-23 04:00:00
2004-09-23,05:00:00,84.0,1085.0,22.9,57.5,1.5879,2004-09-23 05:00:00
2004-09-23,06:00:00,132.0,892.0,21.3,63.2,1.5794,2004-09-23 06:00:00
2004-09-23,07:00:00,422.0,540.0,21.3,63.5,1.5941,2004-09-23 07:00:00
2004-09-23,08:00:00,282.0,582.0,23.7,54.4,1.5765,2004-09-23 08:00:00
2004-09-23,09:00:00,293.0,604.0,25.0,50.8,1.5903,2004-09-23 09:00:00
2004-09-23,10:00:00,334.0,631.0,26.3,48.1,1.6199,2004-09-23 10:00:00
2004-09-23,11:00:00,324.0,608.0,26.4,47.3,1.6006,2004-09-23 11:00:00
2004-09-23,12:00:00,294.0,610.0,29.3,39.5,1.5855,2004-09-23 12:00:00
2004-09-23,13:00:00,273.0,599.0,29.0,39.6,1.5581,2004-09-23 13:00:00
2004-09-23,14:00:00,275.0,618.0,29.8,38.0,1.5642,2004-09-23 14:00:00
2004-09-23,15:00:00,282.0,608.0,30.4,37.2,1.588,2004-09-23 15:00:00
2004-09-23,16:00:00,323.0,586.0,31.5,34.9,1.5903,2004-09-23 16:00:00
2004-09-23,17:00:00,442.0,522.0,31.6,34.8,1.5925,2004-09-23 17:00:00
2004-09-23,18:00:00,431.0,501.0,29.0,40.5,1.5949,2004-09-23 18:00:00
2004-09-23,19:00:00,402.0,510.0,27.2,45.9,1.6302,2004-09-23 19:00:00
2004-09-23,20:00:00,313.0,600.0,26.2,48.7,1.6256,2004-09-23 20:00:00
2004-09-23,21:00:00,228.0,667.0,25.1,50.5,1.584,2004-09-23 21:00:00
2004-09-23,22:00:00,218.0,721.0,24.1,50.7,1.4959,2004-09-23 22:00:00
2004-09-23,23:00:00,179.0,763.0,22.5,53.7,1.4486,2004-09-23 23:00:00
2004-09-24,00:00:00,97.0,859.0,22.7,53.7,1.458,2004-09-24 00:00:00
2004-09-24,01:00:00,83.0,915.0,21.5,57.9,1.4658,2004-09-24 01:00:00
2004-09-24,02:00:00,80.0,908.0,22.3,55.8,1.4828,2004-09-24 02:00:00
2004-09-24,03:00:00,114.57692307692308,1176.0,22.7,53.8,1.4673,2004-09-24 03:00:00
2004-09-24,04:00:00,66.0,1099.0,21.1,59.9,1.4789,2004-09-24 04:00:00
2004-09-24,05:00:00,109.0,1093.0,20.4,63.0,1.4946,2004-09-24 05:00:00
2004-09-24,06:00:00,232.0,792.0,20.8,62.2,1.5119,2004-09-24 06:00:00
2004-09-24,07:00:00,535.0,546.0,21.3,61.6,1.5452,2004-09-24 07:00:00
2004-09-24,08:00:00,684.0,440.0,21.9,60.2,1.56,2004-09-24 08:00:00
2004-09-24,09:00:00,803.0,461.0,23.0,56.4,1.5614,2004-09-24 09:00:00
2004-09-24,10:00:00,539.0,543.0,25.1,49.5,1.5572,2004-09-24 10:00:00
2004-09-24,11:00:00,364.0,581.0,26.6,44.3,1.5229,2004-09-24 11:00:00
2004-09-24,12:00:00,422.0,530.0,26.2,46.0,1.5422,2004-09-24 12:00:00
2004-09-24,13:00:00,483.0,491.0,25.4,48.7,1.5594,2004-09-24 13:00:00
2004-09-24,14:00:00,496.0,518.0,25.6,48.3,1.558,2004-09-24 14:00:00
2004-09-24,15:00:00,403.0,563.0,25.7,47.8,1.5548,2004-09-24 15:00:00
2004-09-24,16:00:00,282.0,624.0,24.9,49.2,1.5251,2004-09-24 16:00:00
2004-09-24,17:00:00,268.0,724.0,18.3,75.4,1.5682,2004-09-24 17:00:00
2004-09-24,18:00:00,306.0,725.0,16.3,73.9,1.3601,2004-09-24 18:00:00
2004-09-24,19:00:00,293.0,736.0,15.6,75.7,1.3345,2004-09-24 19:00:00
2004-09-24,20:00:00,240.0,895.0,15.4,76.6,1.3334,2004-09-24 20:00:00
2004-09-24,21:00:00,93.0,1227.0,14.0,75.4,1.1988,2004-09-24 21:00:00
2004-09-24,22:00:00,99.0,1317.0,14.9,60.5,1.0213,2004-09-24 22:00:00
2004-09-24,23:00:00,55.0,1128.0,15.5,50.9,0.888,2004-09-24 23:00:00
2004-09-25,00:00:00,19.0,1117.0,15.6,50.0,0.8773,2004-09-25 00:00:00
2004-09-25,01:00:00,26.0,1096.0,15.4,53.6,0.9326,2004-09-25 01:00:00
2004-09-25,02:00:00,26.0,1316.0,15.4,53.9,0.9334,2004-09-25 02:00:00
2004-09-25,03:00:00,114.57692307692308,1495.0,15.3,52.4,0.9017,2004-09-25 03:00:00
2004-09-25,04:00:00,42.0,1531.0,15.3,53.1,0.9181,2004-09-25 04:00:00
2004-09-25,05:00:00,32.0,1531.0,15.4,53.7,0.9295,2004-09-25 05:00:00
2004-09-25,06:00:00,25.0,1434.0,15.5,53.3,0.9308,2004-09-25 06:00:00
2004-09-25,07:00:00,28.0,1287.0,15.4,52.7,0.9178,2004-09-25 07:00:00
2004-09-25,08:00:00,41.0,1204.0,15.7,51.1,0.9056,2004-09-25 08:00:00
2004-09-25,09:00:00,130.0,1067.0,16.9,47.7,0.9142,2004-09-25 09:00:00
2004-09-25,10:00:00,173.0,1103.0,18.2,41.9,0.8674,2004-09-25 10:00:00
2004-09-25,11:00:00,168.0,1006.0,19.1,37.0,0.8104,2004-09-25 11:00:00
2004-09-25,12:00:00,51.0,1040.0,19.3,34.8,0.771,2004-09-25 12:00:00
2004-09-25,13:00:00,31.0,1065.0,19.8,31.2,0.7127,2004-09-25 13:00:00
2004-09-25,14:00:00,41.0,1161.0,19.8,31.1,0.7104,2004-09-25 14:00:00
2004-09-25,15:00:00,41.0,1203.0,20.2,28.6,0.6717,2004-09-25 15:00:00
2004-09-25,16:00:00,54.0,1183.0,22.1,24.8,0.6514,2004-09-25 16:00:00
2004-09-25,17:00:00,112.0,1048.0,21.1,27.7,0.6853,2004-09-25 17:00:00
2004-09-25,18:00:00,178.0,931.0,20.1,30.3,0.7045,2004-09-25 18:00:00
2004-09-25,19:00:00,218.0,876.0,19.5,33.0,0.7384,2004-09-25 19:00:00
2004-09-25,20:00:00,241.0,848.0,19.3,32.3,0.7163,2004-09-25 20:00:00
2004-09-25,21:00:00,223.0,937.0,18.4,33.2,0.6975,2004-09-25 21:00:00
2004-09-25,22:00:00,279.0,840.0,17.8,36.5,0.7366,2004-09-25 22:00:00
2004-09-25,23:00:00,330.0,746.0,17.8,39.9,0.8035,2004-09-25 23:00:00
2004-09-26,00:00:00,330.0,794.0,17.0,43.0,0.8242,2004-09-26 00:00:00
2004-09-26,01:00:00,341.0,739.0,15.5,52.2,0.9136,2004-09-26 01:00:00
2004-09-26,02:00:00,205.0,872.0,15.6,51.9,0.9135,2004-09-26 02:00:00
2004-09-26,03:00:00,114.57692307692308,872.0,13.5,59.4,0.9176,2004-09-26 03:00:00
2004-09-26,04:00:00,130.0,969.0,13.4,59.9,0.9173,2004-09-26 04:00:00
2004-09-26,05:00:00,102.0,999.0,12.5,63.2,0.9146,2004-09-26 05:00:00
2004-09-26,06:00:00,79.0,1128.0,13.6,57.6,0.8941,2004-09-26 06:00:00
2004-09-26,07:00:00,148.0,989.0,12.2,63.2,0.8964,2004-09-26 07:00:00
2004-09-26,08:00:00,261.0,865.0,14.6,56.4,0.9319,2004-09-26 08:00:00
2004-09-26,09:00:00,107.0,1170.0,19.8,38.6,0.8831,2004-09-26 09:00:00
2004-09-26,10:00:00,103.0,1222.0,21.6,33.4,0.8519,2004-09-26 10:00:00
2004-09-26,11:00:00,122.0,1147.0,22.0,32.2,0.8407,2004-09-26 11:00:00
2004-09-26,12:00:00,127.0,1127.0,22.7,30.2,0.8217,2004-09-26 12:00:00
2004-09-26,13:00:00,110.0,1077.0,22.3,30.4,0.8063,2004-09-26 13:00:00
2004-09-26,14:00:00,98.0,1048.0,22.1,30.5,0.7981,2004-09-26 14:00:00
2004-09-26,15:00:00,146.0,1166.0,22.1,29.5,0.7761,2004-09-26 15:00:00
2004-09-26,16:00:00,119.0,1176.0,23.4,27.1,0.7681,2004-09-26 16:00:00
2004-09-26,17:00:00,234.0,823.0,23.1,27.0,0.7538,2004-09-26 17:00:00
2004-09-26,18:00:00,261.0,908.0,21.5,31.4,0.7943,2004-09-26 18:00:00
2004-09-26,19:00:00,371.0,795.0,20.3,35.5,0.833,2004-09-26 19:00:00
2004-09-26,20:00:00,266.0,911.0,19.6,36.3,0.8193,2004-09-26 20:00:00
2004-09-26,21:00:00,268.0,853.0,18.7,39.7,0.8482,2004-09-26 21:00:00
2004-09-26,22:00:00,294.0,829.0,18.0,42.7,0.8745,2004-09-26 22:00:00
2004-09-26,23:00:00,303.0,768.0,17.1,47.6,0.9208,2004-09-26 23:00:00
2004-09-27,00:00:00,241.0,802.0,16.6,51.3,0.9634,2004-09-27 00:00:00
2004-09-27,01:00:00,142.0,891.0,15.9,55.2,0.9881,2004-09-27 01:00:00
2004-09-27,02:00:00,110.0,921.0,14.9,58.9,0.9891,2004-09-27 02:00:00
2004-09-27,03:00:00,114.57692307692308,1079.0,14.1,61.0,0.9799,2004-09-27 03:00:00
2004-09-27,04:00:00,104.0,1024.0,14.0,62.6,0.9948,2004-09-27 04:00:00
2004-09-27,05:00:00,179.0,889.0,14.1,61.7,0.9844,2004-09-27 05:00:00
2004-09-27,06:00:00,361.0,801.0,14.4,60.3,0.9802,2004-09-27 06:00:00
2004-09-27,07:00:00,799.0,542.0,15.0,57.7,0.9778,2004-09-27 07:00:00
2004-09-27,08:00:00,614.0,618.0,16.9,50.3,0.958,2004-09-27 08:00:00
2004-09-27,09:00:00,275.0,873.0,19.7,40.2,0.9108,2004-09-27 09:00:00
2004-09-27,10:00:00,325.0,847.0,22.2,33.6,0.8886,2004-09-27 10:00:00
2004-09-27,11:00:00,327.0,862.0,23.7,29.6,0.8537,2004-09-27 11:00:00
2004-09-27,12:00:00,252.0,886.0,21.9,30.7,0.7961,2004-09-27 12:00:00
2004-09-27,13:00:00,226.0,852.0,22.3,29.5,0.7838,2004-09-27 13:00:00
2004-09-27,14:00:00,230.0,853.0,23.8,27.0,0.7845,2004-09-27 14:00:00
2004-09-27,15:00:00,244.0,829.0,23.3,28.3,0.8012,2004-09-27 15:00:00
2004-09-27,16:00:00,251.0,788.0,24.2,27.2,0.8128,2004-09-27 16:00:00
2004-09-27,17:00:00,346.0,683.0,25.1,25.8,0.8065,2004-09-27 17:00:00
2004-09-27,18:00:00,407.0,670.0,22.3,29.2,0.7773,2004-09-27 18:00:00
2004-09-27,19:00:00,490.0,633.0,20.8,32.5,0.7873,2004-09-27 19:00:00
2004-09-27,20:00:00,434.0,702.0,19.1,36.8,0.8066,2004-09-27 20:00:00
2004-09-27,21:00:00,345.0,758.0,18.1,39.9,0.8232,2004-09-27 21:00:00
2004-09-27,22:00:00,192.0,837.0,17.4,42.8,0.8463,2004-09-27 22:00:00
2004-09-27,23:00:00,157.0,891.0,16.7,46.6,0.8793,2004-09-27 23:00:00
2004-09-28,00:00:00,148.0,994.0,17.1,46.8,0.9054,2004-09-28 00:00:00
2004-09-28,01:00:00,105.0,1091.0,15.3,51.9,0.8982,2004-09-28 01:00:00
2004-09-28,02:00:00,141.0,1138.0,15.0,52.8,0.8929,2004-09-28 02:00:00
2004-09-28,03:00:00,114.57692307692308,1191.0,14.4,54.5,0.8887,2004-09-28 03:00:00
2004-09-28,04:00:00,107.0,1208.0,12.8,59.8,0.8801,2004-09-28 04:00:00
2004-09-28,05:00:00,166.0,1057.0,11.9,62.7,0.8726,2004-09-28 05:00:00
2004-09-28,06:00:00,241.0,890.0,12.1,62.6,0.8825,2004-09-28 06:00:00
2004-09-28,07:00:00,368.0,707.0,13.5,58.2,0.8944,2004-09-28 07:00:00
2004-09-28,08:00:00,498.0,550.0,14.4,55.7,0.9087,2004-09-28 08:00:00
2004-09-28,09:00:00,641.0,601.0,17.8,45.7,0.9224,2004-09-28 09:00:00
2004-09-28,10:00:00,667.0,615.0,21.0,37.2,0.9155,2004-09-28 10:00:00
2004-09-28,11:00:00,550.0,618.0,24.5,29.8,0.9008,2004-09-28 11:00:00
2004-09-28,12:00:00,483.0,602.0,26.4,26.4,0.8969,2004-09-28 12:00:00
2004-09-28,13:00:00,524.0,605.0,25.2,26.8,0.8451,2004-09-28 13:00:00
2004-09-28,14:00:00,481.0,640.0,26.1,24.8,0.8283,2004-09-28 14:00:00
2004-09-28,15:00:00,305.0,748.0,26.2,24.4,0.8174,2004-09-28 15:00:00
2004-09-28,16:00:00,396.0,670.0,28.9,21.3,0.8382,2004-09-28 16:00:00
2004-09-28,17:00:00,501.0,554.0,28.0,23.3,0.8681,2004-09-28 17:00:00
2004-09-28,18:00:00,702.0,488.0,24.7,27.9,0.8559,2004-09-28 18:00:00
2004-09-28,19:00:00,755.0,466.0,23.0,33.6,0.9302,2004-09-28 19:00:00
2004-09-28,20:00:00,524.0,555.0,20.9,45.8,1.1159,2004-09-28 20:00:00
2004-09-28,21:00:00,247.0,707.0,19.8,48.6,1.113,2004-09-28 21:00:00
2004-09-28,22:00:00,196.0,788.0,19.8,47.7,1.0885,2004-09-28 22:00:00
2004-09-28,23:00:00,135.0,883.0,18.6,49.1,1.0435,2004-09-28 23:00:00
2004-09-29,00:00:00,146.0,879.0,17.2,53.9,1.0498,2004-09-29 00:00:00
2004-09-29,01:00:00,106.0,981.0,16.3,56.8,1.047,2004-09-29 01:00:00
2004-09-29,02:00:00,70.0,1150.0,17.4,53.4,1.0541,2004-09-29 02:00:00
2004-09-29,03:00:00,114.57692307692308,1169.0,15.5,58.8,1.0309,2004-09-29 03:00:00
2004-09-29,04:00:00,62.0,1145.0,14.6,62.1,1.0236,2004-09-29 04:00:00
2004-09-29,05:00:00,60.0,1221.0,17.1,52.5,1.013,2004-09-29 05:00:00
2004-09-29,06:00:00,92.0,1029.0,15.2,58.3,0.9986,2004-09-29 06:00:00
2004-09-29,07:00:00,277.0,739.0,14.9,59.2,0.9985,2004-09-29 07:00:00
2004-09-29,08:00:00,600.0,510.0,15.1,59.0,1.0086,2004-09-29 08:00:00
2004-09-29,09:00:00,693.0,499.0,19.0,47.8,1.0434,2004-09-29 09:00:00
2004-09-29,10:00:00,617.0,573.0,22.4,38.8,1.04,2004-09-29 10:00:00
2004-09-29,11:00:00,569.0,593.0,25.4,33.3,1.0679,2004-09-29 11:00:00
2004-09-29,12:00:00,409.0,593.0,27.2,30.4,1.081,2004-09-29 12:00:00
2004-09-29,13:00:00,335.0,621.0,25.5,34.8,1.1152,2004-09-29 13:00:00
2004-09-29,14:00:00,290.0,698.0,26.4,28.5,0.9658,2004-09-29 14:00:00
2004-09-29,15:00:00,312.0,677.0,27.7,25.1,0.9158,2004-09-29 15:00:00
2004-09-29,16:00:00,440.0,626.0,28.6,23.2,0.8917,2004-09-29 16:00:00
2004-09-29,17:00:00,450.0,597.0,27.2,26.3,0.9317,2004-09-29 17:00:00
2004-09-29,18:00:00,578.0,491.0,25.3,33.0,1.0473,2004-09-29 18:00:00
2004-09-29,19:00:00,615.0,467.0,23.2,36.9,1.0346,2004-09-29 19:00:00
2004-09-29,20:00:00,536.0,541.0,21.6,43.3,1.1019,2004-09-29 20:00:00
2004-09-29,21:00:00,238.0,685.0,21.1,44.8,1.1088,2004-09-29 21:00:00
2004-09-29,22:00:00,249.0,699.0,19.7,49.3,1.1148,2004-09-29 22:00:00
2004-09-29,23:00:00,150.0,812.0,20.3,47.8,1.1281,2004-09-29 23:00:00
2004-09-30,00:00:00,108.0,869.0,19.4,50.3,1.1201,2004-09-30 00:00:00
2004-09-30,01:00:00,157.3323353293413,879.0,18.3,53.1,1.1056,2004-09-30 01:00:00
2004-09-30,02:00:00,118.58132530120481,1030.0,17.5,56.1,1.1103,2004-09-30 02:00:00
2004-09-30,03:00:00,114.57692307692308,1138.0,19.2,50.3,1.1087,2004-09-30 03:00:00
2004-09-30,04:00:00,81.15361445783132,1036.0,16.6,59.6,1.117,2004-09-30 04:00:00
2004-09-30,05:00:00,86.8018018018018,932.0,17.5,57.1,1.1311,2004-09-30 05:00:00
2004-09-30,06:00:00,125.69161676646706,778.0,17.6,57.6,1.1471,2004-09-30 06:00:00
2004-09-30,07:00:00,224.625748502994,520.0,18.0,57.0,1.1665,2004-09-30 07:00:00
2004-09-30,08:00:00,344.72340425531917,436.0,18.5,55.9,1.1779,2004-09-30 08:00:00
2004-09-30,09:00:00,361.3263473053892,544.0,18.6,57.2,1.2146,2004-09-30 09:00:00
2004-09-30,10:00:00,339.4970238095238,525.0,20.2,53.0,1.2407,2004-09-30 10:00:00
2004-09-30,11:00:00,306.3373134328358,504.0,21.3,50.1,1.2539,2004-09-30 11:00:00
2004-09-30,12:00:00,273.05970149253733,695.0,24.6,42.8,1.3053,2004-09-30 12:00:00
2004-09-30,13:00:00,223.0,678.0,24.6,44.1,1.3477,2004-09-30 13:00:00
2004-09-30,14:00:00,267.0,613.0,25.6,43.4,1.4049,2004-09-30 14:00:00
2004-09-30,15:00:00,308.0,578.0,26.1,42.6,1.4172,2004-09-30 15:00:00
2004-09-30,16:00:00,422.0,516.0,25.8,44.8,1.4644,2004-09-30 16:00:00
2004-09-30,17:00:00,623.0,419.0,25.4,47.9,1.5346,2004-09-30 17:00:00
2004-09-30,18:00:00,572.0,436.0,24.6,50.0,1.5241,2004-09-30 18:00:00
2004-09-30,19:00:00,514.0,449.0,23.6,54.4,1.5687,2004-09-30 19:00:00
2004-09-30,20:00:00,414.0,529.0,22.6,59.5,1.6155,2004-09-30 20:00:00
2004-09-30,21:00:00,143.0,677.0,22.1,61.3,1.6133,2004-09-30 21:00:00
2004-09-30,22:00:00,147.0,700.0,22.1,61.3,1.6053,2004-09-30 22:00:00
2004-09-30,23:00:00,159.0,665.0,21.1,64.7,1.5956,2004-09-30 23:00:00
2004-10-01,00:00:00,206.0,659.0,20.3,66.4,1.5591,2004-10-01 00:00:00
2004-10-01,01:00:00,140.0,687.0,19.4,69.3,1.5418,2004-10-01 01:00:00
2004-10-01,02:00:00,132.0,764.0,19.0,70.8,1.5417,2004-10-01 02:00:00
2004-10-01,03:00:00,114.57692307692308,893.0,20.2,65.8,1.5442,2004-10-01 03:00:00
2004-10-01,04:00:00,81.0,968.0,19.8,67.2,1.5322,2004-10-01 04:00:00
2004-10-01,05:00:00,120.0,872.0,19.0,70.3,1.5308,2004-10-01 05:00:00
2004-10-01,06:00:00,279.0,674.0,18.8,71.8,1.5372,2004-10-01 06:00:00
2004-10-01,07:00:00,392.0,559.0,20.2,66.3,1.555,2004-10-01 07:00:00
2004-10-01,08:00:00,433.0,469.0,20.8,64.3,1.563,2004-10-01 08:00:00
2004-10-01,09:00:00,531.0,503.0,22.3,59.3,1.5705,2004-10-01 09:00:00
2004-10-01,10:00:00,619.0,497.0,23.2,56.6,1.5929,2004-10-01 10:00:00
2004-10-01,11:00:00,522.0,506.0,23.8,54.7,1.587,2004-10-01 11:00:00
2004-10-01,12:00:00,505.0,485.0,23.5,56.2,1.6048,2004-10-01 12:00:00
2004-10-01,13:00:00,465.0,477.0,23.9,54.4,1.5963,2004-10-01 13:00:00
2004-10-01,14:00:00,383.0,540.0,24.65,50.9,1.5566499999999999,2004-10-01 14:00:00
2004-10-01,15:00:00,278.0,603.0,25.4,47.4,1.517,2004-10-01 15:00:00
2004-10-01,16:00:00,372.0,530.0,26.4,45.4,1.54,2004-10-01 16:00:00
2004-10-01,17:00:00,540.0,458.0,25.8,46.9,1.5375,2004-10-01 17:00:00
2004-10-01,18:00:00,350.6577380952381,435.0,25.3,49.6,1.5805,2004-10-01 18:00:00
2004-10-01,19:00:00,364.00296735905044,411.0,24.2,54.3,1.6117,2004-10-01 19:00:00
2004-10-01,20:00:00,349.0949554896142,524.0,22.8,58.1,1.5951,2004-10-01 20:00:00
2004-10-01,21:00:00,289.3690476190476,598.0,21.5,63.2,1.5993,2004-10-01 21:00:00
2004-10-01,22:00:00,219.32835820895522,645.0,21.3,63.0,1.5798,2004-10-01 22:00:00
2004-10-01,23:00:00,197.87761194029852,686.0,20.8,64.1,1.554,2004-10-01 23:00:00
2004-10-02,00:00:00,190.41964285714286,642.0,20.6,64.0,1.5346,2004-10-02 00:00:00
2004-10-02,01:00:00,157.3323353293413,699.0,20.6,63.4,1.519,2004-10-02 01:00:00
2004-10-02,02:00:00,118.58132530120481,742.0,20.4,64.4,1.522,2004-10-02 02:00:00
2004-10-02,03:00:00,114.57692307692308,858.0,21.3,61.0,1.529,2004-10-02 03:00:00
2004-10-02,04:00:00,81.15361445783132,867.0,20.5,64.0,1.5247,2004-10-02 04:00:00
2004-10-02,05:00:00,86.8018018018018,774.0,20.3,65.3,1.5321,2004-10-02 05:00:00
2004-10-02,06:00:00,125.69161676646706,751.0,20.1,65.9,1.5321,2004-10-02 06:00:00
2004-10-02,07:00:00,224.625748502994,612.0,20.2,65.6,1.5368,2004-10-02 07:00:00
2004-10-02,08:00:00,344.72340425531917,592.0,21.1,62.8,1.5481,2004-10-02 08:00:00
2004-10-02,09:00:00,361.3263473053892,608.0,22.5,57.5,1.5518,2004-10-02 09:00:00
2004-10-02,10:00:00,339.4970238095238,648.0,24.2,51.9,1.5426,2004-10-02 10:00:00
2004-10-02,11:00:00,306.3373134328358,614.0,25.2,48.9,1.5437,2004-10-02 11:00:00
2004-10-02,12:00:00,273.05970149253733,630.0,25.8,47.8,1.5662,2004-10-02 12:00:00
2004-10-02,13:00:00,253.2882882882883,639.0,25.7,49.2,1.5988,2004-10-02 13:00:00
2004-10-02,14:00:00,243.25225225225225,739.0,25.8,49.6,1.6213,2004-10-02 14:00:00
2004-10-02,15:00:00,238.64970059880238,704.0,25.7,48.8,1.5913,2004-10-02 15:00:00
2004-10-02,16:00:00,261.36716417910446,690.0,26.5,45.9,1.5626,2004-10-02 16:00:00
2004-10-02,17:00:00,308.0385756676558,638.0,25.4,48.9,1.565,2004-10-02 17:00:00
2004-10-02,18:00:00,350.6577380952381,617.0,24.4,52.5,1.583,2004-10-02 18:00:00
2004-10-02,19:00:00,364.00296735905044,512.0,23.9,54.6,1.5936,2004-10-02 19:00:00
2004-10-02,20:00:00,349.0949554896142,553.0,22.9,57.9,1.5958,2004-10-02 20:00:00
2004-10-02,21:00:00,289.3690476190476,666.0,22.1,61.1,1.6012,2004-10-02 21:00:00
2004-10-02,22:00:00,219.32835820895522,668.0,20.8,65.6,1.5898,2004-10-02 22:00:00
2004-10-02,23:00:00,197.87761194029852,691.0,21.7,60.8,1.563,2004-10-02 23:00:00
2004-10-03,00:00:00,190.41964285714286,720.0,21.1,62.8,1.5505,2004-10-03 00:00:00
2004-10-03,01:00:00,157.3323353293413,788.0,20.7,63.2,1.524,2004-10-03 01:00:00
2004-10-03,02:00:00,118.58132530120481,850.0,21.2,61.5,1.5241,2004-10-03 02:00:00
2004-10-03,03:00:00,114.57692307692308,881.0,20.3,64.6,1.518,2004-10-03 03:00:00
2004-10-03,04:00:00,81.15361445783132,908.0,20.2,64.4,1.5035,2004-10-03 04:00:00
2004-10-03,05:00:00,86.8018018018018,948.0,20.1,65.3,1.5153,2004-10-03 05:00:00
2004-10-03,06:00:00,125.69161676646706,972.0,19.9,66.0,1.5141,2004-10-03 06:00:00
2004-10-03,07:00:00,224.625748502994,829.0,19.8,66.4,1.5145,2004-10-03 07:00:00
2004-10-03,08:00:00,344.72340425531917,800.0,20.4,64.1,1.5178,2004-10-03 08:00:00
2004-10-03,09:00:00,361.3263473053892,727.0,21.6,60.8,1.5496,2004-10-03 09:00:00
2004-10-03,10:00:00,339.4970238095238,647.0,23.5,54.5,1.5553,2004-10-03 10:00:00
2004-10-03,11:00:00,306.3373134328358,711.0,25.7,46.6,1.5105,2004-10-03 11:00:00
2004-10-03,12:00:00,273.05970149253733,663.0,26.6,43.7,1.5031,2004-10-03 12:00:00
2004-10-03,13:00:00,253.2882882882883,715.0,27.4,41.8,1.5056,2004-10-03 13:00:00
2004-10-03,14:00:00,243.25225225225225,794.0,27.4,42.8,1.5344,2004-10-03 14:00:00
2004-10-03,15:00:00,238.64970059880238,769.0,27.1,43.3,1.5255,2004-10-03 15:00:00
2004-10-03,16:00:00,261.36716417910446,775.0,26.9,44.4,1.551,2004-10-03 16:00:00
2004-10-03,17:00:00,308.0385756676558,716.0,26.9,44.4,1.5538,2004-10-03 17:00:00
2004-10-03,18:00:00,350.6577380952381,647.0,24.7,51.9,1.5868,2004-10-03 18:00:00
2004-10-03,19:00:00,364.00296735905044,514.0,23.7,55.6,1.6074,2004-10-03 19:00:00
2004-10-03,20:00:00,349.0949554896142,498.0,22.7,59.6,1.6261,2004-10-03 20:00:00
2004-10-03,21:00:00,289.3690476190476,654.0,21.9,61.4,1.5946,2004-10-03 21:00:00
2004-10-03,22:00:00,219.32835820895522,735.0,22.0,59.8,1.562,2004-10-03 22:00:00
2004-10-03,23:00:00,197.87761194029852,745.0,20.5,64.9,1.5473,2004-10-03 23:00:00
2004-10-04,00:00:00,190.41964285714286,828.0,19.8,66.9,1.5277,2004-10-04 00:00:00
2004-10-04,01:00:00,157.3323353293413,838.0,18.4,71.6,1.4997,2004-10-04 01:00:00
2004-10-04,02:00:00,118.58132530120481,969.0,18.9,68.6,1.4818,2004-10-04 02:00:00
2004-10-04,03:00:00,114.57692307692308,1037.0,17.8,72.3,1.4546,2004-10-04 03:00:00
2004-10-04,04:00:00,81.15361445783132,997.0,17.1,73.9,1.4262,2004-10-04 04:00:00
2004-10-04,05:00:00,86.8018018018018,937.0,17.7,70.3,1.4088,2004-10-04 05:00:00
2004-10-04,06:00:00,125.69161676646706,858.0,17.1,71.8,1.3936,2004-10-04 06:00:00
2004-10-04,07:00:00,224.625748502994,706.0,18.3,67.5,1.4044,2004-10-04 07:00:00
2004-10-04,08:00:00,344.72340425531917,550.0,18.5,67.0,1.4135,2004-10-04 08:00:00
2004-10-04,09:00:00,361.3263473053892,505.0,19.9,61.7,1.4193,2004-10-04 09:00:00
2004-10-04,10:00:00,339.4970238095238,527.0,22.9,52.6,1.4519,2004-10-04 10:00:00
2004-10-04,11:00:00,306.3373134328358,519.0,24.2,49.0,1.4586,2004-10-04 11:00:00
2004-10-04,12:00:00,273.05970149253733,516.0,25.8,44.7,1.459,2004-10-04 12:00:00
2004-10-04,13:00:00,253.2882882882883,561.0,26.0,44.5,1.4731,2004-10-04 13:00:00
2004-10-04,14:00:00,243.25225225225225,625.0,27.1,40.2,1.4217,2004-10-04 14:00:00
2004-10-04,15:00:00,238.64970059880238,612.0,27.4,39.8,1.4318,2004-10-04 15:00:00
2004-10-04,16:00:00,261.36716417910446,528.0,28.9,36.3,1.4291,2004-10-04 16:00:00
2004-10-04,17:00:00,308.0385756676558,451.0,28.4,37.5,1.4251,2004-10-04 17:00:00
2004-10-04,18:00:00,350.6577380952381,391.0,26.0,43.9,1.4562,2004-10-04 18:00:00
2004-10-04,19:00:00,364.00296735905044,378.0,24.3,49.6,1.486,2004-10-04 19:00:00
2004-10-04,20:00:00,349.0949554896142,520.0,23.3,53.0,1.4939,2004-10-04 20:00:00
2004-10-04,21:00:00,289.3690476190476,699.0,22.6,55.1,1.4899,2004-10-04 21:00:00
2004-10-04,22:00:00,219.32835820895522,731.0,21.2,59.3,1.4787,2004-10-04 22:00:00
2004-10-04,23:00:00,197.87761194029852,787.0,20.6,60.9,1.4642,2004-10-04 23:00:00
2004-10-05,00:00:00,190.41964285714286,810.0,20.0,63.1,1.4592,2004-10-05 00:00:00
2004-10-05,01:00:00,157.3323353293413,971.0,19.7,63.4,1.4383,2004-10-05 01:00:00
2004-10-05,02:00:00,118.58132530120481,1081.0,20.8,58.8,1.4305,2004-10-05 02:00:00
2004-10-05,03:00:00,114.57692307692308,1072.0,17.8,69.8,1.4058,2004-10-05 03:00:00
2004-10-05,04:00:00,81.15361445783132,1053.0,18.8,65.3,1.4023,2004-10-05 04:00:00
2004-10-05,05:00:00,86.8018018018018,955.0,17.6,69.5,1.3889,2004-10-05 05:00:00
2004-10-05,06:00:00,125.69161676646706,763.0,17.4,69.7,1.3714,2004-10-05 06:00:00
2004-10-05,07:00:00,224.625748502994,476.0,17.4,70.1,1.3783,2004-10-05 07:00:00
2004-10-05,08:00:00,344.72340425531917,491.0,18.5,65.5,1.3787,2004-10-05 08:00:00
2004-10-05,09:00:00,361.3263473053892,525.0,20.6,58.5,1.4054,2004-10-05 09:00:00
2004-10-05,10:00:00,339.4970238095238,513.0,23.9,48.7,1.4269,2004-10-05 10:00:00
2004-10-05,11:00:00,306.3373134328358,539.0,26.0,43.8,1.4499,2004-10-05 11:00:00
2004-10-05,12:00:00,273.05970149253733,453.0,28.6,37.3,1.4423,2004-10-05 12:00:00
2004-10-05,13:00:00,253.2882882882883,516.0,27.9,38.0,1.4029,2004-10-05 13:00:00
2004-10-05,14:00:00,243.25225225225225,575.0,28.4,37.6,1.4282,2004-10-05 14:00:00
2004-10-05,15:00:00,238.64970059880238,611.0,28.5,37.3,1.4329,2004-10-05 15:00:00
2004-10-05,16:00:00,261.36716417910446,533.0,30.8,31.8,1.3908,2004-10-05 16:00:00
2004-10-05,17:00:00,308.0385756676558,459.0,29.7,33.1,1.3546,2004-10-05 17:00:00
2004-10-05,18:00:00,350.6577380952381,401.0,27.0,40.2,1.4158,2004-10-05 18:00:00
2004-10-05,19:00:00,364.00296735905044,380.0,25.6,47.5,1.539,2004-10-05 19:00:00
2004-10-05,20:00:00,349.0949554896142,475.0,23.9,57.2,1.6774,2004-10-05 20:00:00
2004-10-05,21:00:00,289.3690476190476,500.0,22.7,60.8,1.6582,2004-10-05 21:00:00
2004-10-05,22:00:00,219.32835820895522,602.0,21.8,59.9,1.5492,2004-10-05 22:00:00
2004-10-05,23:00:00,197.87761194029852,688.0,22.4,58.3,1.561,2004-10-05 23:00:00
2004-10-06,00:00:00,190.41964285714286,760.0,21.7,60.2,1.5442,2004-10-06 00:00:00
2004-10-06,01:00:00,157.3323353293413,810.0,21.2,61.4,1.5258,2004-10-06 01:00:00
2004-10-06,02:00:00,118.58132530120481,841.0,19.3,68.4,1.513,2004-10-06 02:00:00
2004-10-06,03:00:00,114.57692307692308,943.0,19.8,65.1,1.49,2004-10-06 03:00:00
2004-10-06,04:00:00,81.15361445783132,992.0,20.0,62.9,1.4495,2004-10-06 04:00:00
2004-10-06,05:00:00,86.8018018018018,933.0,18.3,68.5,1.4291,2004-10-06 05:00:00
2004-10-06,06:00:00,125.69161676646706,804.0,18.1,68.5,1.4067,2004-10-06 06:00:00
2004-10-06,07:00:00,224.625748502994,506.0,17.6,70.5,1.4057,2004-10-06 07:00:00
2004-10-06,08:00:00,344.72340425531917,429.0,18.3,67.8,1.4091,2004-10-06 08:00:00
2004-10-06,09:00:00,361.3263473053892,473.0,20.4,61.2,1.447,2004-10-06 09:00:00
2004-10-06,10:00:00,339.4970238095238,560.0,22.5,55.6,1.499,2004-10-06 10:00:00
2004-10-06,11:00:00,306.3373134328358,530.0,25.7,46.4,1.507,2004-10-06 11:00:00
2004-10-06,12:00:00,273.05970149253733,542.0,26.8,44.6,1.5467,2004-10-06 12:00:00
2004-10-06,13:00:00,253.2882882882883,518.0,26.0,46.4,1.5414,2004-10-06 13:00:00
2004-10-06,14:00:00,243.25225225225225,563.0,26.3,46.0,1.5478,2004-10-06 14:00:00
2004-10-06,15:00:00,238.64970059880238,530.0,27.4,43.9,1.5811,2004-10-06 15:00:00
2004-10-06,16:00:00,261.36716417910446,542.0,29.6,36.7,1.4936,2004-10-06 16:00:00
2004-10-06,17:00:00,308.0385756676558,476.0,28.7,37.3,1.4486,2004-10-06 17:00:00
2004-10-06,18:00:00,350.6577380952381,463.0,25.7,44.1,1.4331,2004-10-06 18:00:00
2004-10-06,19:00:00,364.00296735905044,360.0,24.5,49.5,1.5022,2004-10-06 19:00:00
2004-10-06,20:00:00,349.0949554896142,427.0,23.3,54.4,1.5386,2004-10-06 20:00:00
2004-10-06,21:00:00,289.3690476190476,542.0,22.4,57.9,1.5449,2004-10-06 21:00:00
2004-10-06,22:00:00,219.32835820895522,641.0,22.7,55.8,1.5218,2004-10-06 22:00:00
2004-10-06,23:00:00,197.87761194029852,620.0,20.4,62.4,1.4758,2004-10-06 23:00:00
2004-10-07,00:00:00,190.41964285714286,650.0,20.3,64.2,1.5063,2004-10-07 00:00:00
2004-10-07,01:00:00,157.3323353293413,814.0,21.4,60.6,1.5236,2004-10-07 01:00:00
2004-10-07,02:00:00,118.58132530120481,894.0,20.3,66.3,1.5657,2004-10-07 02:00:00
2004-10-07,03:00:00,114.57692307692308,925.0,20.9,62.2,1.5182,2004-10-07 03:00:00
2004-10-07,04:00:00,81.15361445783132,948.0,19.9,66.1,1.5198,2004-10-07 04:00:00
2004-10-07,05:00:00,86.8018018018018,852.0,19.8,67.1,1.5305,2004-10-07 05:00:00
2004-10-07,06:00:00,125.69161676646706,741.0,20.1,64.4,1.4967,2004-10-07 06:00:00
2004-10-07,07:00:00,224.625748502994,518.0,19.7,66.4,1.5035,2004-10-07 07:00:00
2004-10-07,08:00:00,344.72340425531917,383.0,20.9,62.4,1.5226,2004-10-07 08:00:00
2004-10-07,09:00:00,361.3263473053892,491.0,22.5,57.0,1.5314,2004-10-07 09:00:00
2004-10-07,10:00:00,339.4970238095238,516.0,23.5,53.4,1.5241,2004-10-07 10:00:00
2004-10-07,11:00:00,306.3373134328358,587.0,24.7,48.2,1.4802,2004-10-07 11:00:00
2004-10-07,12:00:00,273.05970149253733,571.0,27.1,40.9,1.4405,2004-10-07 12:00:00
2004-10-07,13:00:00,253.2882882882883,561.0,25.9,44.2,1.4576,2004-10-07 13:00:00
2004-10-07,14:00:00,243.25225225225225,566.0,26.9,41.8,1.4555,2004-10-07 14:00:00
2004-10-07,15:00:00,238.64970059880238,605.0,27.2,40.7,1.4481,2004-10-07 15:00:00
2004-10-07,16:00:00,267.0,572.0,28.6,37.6,1.4468,2004-10-07 16:00:00
2004-10-07,17:00:00,398.0,447.0,28.0,38.5,1.437,2004-10-07 17:00:00
2004-10-07,18:00:00,418.0,463.0,25.2,45.8,1.4464,2004-10-07 18:00:00
2004-10-07,19:00:00,515.0,399.0,24.0,50.6,1.4892,2004-10-07 19:00:00
2004-10-07,20:00:00,669.0,396.0,23.2,54.7,1.5296,2004-10-07 20:00:00
2004-10-07,21:00:00,326.0,559.0,22.3,57.1,1.5219,2004-10-07 21:00:00
2004-10-07,22:00:00,209.0,658.0,21.8,58.2,1.5036,2004-10-07 22:00:00
2004-10-07,23:00:00,183.0,658.0,20.9,61.3,1.4923,2004-10-07 23:00:00
2004-10-08,00:00:00,165.0,668.0,20.6,62.0,1.4827,2004-10-08 00:00:00
2004-10-08,01:00:00,111.0,762.0,20.3,62.5,1.472,2004-10-08 01:00:00
2004-10-08,02:00:00,67.0,920.0,20.5,62.1,1.4771,2004-10-08 02:00:00
2004-10-08,03:00:00,114.57692307692308,931.0,18.7,68.5,1.4586,2004-10-08 03:00:00
2004-10-08,04:00:00,88.0,865.0,18.2,70.3,1.4498,2004-10-08 04:00:00
2004-10-08,05:00:00,147.0,817.0,18.2,70.1,1.4552,2004-10-08 05:00:00
2004-10-08,06:00:00,279.0,653.0,18.2,70.0,1.4519,2004-10-08 06:00:00
2004-10-08,07:00:00,665.0,440.0,19.4,66.5,1.4801,2004-10-08 07:00:00
2004-10-08,08:00:00,592.0,465.0,19.5,66.9,1.4999,2004-10-08 08:00:00
2004-10-08,09:00:00,557.0,483.0,21.1,61.1,1.5056,2004-10-08 09:00:00
2004-10-08,10:00:00,693.0,435.0,23.2,54.7,1.5349,2004-10-08 10:00:00
2004-10-08,11:00:00,530.0,496.0,24.4,52.5,1.5807,2004-10-08 11:00:00
2004-10-08,12:00:00,412.0,518.0,26.4,45.8,1.553,2004-10-08 12:00:00
2004-10-08,13:00:00,366.0,520.0,27.7,39.2,1.4356,2004-10-08 13:00:00
2004-10-08,14:00:00,344.0,548.0,28.0,39.6,1.4738,2004-10-08 14:00:00
2004-10-08,15:00:00,339.0,525.0,28.7,38.4,1.486,2004-10-08 15:00:00
2004-10-08,16:00:00,297.0,586.0,28.5,39.4,1.5147,2004-10-08 16:00:00
2004-10-08,17:00:00,294.0,543.0,28.4,39.8,1.5191,2004-10-08 17:00:00
2004-10-08,18:00:00,211.0,534.0,26.4,45.9,1.5572,2004-10-08 18:00:00
2004-10-08,19:00:00,323.0,497.0,25.2,49.5,1.5665,2004-10-08 19:00:00
2004-10-08,20:00:00,333.0,525.0,24.9,50.9,1.5856,2004-10-08 20:00:00
2004-10-08,21:00:00,163.0,619.0,24.6,52.2,1.5951,2004-10-08 21:00:00
2004-10-08,22:00:00,151.0,652.0,24.0,54.4,1.6049,2004-10-08 22:00:00
2004-10-08,23:00:00,167.0,666.0,23.8,56.1,1.6298,2004-10-08 23:00:00
2004-10-09,00:00:00,174.0,665.0,22.3,60.6,1.608,2004-10-09 00:00:00
2004-10-09,01:00:00,142.0,673.0,21.9,61.5,1.5967,2004-10-09 01:00:00
2004-10-09,02:00:00,155.0,697.0,21.1,64.5,1.594,2004-10-09 02:00:00
2004-10-09,03:00:00,114.57692307692308,766.0,21.0,64.4,1.5828,2004-10-09 03:00:00
2004-10-09,04:00:00,96.0,780.0,21.3,63.9,1.5951,2004-10-09 04:00:00
2004-10-09,05:00:00,154.0,681.0,20.8,66.7,1.6201,2004-10-09 05:00:00
2004-10-09,06:00:00,211.0,681.0,20.6,67.5,1.621,2004-10-09 06:00:00
2004-10-09,07:00:00,381.0,523.0,20.9,66.3,1.6165,2004-10-09 07:00:00
2004-10-09,08:00:00,470.0,489.0,21.5,63.7,1.6186,2004-10-09 08:00:00
2004-10-09,09:00:00,464.0,502.0,23.7,56.0,1.6238,2004-10-09 09:00:00
2004-10-09,10:00:00,450.0,498.0,26.0,48.2,1.598,2004-10-09 10:00:00
2004-10-09,11:00:00,274.0,588.0,28.5,42.4,1.6286,2004-10-09 11:00:00
2004-10-09,12:00:00,306.0,512.0,28.1,45.3,1.6957,2004-10-09 12:00:00
2004-10-09,13:00:00,308.0,539.0,29.0,43.9,1.7309,2004-10-09 13:00:00
2004-10-09,14:00:00,186.0,624.0,28.9,44.3,1.7392,2004-10-09 14:00:00
2004-10-09,15:00:00,238.0,548.0,29.6,42.3,1.7248,2004-10-09 15:00:00
2004-10-09,16:00:00,249.0,578.0,29.4,42.9,1.7308,2004-10-09 16:00:00
2004-10-09,17:00:00,378.0,502.0,28.7,45.1,1.7468,2004-10-09 17:00:00
2004-10-09,18:00:00,386.0,470.0,27.0,51.2,1.7928,2004-10-09 18:00:00
2004-10-09,19:00:00,461.0,448.0,26.5,52.7,1.7966,2004-10-09 19:00:00
2004-10-09,20:00:00,394.0,535.0,26.2,51.7,1.7334,2004-10-09 20:00:00
2004-10-09,21:00:00,266.0,630.0,24.8,56.4,1.7447,2004-10-09 21:00:00
2004-10-09,22:00:00,158.0,701.0,24.9,56.0,1.7367,2004-10-09 22:00:00
2004-10-09,23:00:00,319.0,565.0,24.5,57.5,1.7433,2004-10-09 23:00:00
2004-10-10,00:00:00,409.0,552.0,24.7,56.9,1.7438,2004-10-10 00:00:00
2004-10-10,01:00:00,223.0,621.0,23.9,59.2,1.7327,2004-10-10 01:00:00
2004-10-10,02:00:00,107.0,732.0,23.8,60.2,1.7515,2004-10-10 02:00:00
2004-10-10,03:00:00,114.57692307692308,845.0,23.5,61.3,1.7538,2004-10-10 03:00:00
2004-10-10,04:00:00,50.0,942.0,22.8,64.0,1.7507,2004-10-10 04:00:00
2004-10-10,05:00:00,56.0,910.0,22.2,65.6,1.7355,2004-10-10 05:00:00
2004-10-10,06:00:00,163.0,753.0,21.3,69.1,1.7275,2004-10-10 06:00:00
2004-10-10,07:00:00,187.0,705.0,21.3,68.2,1.7127,2004-10-10 07:00:00
2004-10-10,08:00:00,150.0,765.0,22.2,65.2,1.7256,2004-10-10 08:00:00
2004-10-10,09:00:00,103.0,807.0,24.1,59.0,1.7449,2004-10-10 09:00:00
2004-10-10,10:00:00,143.0,814.0,24.3,61.6,1.8468,2004-10-10 10:00:00
2004-10-10,11:00:00,220.0,680.0,24.8,59.6,1.8351,2004-10-10 11:00:00
2004-10-10,12:00:00,301.0,668.0,24.5,58.8,1.7838,2004-10-10 12:00:00
2004-10-10,13:00:00,214.0,768.0,21.0,76.8,1.8881,2004-10-10 13:00:00
2004-10-10,14:00:00,162.0,872.0,19.8,78.0,1.7879,2004-10-10 14:00:00
2004-10-10,15:00:00,232.0,815.0,19.4,80.5,1.7917,2004-10-10 15:00:00
2004-10-10,16:00:00,254.0,784.0,19.6,79.1,1.7877,2004-10-10 16:00:00
2004-10-10,17:00:00,224.0,744.0,20.8,73.1,1.7695,2004-10-10 17:00:00
2004-10-10,18:00:00,247.0,733.0,21.1,68.6,1.7014,2004-10-10 18:00:00
2004-10-10,19:00:00,334.0,726.0,21.1,68.3,1.6914,2004-10-10 19:00:00
2004-10-10,20:00:00,239.0,734.0,21.2,67.7,1.6848,2004-10-10 20:00:00
2004-10-10,21:00:00,168.0,806.0,20.8,68.6,1.6719,2004-10-10 21:00:00
2004-10-10,22:00:00,185.0,767.0,20.8,68.1,1.6585,2004-10-10 22:00:00
2004-10-10,23:00:00,178.0,768.0,20.7,68.4,1.6507,2004-10-10 23:00:00
2004-10-11,00:00:00,132.0,799.0,20.1,70.5,1.6384,2004-10-11 00:00:00
2004-10-11,01:00:00,135.0,794.0,20.2,67.9,1.5901,2004-10-11 01:00:00
2004-10-11,02:00:00,39.0,1203.0,19.4,70.4,1.5663,2004-10-11 02:00:00
2004-10-11,03:00:00,114.57692307692308,1166.0,18.8,73.8,1.5885,2004-10-11 03:00:00
2004-10-11,04:00:00,33.0,1139.0,17.9,77.7,1.5795,2004-10-11 04:00:00
2004-10-11,05:00:00,90.0,956.0,18.2,76.9,1.5945,2004-10-11 05:00:00
2004-10-11,06:00:00,164.0,757.0,18.6,74.9,1.5918,2004-10-11 06:00:00
2004-10-11,07:00:00,336.0,559.0,19.6,70.3,1.5821,2004-10-11 07:00:00
2004-10-11,08:00:00,366.0,499.0,20.2,66.6,1.5567,2004-10-11 08:00:00
2004-10-11,09:00:00,565.0,475.0,19.7,68.9,1.5638,2004-10-11 09:00:00
2004-10-11,10:00:00,536.0,564.0,19.2,73.4,1.6192,2004-10-11 10:00:00
2004-10-11,11:00:00,416.0,647.0,20.0,69.6,1.607,2004-10-11 11:00:00
2004-10-11,12:00:00,379.0,607.0,21.1,64.0,1.5795,2004-10-11 12:00:00
2004-10-11,13:00:00,368.0,557.0,20.2,67.4,1.5832,2004-10-11 13:00:00
2004-10-11,14:00:00,444.0,566.0,20.2,68.9,1.6074,2004-10-11 14:00:00
2004-10-11,15:00:00,352.0,634.0,21.9,57.6,1.4942,2004-10-11 15:00:00
2004-10-11,16:00:00,375.0,574.0,23.2,52.0,1.4642,2004-10-11 16:00:00
2004-10-11,17:00:00,479.0,499.0,21.7,59.1,1.5115,2004-10-11 17:00:00
2004-10-11,18:00:00,448.0,525.0,20.8,61.4,1.4898,2004-10-11 18:00:00
2004-10-11,19:00:00,388.0,537.0,19.9,64.2,1.4711,2004-10-11 19:00:00
2004-10-11,20:00:00,376.0,592.0,19.7,65.1,1.4769,2004-10-11 20:00:00
2004-10-11,21:00:00,224.0,700.0,20.0,63.3,1.4672,2004-10-11 21:00:00
2004-10-11,22:00:00,206.0,743.0,19.0,66.1,1.4415,2004-10-11 22:00:00
2004-10-11,23:00:00,143.0,846.0,18.8,60.9,1.3032,2004-10-11 23:00:00
2004-10-12,00:00:00,113.0,919.0,18.9,60.7,1.311,2004-10-12 00:00:00
2004-10-12,01:00:00,93.0,915.0,18.1,65.2,1.343,2004-10-12 01:00:00
2004-10-12,02:00:00,58.0,1134.0,18.3,65.1,1.3529,2004-10-12 02:00:00
2004-10-12,03:00:00,114.57692307692308,1072.0,18.3,66.9,1.3952,2004-10-12 03:00:00
2004-10-12,04:00:00,56.0,1029.0,17.8,67.5,1.3674,2004-10-12 04:00:00
2004-10-12,05:00:00,105.0,982.0,16.9,66.7,1.2772,2004-10-12 05:00:00
2004-10-12,06:00:00,243.0,881.0,17.8,60.6,1.2276,2004-10-12 06:00:00
2004-10-12,07:00:00,492.0,671.0,17.6,60.8,1.2151,2004-10-12 07:00:00
2004-10-12,08:00:00,435.0,648.0,17.9,57.8,1.1751,2004-10-12 08:00:00
2004-10-12,09:00:00,361.3263473053892,795.0,18.1,56.4,1.1645,2004-10-12 09:00:00
2004-10-12,10:00:00,339.4970238095238,785.0,18.2,55.9,1.1547,2004-10-12 10:00:00
2004-10-12,11:00:00,306.3373134328358,793.0,19.7,49.1,1.1148,2004-10-12 11:00:00
2004-10-12,12:00:00,273.05970149253733,773.0,20.8,45.8,1.1126,2004-10-12 12:00:00
2004-10-12,13:00:00,253.2882882882883,707.0,20.5,46.0,1.1,2004-10-12 13:00:00
2004-10-12,14:00:00,243.25225225225225,826.0,18.9,50.6,1.0927,2004-10-12 14:00:00
2004-10-12,15:00:00,238.64970059880238,816.0,18.4,51.6,1.0832,2004-10-12 15:00:00
2004-10-12,16:00:00,261.36716417910446,818.0,17.9,52.6,1.0711,2004-10-12 16:00:00
2004-10-12,17:00:00,308.0385756676558,730.0,17.1,54.2,1.0503,2004-10-12 17:00:00
2004-10-12,18:00:00,350.6577380952381,708.0,16.5,56.2,1.0455,2004-10-12 18:00:00
2004-10-12,19:00:00,364.00296735905044,670.0,16.7,54.1,1.0212,2004-10-12 19:00:00
2004-10-12,20:00:00,349.0949554896142,898.0,15.4,57.7,1.0008,2004-10-12 20:00:00
2004-10-12,21:00:00,289.3690476190476,990.0,15.5,57.1,0.9971,2004-10-12 21:00:00
2004-10-12,22:00:00,219.32835820895522,997.0,15.6,55.9,0.985,2004-10-12 22:00:00
2004-10-12,23:00:00,197.87761194029852,1074.0,14.8,58.4,0.9777,2004-10-12 23:00:00
2004-10-13,00:00:00,190.41964285714286,1164.0,14.8,57.9,0.9662,2004-10-13 00:00:00
2004-10-13,01:00:00,157.3323353293413,1276.0,14.6,57.6,0.9517,2004-10-13 01:00:00
2004-10-13,02:00:00,118.58132530120481,1419.0,14.6,57.1,0.9428,2004-10-13 02:00:00
2004-10-13,03:00:00,114.57692307692308,1558.0,14.4,57.6,0.9416,2004-10-13 03:00:00
2004-10-13,04:00:00,81.15361445783132,1590.0,14.5,57.4,0.9413,2004-10-13 04:00:00
2004-10-13,05:00:00,86.8018018018018,1485.0,14.3,58.4,0.9501,2004-10-13 05:00:00
2004-10-13,06:00:00,125.69161676646706,1205.0,14.7,57.4,0.9564,2004-10-13 06:00:00
2004-10-13,07:00:00,224.625748502994,908.0,14.3,58.1,0.9404,2004-10-13 07:00:00
2004-10-13,08:00:00,344.72340425531917,878.0,14.0,58.3,0.9294,2004-10-13 08:00:00
2004-10-13,09:00:00,286.0,882.0,15.4,53.2,0.9246,2004-10-13 09:00:00
2004-10-13,10:00:00,281.0,932.0,16.5,49.9,0.9289,2004-10-13 10:00:00
2004-10-13,11:00:00,306.3373134328358,859.0,17.4,47.6,0.9387,2004-10-13 11:00:00
2004-10-13,12:00:00,273.05970149253733,818.0,18.0,46.1,0.9401,2004-10-13 12:00:00
2004-10-13,13:00:00,253.2882882882883,832.0,17.9,46.5,0.9474,2004-10-13 13:00:00
2004-10-13,14:00:00,243.25225225225225,831.0,17.4,48.3,0.955,2004-10-13 14:00:00
2004-10-13,15:00:00,238.64970059880238,892.0,16.0,52.6,0.9489,2004-10-13 15:00:00
2004-10-13,16:00:00,261.36716417910446,795.0,15.3,58.7,1.0154,2004-10-13 16:00:00
2004-10-13,17:00:00,308.0385756676558,726.0,15.2,55.9,0.9572,2004-10-13 17:00:00
2004-10-13,18:00:00,350.6577380952381,759.0,14.8,56.3,0.9459,2004-10-13 18:00:00
2004-10-13,19:00:00,364.00296735905044,731.0,14.7,57.8,0.9626,2004-10-13 19:00:00
2004-10-13,20:00:00,349.0949554896142,834.0,14.8,57.3,0.9603,2004-10-13 20:00:00
2004-10-13,21:00:00,289.3690476190476,970.0,14.9,57.1,0.9581,2004-10-13 21:00:00
2004-10-13,22:00:00,219.32835820895522,1013.0,15.2,55.5,0.9521,2004-10-13 22:00:00
2004-10-13,23:00:00,197.87761194029852,1015.0,15.3,55.4,0.9564,2004-10-13 23:00:00
2004-10-14,00:00:00,190.41964285714286,1004.0,15.1,56.9,0.9673,2004-10-14 00:00:00
2004-10-14,01:00:00,157.3323353293413,1146.0,15.0,56.4,0.9554,2004-10-14 01:00:00
2004-10-14,02:00:00,118.58132530120481,1333.0,14.9,56.4,0.9474,2004-10-14 02:00:00
2004-10-14,03:00:00,114.57692307692308,1434.0,15.2,54.7,0.9394,2004-10-14 03:00:00
2004-10-14,04:00:00,81.15361445783132,1436.0,15.1,55.4,0.9439,2004-10-14 04:00:00
2004-10-14,05:00:00,86.8018018018018,1325.0,14.9,56.8,0.9541,2004-10-14 05:00:00
2004-10-14,06:00:00,125.69161676646706,1080.0,15.2,55.9,0.9589,2004-10-14 06:00:00
2004-10-14,07:00:00,224.625748502994,758.0,15.3,56.3,0.9684,2004-10-14 07:00:00
2004-10-14,08:00:00,344.72340425531917,659.0,15.6,55.4,0.9725,2004-10-14 08:00:00
2004-10-14,09:00:00,361.3263473053892,747.0,16.3,53.3,0.9809,2004-10-14 09:00:00
2004-10-14,10:00:00,339.4970238095238,776.0,20.4,42.2,0.9964,2004-10-14 10:00:00
2004-10-14,11:00:00,306.3373134328358,788.0,21.9,39.4,1.0234,2004-10-14 11:00:00
2004-10-14,12:00:00,273.05970149253733,746.0,21.5,41.2,1.0399,2004-10-14 12:00:00
2004-10-14,13:00:00,253.2882882882883,726.0,22.2,41.4,1.097,2004-10-14 13:00:00
2004-10-14,14:00:00,243.25225225225225,675.0,21.0,46.8,1.1508,2004-10-14 14:00:00
2004-10-14,15:00:00,238.64970059880238,679.0,21.9,44.9,1.1635,2004-10-14 15:00:00
2004-10-14,16:00:00,261.36716417910446,711.0,21.5,46.7,1.1837,2004-10-14 16:00:00
2004-10-14,17:00:00,308.0385756676558,653.0,19.7,56.6,1.2811,2004-10-14 17:00:00
2004-10-14,18:00:00,350.6577380952381,615.0,18.8,60.8,1.3036,2004-10-14 18:00:00
2004-10-14,19:00:00,364.00296735905044,537.0,19.3,59.6,1.3195,2004-10-14 19:00:00
2004-10-14,20:00:00,349.0949554896142,553.0,17.6,69.2,1.3803,2004-10-14 20:00:00
2004-10-14,21:00:00,289.3690476190476,769.0,16.4,77.1,1.4243,2004-10-14 21:00:00
2004-10-14,22:00:00,219.32835820895522,884.0,16.6,77.3,1.4491,2004-10-14 22:00:00
2004-10-14,23:00:00,197.87761194029852,908.0,15.9,78.1,1.4039,2004-10-14 23:00:00
2004-10-15,00:00:00,190.41964285714286,770.0,15.1,82.3,1.4009,2004-10-15 00:00:00
2004-10-15,01:00:00,157.3323353293413,906.0,14.8,83.8,1.4005,2004-10-15 01:00:00
2004-10-15,02:00:00,118.58132530120481,1046.0,14.4,84.6,1.3794,2004-10-15 02:00:00
2004-10-15,03:00:00,114.57692307692308,1125.0,15.8,77.6,1.3792,2004-10-15 03:00:00
2004-10-15,04:00:00,81.15361445783132,1097.0,15.2,79.4,1.3605,2004-10-15 04:00:00
2004-10-15,05:00:00,86.8018018018018,992.0,14.8,81.9,1.3735,2004-10-15 05:00:00
2004-10-15,06:00:00,125.69161676646706,725.0,14.6,82.9,1.3706,2004-10-15 06:00:00
2004-10-15,07:00:00,224.625748502994,544.0,14.8,80.4,1.3428,2004-10-15 07:00:00
2004-10-15,08:00:00,344.72340425531917,519.0,15.6,77.1,1.3527,2004-10-15 08:00:00
2004-10-15,09:00:00,361.3263473053892,501.0,17.3,70.9,1.3876,2004-10-15 09:00:00
2004-10-15,10:00:00,339.4970238095238,578.0,22.2,51.3,1.3543,2004-10-15 10:00:00
2004-10-15,11:00:00,306.3373134328358,639.0,24.4,43.9,1.3184,2004-10-15 11:00:00
2004-10-15,12:00:00,273.05970149253733,620.0,22.7,47.6,1.2989,2004-10-15 12:00:00
2004-10-15,13:00:00,253.2882882882883,560.0,20.5,61.5,1.4673,2004-10-15 13:00:00
2004-10-15,14:00:00,243.25225225225225,684.0,23.3,40.4,1.1421,2004-10-15 14:00:00
2004-10-15,15:00:00,238.64970059880238,603.0,23.2,39.9,1.1172,2004-10-15 15:00:00
2004-10-15,16:00:00,261.36716417910446,540.0,21.5,44.5,1.129,2004-10-15 16:00:00
2004-10-15,17:00:00,308.0385756676558,509.0,20.9,48.5,1.1878,2004-10-15 17:00:00
2004-10-15,18:00:00,350.6577380952381,539.0,19.8,53.1,1.216,2004-10-15 18:00:00
2004-10-15,19:00:00,364.00296735905044,648.0,20.1,53.6,1.2477,2004-10-15 19:00:00
2004-10-15,20:00:00,349.0949554896142,689.0,19.6,56.0,1.2623,2004-10-15 20:00:00
2004-10-15,21:00:00,289.3690476190476,902.0,18.6,60.4,1.2817,2004-10-15 21:00:00
2004-10-15,22:00:00,219.32835820895522,853.0,14.5,78.3,1.288,2004-10-15 22:00:00
2004-10-15,23:00:00,197.87761194029852,939.0,16.3,70.5,1.2921,2004-10-15 23:00:00
2004-10-16,00:00:00,190.41964285714286,825.0,14.1,83.8,1.346,2004-10-16 00:00:00
2004-10-16,01:00:00,157.3323353293413,879.0,14.5,81.3,1.3399,2004-10-16 01:00:00
2004-10-16,02:00:00,118.58132530120481,1033.0,14.7,80.7,1.3414,2004-10-16 02:00:00
2004-10-16,03:00:00,114.57692307692308,986.0,14.5,82.1,1.3493,2004-10-16 03:00:00
2004-10-16,04:00:00,81.15361445783132,970.0,15.0,78.4,1.3333,2004-10-16 04:00:00
2004-10-16,05:00:00,86.8018018018018,902.0,14.5,80.5,1.3221,2004-10-16 05:00:00
2004-10-16,06:00:00,125.69161676646706,808.0,14.6,79.0,1.3082,2004-10-16 06:00:00
2004-10-16,07:00:00,224.625748502994,807.0,15.0,74.8,1.2672,2004-10-16 07:00:00
2004-10-16,08:00:00,344.72340425531917,667.0,15.9,70.4,1.2658,2004-10-16 08:00:00
2004-10-16,09:00:00,361.3263473053892,729.0,17.4,62.3,1.2282,2004-10-16 09:00:00
2004-10-16,10:00:00,339.4970238095238,756.0,21.3,42.9,1.0727,2004-10-16 10:00:00
2004-10-16,11:00:00,306.3373134328358,828.0,22.0,38.9,1.0154,2004-10-16 11:00:00
2004-10-16,12:00:00,273.05970149253733,892.0,20.3,41.3,0.9745,2004-10-16 12:00:00
2004-10-16,13:00:00,253.2882882882883,819.0,20.2,45.6,1.0663,2004-10-16 13:00:00
2004-10-16,14:00:00,243.25225225225225,1021.0,20.8,37.4,0.9107,2004-10-16 14:00:00
2004-10-16,15:00:00,238.64970059880238,960.0,21.6,35.9,0.9164,2004-10-16 15:00:00
2004-10-16,16:00:00,261.36716417910446,825.0,22.0,35.7,0.9329,2004-10-16 16:00:00
2004-10-16,17:00:00,308.0385756676558,816.0,19.9,42.0,0.9665,2004-10-16 17:00:00
2004-10-16,18:00:00,350.6577380952381,695.0,19.2,46.3,1.0158,2004-10-16 18:00:00
2004-10-16,19:00:00,364.00296735905044,787.0,17.9,56.9,1.1545,2004-10-16 19:00:00
2004-10-16,20:00:00,349.0949554896142,819.0,14.7,75.5,1.2554,2004-10-16 20:00:00
2004-10-16,21:00:00,289.3690476190476,855.0,15.1,78.9,1.3409,2004-10-16 21:00:00
2004-10-16,22:00:00,219.32835820895522,979.0,17.2,66.7,1.2987,2004-10-16 22:00:00
2004-10-16,23:00:00,197.87761194029852,960.0,15.4,73.2,1.2755,2004-10-16 23:00:00
2004-10-17,00:00:00,190.41964285714286,1118.0,16.5,68.5,1.2753,2004-10-17 00:00:00
2004-10-17,01:00:00,157.3323353293413,1097.0,16.4,70.3,1.3031,2004-10-17 01:00:00
2004-10-17,02:00:00,118.58132530120481,991.0,15.4,78.1,1.3557,2004-10-17 02:00:00
2004-10-17,03:00:00,114.57692307692308,984.0,15.8,75.5,1.3436,2004-10-17 03:00:00
2004-10-17,04:00:00,81.15361445783132,1120.0,16.0,69.5,1.2549,2004-10-17 04:00:00
2004-10-17,05:00:00,86.8018018018018,1217.0,15.0,71.0,1.2032,2004-10-17 05:00:00
2004-10-17,06:00:00,125.69161676646706,1208.0,13.9,75.2,1.1884,2004-10-17 06:00:00
2004-10-17,07:00:00,224.625748502994,1181.0,15.9,62.1,1.1103,2004-10-17 07:00:00
2004-10-17,08:00:00,344.72340425531917,961.0,15.9,61.0,1.0911,2004-10-17 08:00:00
2004-10-17,09:00:00,361.3263473053892,913.0,17.1,58.7,1.1332,2004-10-17 09:00:00
2004-10-17,10:00:00,339.4970238095238,846.0,19.2,51.9,1.1404,2004-10-17 10:00:00
2004-10-17,11:00:00,306.3373134328358,900.0,21.5,42.6,1.0798,2004-10-17 11:00:00
2004-10-17,12:00:00,273.05970149253733,866.0,21.6,39.9,1.0156,2004-10-17 12:00:00
2004-10-17,13:00:00,253.2882882882883,744.0,21.6,40.4,1.0309,2004-10-17 13:00:00
2004-10-17,14:00:00,243.25225225225225,701.0,22.0,37.3,0.9768,2004-10-17 14:00:00
2004-10-17,15:00:00,238.64970059880238,999.0,22.1,35.2,0.9253,2004-10-17 15:00:00
2004-10-17,16:00:00,261.36716417910446,962.0,22.4,36.0,0.9621,2004-10-17 16:00:00
2004-10-17,17:00:00,308.0385756676558,733.0,20.9,40.3,0.9866,2004-10-17 17:00:00
2004-10-17,18:00:00,350.6577380952381,749.0,19.8,41.5,0.9489,2004-10-17 18:00:00
2004-10-17,19:00:00,364.00296735905044,712.0,18.2,46.0,0.9538,2004-10-17 19:00:00
2004-10-17,20:00:00,349.0949554896142,783.0,17.3,50.3,0.9837,2004-10-17 20:00:00
2004-10-17,21:00:00,289.3690476190476,814.0,15.8,57.6,1.0271,2004-10-17 21:00:00
2004-10-17,22:00:00,219.32835820895522,840.0,15.5,59.7,1.0413,2004-10-17 22:00:00
2004-10-17,23:00:00,197.87761194029852,808.0,15.5,60.6,1.0574,2004-10-17 23:00:00
2004-10-18,00:00:00,190.41964285714286,922.0,15.8,59.9,1.0676,2004-10-18 00:00:00
2004-10-18,01:00:00,157.3323353293413,988.0,14.8,64.3,1.073,2004-10-18 01:00:00
2004-10-18,02:00:00,118.58132530120481,1116.0,14.8,64.7,1.0788,2004-10-18 02:00:00
2004-10-18,03:00:00,114.57692307692308,1226.0,13.8,67.6,1.0581,2004-10-18 03:00:00
2004-10-18,04:00:00,81.15361445783132,1191.0,14.5,65.0,1.0672,2004-10-18 04:00:00
2004-10-18,05:00:00,86.8018018018018,1074.0,14.0,67.4,1.0703,2004-10-18 05:00:00
2004-10-18,06:00:00,125.69161676646706,759.0,12.6,73.6,1.0699,2004-10-18 06:00:00
2004-10-18,07:00:00,224.625748502994,576.0,13.3,70.4,1.0711,2004-10-18 07:00:00
2004-10-18,08:00:00,344.72340425531917,514.0,14.4,65.8,1.0773,2004-10-18 08:00:00
2004-10-18,09:00:00,361.3263473053892,616.0,16.8,57.8,1.0947,2004-10-18 09:00:00
2004-10-18,10:00:00,339.4970238095238,646.0,19.7,49.3,1.1199,2004-10-18 10:00:00
2004-10-18,11:00:00,306.3373134328358,599.0,21.1,47.2,1.1659,2004-10-18 11:00:00
2004-10-18,12:00:00,273.05970149253733,608.0,22.2,43.2,1.1427,2004-10-18 12:00:00
2004-10-18,13:00:00,253.2882882882883,549.0,21.4,47.2,1.1927,2004-10-18 13:00:00
2004-10-18,14:00:00,243.25225225225225,537.0,19.9,55.4,1.2702,2004-10-18 14:00:00
2004-10-18,15:00:00,238.64970059880238,512.0,20.3,54.0,1.2744,2004-10-18 15:00:00
2004-10-18,16:00:00,261.36716417910446,497.0,20.0,56.5,1.3051,2004-10-18 16:00:00
2004-10-18,17:00:00,308.0385756676558,407.0,19.7,57.8,1.3138,2004-10-18 17:00:00
2004-10-18,18:00:00,350.6577380952381,398.0,19.3,59.0,1.3077,2004-10-18 18:00:00
2004-10-18,19:00:00,364.00296735905044,436.0,18.5,60.3,1.2706,2004-10-18 19:00:00
2004-10-18,20:00:00,349.0949554896142,444.0,17.8,66.3,1.341,2004-10-18 20:00:00
2004-10-18,21:00:00,289.3690476190476,597.0,17.6,65.9,1.3175,2004-10-18 21:00:00
2004-10-18,22:00:00,219.32835820895522,761.0,17.5,63.5,1.2622,2004-10-18 22:00:00
2004-10-18,23:00:00,197.87761194029852,779.0,16.5,67.2,1.2491,2004-10-18 23:00:00
2004-10-19,00:00:00,190.41964285714286,788.0,16.2,69.1,1.259,2004-10-19 00:00:00
2004-10-19,01:00:00,157.3323353293413,746.0,14.9,74.7,1.2564,2004-10-19 01:00:00
2004-10-19,02:00:00,118.58132530120481,788.0,14.1,76.7,1.2273,2004-10-19 02:00:00
2004-10-19,03:00:00,114.57692307692308,842.0,14.0,76.6,1.2202,2004-10-19 03:00:00
2004-10-19,04:00:00,81.15361445783132,818.0,14.9,73.8,1.24,2004-10-19 04:00:00
2004-10-19,05:00:00,86.8018018018018,772.0,15.2,73.1,1.257,2004-10-19 05:00:00
2004-10-19,06:00:00,125.69161676646706,669.0,15.2,73.4,1.2626,2004-10-19 06:00:00
2004-10-19,07:00:00,224.625748502994,517.0,15.2,74.7,1.2824,2004-10-19 07:00:00
2004-10-19,08:00:00,344.72340425531917,404.0,15.8,71.7,1.278,2004-10-19 08:00:00
2004-10-19,09:00:00,361.3263473053892,441.0,16.6,68.4,1.2829,2004-10-19 09:00:00
2004-10-19,10:00:00,339.4970238095238,485.0,17.6,64.9,1.2925,2004-10-19 10:00:00
2004-10-19,11:00:00,306.3373134328358,479.0,18.3,63.8,1.331,2004-10-19 11:00:00
2004-10-19,12:00:00,273.05970149253733,474.0,19.4,61.1,1.3652,2004-10-19 12:00:00
2004-10-19,13:00:00,253.2882882882883,544.0,20.9,58.1,1.4193,2004-10-19 13:00:00
2004-10-19,14:00:00,243.25225225225225,640.0,22.0,54.0,1.4114,2004-10-19 14:00:00
2004-10-19,15:00:00,238.64970059880238,602.0,22.8,53.0,1.4482,2004-10-19 15:00:00
2004-10-19,16:00:00,261.36716417910446,593.0,21.7,57.6,1.4756,2004-10-19 16:00:00
2004-10-19,17:00:00,308.0385756676558,530.0,21.3,60.8,1.5205,2004-10-19 17:00:00
2004-10-19,18:00:00,350.6577380952381,490.0,21.2,61.7,1.5309,2004-10-19 18:00:00
2004-10-19,19:00:00,364.00296735905044,474.0,21.2,62.2,1.5473,2004-10-19 19:00:00
2004-10-19,20:00:00,349.0949554896142,454.0,20.8,65.1,1.5782,2004-10-19 20:00:00
2004-10-19,21:00:00,289.3690476190476,470.0,19.9,69.0,1.5877,2004-10-19 21:00:00
2004-10-19,22:00:00,219.32835820895522,513.0,18.8,73.7,1.5785,2004-10-19 22:00:00
2004-10-19,23:00:00,197.87761194029852,571.0,19.2,71.3,1.5723,2004-10-19 23:00:00
2004-10-20,00:00:00,190.41964285714286,603.0,19.0,71.6,1.5549,2004-10-20 00:00:00
2004-10-20,01:00:00,157.3323353293413,666.0,19.5,69.7,1.5596,2004-10-20 01:00:00
2004-10-20,02:00:00,118.58132530120481,675.0,19.4,70.1,1.5626,2004-10-20 02:00:00
2004-10-20,03:00:00,114.57692307692308,684.0,18.4,74.5,1.5634,2004-10-20 03:00:00
2004-10-20,04:00:00,81.15361445783132,688.0,18.7,73.4,1.5701,2004-10-20 04:00:00
2004-10-20,05:00:00,86.8018018018018,645.0,18.4,74.6,1.5631,2004-10-20 05:00:00
2004-10-20,06:00:00,125.69161676646706,594.0,18.5,74.4,1.5661,2004-10-20 06:00:00
2004-10-20,07:00:00,224.625748502994,458.0,18.8,73.0,1.5737,2004-10-20 07:00:00
2004-10-20,08:00:00,344.72340425531917,371.0,19.9,69.9,1.6036,2004-10-20 08:00:00
2004-10-20,09:00:00,361.3263473053892,448.0,21.3,66.1,1.6556,2004-10-20 09:00:00
2004-10-20,10:00:00,339.4970238095238,467.0,23.0,61.8,1.7135,2004-10-20 10:00:00
2004-10-20,11:00:00,306.3373134328358,438.0,22.4,64.6,1.7271,2004-10-20 11:00:00
2004-10-20,12:00:00,273.05970149253733,424.0,23.8,59.9,1.7376,2004-10-20 12:00:00
2004-10-20,13:00:00,253.2882882882883,431.0,24.7,56.9,1.7472,2004-10-20 13:00:00
2004-10-20,14:00:00,243.25225225225225,452.0,25.4,55.1,1.761,2004-10-20 14:00:00
2004-10-20,15:00:00,238.64970059880238,473.0,25.7,54.5,1.7684,2004-10-20 15:00:00
2004-10-20,16:00:00,652.0,424.0,24.8,57.7,1.7765,2004-10-20 16:00:00
2004-10-20,17:00:00,895.0,348.0,24.6,58.9,1.8005,2004-10-20 17:00:00
2004-10-20,18:00:00,826.0,358.0,23.9,61.8,1.8088,2004-10-20 18:00:00
2004-10-20,19:00:00,648.0,373.0,23.0,65.9,1.8319,2004-10-20 19:00:00
2004-10-20,20:00:00,629.0,409.0,22.4,67.7,1.8161,2004-10-20 20:00:00
2004-10-20,21:00:00,529.0,458.0,22.0,69.2,1.8061,2004-10-20 21:00:00
2004-10-20,22:00:00,405.0,511.0,21.8,69.6,1.79,2004-10-20 22:00:00
2004-10-20,23:00:00,461.0,496.0,21.9,68.3,1.7699,2004-10-20 23:00:00
2004-10-21,00:00:00,486.0,467.0,21.7,69.7,1.7872,2004-10-21 00:00:00
2004-10-21,01:00:00,335.0,552.0,21.3,70.3,1.7574,2004-10-21 01:00:00
2004-10-21,02:00:00,210.0,664.0,20.8,71.7,1.7415,2004-10-21 02:00:00
2004-10-21,03:00:00,114.57692307692308,784.0,21.4,69.0,1.7421,2004-10-21 03:00:00
2004-10-21,04:00:00,99.0,754.0,21.4,69.3,1.7515,2004-10-21 04:00:00
2004-10-21,05:00:00,149.0,830.0,21.3,69.5,1.7447,2004-10-21 05:00:00
2004-10-21,06:00:00,203.0,706.0,21.5,67.5,1.708,2004-10-21 06:00:00
2004-10-21,07:00:00,332.0,578.0,21.9,64.8,1.683,2004-10-21 07:00:00
2004-10-21,08:00:00,446.0,494.0,22.6,61.4,1.6645,2004-10-21 08:00:00
2004-10-21,09:00:00,524.0,517.0,22.6,61.5,1.6636,2004-10-21 09:00:00
2004-10-21,10:00:00,347.0,572.0,25.5,52.3,1.6796,2004-10-21 10:00:00
2004-10-21,11:00:00,273.0,634.0,27.0,47.6,1.67,2004-10-21 11:00:00
2004-10-21,12:00:00,404.0,542.0,25.2,53.3,1.6834,2004-10-21 12:00:00
2004-10-21,13:00:00,253.2882882882883,578.0,26.6,49.3,1.6872,2004-10-21 13:00:00
2004-10-21,14:00:00,312.0,585.0,27.2,48.5,1.7172,2004-10-21 14:00:00
2004-10-21,15:00:00,369.0,539.0,26.9,50.0,1.7507,2004-10-21 15:00:00
2004-10-21,16:00:00,362.0,519.0,26.5,52.2,1.7769,2004-10-21 16:00:00
2004-10-21,17:00:00,335.0,488.0,27.0,51.0,1.7936,2004-10-21 17:00:00
2004-10-21,18:00:00,447.0,427.0,25.9,55.8,1.8347,2004-10-21 18:00:00
2004-10-21,19:00:00,576.0,382.0,25.1,59.4,1.8632,2004-10-21 19:00:00
2004-10-21,20:00:00,486.0,432.0,24.7,58.7,1.8001,2004-10-21 20:00:00
2004-10-21,21:00:00,439.0,450.0,23.6,62.2,1.7863,2004-10-21 21:00:00
2004-10-21,22:00:00,462.0,448.0,22.4,67.1,1.794,2004-10-21 22:00:00
2004-10-21,23:00:00,441.0,466.0,21.6,69.2,1.763,2004-10-21 23:00:00
2004-10-22,00:00:00,223.0,593.0,21.3,68.5,1.7164,2004-10-22 00:00:00
2004-10-22,01:00:00,126.0,714.0,21.2,68.6,1.7046,2004-10-22 01:00:00
2004-10-22,02:00:00,116.0,788.0,20.3,70.6,1.6659,2004-10-22 02:00:00
2004-10-22,03:00:00,114.57692307692308,870.0,20.8,67.3,1.6353,2004-10-22 03:00:00
2004-10-22,04:00:00,125.0,849.0,19.6,71.3,1.612,2004-10-22 04:00:00
2004-10-22,05:00:00,198.0,802.0,18.7,74.4,1.5861,2004-10-22 05:00:00
2004-10-22,06:00:00,185.0,770.0,19.8,69.2,1.5808,2004-10-22 06:00:00
2004-10-22,07:00:00,425.0,541.0,19.8,69.4,1.5859,2004-10-22 07:00:00
2004-10-22,08:00:00,465.0,437.0,20.4,66.7,1.5781,2004-10-22 08:00:00
2004-10-22,09:00:00,341.0,535.0,22.3,60.6,1.6069,2004-10-22 09:00:00
2004-10-22,10:00:00,316.0,525.0,22.6,59.9,1.6246,2004-10-22 10:00:00
2004-10-22,11:00:00,241.0,574.0,24.5,54.5,1.6514,2004-10-22 11:00:00
2004-10-22,12:00:00,266.0,538.0,24.4,55.4,1.6712,2004-10-22 12:00:00
2004-10-22,13:00:00,412.0,467.0,26.0,51.9,1.7148,2004-10-22 13:00:00
2004-10-22,14:00:00,394.0,474.0,26.8,49.1,1.7101,2004-10-22 14:00:00
2004-10-22,15:00:00,365.0,474.0,26.4,49.8,1.6928,2004-10-22 15:00:00
2004-10-22,16:00:00,548.0,429.0,26.9,48.6,1.7017,2004-10-22 16:00:00
2004-10-22,17:00:00,494.0,435.0,26.2,48.9,1.634,2004-10-22 17:00:00
2004-10-22,18:00:00,686.0,373.0,24.3,54.3,1.6276,2004-10-22 18:00:00
2004-10-22,19:00:00,556.0,397.0,23.3,58.1,1.6457,2004-10-22 19:00:00
2004-10-22,20:00:00,467.0,454.0,22.3,62.5,1.6616,2004-10-22 20:00:00
2004-10-22,21:00:00,297.0,579.0,21.3,66.1,1.6556,2004-10-22 21:00:00
2004-10-22,22:00:00,164.0,669.0,21.2,65.7,1.6319,2004-10-22 22:00:00
2004-10-22,23:00:00,196.0,664.0,20.3,68.1,1.6009,2004-10-22 23:00:00
2004-10-23,00:00:00,201.0,673.0,20.4,66.7,1.583,2004-10-23 00:00:00
2004-10-23,01:00:00,132.0,792.0,19.9,67.5,1.5544,2004-10-23 01:00:00
2004-10-23,02:00:00,146.0,800.0,19.1,70.0,1.5331,2004-10-23 02:00:00
2004-10-23,03:00:00,114.57692307692308,852.0,19.3,68.1,1.5139,2004-10-23 03:00:00
2004-10-23,04:00:00,94.0,872.0,19.6,66.9,1.5125,2004-10-23 04:00:00
2004-10-23,05:00:00,127.0,876.0,18.1,72.1,1.4834,2004-10-23 05:00:00
2004-10-23,06:00:00,217.0,724.0,18.1,72.3,1.4927,2004-10-23 06:00:00
2004-10-23,07:00:00,394.0,598.0,17.6,74.8,1.491,2004-10-23 07:00:00
2004-10-23,08:00:00,511.0,545.0,18.2,72.8,1.5048,2004-10-23 08:00:00
2004-10-23,09:00:00,523.0,507.0,20.2,65.8,1.5374,2004-10-23 09:00:00
2004-10-23,10:00:00,471.0,542.0,21.6,61.4,1.5696,2004-10-23 10:00:00
2004-10-23,11:00:00,441.0,534.0,23.3,57.5,1.6169,2004-10-23 11:00:00
2004-10-23,12:00:00,414.0,504.0,25.0,52.4,1.6356,2004-10-23 12:00:00
2004-10-23,13:00:00,317.0,533.0,25.4,50.8,1.6275,2004-10-23 13:00:00
2004-10-23,14:00:00,230.0,609.0,26.1,47.1,1.5724,2004-10-23 14:00:00
2004-10-23,15:00:00,365.0,564.0,27.0,44.2,1.549,2004-10-23 15:00:00
2004-10-23,16:00:00,360.0,565.0,27.2,43.0,1.5246,2004-10-23 16:00:00
2004-10-23,17:00:00,420.0,549.0,25.6,48.3,1.5641,2004-10-23 17:00:00
2004-10-23,18:00:00,475.0,490.0,23.3,57.9,1.6376,2004-10-23 18:00:00
2004-10-23,19:00:00,526.0,469.0,22.2,63.6,1.6763,2004-10-23 19:00:00
2004-10-23,20:00:00,460.0,520.0,21.6,67.7,1.7228,2004-10-23 20:00:00
2004-10-23,21:00:00,255.0,607.0,21.0,69.3,1.7058,2004-10-23 21:00:00
2004-10-23,22:00:00,283.0,567.0,20.3,70.5,1.6599,2004-10-23 22:00:00
2004-10-23,23:00:00,271.0,594.0,20.0,69.5,1.6109,2004-10-23 23:00:00
2004-10-24,00:00:00,315.0,573.0,19.7,70.1,1.5891,2004-10-24 00:00:00
2004-10-24,01:00:00,227.0,631.0,19.5,70.7,1.5851,2004-10-24 01:00:00
2004-10-24,02:00:00,243.0,633.0,19.4,71.4,1.5959,2004-10-24 02:00:00
2004-10-24,03:00:00,114.57692307692308,696.0,19.3,71.1,1.5746,2004-10-24 03:00:00
2004-10-24,04:00:00,142.0,731.0,18.7,73.8,1.5704,2004-10-24 04:00:00
2004-10-24,05:00:00,139.0,684.0,18.0,75.4,1.5441,2004-10-24 05:00:00
2004-10-24,06:00:00,182.0,709.0,17.3,78.4,1.532,2004-10-24 06:00:00
2004-10-24,07:00:00,196.0,704.0,17.5,76.6,1.5174,2004-10-24 07:00:00
2004-10-24,08:00:00,108.0,853.0,20.0,66.7,1.5401,2004-10-24 08:00:00
2004-10-24,09:00:00,175.0,732.0,19.1,70.0,1.5366,2004-10-24 09:00:00
2004-10-24,10:00:00,266.0,661.0,21.4,61.7,1.5547,2004-10-24 10:00:00
2004-10-24,11:00:00,179.0,721.0,24.6,50.4,1.5363,2004-10-24 11:00:00
2004-10-24,12:00:00,154.0,745.0,25.0,49.1,1.5295,2004-10-24 12:00:00
2004-10-24,13:00:00,95.0,811.0,25.3,46.7,1.4874,2004-10-24 13:00:00
2004-10-24,14:00:00,151.0,756.0,24.8,47.9,1.4819,2004-10-24 14:00:00
2004-10-24,15:00:00,230.0,667.0,25.3,48.0,1.5249,2004-10-24 15:00:00
2004-10-24,16:00:00,239.0,670.0,26.5,44.9,1.5278,2004-10-24 16:00:00
2004-10-24,17:00:00,306.0,614.0,25.0,50.1,1.563,2004-10-24 17:00:00
2004-10-24,18:00:00,472.0,503.0,22.9,57.6,1.5885,2004-10-24 18:00:00
2004-10-24,19:00:00,532.0,464.0,21.7,62.9,1.6117,2004-10-24 19:00:00
2004-10-24,20:00:00,375.0,568.0,21.8,63.0,1.619,2004-10-24 20:00:00
2004-10-24,21:00:00,147.0,747.0,21.2,63.4,1.5748,2004-10-24 21:00:00
2004-10-24,22:00:00,118.0,768.0,20.2,65.8,1.535,2004-10-24 22:00:00
2004-10-24,23:00:00,181.0,697.0,18.4,71.5,1.5038,2004-10-24 23:00:00
2004-10-25,00:00:00,209.0,695.0,17.9,72.4,1.4758,2004-10-25 00:00:00
2004-10-25,01:00:00,167.0,745.0,16.9,75.4,1.4393,2004-10-25 01:00:00
2004-10-25,02:00:00,112.0,878.0,16.5,75.5,1.4056,2004-10-25 02:00:00
2004-10-25,03:00:00,114.57692307692308,889.0,15.4,79.0,1.3735,2004-10-25 03:00:00
2004-10-25,04:00:00,108.0,875.0,15.5,78.6,1.37,2004-10-25 04:00:00
2004-10-25,05:00:00,181.0,800.0,16.2,76.9,1.4029,2004-10-25 05:00:00
2004-10-25,06:00:00,253.0,749.0,15.8,79.6,1.417,2004-10-25 06:00:00
2004-10-25,07:00:00,521.0,527.0,16.0,76.3,1.3772,2004-10-25 07:00:00
2004-10-25,08:00:00,649.0,467.0,16.3,74.3,1.3644,2004-10-25 08:00:00
2004-10-25,09:00:00,516.0,531.0,18.7,66.3,1.414,2004-10-25 09:00:00
2004-10-25,10:00:00,487.0,518.0,20.5,60.2,1.4346,2004-10-25 10:00:00
2004-10-25,11:00:00,529.0,524.0,19.3,66.2,1.4706,2004-10-25 11:00:00
2004-10-25,12:00:00,565.0,498.0,20.0,63.9,1.4805,2004-10-25 12:00:00
2004-10-25,13:00:00,558.0,451.0,21.4,59.4,1.4928,2004-10-25 13:00:00
2004-10-25,14:00:00,568.0,457.0,21.5,60.9,1.5398,2004-10-25 14:00:00
2004-10-25,15:00:00,605.0,432.0,21.6,60.9,1.5551,2004-10-25 15:00:00
2004-10-25,16:00:00,666.0,392.0,21.6,62.0,1.5784,2004-10-25 16:00:00
2004-10-25,17:00:00,814.0,330.0,21.7,61.9,1.592,2004-10-25 17:00:00
2004-10-25,18:00:00,860.0,340.0,21.0,64.9,1.5987,2004-10-25 18:00:00
2004-10-25,19:00:00,820.0,352.0,20.0,68.6,1.5882,2004-10-25 19:00:00
2004-10-25,20:00:00,742.0,400.0,19.3,71.4,1.5805,2004-10-25 20:00:00
2004-10-25,21:00:00,492.0,511.0,18.5,73.4,1.5461,2004-10-25 21:00:00
2004-10-25,22:00:00,464.0,505.0,17.7,75.6,1.5226,2004-10-25 22:00:00
2004-10-25,23:00:00,258.0,661.0,18.5,70.4,1.487,2004-10-25 23:00:00
2004-10-26,00:00:00,311.0,624.0,17.0,76.1,1.4582,2004-10-26 00:00:00
2004-10-26,01:00:00,231.0,737.0,16.8,74.9,1.4258,2004-10-26 01:00:00
2004-10-26,02:00:00,127.0,822.0,15.5,78.5,1.3782,2004-10-26 02:00:00
2004-10-26,03:00:00,114.57692307692308,820.0,15.3,79.0,1.3605,2004-10-26 03:00:00
2004-10-26,04:00:00,124.0,897.0,15.0,77.9,1.3197,2004-10-26 04:00:00
2004-10-26,05:00:00,138.0,835.0,14.8,79.4,1.3312,2004-10-26 05:00:00
2004-10-26,06:00:00,228.0,730.0,15.7,77.0,1.3591,2004-10-26 06:00:00
2004-10-26,07:00:00,383.0,572.0,16.2,75.9,1.3872,2004-10-26 07:00:00
2004-10-26,08:00:00,581.0,469.0,16.3,75.9,1.3991,2004-10-26 08:00:00
2004-10-26,09:00:00,545.0,522.0,17.7,70.6,1.4202,2004-10-26 09:00:00
2004-10-26,10:00:00,593.0,511.0,18.3,67.6,1.4103,2004-10-26 10:00:00
2004-10-26,11:00:00,602.0,518.0,20.1,62.0,1.4409,2004-10-26 11:00:00
2004-10-26,12:00:00,624.0,455.0,22.6,54.5,1.4737,2004-10-26 12:00:00
2004-10-26,13:00:00,546.0,484.0,24.6,47.1,1.4378,2004-10-26 13:00:00
2004-10-26,14:00:00,597.0,451.0,24.9,48.3,1.4942,2004-10-26 14:00:00
2004-10-26,15:00:00,688.0,419.0,24.9,50.0,1.5522,2004-10-26 15:00:00
2004-10-26,16:00:00,760.0,404.0,24.0,55.0,1.6211,2004-10-26 16:00:00
2004-10-26,17:00:00,918.0,347.0,23.2,58.7,1.651,2004-10-26 17:00:00
2004-10-26,18:00:00,952.0,325.0,22.5,61.5,1.6579,2004-10-26 18:00:00
2004-10-26,19:00:00,685.0,385.0,22.2,61.0,1.6071,2004-10-26 19:00:00
2004-10-26,20:00:00,561.0,468.0,22.6,58.3,1.5829,2004-10-26 20:00:00
2004-10-26,21:00:00,239.0,691.0,21.0,57.4,1.4098,2004-10-26 21:00:00
2004-10-26,22:00:00,175.0,758.0,19.8,63.7,1.4524,2004-10-26 22:00:00
2004-10-26,23:00:00,169.0,734.0,17.7,78.8,1.5855,2004-10-26 23:00:00
2004-10-27,00:00:00,215.0,685.0,17.6,80.5,1.6062,2004-10-27 00:00:00
2004-10-27,01:00:00,115.0,786.0,17.4,81.3,1.6066,2004-10-27 01:00:00
2004-10-27,02:00:00,94.0,861.0,17.4,81.0,1.6012,2004-10-27 02:00:00
2004-10-27,03:00:00,114.57692307692308,874.0,17.2,81.8,1.5856,2004-10-27 03:00:00
2004-10-27,04:00:00,80.0,946.0,17.0,81.0,1.5521,2004-10-27 04:00:00
2004-10-27,05:00:00,132.0,833.0,16.8,81.3,1.5447,2004-10-27 05:00:00
2004-10-27,06:00:00,295.0,641.0,17.6,78.8,1.5723,2004-10-27 06:00:00
2004-10-27,07:00:00,517.0,502.0,18.0,75.7,1.5527,2004-10-27 07:00:00
2004-10-27,08:00:00,555.0,454.0,18.0,74.8,1.5281,2004-10-27 08:00:00
2004-10-27,09:00:00,429.0,614.0,18.2,74.0,1.5343,2004-10-27 09:00:00
2004-10-27,10:00:00,561.0,585.0,19.7,65.4,1.4854,2004-10-27 10:00:00
2004-10-27,11:00:00,427.0,611.0,21.0,57.9,1.4267,2004-10-27 11:00:00
2004-10-27,12:00:00,445.0,580.0,20.7,58.6,1.4142,2004-10-27 12:00:00
2004-10-27,13:00:00,538.0,502.0,19.5,67.1,1.506,2004-10-27 13:00:00
2004-10-27,14:00:00,556.0,537.0,18.5,76.2,1.6045,2004-10-27 14:00:00
2004-10-27,15:00:00,370.0,623.0,19.6,69.7,1.5675,2004-10-27 15:00:00
2004-10-27,16:00:00,257.0,647.0,19.9,65.3,1.5066,2004-10-27 16:00:00
2004-10-27,17:00:00,266.0,608.0,20.0,63.3,1.4622,2004-10-27 17:00:00
2004-10-27,18:00:00,403.0,544.0,19.2,66.4,1.4592,2004-10-27 18:00:00
2004-10-27,19:00:00,275.0,587.0,19.3,67.5,1.4977,2004-10-27 19:00:00
2004-10-27,20:00:00,338.0,586.0,18.2,71.4,1.4776,2004-10-27 20:00:00
2004-10-27,21:00:00,176.0,748.0,17.8,71.2,1.4396,2004-10-27 21:00:00
2004-10-27,22:00:00,159.0,842.0,17.6,69.9,1.3969,2004-10-27 22:00:00
2004-10-27,23:00:00,147.0,796.0,16.0,75.9,1.3721,2004-10-27 23:00:00
2004-10-28,00:00:00,99.0,925.0,16.9,72.0,1.3749,2004-10-28 00:00:00
2004-10-28,01:00:00,98.0,878.0,15.7,76.3,1.3519,2004-10-28 01:00:00
2004-10-28,02:00:00,109.0,899.0,14.8,78.7,1.3169,2004-10-28 02:00:00
2004-10-28,03:00:00,114.57692307692308,913.0,14.8,79.7,1.3286,2004-10-28 03:00:00
2004-10-28,04:00:00,112.0,936.0,14.6,79.9,1.3156,2004-10-28 04:00:00
2004-10-28,05:00:00,163.0,851.0,15.2,78.0,1.3382,2004-10-28 05:00:00
2004-10-28,06:00:00,326.0,703.0,15.5,77.2,1.3502,2004-10-28 06:00:00
2004-10-28,07:00:00,640.0,527.0,15.7,76.4,1.3558,2004-10-28 07:00:00
2004-10-28,08:00:00,736.0,477.0,16.0,76.4,1.3751,2004-10-28 08:00:00
2004-10-28,09:00:00,667.0,529.0,16.7,73.8,1.3886,2004-10-28 09:00:00
2004-10-28,10:00:00,677.0,526.0,18.6,66.3,1.4047,2004-10-28 10:00:00
2004-10-28,11:00:00,425.0,639.0,20.4,58.1,1.3762,2004-10-28 11:00:00
2004-10-28,12:00:00,349.0,625.0,20.6,57.3,1.3792,2004-10-28 12:00:00
2004-10-28,13:00:00,332.0,609.0,21.6,53.6,1.3669,2004-10-28 13:00:00
2004-10-28,14:00:00,412.0,571.0,21.4,55.6,1.4015,2004-10-28 14:00:00
2004-10-28,15:00:00,631.0,455.0,20.7,63.0,1.5204,2004-10-28 15:00:00
2004-10-28,16:00:00,677.0,446.0,21.3,61.9,1.5463,2004-10-28 16:00:00
2004-10-28,17:00:00,761.0,398.0,20.8,64.0,1.5522,2004-10-28 17:00:00
2004-10-28,18:00:00,650.0,468.0,20.3,66.7,1.5656,2004-10-28 18:00:00
2004-10-28,19:00:00,262.0,619.0,19.7,64.5,1.4594,2004-10-28 19:00:00
2004-10-28,20:00:00,292.0,651.0,19.4,64.0,1.4282,2004-10-28 20:00:00
2004-10-28,21:00:00,177.0,805.0,20.1,60.8,1.4152,2004-10-28 21:00:00
2004-10-28,22:00:00,103.0,890.0,20.4,60.4,1.4263,2004-10-28 22:00:00
2004-10-28,23:00:00,127.0,862.0,20.1,62.6,1.4543,2004-10-28 23:00:00
2004-10-29,00:00:00,119.0,925.0,19.9,64.9,1.4905,2004-10-29 00:00:00
2004-10-29,01:00:00,83.0,1023.0,18.2,74.7,1.5441,2004-10-29 01:00:00
2004-10-29,02:00:00,65.0,1073.0,18.4,73.8,1.5463,2004-10-29 02:00:00
2004-10-29,03:00:00,114.57692307692308,1092.0,18.7,73.5,1.5664,2004-10-29 03:00:00
2004-10-29,04:00:00,84.0,1010.0,18.2,76.6,1.5907,2004-10-29 04:00:00
2004-10-29,05:00:00,200.0,799.0,18.5,76.4,1.6112,2004-10-29 05:00:00
2004-10-29,06:00:00,242.0,738.0,19.3,71.6,1.5844,2004-10-29 06:00:00
2004-10-29,07:00:00,366.0,574.0,20.2,66.9,1.5643,2004-10-29 07:00:00
2004-10-29,08:00:00,404.0,485.0,20.8,64.7,1.5692,2004-10-29 08:00:00
2004-10-29,09:00:00,429.0,566.0,21.9,61.8,1.6021,2004-10-29 09:00:00
2004-10-29,10:00:00,169.0,735.0,23.5,57.7,1.6515,2004-10-29 10:00:00
2004-10-29,11:00:00,419.0,604.0,19.8,81.0,1.8538,2004-10-29 11:00:00
2004-10-29,12:00:00,603.0,458.0,20.2,86.5,2.0224,2004-10-29 12:00:00
2004-10-29,13:00:00,589.0,484.0,20.2,82.2,1.9184,2004-10-29 13:00:00
2004-10-29,14:00:00,706.0,463.0,19.7,82.2,1.8669,2004-10-29 14:00:00
2004-10-29,15:00:00,592.0,558.0,20.2,79.1,1.85,2004-10-29 15:00:00
2004-10-29,16:00:00,305.0,616.0,20.1,75.4,1.751,2004-10-29 16:00:00
2004-10-29,17:00:00,371.0,550.0,20.2,72.3,1.6893,2004-10-29 17:00:00
2004-10-29,18:00:00,465.0,519.0,20.0,73.3,1.693,2004-10-29 18:00:00
2004-10-29,19:00:00,390.0,647.0,18.3,74.9,1.5583,2004-10-29 19:00:00
2004-10-29,20:00:00,227.0,828.0,18.9,70.4,1.5259,2004-10-29 20:00:00
2004-10-29,21:00:00,284.0,801.0,17.3,76.3,1.4919,2004-10-29 21:00:00
2004-10-29,22:00:00,211.0,793.0,17.1,77.9,1.5081,2004-10-29 22:00:00
2004-10-29,23:00:00,297.0,716.0,17.3,79.3,1.5569,2004-10-29 23:00:00
2004-10-30,00:00:00,351.0,690.0,17.3,79.9,1.5643,2004-10-30 00:00:00
2004-10-30,01:00:00,259.0,782.0,16.9,80.6,1.5372,2004-10-30 01:00:00
2004-10-30,02:00:00,214.0,786.0,16.9,81.4,1.551,2004-10-30 02:00:00
2004-10-30,03:00:00,114.57692307692308,809.0,16.8,81.5,1.5418,2004-10-30 03:00:00
2004-10-30,04:00:00,173.0,826.0,16.9,79.8,1.5238,2004-10-30 04:00:00
2004-10-30,05:00:00,192.0,857.0,16.7,79.7,1.503,2004-10-30 05:00:00
2004-10-30,06:00:00,237.0,762.0,16.8,79.0,1.4978,2004-10-30 06:00:00
2004-10-30,07:00:00,413.0,622.0,16.8,79.8,1.5115,2004-10-30 07:00:00
2004-10-30,08:00:00,455.0,585.0,16.9,79.9,1.5253,2004-10-30 08:00:00
2004-10-30,09:00:00,493.0,592.0,17.4,79.3,1.5593,2004-10-30 09:00:00
2004-10-30,10:00:00,482.0,596.0,18.0,76.6,1.5706,2004-10-30 10:00:00
2004-10-30,11:00:00,599.0,521.0,21.2,64.4,1.6015,2004-10-30 11:00:00
2004-10-30,12:00:00,481.0,539.0,22.4,60.8,1.6261,2004-10-30 12:00:00
2004-10-30,13:00:00,406.0,553.0,22.6,61.1,1.6596,2004-10-30 13:00:00
2004-10-30,14:00:00,419.0,560.0,23.6,57.3,1.645,2004-10-30 14:00:00
2004-10-30,15:00:00,387.0,564.0,23.5,58.3,1.664,2004-10-30 15:00:00
2004-10-30,16:00:00,461.0,526.0,22.9,61.6,1.7014,2004-10-30 16:00:00
2004-10-30,17:00:00,493.0,528.0,22.3,64.3,1.7055,2004-10-30 17:00:00
2004-10-30,18:00:00,532.0,486.0,21.6,68.0,1.7305,2004-10-30 18:00:00
2004-10-30,19:00:00,581.0,470.0,21.2,67.4,1.6755,2004-10-30 19:00:00
2004-10-30,20:00:00,494.0,551.0,20.8,65.8,1.6001,2004-10-30 20:00:00
2004-10-30,21:00:00,392.0,612.0,20.4,64.8,1.5379,2004-10-30 21:00:00
2004-10-30,22:00:00,311.0,688.0,20.1,66.7,1.5548,2004-10-30 22:00:00
2004-10-30,23:00:00,236.0,744.0,19.5,70.0,1.5711,2004-10-30 23:00:00
2004-10-31,00:00:00,270.0,757.0,19.3,70.4,1.5578,2004-10-31 00:00:00
2004-10-31,01:00:00,199.0,833.0,19.7,68.6,1.5563,2004-10-31 01:00:00
2004-10-31,02:00:00,146.0,818.0,19.7,68.2,1.5484,2004-10-31 02:00:00
2004-10-31,03:00:00,114.57692307692308,905.0,19.9,68.4,1.5673,2004-10-31 03:00:00
2004-10-31,04:00:00,74.0,1035.0,18.4,74.2,1.5581,2004-10-31 04:00:00
2004-10-31,05:00:00,55.0,1134.0,18.9,71.3,1.5449,2004-10-31 05:00:00
2004-10-31,06:00:00,43.0,1291.0,18.1,79.0,1.6224,2004-10-31 06:00:00
2004-10-31,07:00:00,46.0,1264.0,20.4,71.2,1.6834,2004-10-31 07:00:00
2004-10-31,08:00:00,139.0,944.0,20.6,70.7,1.6996,2004-10-31 08:00:00
2004-10-31,09:00:00,169.0,812.0,19.3,74.1,1.6391,2004-10-31 09:00:00
2004-10-31,10:00:00,254.0,653.0,22.2,64.4,1.7005,2004-10-31 10:00:00
2004-10-31,11:00:00,303.0,628.0,23.0,64.6,1.7851,2004-10-31 11:00:00
2004-10-31,12:00:00,259.0,717.0,24.3,57.4,1.7233,2004-10-31 12:00:00
2004-10-31,13:00:00,226.0,689.0,22.0,67.0,1.7441,2004-10-31 13:00:00
2004-10-31,14:00:00,161.0,719.0,22.9,65.7,1.8148,2004-10-31 14:00:00
2004-10-31,15:00:00,182.0,622.0,23.2,63.9,1.7957,2004-10-31 15:00:00
2004-10-31,16:00:00,289.0,672.0,23.0,62.3,1.7248,2004-10-31 16:00:00
2004-10-31,17:00:00,340.0,666.0,22.4,63.2,1.6878,2004-10-31 17:00:00
2004-10-31,18:00:00,544.0,440.0,21.7,66.6,1.7077,2004-10-31 18:00:00
2004-10-31,19:00:00,543.0,487.0,21.2,70.3,1.7476,2004-10-31 19:00:00
2004-10-31,20:00:00,501.0,508.0,20.8,70.9,1.7203,2004-10-31 20:00:00
2004-10-31,21:00:00,521.0,543.0,20.0,73.2,1.6965,2004-10-31 21:00:00
2004-10-31,22:00:00,352.0,598.0,19.7,73.7,1.6708,2004-10-31 22:00:00
2004-10-31,23:00:00,321.0,611.0,19.9,72.6,1.6681,2004-10-31 23:00:00
2004-11-01,00:00:00,318.0,584.0,20.1,71.3,1.6564,2004-11-01 00:00:00
2004-11-01,01:00:00,338.0,548.0,20.1,71.1,1.6498,2004-11-01 01:00:00
2004-11-01,02:00:00,353.0,552.0,19.6,73.2,1.6543,2004-11-01 02:00:00
2004-11-01,03:00:00,114.57692307692308,559.0,19.1,75.8,1.6568,2004-11-01 03:00:00
2004-11-01,04:00:00,291.0,540.0,18.4,77.9,1.6389,2004-11-01 04:00:00
2004-11-01,05:00:00,279.0,562.0,18.4,78.1,1.637,2004-11-01 05:00:00
2004-11-01,06:00:00,200.0,679.0,19.2,74.7,1.6398,2004-11-01 06:00:00
2004-11-01,07:00:00,180.0,733.0,19.4,75.1,1.6766,2004-11-01 07:00:00
2004-11-01,08:00:00,213.0,711.0,19.1,75.6,1.6519,2004-11-01 08:00:00
2004-11-01,09:00:00,266.0,667.0,20.3,71.1,1.6803,2004-11-01 09:00:00
2004-11-01,10:00:00,247.0,609.0,23.1,61.3,1.7131,2004-11-01 10:00:00
2004-11-01,11:00:00,326.0,584.0,25.1,56.0,1.7565,2004-11-01 11:00:00
2004-11-01,12:00:00,319.0,597.0,25.8,56.1,1.841,2004-11-01 12:00:00
2004-11-01,13:00:00,320.0,631.0,23.7,68.2,1.9739,2004-11-01 13:00:00
2004-11-01,14:00:00,174.0,747.0,23.1,70.8,1.98,2004-11-01 14:00:00
2004-11-01,15:00:00,216.0,664.0,23.9,66.3,1.9361,2004-11-01 15:00:00
2004-11-01,16:00:00,376.0,564.0,23.8,65.0,1.8897,2004-11-01 16:00:00
2004-11-01,17:00:00,496.0,547.0,23.2,65.6,1.8435,2004-11-01 17:00:00
2004-11-01,18:00:00,523.0,510.0,21.8,72.7,1.8789,2004-11-01 18:00:00
2004-11-01,19:00:00,465.0,567.0,21.7,67.3,1.7256,2004-11-01 19:00:00
2004-11-01,20:00:00,407.0,593.0,21.3,66.3,1.6594,2004-11-01 20:00:00
2004-11-01,21:00:00,412.0,579.0,20.4,71.6,1.7004,2004-11-01 21:00:00
2004-11-01,22:00:00,403.0,568.0,19.6,75.3,1.6981,2004-11-01 22:00:00
2004-11-01,23:00:00,357.0,612.0,19.3,75.8,1.6762,2004-11-01 23:00:00
2004-11-02,00:00:00,259.0,660.0,18.4,76.3,1.6017,2004-11-02 00:00:00
2004-11-02,01:00:00,227.0,752.0,18.2,76.4,1.5787,2004-11-02 01:00:00
2004-11-02,02:00:00,147.0,878.0,17.9,74.8,1.5219,2004-11-02 02:00:00
2004-11-02,03:00:00,114.57692307692308,987.0,17.5,74.5,1.4781,2004-11-02 03:00:00
2004-11-02,04:00:00,72.0,1069.0,17.2,74.0,1.4388,2004-11-02 04:00:00
2004-11-02,05:00:00,96.0,1016.0,17.6,73.2,1.4555,2004-11-02 05:00:00
2004-11-02,06:00:00,73.0,1054.0,17.9,69.3,1.4099,2004-11-02 06:00:00
2004-11-02,07:00:00,309.0,747.0,16.1,76.3,1.3902,2004-11-02 07:00:00
2004-11-02,08:00:00,607.0,538.0,17.1,72.8,1.4054,2004-11-02 08:00:00
2004-11-02,09:00:00,562.0,504.0,20.8,57.9,1.407,2004-11-02 09:00:00
2004-11-02,10:00:00,560.0,495.0,20.6,60.2,1.4428,2004-11-02 10:00:00
2004-11-02,11:00:00,844.0,426.0,22.1,56.6,1.4851,2004-11-02 11:00:00
2004-11-02,12:00:00,667.0,477.0,24.0,50.0,1.4679,2004-11-02 12:00:00
2004-11-02,13:00:00,583.0,440.0,25.7,45.6,1.487,2004-11-02 13:00:00
2004-11-02,14:00:00,726.0,390.0,25.5,49.7,1.5985,2004-11-02 14:00:00
2004-11-02,15:00:00,674.0,415.0,25.2,50.6,1.5989,2004-11-02 15:00:00
2004-11-02,16:00:00,544.0,421.0,25.4,50.7,1.6187,2004-11-02 16:00:00
2004-11-02,17:00:00,715.0,390.0,24.4,56.0,1.6885,2004-11-02 17:00:00
2004-11-02,18:00:00,789.0,358.0,23.0,62.1,1.7283,2004-11-02 18:00:00
2004-11-02,19:00:00,737.0,359.0,21.8,65.3,1.6889,2004-11-02 19:00:00
2004-11-02,20:00:00,859.0,349.0,20.9,67.5,1.6539,2004-11-02 20:00:00
2004-11-02,21:00:00,668.0,450.0,20.2,68.6,1.6034,2004-11-02 21:00:00
2004-11-02,22:00:00,454.0,541.0,19.3,70.8,1.5728,2004-11-02 22:00:00
2004-11-02,23:00:00,337.0,610.0,19.2,68.8,1.5097,2004-11-02 23:00:00
2004-11-03,00:00:00,127.0,798.0,20.4,61.1,1.4495,2004-11-03 00:00:00
2004-11-03,01:00:00,281.0,626.0,18.0,71.5,1.4615,2004-11-03 01:00:00
2004-11-03,02:00:00,252.0,665.0,17.5,73.2,1.4515,2004-11-03 02:00:00
2004-11-03,03:00:00,114.57692307692308,909.0,17.2,71.7,1.394,2004-11-03 03:00:00
2004-11-03,04:00:00,65.0,985.0,16.4,74.4,1.3779,2004-11-03 04:00:00
2004-11-03,05:00:00,69.0,1033.0,16.8,71.9,1.3628,2004-11-03 05:00:00
2004-11-03,06:00:00,151.0,917.0,16.9,70.5,1.3504,2004-11-03 06:00:00
2004-11-03,07:00:00,231.0,750.0,17.0,70.1,1.3512,2004-11-03 07:00:00
2004-11-03,08:00:00,297.0,621.0,18.8,62.5,1.3401,2004-11-03 08:00:00
2004-11-03,09:00:00,515.0,505.0,20.3,58.4,1.3745,2004-11-03 09:00:00
2004-11-03,10:00:00,499.0,516.0,23.7,49.1,1.423,2004-11-03 10:00:00
2004-11-03,11:00:00,445.0,527.0,26.6,42.8,1.4713,2004-11-03 11:00:00
2004-11-03,12:00:00,464.0,525.0,26.2,43.5,1.4591,2004-11-03 12:00:00
2004-11-03,13:00:00,298.0,612.0,26.3,43.6,1.4663,2004-11-03 13:00:00
2004-11-03,14:00:00,266.0,617.0,26.6,42.5,1.4568,2004-11-03 14:00:00
2004-11-03,15:00:00,323.0,611.0,26.3,43.7,1.4718,2004-11-03 15:00:00
2004-11-03,16:00:00,352.0,575.0,25.6,46.2,1.4903,2004-11-03 16:00:00
2004-11-03,17:00:00,372.0,563.0,25.1,47.6,1.4983,2004-11-03 17:00:00
2004-11-03,18:00:00,383.0,520.0,23.8,51.4,1.4956,2004-11-03 18:00:00
2004-11-03,19:00:00,455.0,487.0,23.3,53.1,1.496,2004-11-03 19:00:00
2004-11-03,20:00:00,355.0,541.0,22.4,55.2,1.4735,2004-11-03 20:00:00
2004-11-03,21:00:00,267.0,626.0,21.7,57.7,1.4766,2004-11-03 21:00:00
2004-11-03,22:00:00,308.0,582.0,20.5,63.0,1.5043,2004-11-03 22:00:00
2004-11-03,23:00:00,313.0,589.0,19.5,67.6,1.5156,2004-11-03 23:00:00
2004-11-04,00:00:00,216.0,675.0,18.7,69.0,1.4727,2004-11-04 00:00:00
2004-11-04,01:00:00,137.0,802.0,19.3,65.5,1.45,2004-11-04 01:00:00
2004-11-04,02:00:00,140.0,831.0,17.6,70.8,1.4105,2004-11-04 02:00:00
2004-11-04,03:00:00,114.57692307692308,891.0,16.8,72.9,1.3851,2004-11-04 03:00:00
2004-11-04,04:00:00,94.0,990.0,17.8,68.1,1.3722,2004-11-04 04:00:00
2004-11-04,05:00:00,79.0,1025.0,16.1,73.5,1.3329,2004-11-04 05:00:00
2004-11-04,06:00:00,156.0,874.0,15.8,73.5,1.3151,2004-11-04 06:00:00
2004-11-04,07:00:00,153.0,868.0,17.0,68.0,1.3102,2004-11-04 07:00:00
2004-11-04,08:00:00,464.0,526.0,16.0,72.2,1.3077,2004-11-04 08:00:00
2004-11-04,09:00:00,435.0,504.0,17.8,65.4,1.3213,2004-11-04 09:00:00
2004-11-04,10:00:00,683.0,462.0,20.6,56.0,1.3467,2004-11-04 10:00:00
2004-11-04,11:00:00,523.0,517.0,23.6,48.0,1.3757,2004-11-04 11:00:00
2004-11-04,12:00:00,460.0,545.0,23.7,49.8,1.4433,2004-11-04 12:00:00
2004-11-04,13:00:00,417.0,507.0,24.7,47.4,1.4527,2004-11-04 13:00:00
2004-11-04,14:00:00,486.0,478.0,25.9,42.8,1.4122,2004-11-04 14:00:00
2004-11-04,15:00:00,512.0,467.0,26.8,43.3,1.4977,2004-11-04 15:00:00
2004-11-04,16:00:00,595.0,457.0,26.6,45.5,1.5555,2004-11-04 16:00:00
2004-11-04,17:00:00,1052.0,340.0,24.8,53.9,1.6683,2004-11-04 17:00:00
2004-11-04,18:00:00,1014.0,328.0,23.1,61.1,1.7082,2004-11-04 18:00:00
2004-11-04,19:00:00,633.0,406.0,22.2,63.7,1.6865,2004-11-04 19:00:00
2004-11-04,20:00:00,485.0,443.0,21.1,66.1,1.6313,2004-11-04 20:00:00
2004-11-04,21:00:00,480.0,493.0,20.0,69.0,1.5956,2004-11-04 21:00:00
2004-11-04,22:00:00,572.0,495.0,19.1,72.0,1.5732,2004-11-04 22:00:00
2004-11-04,23:00:00,345.0,600.0,18.8,70.6,1.5209,2004-11-04 23:00:00
2004-11-05,00:00:00,195.0,699.0,18.5,69.5,1.4657,2004-11-05 00:00:00
2004-11-05,01:00:00,213.0,698.0,18.4,68.5,1.439,2004-11-05 01:00:00
2004-11-05,02:00:00,216.0,719.0,16.8,73.3,1.3915,2004-11-05 02:00:00
2004-11-05,03:00:00,114.57692307692308,922.0,17.9,66.8,1.3596,2004-11-05 03:00:00
2004-11-05,04:00:00,73.0,1009.0,16.5,71.0,1.3239,2004-11-05 04:00:00
2004-11-05,05:00:00,67.0,1056.0,16.9,67.9,1.295,2004-11-05 05:00:00
2004-11-05,06:00:00,96.0,973.0,16.1,69.3,1.2591,2004-11-05 06:00:00
2004-11-05,07:00:00,162.0,803.0,16.1,69.6,1.2593,2004-11-05 07:00:00
2004-11-05,08:00:00,305.0,583.0,16.2,70.1,1.2837,2004-11-05 08:00:00
2004-11-05,09:00:00,725.0,389.0,16.5,69.3,1.2897,2004-11-05 09:00:00
2004-11-05,10:00:00,658.0,469.0,19.6,58.3,1.3141,2004-11-05 10:00:00
2004-11-05,11:00:00,710.0,471.0,20.7,55.5,1.3414,2004-11-05 11:00:00
2004-11-05,12:00:00,445.0,504.0,20.8,56.3,1.3664,2004-11-05 12:00:00
2004-11-05,13:00:00,455.0,490.0,21.7,53.1,1.3649,2004-11-05 13:00:00
2004-11-05,14:00:00,524.0,466.0,23.0,49.0,1.362,2004-11-05 14:00:00
2004-11-05,15:00:00,527.0,460.0,24.2,44.0,1.3078,2004-11-05 15:00:00
2004-11-05,16:00:00,601.0,435.0,24.7,43.6,1.3396,2004-11-05 16:00:00
2004-11-05,17:00:00,1001.0,351.0,23.0,54.2,1.5066,2004-11-05 17:00:00
2004-11-05,18:00:00,852.0,359.0,21.4,60.9,1.5322,2004-11-05 18:00:00
2004-11-05,19:00:00,370.0,485.0,20.3,61.4,1.4417,2004-11-05 19:00:00
2004-11-05,20:00:00,348.0,562.0,20.0,63.2,1.4581,2004-11-05 20:00:00
2004-11-05,21:00:00,361.0,581.0,19.1,64.4,1.405,2004-11-05 21:00:00
2004-11-05,22:00:00,255.0,640.0,18.1,67.5,1.3855,2004-11-05 22:00:00
2004-11-05,23:00:00,162.0,732.0,17.8,66.9,1.3464,2004-11-05 23:00:00
2004-11-06,00:00:00,166.0,756.0,17.6,66.5,1.3249,2004-11-06 00:00:00
2004-11-06,01:00:00,247.0,685.0,16.1,71.2,1.2948,2004-11-06 01:00:00
2004-11-06,02:00:00,255.0,689.0,15.5,73.3,1.2845,2004-11-06 02:00:00
2004-11-06,03:00:00,114.57692307692308,769.0,15.4,72.8,1.2633,2004-11-06 03:00:00
2004-11-06,04:00:00,129.0,879.0,15.6,70.8,1.2461,2004-11-06 04:00:00
2004-11-06,05:00:00,83.0,1012.0,17.0,64.5,1.2374,2004-11-06 05:00:00
2004-11-06,06:00:00,114.0,913.0,14.9,72.3,1.2186,2004-11-06 06:00:00
2004-11-06,07:00:00,233.0,798.0,14.0,76.6,1.2183,2004-11-06 07:00:00
2004-11-06,08:00:00,448.0,587.0,14.6,74.2,1.2256,2004-11-06 08:00:00
2004-11-06,09:00:00,455.0,551.0,15.9,69.8,1.253,2004-11-06 09:00:00
2004-11-06,10:00:00,254.0,650.0,18.4,61.3,1.2854,2004-11-06 10:00:00
2004-11-06,11:00:00,313.0,568.0,20.0,56.7,1.3078,2004-11-06 11:00:00
2004-11-06,12:00:00,490.0,518.0,20.4,57.0,1.3507,2004-11-06 12:00:00
2004-11-06,13:00:00,496.0,482.0,20.7,59.3,1.4283,2004-11-06 13:00:00
2004-11-06,14:00:00,514.0,475.0,21.7,54.8,1.4024,2004-11-06 14:00:00
2004-11-06,15:00:00,454.0,516.0,22.0,54.2,1.4096,2004-11-06 15:00:00
2004-11-06,16:00:00,507.0,495.0,21.4,57.1,1.4356,2004-11-06 16:00:00
2004-11-06,17:00:00,474.0,510.0,20.8,58.7,1.4259,2004-11-06 17:00:00
2004-11-06,18:00:00,404.0,540.0,20.1,59.6,1.3852,2004-11-06 18:00:00
2004-11-06,19:00:00,356.0,586.0,20.0,58.4,1.3473,2004-11-06 19:00:00
2004-11-06,20:00:00,345.0,634.0,19.5,58.9,1.3195,2004-11-06 20:00:00
2004-11-06,21:00:00,395.0,615.0,19.5,57.4,1.2874,2004-11-06 21:00:00
2004-11-06,22:00:00,249.0,729.0,19.1,59.2,1.295,2004-11-06 22:00:00
2004-11-06,23:00:00,197.0,737.0,18.8,59.1,1.2702,2004-11-06 23:00:00
2004-11-07,00:00:00,224.0,767.0,18.0,60.4,1.2331,2004-11-07 00:00:00
2004-11-07,01:00:00,231.0,737.0,17.5,60.7,1.2009,2004-11-07 01:00:00
2004-11-07,02:00:00,177.0,796.0,17.5,59.4,1.1768,2004-11-07 02:00:00
2004-11-07,03:00:00,114.57692307692308,891.0,17.1,59.2,1.1477,2004-11-07 03:00:00
2004-11-07,04:00:00,98.0,980.0,17.0,52.3,1.0009,2004-11-07 04:00:00
2004-11-07,05:00:00,64.0,1151.0,16.1,49.8,0.9021,2004-11-07 05:00:00
2004-11-07,06:00:00,44.0,1339.0,15.5,51.5,0.9026,2004-11-07 06:00:00
2004-11-07,07:00:00,53.0,1370.0,15.1,52.0,0.8878,2004-11-07 07:00:00
2004-11-07,08:00:00,94.0,1295.0,14.9,46.8,0.7885,2004-11-07 08:00:00
2004-11-07,09:00:00,100.0,1263.0,15.5,42.4,0.74,2004-11-07 09:00:00
2004-11-07,10:00:00,98.0,1246.0,16.6,38.2,0.7186,2004-11-07 10:00:00
2004-11-07,11:00:00,115.0,1176.0,18.0,34.7,0.7089,2004-11-07 11:00:00
2004-11-07,12:00:00,115.0,1083.0,18.0,35.1,0.7176,2004-11-07 12:00:00
2004-11-07,13:00:00,76.0,1091.0,17.6,33.8,0.6726,2004-11-07 13:00:00
2004-11-07,14:00:00,55.0,1055.0,17.5,33.7,0.6691,2004-11-07 14:00:00
2004-11-07,15:00:00,59.0,1052.0,17.2,33.9,0.6591,2004-11-07 15:00:00
2004-11-07,16:00:00,95.0,1121.0,16.8,32.1,0.6073,2004-11-07 16:00:00
2004-11-07,17:00:00,107.0,1067.0,16.0,34.1,0.6155,2004-11-07 17:00:00
2004-11-07,18:00:00,189.0,704.0,14.8,37.5,0.6259,2004-11-07 18:00:00
2004-11-07,19:00:00,386.0,784.0,14.4,39.2,0.6407,2004-11-07 19:00:00
2004-11-07,20:00:00,412.0,738.0,14.1,43.0,0.6883,2004-11-07 20:00:00
2004-11-07,21:00:00,342.0,733.0,13.4,48.4,0.7397,2004-11-07 21:00:00
2004-11-07,22:00:00,255.0,847.0,12.7,51.2,0.7505,2004-11-07 22:00:00
2004-11-07,23:00:00,89.0,1118.0,9.9,71.4,0.8736,2004-11-07 23:00:00
2004-11-08,00:00:00,106.0,1057.0,10.2,71.6,0.8893,2004-11-08 00:00:00
2004-11-08,01:00:00,109.0,1115.0,10.6,61.3,0.7856,2004-11-08 01:00:00
2004-11-08,02:00:00,67.0,1192.0,11.1,55.6,0.7344,2004-11-08 02:00:00
2004-11-08,03:00:00,114.57692307692308,1523.0,11.5,50.4,0.6815,2004-11-08 03:00:00
2004-11-08,04:00:00,13.0,1757.0,11.3,49.5,0.6615,2004-11-08 04:00:00
2004-11-08,05:00:00,20.0,1665.0,10.8,50.9,0.657,2004-11-08 05:00:00
2004-11-08,06:00:00,33.0,1536.0,10.9,50.1,0.6519,2004-11-08 06:00:00
2004-11-08,07:00:00,146.0,1212.0,10.8,49.7,0.6429,2004-11-08 07:00:00
2004-11-08,08:00:00,359.0,850.0,10.7,50.4,0.6467,2004-11-08 08:00:00
2004-11-08,09:00:00,322.0,899.0,10.9,50.0,0.6531,2004-11-08 09:00:00
2004-11-08,10:00:00,293.0,966.0,12.1,46.5,0.653,2004-11-08 10:00:00
2004-11-08,11:00:00,255.0,987.0,12.4,44.1,0.6324,2004-11-08 11:00:00
2004-11-08,12:00:00,233.0,972.0,13.0,40.1,0.5989,2004-11-08 12:00:00
2004-11-08,13:00:00,220.0,947.0,13.4,36.3,0.5556,2004-11-08 13:00:00
2004-11-08,14:00:00,246.0,820.0,13.1,38.5,0.5776,2004-11-08 14:00:00
2004-11-08,15:00:00,272.0,850.0,11.5,46.4,0.6302,2004-11-08 15:00:00
2004-11-08,16:00:00,358.0,780.0,13.1,40.4,0.606,2004-11-08 16:00:00
2004-11-08,17:00:00,514.0,669.0,13.0,39.3,0.5877,2004-11-08 17:00:00
2004-11-08,18:00:00,742.0,503.0,11.3,50.9,0.679,2004-11-08 18:00:00
2004-11-08,19:00:00,364.00296735905044,515.0,10.6,53.4,0.6818,2004-11-08 19:00:00
2004-11-08,20:00:00,349.0949554896142,566.0,9.5,57.9,0.6877,2004-11-08 20:00:00
2004-11-08,21:00:00,289.3690476190476,679.0,8.6,60.5,0.6788,2004-11-08 21:00:00
2004-11-08,22:00:00,219.32835820895522,816.0,8.5,59.7,0.6649,2004-11-08 22:00:00
2004-11-08,23:00:00,197.87761194029852,855.0,7.9,61.4,0.6582,2004-11-08 23:00:00
2004-11-09,00:00:00,190.41964285714286,940.0,7.1,63.6,0.6442,2004-11-09 00:00:00
2004-11-09,01:00:00,157.3323353293413,1032.0,7.2,62.2,0.6362,2004-11-09 01:00:00
2004-11-09,02:00:00,118.58132530120481,1088.0,5.6,67.9,0.6247,2004-11-09 02:00:00
2004-11-09,03:00:00,114.57692307692308,1224.0,5.1,68.7,0.6077,2004-11-09 03:00:00
2004-11-09,04:00:00,81.15361445783132,1296.0,4.4,71.4,0.6024,2004-11-09 04:00:00
2004-11-09,05:00:00,86.8018018018018,1238.0,4.1,73.1,0.6074,2004-11-09 05:00:00
2004-11-09,06:00:00,125.69161676646706,1099.0,3.2,76.8,0.5963,2004-11-09 06:00:00
2004-11-09,07:00:00,224.625748502994,873.0,3.7,76.2,0.6137,2004-11-09 07:00:00
2004-11-09,08:00:00,344.72340425531917,575.0,4.9,70.7,0.6193,2004-11-09 08:00:00
2004-11-09,09:00:00,361.3263473053892,550.0,7.1,62.0,0.6265,2004-11-09 09:00:00
2004-11-09,10:00:00,339.4970238095238,588.0,8.1,59.1,0.6397,2004-11-09 10:00:00
2004-11-09,11:00:00,306.3373134328358,548.0,11.1,48.8,0.643,2004-11-09 11:00:00
2004-11-09,12:00:00,273.05970149253733,727.0,11.3,46.5,0.6194,2004-11-09 12:00:00
2004-11-09,13:00:00,253.2882882882883,733.0,12.5,42.3,0.6104,2004-11-09 13:00:00
2004-11-09,14:00:00,243.25225225225225,669.0,12.5,42.8,0.6177,2004-11-09 14:00:00
2004-11-09,15:00:00,238.64970059880238,712.0,12.6,42.4,0.6159,2004-11-09 15:00:00
2004-11-09,16:00:00,261.36716417910446,874.0,13.8,40.7,0.6405,2004-11-09 16:00:00
2004-11-09,17:00:00,308.0385756676558,816.0,11.0,58.8,0.7705,2004-11-09 17:00:00
2004-11-09,18:00:00,350.6577380952381,615.0,8.3,76.5,0.8426,2004-11-09 18:00:00
2004-11-09,19:00:00,364.00296735905044,570.0,8.6,75.5,0.8469,2004-11-09 19:00:00
2004-11-09,20:00:00,349.0949554896142,615.0,8.8,76.6,0.8678,2004-11-09 20:00:00
2004-11-09,21:00:00,289.3690476190476,748.0,8.0,81.0,0.8714,2004-11-09 21:00:00
2004-11-09,22:00:00,219.32835820895522,911.0,7.3,85.7,0.8818,2004-11-09 22:00:00
2004-11-09,23:00:00,197.87761194029852,1052.0,6.5,85.6,0.8353,2004-11-09 23:00:00
2004-11-10,00:00:00,190.41964285714286,1164.0,6.5,83.5,0.8116,2004-11-10 00:00:00
2004-11-10,01:00:00,157.3323353293413,1146.0,6.9,82.3,0.8244,2004-11-10 01:00:00
2004-11-10,02:00:00,118.58132530120481,1151.0,7.3,78.1,0.8041,2004-11-10 02:00:00
2004-11-10,03:00:00,114.57692307692308,1433.0,7.9,68.0,0.7265,2004-11-10 03:00:00
2004-11-10,04:00:00,32.0,1601.0,8.0,64.5,0.695,2004-11-10 04:00:00
2004-11-10,05:00:00,29.0,1663.0,8.1,68.6,0.7409,2004-11-10 05:00:00
2004-11-10,06:00:00,48.0,1419.0,6.3,84.8,0.8148,2004-11-10 06:00:00
2004-11-10,07:00:00,113.0,1255.0,6.7,79.8,0.7872,2004-11-10 07:00:00
2004-11-10,08:00:00,267.0,910.0,7.1,77.9,0.7914,2004-11-10 08:00:00
2004-11-10,09:00:00,332.0,760.0,7.9,73.5,0.7883,2004-11-10 09:00:00
2004-11-10,10:00:00,354.0,857.0,6.9,86.0,0.8632,2004-11-10 10:00:00
2004-11-10,11:00:00,316.0,962.0,6.8,87.1,0.8652,2004-11-10 11:00:00
2004-11-10,12:00:00,395.0,868.0,8.0,81.6,0.8755,2004-11-10 12:00:00
2004-11-10,13:00:00,391.0,808.0,9.5,70.0,0.8296,2004-11-10 13:00:00
2004-11-10,14:00:00,457.0,736.0,10.5,62.2,0.7923,2004-11-10 14:00:00
2004-11-10,15:00:00,448.0,752.0,11.4,59.1,0.7963,2004-11-10 15:00:00
2004-11-10,16:00:00,543.0,721.0,11.1,58.6,0.7737,2004-11-10 16:00:00
2004-11-10,17:00:00,574.0,696.0,10.8,57.6,0.7473,2004-11-10 17:00:00
2004-11-10,18:00:00,435.0,699.0,10.6,56.9,0.7281,2004-11-10 18:00:00
2004-11-10,19:00:00,504.0,614.0,10.6,59.3,0.7588,2004-11-10 19:00:00
2004-11-10,20:00:00,586.0,551.0,10.0,71.5,0.8768,2004-11-10 20:00:00
2004-11-10,21:00:00,580.0,621.0,10.3,71.1,0.8878,2004-11-10 21:00:00
2004-11-10,22:00:00,346.0,731.0,10.5,70.3,0.893,2004-11-10 22:00:00
2004-11-10,23:00:00,531.0,643.0,10.2,71.3,0.8859,2004-11-10 23:00:00
2004-11-11,00:00:00,477.0,677.0,9.7,73.1,0.8787,2004-11-11 00:00:00
2004-11-11,01:00:00,344.0,713.0,9.3,73.5,0.8651,2004-11-11 01:00:00
2004-11-11,02:00:00,219.0,797.0,9.2,73.9,0.8616,2004-11-11 02:00:00
2004-11-11,03:00:00,114.57692307692308,822.0,8.1,78.1,0.8452,2004-11-11 03:00:00
2004-11-11,04:00:00,174.0,850.0,7.6,81.2,0.8483,2004-11-11 04:00:00
2004-11-11,05:00:00,165.0,864.0,7.5,81.5,0.8495,2004-11-11 05:00:00
2004-11-11,06:00:00,250.0,804.0,8.3,77.2,0.8464,2004-11-11 06:00:00
2004-11-11,07:00:00,388.0,757.0,8.9,75.6,0.8667,2004-11-11 07:00:00
2004-11-11,08:00:00,758.0,580.0,9.2,81.7,0.9506,2004-11-11 08:00:00
2004-11-11,09:00:00,1247.0,429.0,9.9,83.4,1.0194,2004-11-11 09:00:00
2004-11-11,10:00:00,1110.0,490.0,10.2,82.3,1.0253,2004-11-11 10:00:00
2004-11-11,11:00:00,1145.0,511.0,11.2,80.7,1.0688,2004-11-11 11:00:00
2004-11-11,12:00:00,720.0,628.0,11.8,76.1,1.0516,2004-11-11 12:00:00
2004-11-11,13:00:00,557.0,629.0,12.5,71.3,1.0285,2004-11-11 13:00:00
2004-11-11,14:00:00,678.0,564.0,13.2,68.4,1.0346,2004-11-11 14:00:00
2004-11-11,15:00:00,659.0,617.0,12.5,73.2,1.0563,2004-11-11 15:00:00
2004-11-11,16:00:00,552.0,629.0,12.2,75.7,1.0693,2004-11-11 16:00:00
2004-11-11,17:00:00,395.0,689.0,11.5,78.1,1.0565,2004-11-11 17:00:00
2004-11-11,18:00:00,573.0,597.0,11.6,76.0,1.0354,2004-11-11 18:00:00
2004-11-11,19:00:00,463.0,603.0,12.0,73.3,1.0264,2004-11-11 19:00:00
2004-11-11,20:00:00,568.0,551.0,12.9,68.8,1.0175,2004-11-11 20:00:00
2004-11-11,21:00:00,706.0,625.0,13.1,69.6,1.0464,2004-11-11 21:00:00
2004-11-11,22:00:00,193.0,930.0,12.3,73.4,1.049,2004-11-11 22:00:00
2004-11-11,23:00:00,151.0,975.0,12.7,71.0,1.0387,2004-11-11 23:00:00
2004-11-12,00:00:00,167.0,926.0,12.9,69.9,1.0371,2004-11-12 00:00:00
2004-11-12,01:00:00,239.0,872.0,12.9,70.5,1.0442,2004-11-12 01:00:00
2004-11-12,02:00:00,102.0,1092.0,13.1,67.7,1.0198,2004-11-12 02:00:00
2004-11-12,03:00:00,114.57692307692308,1276.0,13.1,67.6,1.0127,2004-11-12 03:00:00
2004-11-12,04:00:00,55.0,1213.0,13.8,64.0,1.0042,2004-11-12 04:00:00
2004-11-12,05:00:00,71.0,1170.0,13.7,64.4,1.0036,2004-11-12 05:00:00
2004-11-12,06:00:00,79.0,1169.0,13.9,63.8,1.0079,2004-11-12 06:00:00
2004-11-12,07:00:00,117.0,1086.0,14.1,64.5,1.0287,2004-11-12 07:00:00
2004-11-12,08:00:00,266.0,855.0,14.0,66.1,1.0488,2004-11-12 08:00:00
2004-11-12,09:00:00,340.0,741.0,14.2,66.4,1.0673,2004-11-12 09:00:00
2004-11-12,10:00:00,257.0,807.0,14.9,62.5,1.0529,2004-11-12 10:00:00
2004-11-12,11:00:00,311.0,793.0,16.3,58.4,1.0729,2004-11-12 11:00:00
2004-11-12,12:00:00,279.0,791.0,16.9,56.5,1.0801,2004-11-12 12:00:00
2004-11-12,13:00:00,267.0,730.0,17.4,55.8,1.098,2004-11-12 13:00:00
2004-11-12,14:00:00,310.0,690.0,17.4,57.3,1.1328,2004-11-12 14:00:00
2004-11-12,15:00:00,352.0,661.0,17.7,55.5,1.1127,2004-11-12 15:00:00
2004-11-12,16:00:00,337.0,690.0,16.8,58.9,1.1199,2004-11-12 16:00:00
2004-11-12,17:00:00,358.0,635.0,17.0,57.5,1.1071,2004-11-12 17:00:00
2004-11-12,18:00:00,547.0,575.0,16.2,60.2,1.1003,2004-11-12 18:00:00
2004-11-12,19:00:00,600.0,539.0,16.7,58.0,1.0916,2004-11-12 19:00:00
2004-11-12,20:00:00,470.0,561.0,16.5,58.8,1.0921,2004-11-12 20:00:00
2004-11-12,21:00:00,522.0,650.0,15.8,61.1,1.0856,2004-11-12 21:00:00
2004-11-12,22:00:00,208.0,833.0,15.7,60.8,1.0769,2004-11-12 22:00:00
2004-11-12,23:00:00,205.0,828.0,15.9,59.6,1.0673,2004-11-12 23:00:00
2004-11-13,00:00:00,217.0,865.0,15.6,60.0,1.0594,2004-11-13 00:00:00
2004-11-13,01:00:00,216.0,876.0,15.6,60.1,1.0557,2004-11-13 01:00:00
2004-11-13,02:00:00,117.0,1037.0,15.7,59.5,1.0534,2004-11-13 02:00:00
2004-11-13,03:00:00,114.57692307692308,1035.0,15.7,60.1,1.064,2004-11-13 03:00:00
2004-11-13,04:00:00,174.0,848.0,15.6,61.7,1.0847,2004-11-13 04:00:00
2004-11-13,05:00:00,111.0,927.0,15.8,59.9,1.0693,2004-11-13 05:00:00
2004-11-13,06:00:00,147.0,904.0,15.2,61.8,1.0602,2004-11-13 06:00:00
2004-11-13,07:00:00,140.0,991.0,16.1,55.4,1.0089,2004-11-13 07:00:00
2004-11-13,08:00:00,421.0,678.0,14.9,64.1,1.0773,2004-11-13 08:00:00
2004-11-13,09:00:00,350.0,665.0,15.6,62.0,1.0904,2004-11-13 09:00:00
2004-11-13,10:00:00,550.0,565.0,17.9,54.6,1.11,2004-11-13 10:00:00
2004-11-13,11:00:00,589.0,539.0,21.1,44.5,1.0964,2004-11-13 11:00:00
2004-11-13,12:00:00,537.0,543.0,20.3,46.7,1.0971,2004-11-13 12:00:00
2004-11-13,13:00:00,473.0,592.0,21.5,42.7,1.0837,2004-11-13 13:00:00
2004-11-13,14:00:00,364.0,639.0,21.5,43.1,1.0919,2004-11-13 14:00:00
2004-11-13,15:00:00,270.0,699.0,21.5,43.4,1.0965,2004-11-13 15:00:00
2004-11-13,16:00:00,368.0,664.0,20.8,45.5,1.1054,2004-11-13 16:00:00
2004-11-13,17:00:00,318.0,695.0,19.2,49.6,1.0893,2004-11-13 17:00:00
2004-11-13,18:00:00,244.0,758.0,18.3,51.6,1.0732,2004-11-13 18:00:00
2004-11-13,19:00:00,234.0,767.0,17.7,51.5,1.0357,2004-11-13 19:00:00
2004-11-13,20:00:00,296.0,752.0,17.2,51.5,1.0015,2004-11-13 20:00:00
2004-11-13,21:00:00,205.0,888.0,15.9,54.9,0.9853,2004-11-13 21:00:00
2004-11-13,22:00:00,95.0,1143.0,14.0,55.2,0.8807,2004-11-13 22:00:00
2004-11-13,23:00:00,93.0,1136.0,13.3,53.0,0.8044,2004-11-13 23:00:00
2004-11-14,00:00:00,100.0,1190.0,11.9,55.5,0.7711,2004-11-14 00:00:00
2004-11-14,01:00:00,100.0,1222.0,11.4,54.6,0.7363,2004-11-14 01:00:00
2004-11-14,02:00:00,63.0,1401.0,10.4,53.7,0.6749,2004-11-14 02:00:00
2004-11-14,03:00:00,114.57692307692308,1546.0,9.9,54.3,0.6609,2004-11-14 03:00:00
2004-11-14,04:00:00,36.0,1643.0,9.8,51.3,0.6225,2004-11-14 04:00:00
2004-11-14,05:00:00,24.0,1771.0,9.5,52.2,0.6198,2004-11-14 05:00:00
2004-11-14,06:00:00,20.0,2077.0,10.0,45.7,0.5598,2004-11-14 06:00:00
2004-11-14,07:00:00,25.0,2062.0,10.2,41.9,0.5209,2004-11-14 07:00:00
2004-11-14,08:00:00,39.0,1964.0,10.6,36.1,0.4624,2004-11-14 08:00:00
2004-11-14,09:00:00,57.0,1793.0,10.7,36.0,0.4623,2004-11-14 09:00:00
2004-11-14,10:00:00,59.0,1664.0,10.8,35.4,0.4583,2004-11-14 10:00:00
2004-11-14,11:00:00,65.0,1716.0,11.4,32.9,0.4435,2004-11-14 11:00:00
2004-11-14,12:00:00,93.0,1494.0,12.4,32.0,0.4583,2004-11-14 12:00:00
2004-11-14,13:00:00,112.0,1479.0,12.4,31.3,0.45,2004-11-14 13:00:00
2004-11-14,14:00:00,110.0,1593.0,12.2,31.8,0.4514,2004-11-14 14:00:00
2004-11-14,15:00:00,81.0,2121.0,10.5,37.9,0.4821,2004-11-14 15:00:00
2004-11-14,16:00:00,100.0,1991.0,9.6,44.2,0.5289,2004-11-14 16:00:00
2004-11-14,17:00:00,109.0,1773.0,8.2,57.9,0.6293,2004-11-14 17:00:00
2004-11-14,18:00:00,148.0,1481.0,7.3,63.5,0.6519,2004-11-14 18:00:00
2004-11-14,19:00:00,207.0,1798.0,8.4,55.7,0.6155,2004-11-14 19:00:00
2004-11-14,20:00:00,210.0,1586.0,9.1,49.6,0.5765,2004-11-14 20:00:00
2004-11-14,21:00:00,180.0,1678.0,10.0,41.4,0.5102,2004-11-14 21:00:00
2004-11-14,22:00:00,109.0,1938.0,10.4,36.2,0.4561,2004-11-14 22:00:00
2004-11-14,23:00:00,128.0,1312.0,11.3,32.3,0.4329,2004-11-14 23:00:00
2004-11-15,00:00:00,96.0,1416.0,10.9,33.5,0.4378,2004-11-15 00:00:00
2004-11-15,01:00:00,65.0,1483.0,10.6,34.9,0.4455,2004-11-15 01:00:00
2004-11-15,02:00:00,42.0,1666.0,10.7,36.1,0.4639,2004-11-15 02:00:00
2004-11-15,03:00:00,114.57692307692308,1750.0,11.0,37.3,0.488,2004-11-15 03:00:00
2004-11-15,04:00:00,24.0,1768.0,10.7,39.2,0.5045,2004-11-15 04:00:00
2004-11-15,05:00:00,28.0,1775.0,10.4,38.6,0.4862,2004-11-15 05:00:00
2004-11-15,06:00:00,55.0,1498.0,10.4,37.4,0.4717,2004-11-15 06:00:00
2004-11-15,07:00:00,181.0,1292.0,10.5,37.0,0.4707,2004-11-15 07:00:00
2004-11-15,08:00:00,480.0,871.0,10.7,37.9,0.487,2004-11-15 08:00:00
2004-11-15,09:00:00,442.0,841.0,11.1,38.1,0.5023,2004-11-15 09:00:00
2004-11-15,10:00:00,361.0,910.0,12.6,36.6,0.5314,2004-11-15 10:00:00
2004-11-15,11:00:00,288.0,932.0,13.8,36.2,0.569,2004-11-15 11:00:00
2004-11-15,12:00:00,330.0,911.0,13.4,37.1,0.5683,2004-11-15 12:00:00
2004-11-15,13:00:00,300.0,909.0,13.5,34.9,0.5393,2004-11-15 13:00:00
2004-11-15,14:00:00,239.0,937.0,13.7,32.2,0.5032,2004-11-15 14:00:00
2004-11-15,15:00:00,265.0,930.0,13.6,32.1,0.4977,2004-11-15 15:00:00
2004-11-15,16:00:00,287.0,874.0,13.5,31.8,0.4876,2004-11-15 16:00:00
2004-11-15,17:00:00,403.0,795.0,13.5,27.9,0.4287,2004-11-15 17:00:00
2004-11-15,18:00:00,515.0,691.0,12.7,28.9,0.4233,2004-11-15 18:00:00
2004-11-15,19:00:00,446.0,694.0,12.6,30.2,0.4384,2004-11-15 19:00:00
2004-11-15,20:00:00,501.0,685.0,12.3,32.0,0.4553,2004-11-15 20:00:00
2004-11-15,21:00:00,355.0,846.0,12.0,34.3,0.4787,2004-11-15 21:00:00
2004-11-15,22:00:00,217.0,969.0,11.6,37.3,0.5095,2004-11-15 22:00:00
2004-11-15,23:00:00,180.0,1029.0,11.3,40.3,0.5406,2004-11-15 23:00:00
2004-11-16,00:00:00,167.0,1035.0,11.3,41.8,0.561,2004-11-16 00:00:00
2004-11-16,01:00:00,126.0,1113.0,11.2,42.0,0.5582,2004-11-16 01:00:00
2004-11-16,02:00:00,113.0,1178.0,11.0,42.6,0.5595,2004-11-16 02:00:00
2004-11-16,03:00:00,114.57692307692308,1391.0,11.2,41.3,0.5498,2004-11-16 03:00:00
2004-11-16,04:00:00,37.0,1461.0,11.1,40.8,0.5395,2004-11-16 04:00:00
2004-11-16,05:00:00,50.0,1481.0,10.7,41.8,0.536,2004-11-16 05:00:00
2004-11-16,06:00:00,96.0,1330.0,10.2,43.6,0.5405,2004-11-16 06:00:00
2004-11-16,07:00:00,271.0,1069.0,10.1,44.0,0.5434,2004-11-16 07:00:00
2004-11-16,08:00:00,892.0,641.0,10.1,45.6,0.5632,2004-11-16 08:00:00
2004-11-16,09:00:00,1071.0,518.0,11.3,43.9,0.5867,2004-11-16 09:00:00
2004-11-16,10:00:00,839.0,626.0,14.5,33.8,0.5541,2004-11-16 10:00:00
2004-11-16,11:00:00,713.0,655.0,17.5,26.4,0.5228,2004-11-16 11:00:00
2004-11-16,12:00:00,498.0,1037.0,17.2,22.4,0.4354,2004-11-16 12:00:00
2004-11-16,13:00:00,389.0,1065.0,17.3,20.4,0.4011,2004-11-16 13:00:00
2004-11-16,14:00:00,457.0,769.0,18.1,21.0,0.4321,2004-11-16 14:00:00
2004-11-16,15:00:00,425.0,779.0,17.9,22.3,0.4537,2004-11-16 15:00:00
2004-11-16,16:00:00,483.0,768.0,17.6,23.7,0.473,2004-11-16 16:00:00
2004-11-16,17:00:00,604.0,673.0,16.7,25.9,0.4886,2004-11-16 17:00:00
2004-11-16,18:00:00,648.0,634.0,14.8,29.6,0.4965,2004-11-16 18:00:00
2004-11-16,19:00:00,427.0,683.0,13.6,34.0,0.5251,2004-11-16 19:00:00
2004-11-16,20:00:00,461.0,637.0,13.4,40.4,0.6178,2004-11-16 20:00:00
2004-11-16,21:00:00,436.0,671.0,11.8,44.3,0.6121,2004-11-16 21:00:00
2004-11-16,22:00:00,300.0,791.0,10.7,47.5,0.6108,2004-11-16 22:00:00
2004-11-16,23:00:00,277.0,849.0,10.2,49.4,0.6138,2004-11-16 23:00:00
2004-11-17,00:00:00,196.0,910.0,9.5,51.0,0.6045,2004-11-17 00:00:00
2004-11-17,01:00:00,277.0,885.0,7.7,57.9,0.6107,2004-11-17 01:00:00
2004-11-17,02:00:00,131.0,1054.0,8.4,54.5,0.6022,2004-11-17 02:00:00
2004-11-17,03:00:00,114.57692307692308,1150.0,7.9,55.4,0.593,2004-11-17 03:00:00
2004-11-17,04:00:00,97.0,1253.0,6.2,61.0,0.5824,2004-11-17 04:00:00
2004-11-17,05:00:00,105.0,1193.0,6.8,58.6,0.5813,2004-11-17 05:00:00
2004-11-17,06:00:00,138.0,1132.0,5.7,62.7,0.5801,2004-11-17 06:00:00
2004-11-17,07:00:00,183.0,987.0,5.9,62.0,0.5811,2004-11-17 07:00:00
2004-11-17,08:00:00,664.0,629.0,6.3,61.7,0.5926,2004-11-17 08:00:00
2004-11-17,09:00:00,611.0,565.0,7.5,58.8,0.6117,2004-11-17 09:00:00
2004-11-17,10:00:00,600.0,622.0,11.4,45.4,0.6113,2004-11-17 10:00:00
2004-11-17,11:00:00,306.3373134328358,593.0,14.1,39.2,0.6278,2004-11-17 11:00:00
2004-11-17,12:00:00,878.0,615.0,13.3,42.3,0.6448,2004-11-17 12:00:00
2004-11-17,13:00:00,905.0,554.0,14.7,38.9,0.6462,2004-11-17 13:00:00
2004-11-17,14:00:00,808.0,553.0,16.5,32.9,0.6127,2004-11-17 14:00:00
2004-11-17,15:00:00,858.0,557.0,17.4,32.7,0.6422,2004-11-17 15:00:00
2004-11-17,16:00:00,839.0,535.0,17.3,33.9,0.6627,2004-11-17 16:00:00
2004-11-17,17:00:00,1290.0,423.0,16.0,41.5,0.7483,2004-11-17 17:00:00
2004-11-17,18:00:00,748.0,356.0,13.7,52.8,0.8244,2004-11-17 18:00:00
2004-11-17,19:00:00,1148.0,446.0,13.0,55.1,0.824,2004-11-17 19:00:00
2004-11-17,20:00:00,729.0,516.0,12.4,56.8,0.8141,2004-11-17 20:00:00
2004-11-17,21:00:00,810.0,536.0,10.7,62.1,0.7972,2004-11-17 21:00:00
2004-11-17,22:00:00,427.0,703.0,10.5,61.1,0.7755,2004-11-17 22:00:00
2004-11-17,23:00:00,274.0,777.0,9.7,62.5,0.7509,2004-11-17 23:00:00
2004-11-18,00:00:00,387.0,735.0,8.8,65.5,0.7435,2004-11-18 00:00:00
2004-11-18,01:00:00,235.0,864.0,8.8,63.8,0.7236,2004-11-18 01:00:00
2004-11-18,02:00:00,225.0,852.0,8.5,65.0,0.7221,2004-11-18 02:00:00
2004-11-18,03:00:00,114.57692307692308,934.0,7.5,69.3,0.7201,2004-11-18 03:00:00
2004-11-18,04:00:00,185.0,935.0,6.4,74.0,0.7134,2004-11-18 04:00:00
2004-11-18,05:00:00,212.0,964.0,5.9,76.6,0.7179,2004-11-18 05:00:00
2004-11-18,06:00:00,358.0,797.0,6.1,76.7,0.7271,2004-11-18 06:00:00
2004-11-18,07:00:00,531.0,710.0,6.8,74.5,0.7415,2004-11-18 07:00:00
2004-11-18,08:00:00,992.0,531.0,7.7,72.5,0.7666,2004-11-18 08:00:00
2004-11-18,09:00:00,1132.0,469.0,8.9,67.4,0.7714,2004-11-18 09:00:00
2004-11-18,10:00:00,1195.0,499.0,11.4,58.3,0.7868,2004-11-18 10:00:00
2004-11-18,11:00:00,1120.0,526.0,13.4,52.8,0.8086,2004-11-18 11:00:00
2004-11-18,12:00:00,870.0,518.0,15.8,50.1,0.892,2004-11-18 12:00:00
2004-11-18,13:00:00,570.0,586.0,18.3,50.0,1.0431,2004-11-18 13:00:00
2004-11-18,14:00:00,384.0,572.0,18.8,49.2,1.0548,2004-11-18 14:00:00
2004-11-18,15:00:00,381.0,552.0,18.4,49.6,1.0391,2004-11-18 15:00:00
2004-11-18,16:00:00,541.0,535.0,18.3,51.0,1.0586,2004-11-18 16:00:00
2004-11-18,17:00:00,484.0,540.0,17.6,53.1,1.0596,2004-11-18 17:00:00
2004-11-18,18:00:00,549.0,521.0,17.3,53.6,1.0472,2004-11-18 18:00:00
2004-11-18,19:00:00,596.0,500.0,16.8,55.2,1.048,2004-11-18 19:00:00
2004-11-18,20:00:00,620.0,474.0,16.6,56.5,1.0551,2004-11-18 20:00:00
2004-11-18,21:00:00,542.0,548.0,16.3,58.1,1.0648,2004-11-18 21:00:00
2004-11-18,22:00:00,381.0,640.0,15.9,59.0,1.059,2004-11-18 22:00:00
2004-11-18,23:00:00,270.0,692.0,15.9,59.4,1.0628,2004-11-18 23:00:00
2004-11-19,00:00:00,284.0,740.0,15.7,60.9,1.0774,2004-11-19 00:00:00
2004-11-19,01:00:00,204.0,817.0,16.1,59.5,1.0811,2004-11-19 01:00:00
2004-11-19,02:00:00,93.0,940.0,15.5,63.8,1.1119,2004-11-19 02:00:00
2004-11-19,03:00:00,114.57692307692308,1013.0,14.9,65.3,1.1018,2004-11-19 03:00:00
2004-11-19,04:00:00,51.0,1009.0,14.7,64.4,1.0704,2004-11-19 04:00:00
2004-11-19,05:00:00,45.0,1097.0,14.7,59.8,0.9968,2004-11-19 05:00:00
2004-11-19,06:00:00,68.0,1126.0,15.4,55.9,0.9722,2004-11-19 06:00:00
2004-11-19,07:00:00,198.0,800.0,14.5,63.0,1.0319,2004-11-19 07:00:00
2004-11-19,08:00:00,633.0,492.0,14.7,63.1,1.0513,2004-11-19 08:00:00
2004-11-19,09:00:00,548.0,458.0,15.2,62.2,1.0641,2004-11-19 09:00:00
2004-11-19,10:00:00,588.0,529.0,16.1,59.2,1.0736,2004-11-19 10:00:00
2004-11-19,11:00:00,612.0,571.0,17.0,55.9,1.0741,2004-11-19 11:00:00
2004-11-19,12:00:00,428.0,617.0,17.6,52.2,1.0396,2004-11-19 12:00:00
2004-11-19,13:00:00,463.0,549.0,17.3,55.4,1.0836,2004-11-19 13:00:00
2004-11-19,14:00:00,479.0,522.0,17.8,53.5,1.0833,2004-11-19 14:00:00
2004-11-19,15:00:00,469.0,574.0,18.3,52.3,1.0922,2004-11-19 15:00:00
2004-11-19,16:00:00,583.0,531.0,18.3,52.8,1.1016,2004-11-19 16:00:00
2004-11-19,17:00:00,760.0,455.0,17.7,56.6,1.133,2004-11-19 17:00:00
2004-11-19,18:00:00,691.0,449.0,17.3,58.2,1.1435,2004-11-19 18:00:00
2004-11-19,19:00:00,832.0,414.0,16.2,62.6,1.1455,2004-11-19 19:00:00
2004-11-19,20:00:00,881.0,456.0,15.2,57.5,0.9829,2004-11-19 20:00:00
2004-11-19,21:00:00,390.0,896.0,14.2,27.7,0.4451,2004-11-19 21:00:00
2004-11-19,22:00:00,207.0,1210.0,13.4,14.3,0.2185,2004-11-19 22:00:00
2004-11-19,23:00:00,204.0,1193.0,12.8,14.8,0.218,2004-11-19 23:00:00
2004-11-20,00:00:00,243.0,1240.0,12.2,14.0,0.1988,2004-11-20 00:00:00
2004-11-20,01:00:00,264.0,1236.0,12.0,14.5,0.2029,2004-11-20 01:00:00
2004-11-20,02:00:00,215.0,1218.0,10.8,17.0,0.2193,2004-11-20 02:00:00
2004-11-20,03:00:00,114.57692307692308,1286.0,10.4,19.2,0.242,2004-11-20 03:00:00
2004-11-20,04:00:00,146.0,1278.0,9.7,22.5,0.2698,2004-11-20 04:00:00
2004-11-20,05:00:00,92.0,1347.0,9.0,23.1,0.2648,2004-11-20 05:00:00
2004-11-20,06:00:00,174.0,1234.0,8.7,24.7,0.2785,2004-11-20 06:00:00
2004-11-20,07:00:00,294.0,928.0,6.9,39.4,0.3948,2004-11-20 07:00:00
2004-11-20,08:00:00,412.0,769.0,6.3,44.8,0.431,2004-11-20 08:00:00
2004-11-20,09:00:00,573.0,674.0,7.2,43.2,0.4417,2004-11-20 09:00:00
2004-11-20,10:00:00,661.0,668.0,11.9,27.9,0.3882,2004-11-20 10:00:00
2004-11-20,11:00:00,555.0,849.0,14.8,17.9,0.2977,2004-11-20 11:00:00
2004-11-20,12:00:00,363.0,967.0,14.8,14.3,0.2397,2004-11-20 12:00:00
2004-11-20,13:00:00,302.0,902.0,14.7,15.5,0.2586,2004-11-20 13:00:00
2004-11-20,14:00:00,340.0,866.0,14.7,16.6,0.2756,2004-11-20 14:00:00
2004-11-20,15:00:00,306.0,880.0,14.8,15.6,0.2615,2004-11-20 15:00:00
2004-11-20,16:00:00,377.0,879.0,15.3,14.3,0.2462,2004-11-20 16:00:00
2004-11-20,17:00:00,625.0,692.0,13.5,19.5,0.3003,2004-11-20 17:00:00
2004-11-20,18:00:00,870.0,604.0,11.1,31.8,0.4187,2004-11-20 18:00:00
2004-11-20,19:00:00,421.0,785.0,10.2,33.4,0.4143,2004-11-20 19:00:00
2004-11-20,20:00:00,294.0,832.0,9.5,35.9,0.4273,2004-11-20 20:00:00
2004-11-20,21:00:00,339.0,855.0,8.0,39.8,0.4286,2004-11-20 21:00:00
2004-11-20,22:00:00,260.0,858.0,6.6,44.1,0.4333,2004-11-20 22:00:00
2004-11-20,23:00:00,256.0,876.0,6.1,45.2,0.4295,2004-11-20 23:00:00
2004-11-21,00:00:00,572.0,700.0,5.2,50.8,0.452,2004-11-21 00:00:00
2004-11-21,01:00:00,428.0,808.0,4.9,53.0,0.4629,2004-11-21 01:00:00
2004-11-21,02:00:00,195.0,968.0,5.3,48.7,0.4364,2004-11-21 02:00:00
2004-11-21,03:00:00,114.57692307692308,961.0,4.2,53.6,0.4454,2004-11-21 03:00:00
2004-11-21,04:00:00,160.0,928.0,3.1,56.3,0.4368,2004-11-21 04:00:00
2004-11-21,05:00:00,101.0,1120.0,4.1,52.2,0.4338,2004-11-21 05:00:00
2004-11-21,06:00:00,97.0,1136.0,3.5,55.9,0.4431,2004-11-21 06:00:00
2004-11-21,07:00:00,127.0,1051.0,1.8,61.7,0.4376,2004-11-21 07:00:00
2004-11-21,08:00:00,227.0,983.0,1.3,65.3,0.4457,2004-11-21 08:00:00
2004-11-21,09:00:00,253.0,944.0,3.2,57.0,0.4434,2004-11-21 09:00:00
2004-11-21,10:00:00,234.0,914.0,7.2,42.8,0.4356,2004-11-21 10:00:00
2004-11-21,11:00:00,291.0,871.0,10.3,34.2,0.4291,2004-11-21 11:00:00
2004-11-21,12:00:00,402.0,755.0,10.9,33.8,0.4393,2004-11-21 12:00:00
2004-11-21,13:00:00,492.0,752.0,12.2,30.0,0.4245,2004-11-21 13:00:00
2004-11-21,14:00:00,351.0,841.0,13.3,24.3,0.3686,2004-11-21 14:00:00
2004-11-21,15:00:00,160.0,1018.0,15.2,18.7,0.3214,2004-11-21 15:00:00
2004-11-21,16:00:00,292.0,889.0,14.9,21.7,0.3646,2004-11-21 16:00:00
2004-11-21,17:00:00,537.0,748.0,13.1,25.4,0.3814,2004-11-21 17:00:00
2004-11-21,18:00:00,607.0,717.0,11.7,32.7,0.4472,2004-11-21 18:00:00
2004-11-21,19:00:00,308.0,822.0,10.1,34.4,0.4249,2004-11-21 19:00:00
2004-11-21,20:00:00,277.0,854.0,9.8,36.0,0.4364,2004-11-21 20:00:00
2004-11-21,21:00:00,348.0,806.0,7.1,43.2,0.436,2004-11-21 21:00:00
2004-11-21,22:00:00,267.0,818.0,5.9,47.8,0.4459,2004-11-21 22:00:00
2004-11-21,23:00:00,399.0,810.0,5.3,50.5,0.453,2004-11-21 23:00:00
2004-11-22,00:00:00,163.0,917.0,5.6,48.0,0.4412,2004-11-22 00:00:00
2004-11-22,01:00:00,297.0,795.0,3.9,55.9,0.4568,2004-11-22 01:00:00
2004-11-22,02:00:00,212.0,911.0,3.3,58.0,0.4551,2004-11-22 02:00:00
2004-11-22,03:00:00,114.57692307692308,997.0,3.7,56.3,0.4544,2004-11-22 03:00:00
2004-11-22,04:00:00,81.0,1146.0,4.2,54.8,0.4571,2004-11-22 04:00:00
2004-11-22,05:00:00,116.0,1127.0,2.6,60.8,0.4544,2004-11-22 05:00:00
2004-11-22,06:00:00,201.0,987.0,3.7,57.9,0.4651,2004-11-22 06:00:00
2004-11-22,07:00:00,333.0,861.0,4.5,54.8,0.466,2004-11-22 07:00:00
2004-11-22,08:00:00,733.0,625.0,4.9,55.8,0.4882,2004-11-22 08:00:00
2004-11-22,09:00:00,846.0,448.0,5.4,55.1,0.497,2004-11-22 09:00:00
2004-11-22,10:00:00,801.0,411.0,6.2,51.8,0.4952,2004-11-22 10:00:00
2004-11-22,11:00:00,884.0,559.0,6.8,49.8,0.4959,2004-11-22 11:00:00
2004-11-22,12:00:00,784.0,571.0,7.3,50.6,0.5184,2004-11-22 12:00:00
2004-11-22,13:00:00,896.0,490.0,7.8,49.0,0.5191,2004-11-22 13:00:00
2004-11-22,14:00:00,953.0,489.0,8.0,49.2,0.5282,2004-11-22 14:00:00
2004-11-22,15:00:00,980.0,518.0,8.3,49.3,0.5414,2004-11-22 15:00:00
2004-11-22,16:00:00,1058.0,500.0,8.5,49.6,0.5517,2004-11-22 16:00:00
2004-11-22,17:00:00,1080.0,459.0,8.5,52.6,0.5856,2004-11-22 17:00:00
2004-11-22,18:00:00,1301.0,365.0,8.9,53.4,0.6117,2004-11-22 18:00:00
2004-11-22,19:00:00,1345.0,361.0,9.1,53.8,0.6216,2004-11-22 19:00:00
2004-11-22,20:00:00,1218.0,381.0,8.9,54.2,0.6183,2004-11-22 20:00:00
2004-11-22,21:00:00,884.0,462.0,8.5,54.2,0.6054,2004-11-22 21:00:00
2004-11-22,22:00:00,650.0,521.0,8.5,57.8,0.6432,2004-11-22 22:00:00
2004-11-22,23:00:00,444.0,570.0,7.7,71.1,0.7503,2004-11-22 23:00:00
2004-11-23,00:00:00,370.0,610.0,7.9,72.5,0.7766,2004-11-23 00:00:00
2004-11-23,01:00:00,349.0,628.0,8.0,75.3,0.8079,2004-11-23 01:00:00
2004-11-23,02:00:00,287.0,679.0,8.0,76.2,0.8217,2004-11-23 02:00:00
2004-11-23,03:00:00,114.57692307692308,782.0,7.8,81.3,0.8631,2004-11-23 03:00:00
2004-11-23,04:00:00,226.0,776.0,7.9,81.8,0.8759,2004-11-23 04:00:00
2004-11-23,05:00:00,238.0,755.0,8.2,81.4,0.888,2004-11-23 05:00:00
2004-11-23,06:00:00,316.0,713.0,8.5,81.1,0.8989,2004-11-23 06:00:00
2004-11-23,07:00:00,508.0,666.0,8.9,79.3,0.9088,2004-11-23 07:00:00
2004-11-23,08:00:00,920.0,488.0,9.5,77.9,0.9278,2004-11-23 08:00:00
2004-11-23,09:00:00,980.0,448.0,9.9,77.6,0.9488,2004-11-23 09:00:00
2004-11-23,10:00:00,1188.0,422.0,10.7,76.2,0.9798,2004-11-23 10:00:00
2004-11-23,11:00:00,1045.0,478.0,11.8,72.2,0.9948,2004-11-23 11:00:00
2004-11-23,12:00:00,999.0,448.0,13.3,66.9,1.0163,2004-11-23 12:00:00
2004-11-23,13:00:00,955.0,432.0,13.8,67.0,1.0513,2004-11-23 13:00:00
2004-11-23,14:00:00,1189.0,396.0,13.9,67.6,1.0666,2004-11-23 14:00:00
2004-11-23,15:00:00,933.0,435.0,14.2,66.8,1.073,2004-11-23 15:00:00
2004-11-23,16:00:00,898.0,419.0,14.2,67.8,1.0879,2004-11-23 16:00:00
2004-11-23,17:00:00,1201.0,371.0,13.6,71.0,1.1018,2004-11-23 17:00:00
2004-11-23,18:00:00,1369.0,322.0,13.2,72.6,1.0936,2004-11-23 18:00:00
2004-11-23,19:00:00,1389.0,325.0,12.4,74.7,1.0741,2004-11-23 19:00:00
2004-11-23,20:00:00,1358.0,335.0,11.5,76.2,1.0324,2004-11-23 20:00:00
2004-11-23,21:00:00,1189.0,412.0,10.4,79.3,0.9993,2004-11-23 21:00:00
2004-11-23,22:00:00,866.0,467.0,10.0,82.5,1.015,2004-11-23 22:00:00
2004-11-23,23:00:00,718.0,482.0,10.0,82.6,1.0163,2004-11-23 23:00:00
2004-11-24,00:00:00,715.0,494.0,10.1,83.5,1.0296,2004-11-24 00:00:00
2004-11-24,01:00:00,558.0,572.0,10.0,83.6,1.0235,2004-11-24 01:00:00
2004-11-24,02:00:00,467.0,654.0,10.4,80.8,1.0191,2004-11-24 02:00:00
2004-11-24,03:00:00,114.57692307692308,697.0,10.6,80.3,1.0252,2004-11-24 03:00:00
2004-11-24,04:00:00,295.0,809.0,10.6,78.8,1.008,2004-11-24 04:00:00
2004-11-24,05:00:00,151.0,947.0,10.5,77.8,0.9839,2004-11-24 05:00:00
2004-11-24,06:00:00,188.0,907.0,9.8,79.2,0.9567,2004-11-24 06:00:00
2004-11-24,07:00:00,380.0,718.0,9.5,80.3,0.9532,2004-11-24 07:00:00
2004-11-24,08:00:00,717.0,532.0,9.8,80.5,0.9724,2004-11-24 08:00:00
2004-11-24,09:00:00,803.0,496.0,10.3,80.3,1.002,2004-11-24 09:00:00
2004-11-24,10:00:00,726.0,538.0,11.1,77.2,1.0175,2004-11-24 10:00:00
2004-11-24,11:00:00,558.0,575.0,13.3,68.8,1.0505,2004-11-24 11:00:00
2004-11-24,12:00:00,427.0,711.0,15.1,58.3,0.9978,2004-11-24 12:00:00
2004-11-24,13:00:00,317.0,695.0,15.6,56.2,0.9876,2004-11-24 13:00:00
2004-11-24,14:00:00,436.0,580.0,15.4,59.6,1.0375,2004-11-24 14:00:00
2004-11-24,15:00:00,490.0,556.0,14.6,63.7,1.0508,2004-11-24 15:00:00
2004-11-24,16:00:00,602.0,516.0,13.7,66.8,1.0432,2004-11-24 16:00:00
2004-11-24,17:00:00,732.0,477.0,12.3,72.5,1.0331,2004-11-24 17:00:00
2004-11-24,18:00:00,865.0,427.0,10.8,77.2,1.0021,2004-11-24 18:00:00
2004-11-24,19:00:00,936.0,401.0,10.2,80.4,1.0003,2004-11-24 19:00:00
2004-11-24,20:00:00,1074.0,384.0,10.1,79.3,0.9795,2004-11-24 20:00:00
2004-11-24,21:00:00,812.0,475.0,10.0,76.1,0.9329,2004-11-24 21:00:00
2004-11-24,22:00:00,773.0,506.0,8.6,82.3,0.9198,2004-11-24 22:00:00
2004-11-24,23:00:00,761.0,542.0,7.7,84.3,0.8881,2004-11-24 23:00:00
2004-11-25,00:00:00,781.0,538.0,7.1,84.1,0.8557,2004-11-25 00:00:00
2004-11-25,01:00:00,743.0,547.0,6.7,83.2,0.819,2004-11-25 01:00:00
2004-11-25,02:00:00,533.0,666.0,6.0,83.0,0.78,2004-11-25 02:00:00
2004-11-25,03:00:00,114.57692307692308,754.0,5.1,84.0,0.7439,2004-11-25 03:00:00
2004-11-25,04:00:00,456.0,725.0,4.3,85.4,0.7152,2004-11-25 04:00:00
2004-11-25,05:00:00,486.0,710.0,4.0,85.7,0.7041,2004-11-25 05:00:00
2004-11-25,06:00:00,498.0,724.0,4.0,84.4,0.6943,2004-11-25 06:00:00
2004-11-25,07:00:00,585.0,702.0,4.0,83.1,0.682,2004-11-25 07:00:00
2004-11-25,08:00:00,911.0,537.0,4.4,81.3,0.689,2004-11-25 08:00:00
2004-11-25,09:00:00,845.0,526.0,6.7,72.6,0.718,2004-11-25 09:00:00
2004-11-25,10:00:00,807.0,547.0,10.0,63.4,0.7791,2004-11-25 10:00:00
2004-11-25,11:00:00,603.0,682.0,13.6,48.7,0.7547,2004-11-25 11:00:00
2004-11-25,12:00:00,391.0,706.0,14.6,46.5,0.7687,2004-11-25 12:00:00
2004-11-25,13:00:00,279.0,696.0,15.4,43.0,0.7483,2004-11-25 13:00:00
2004-11-25,14:00:00,358.0,670.0,16.4,38.2,0.7081,2004-11-25 14:00:00
2004-11-25,15:00:00,403.0,662.0,16.8,37.6,0.7129,2004-11-25 15:00:00
2004-11-25,16:00:00,465.0,659.0,16.8,36.7,0.6944,2004-11-25 16:00:00
2004-11-25,17:00:00,707.0,558.0,15.4,41.3,0.7151,2004-11-25 17:00:00
2004-11-25,18:00:00,660.0,529.0,13.8,48.9,0.7699,2004-11-25 18:00:00
2004-11-25,19:00:00,402.0,606.0,13.3,50.9,0.7745,2004-11-25 19:00:00
2004-11-25,20:00:00,350.0,614.0,11.5,57.3,0.7786,2004-11-25 20:00:00
2004-11-25,21:00:00,355.0,654.0,10.7,59.8,0.7674,2004-11-25 21:00:00
2004-11-25,22:00:00,296.0,743.0,10.0,61.8,0.7576,2004-11-25 22:00:00
2004-11-25,23:00:00,266.0,747.0,9.9,62.1,0.7566,2004-11-25 23:00:00
2004-11-26,00:00:00,373.0,689.0,9.3,64.5,0.7554,2004-11-26 00:00:00
2004-11-26,01:00:00,417.0,698.0,9.1,65.7,0.7607,2004-11-26 01:00:00
2004-11-26,02:00:00,308.0,712.0,8.9,71.8,0.818,2004-11-26 02:00:00
2004-11-26,03:00:00,114.57692307692308,798.0,9.1,72.9,0.8429,2004-11-26 03:00:00
2004-11-26,04:00:00,209.0,757.0,8.7,77.6,0.8753,2004-11-26 04:00:00
2004-11-26,05:00:00,196.0,844.0,9.0,77.3,0.8873,2004-11-26 05:00:00
2004-11-26,06:00:00,203.0,864.0,9.1,77.3,0.8944,2004-11-26 06:00:00
2004-11-26,07:00:00,393.0,731.0,9.3,76.9,0.9007,2004-11-26 07:00:00
2004-11-26,08:00:00,864.0,496.0,10.0,75.0,0.9179,2004-11-26 08:00:00
2004-11-26,09:00:00,960.0,456.0,10.6,72.7,0.9272,2004-11-26 09:00:00
2004-11-26,10:00:00,1056.0,458.0,12.4,64.8,0.931,2004-11-26 10:00:00
2004-11-26,11:00:00,856.0,543.0,13.7,59.9,0.9335,2004-11-26 11:00:00
2004-11-26,12:00:00,854.0,522.0,14.9,57.0,0.9564,2004-11-26 12:00:00
2004-11-26,13:00:00,854.0,488.0,15.5,56.2,0.9814,2004-11-26 13:00:00
2004-11-26,14:00:00,949.0,446.0,15.8,56.3,1.0026,2004-11-26 14:00:00
2004-11-26,15:00:00,932.0,556.0,15.8,57.9,1.0292,2004-11-26 15:00:00
2004-11-26,16:00:00,1071.0,507.0,15.7,58.9,1.0432,2004-11-26 16:00:00
2004-11-26,17:00:00,1134.0,387.0,15.5,61.2,1.067,2004-11-26 17:00:00
2004-11-26,18:00:00,1389.0,347.0,15.5,62.8,1.0979,2004-11-26 18:00:00
2004-11-26,19:00:00,866.0,444.0,15.6,64.9,1.1396,2004-11-26 19:00:00
2004-11-26,20:00:00,947.0,400.0,15.1,67.0,1.1394,2004-11-26 20:00:00
2004-11-26,21:00:00,1155.0,437.0,14.6,67.7,1.1164,2004-11-26 21:00:00
2004-11-26,22:00:00,798.0,515.0,13.8,67.8,1.0609,2004-11-26 22:00:00
2004-11-26,23:00:00,696.0,560.0,13.4,69.0,1.0579,2004-11-26 23:00:00
2004-11-27,00:00:00,654.0,748.0,13.0,73.7,1.0957,2004-11-27 00:00:00
2004-11-27,01:00:00,685.0,619.0,12.7,77.5,1.1339,2004-11-27 01:00:00
2004-11-27,02:00:00,574.0,641.0,12.4,78.4,1.1269,2004-11-27 02:00:00
2004-11-27,03:00:00,114.57692307692308,756.0,11.9,79.7,1.1075,2004-11-27 03:00:00
2004-11-27,04:00:00,319.0,755.0,11.9,80.7,1.1199,2004-11-27 04:00:00
2004-11-27,05:00:00,263.0,821.0,13.2,75.8,1.1459,2004-11-27 05:00:00
2004-11-27,06:00:00,320.0,820.0,12.3,81.9,1.1674,2004-11-27 06:00:00
2004-11-27,07:00:00,439.0,729.0,12.8,80.8,1.1898,2004-11-27 07:00:00
2004-11-27,08:00:00,398.0,727.0,13.7,76.3,1.1932,2004-11-27 08:00:00
2004-11-27,09:00:00,637.0,583.0,13.4,78.8,1.2104,2004-11-27 09:00:00
2004-11-27,10:00:00,699.0,561.0,13.8,77.8,1.2201,2004-11-27 10:00:00
2004-11-27,11:00:00,699.0,768.0,15.1,73.2,1.244,2004-11-27 11:00:00
2004-11-27,12:00:00,707.0,853.0,15.8,70.5,1.2557,2004-11-27 12:00:00
2004-11-27,13:00:00,743.0,479.0,15.4,73.3,1.27,2004-11-27 13:00:00
2004-11-27,14:00:00,745.0,473.0,15.6,71.4,1.2596,2004-11-27 14:00:00
2004-11-27,15:00:00,741.0,479.0,16.3,68.7,1.2596,2004-11-27 15:00:00
2004-11-27,16:00:00,765.0,477.0,16.4,68.2,1.2662,2004-11-27 16:00:00
2004-11-27,17:00:00,632.0,508.0,15.6,70.2,1.238,2004-11-27 17:00:00
2004-11-27,18:00:00,808.0,459.0,14.2,75.8,1.2202,2004-11-27 18:00:00
2004-11-27,19:00:00,703.0,489.0,14.0,74.6,1.1865,2004-11-27 19:00:00
2004-11-27,20:00:00,764.0,470.0,13.3,75.8,1.1506,2004-11-27 20:00:00
2004-11-27,21:00:00,667.0,573.0,13.7,72.5,1.1326,2004-11-27 21:00:00
2004-11-27,22:00:00,355.0,663.0,12.8,73.8,1.0853,2004-11-27 22:00:00
2004-11-27,23:00:00,359.0,656.0,11.2,78.3,1.0415,2004-11-27 23:00:00
2004-11-28,00:00:00,327.0,665.0,10.6,79.4,1.0133,2004-11-28 00:00:00
2004-11-28,01:00:00,289.0,738.0,10.8,77.5,1.0027,2004-11-28 01:00:00
2004-11-28,02:00:00,118.58132530120481,790.0,10.5,78.6,0.9976,2004-11-28 02:00:00
2004-11-28,03:00:00,138.0,911.0,10.3,77.6,0.9743,2004-11-28 03:00:00
2004-11-28,04:00:00,86.0,1010.0,10.3,74.9,0.9362,2004-11-28 04:00:00
2004-11-28,05:00:00,60.0,1207.0,11.2,69.0,0.9159,2004-11-28 05:00:00
2004-11-28,06:00:00,62.0,1206.0,8.9,77.1,0.8804,2004-11-28 06:00:00
2004-11-28,07:00:00,73.0,1197.0,9.5,73.3,0.8719,2004-11-28 07:00:00
2004-11-28,08:00:00,157.0,1056.0,8.6,77.2,0.8617,2004-11-28 08:00:00
2004-11-28,09:00:00,166.0,1024.0,8.6,76.6,0.8586,2004-11-28 09:00:00
2004-11-28,10:00:00,98.0,1126.0,9.7,72.0,0.8649,2004-11-28 10:00:00
2004-11-28,11:00:00,153.0,877.0,11.1,68.2,0.8979,2004-11-28 11:00:00
2004-11-28,12:00:00,307.0,778.0,11.8,65.0,0.8966,2004-11-28 12:00:00
2004-11-28,13:00:00,416.0,701.0,12.1,64.8,0.9135,2004-11-28 13:00:00
2004-11-28,14:00:00,346.0,729.0,12.6,63.2,0.9209,2004-11-28 14:00:00
2004-11-28,15:00:00,252.0,780.0,13.4,61.9,0.9513,2004-11-28 15:00:00
2004-11-28,16:00:00,326.0,741.0,13.3,63.3,0.9597,2004-11-28 16:00:00
2004-11-28,17:00:00,490.0,720.0,11.2,70.9,0.9406,2004-11-28 17:00:00
2004-11-28,18:00:00,452.0,677.0,9.6,76.5,0.9184,2004-11-28 18:00:00
2004-11-28,19:00:00,542.0,628.0,9.9,76.3,0.9296,2004-11-28 19:00:00
2004-11-28,20:00:00,605.0,573.0,10.4,74.6,0.9394,2004-11-28 20:00:00
2004-11-28,21:00:00,577.0,620.0,10.3,75.1,0.9399,2004-11-28 21:00:00
2004-11-28,22:00:00,491.0,634.0,10.4,75.4,0.947,2004-11-28 22:00:00
2004-11-28,23:00:00,492.0,639.0,10.5,75.4,0.9566,2004-11-28 23:00:00
2004-11-29,00:00:00,412.0,658.0,10.2,78.4,0.9757,2004-11-29 00:00:00
2004-11-29,01:00:00,283.0,718.0,9.9,80.5,0.984,2004-11-29 01:00:00
2004-11-29,02:00:00,280.0,715.0,9.8,81.4,0.9855,2004-11-29 02:00:00
2004-11-29,03:00:00,114.57692307692308,837.0,9.5,81.7,0.9693,2004-11-29 03:00:00
2004-11-29,04:00:00,156.0,891.0,8.9,83.0,0.9487,2004-11-29 04:00:00
2004-11-29,05:00:00,166.0,856.0,8.8,83.7,0.9529,2004-11-29 05:00:00
2004-11-29,06:00:00,225.0,821.0,8.7,84.2,0.9526,2004-11-29 06:00:00
2004-11-29,07:00:00,325.0,707.0,8.7,83.7,0.9454,2004-11-29 07:00:00
2004-11-29,08:00:00,760.0,537.0,9.6,80.8,0.9687,2004-11-29 08:00:00
2004-11-29,09:00:00,948.0,486.0,11.3,75.3,1.0048,2004-11-29 09:00:00
2004-11-29,10:00:00,1044.0,531.0,13.8,68.5,1.0718,2004-11-29 10:00:00
2004-11-29,11:00:00,1172.0,473.0,14.9,64.9,1.0929,2004-11-29 11:00:00
2004-11-29,12:00:00,1000.0,564.0,15.3,63.2,1.0898,2004-11-29 12:00:00
2004-11-29,13:00:00,366.0,781.0,18.6,49.1,1.0425,2004-11-29 13:00:00
2004-11-29,14:00:00,346.0,797.0,18.6,49.3,1.0451,2004-11-29 14:00:00
2004-11-29,15:00:00,289.0,775.0,18.4,49.9,1.0453,2004-11-29 15:00:00
2004-11-29,16:00:00,316.0,760.0,17.9,51.4,1.0488,2004-11-29 16:00:00
2004-11-29,17:00:00,238.0,821.0,18.0,51.9,1.0622,2004-11-29 17:00:00
2004-11-29,18:00:00,267.0,758.0,16.7,57.3,1.0813,2004-11-29 18:00:00
2004-11-29,19:00:00,182.0,781.0,17.3,57.0,1.1137,2004-11-29 19:00:00
2004-11-29,20:00:00,197.0,857.0,16.8,58.7,1.1109,2004-11-29 20:00:00
2004-11-29,21:00:00,149.0,1224.0,16.5,59.2,1.1021,2004-11-29 21:00:00
2004-11-29,22:00:00,124.0,1699.0,16.3,59.7,1.0941,2004-11-29 22:00:00
2004-11-29,23:00:00,105.0,1472.0,16.0,61.6,1.1127,2004-11-29 23:00:00
2004-11-30,00:00:00,109.0,1514.0,15.6,66.6,1.1763,2004-11-30 00:00:00
2004-11-30,01:00:00,169.0,1031.0,13.8,80.4,1.2621,2004-11-30 01:00:00
2004-11-30,02:00:00,124.0,1509.0,13.2,84.4,1.2779,2004-11-30 02:00:00
2004-11-30,03:00:00,114.57692307692308,1184.0,13.6,82.8,1.2845,2004-11-30 03:00:00
2004-11-30,04:00:00,50.0,1294.0,13.8,81.3,1.2767,2004-11-30 04:00:00
2004-11-30,05:00:00,47.0,1268.0,13.6,75.5,1.172,2004-11-30 05:00:00
2004-11-30,06:00:00,110.0,1262.0,11.5,81.4,1.1025,2004-11-30 06:00:00
2004-11-30,07:00:00,193.0,1027.0,11.8,80.7,1.1181,2004-11-30 07:00:00
2004-11-30,08:00:00,475.0,751.0,12.3,78.9,1.1283,2004-11-30 08:00:00
2004-11-30,09:00:00,420.0,648.0,13.0,76.0,1.1317,2004-11-30 09:00:00
2004-11-30,10:00:00,439.0,711.0,13.7,70.9,1.1076,2004-11-30 10:00:00
2004-11-30,11:00:00,461.0,763.0,14.0,70.9,1.1244,2004-11-30 11:00:00
2004-11-30,12:00:00,238.0,897.0,14.6,65.9,1.088,2004-11-30 12:00:00
2004-11-30,13:00:00,232.0,940.0,14.9,59.9,1.0063,2004-11-30 13:00:00
2004-11-30,14:00:00,241.0,943.0,14.9,58.4,0.9839,2004-11-30 14:00:00
2004-11-30,15:00:00,278.0,984.0,15.3,54.3,0.9357,2004-11-30 15:00:00
2004-11-30,16:00:00,496.0,746.0,14.6,56.6,0.9367,2004-11-30 16:00:00
2004-11-30,17:00:00,464.0,897.0,12.6,62.0,0.9027,2004-11-30 17:00:00
2004-11-30,18:00:00,600.0,755.0,11.9,62.3,0.8674,2004-11-30 18:00:00
2004-11-30,19:00:00,692.0,640.0,11.6,64.3,0.8789,2004-11-30 19:00:00
2004-11-30,20:00:00,731.0,605.0,11.5,68.0,0.9207,2004-11-30 20:00:00
2004-11-30,21:00:00,491.0,905.0,10.7,73.9,0.9502,2004-11-30 21:00:00
2004-11-30,22:00:00,284.0,1067.0,9.6,83.0,0.9899,2004-11-30 22:00:00
2004-11-30,23:00:00,245.0,1226.0,9.6,79.9,0.9579,2004-11-30 23:00:00
2004-12-01,00:00:00,273.0,1198.0,9.8,79.4,0.9626,2004-12-01 00:00:00
2004-12-01,01:00:00,157.0,1900.0,10.1,75.3,0.9322,2004-12-01 01:00:00
2004-12-01,02:00:00,117.0,1955.0,9.1,80.0,0.9299,2004-12-01 02:00:00
2004-12-01,03:00:00,114.57692307692308,2042.0,8.7,82.4,0.9294,2004-12-01 03:00:00
2004-12-01,04:00:00,123.0,2061.0,8.5,81.7,0.9074,2004-12-01 04:00:00
2004-12-01,05:00:00,100.0,2095.0,8.3,80.4,0.8861,2004-12-01 05:00:00
2004-12-01,06:00:00,135.0,2009.0,8.9,79.2,0.9067,2004-12-01 06:00:00
2004-12-01,07:00:00,301.0,1699.0,8.7,80.8,0.9096,2004-12-01 07:00:00
2004-12-01,08:00:00,641.0,1261.0,9.0,79.8,0.9203,2004-12-01 08:00:00
2004-12-01,09:00:00,849.0,1104.0,9.5,78.3,0.9338,2004-12-01 09:00:00
2004-12-01,10:00:00,861.0,1192.0,10.4,76.0,0.9561,2004-12-01 10:00:00
2004-12-01,11:00:00,629.0,1376.0,11.0,74.4,0.9736,2004-12-01 11:00:00
2004-12-01,12:00:00,737.0,1267.0,13.8,63.6,0.9959,2004-12-01 12:00:00
2004-12-01,13:00:00,712.0,1249.0,13.6,65.6,1.0167,2004-12-01 13:00:00
2004-12-01,14:00:00,933.0,1090.0,13.7,66.5,1.038,2004-12-01 14:00:00
2004-12-01,15:00:00,836.0,1143.0,13.0,73.0,1.086,2004-12-01 15:00:00
2004-12-01,16:00:00,987.0,1070.0,12.7,77.1,1.1251,2004-12-01 16:00:00
2004-12-01,17:00:00,985.0,1049.0,12.3,79.7,1.1342,2004-12-01 17:00:00
2004-12-01,18:00:00,1040.0,1009.0,12.3,78.8,1.1279,2004-12-01 18:00:00
2004-12-01,19:00:00,401.0,1401.0,12.5,72.6,1.0489,2004-12-01 19:00:00
2004-12-01,20:00:00,279.0,1513.0,11.8,76.1,1.0544,2004-12-01 20:00:00
2004-12-01,21:00:00,280.0,1732.0,11.3,79.9,1.0697,2004-12-01 21:00:00
2004-12-01,22:00:00,280.0,1705.0,11.1,84.3,1.1137,2004-12-01 22:00:00
2004-12-01,23:00:00,327.0,1648.0,11.3,83.1,1.1089,2004-12-01 23:00:00
2004-12-02,00:00:00,316.0,1627.0,11.6,81.0,1.1082,2004-12-02 00:00:00
2004-12-02,01:00:00,223.0,1812.0,11.7,77.8,1.0689,2004-12-02 01:00:00
2004-12-02,02:00:00,180.0,1789.0,11.7,78.6,1.0813,2004-12-02 02:00:00
2004-12-02,03:00:00,114.57692307692308,1930.0,11.9,78.2,1.0856,2004-12-02 03:00:00
2004-12-02,04:00:00,131.0,2047.0,12.0,77.4,1.0825,2004-12-02 04:00:00
2004-12-02,05:00:00,101.0,2095.0,12.0,78.0,1.094,2004-12-02 05:00:00
2004-12-02,06:00:00,189.0,1667.0,12.4,75.3,1.0813,2004-12-02 06:00:00
2004-12-02,07:00:00,336.0,768.0,12.5,76.4,1.1021,2004-12-02 07:00:00
2004-12-02,08:00:00,804.0,501.0,12.9,73.8,1.0937,2004-12-02 08:00:00
2004-12-02,09:00:00,860.0,444.0,13.3,70.7,1.0749,2004-12-02 09:00:00
2004-12-02,10:00:00,745.0,525.0,14.3,66.1,1.0711,2004-12-02 10:00:00
2004-12-02,11:00:00,685.0,537.0,15.4,63.9,1.1071,2004-12-02 11:00:00
2004-12-02,12:00:00,639.0,569.0,15.9,62.7,1.1273,2004-12-02 12:00:00
2004-12-02,13:00:00,668.0,538.0,16.4,61.9,1.1465,2004-12-02 13:00:00
2004-12-02,14:00:00,469.0,539.0,18.0,58.0,1.1901,2004-12-02 14:00:00
2004-12-02,15:00:00,605.0,500.0,19.2,57.9,1.2757,2004-12-02 15:00:00
2004-12-02,16:00:00,641.0,490.0,18.1,62.1,1.2822,2004-12-02 16:00:00
2004-12-02,17:00:00,774.0,455.0,16.7,67.3,1.2707,2004-12-02 17:00:00
2004-12-02,18:00:00,1001.0,375.0,15.8,70.7,1.2601,2004-12-02 18:00:00
2004-12-02,19:00:00,1184.0,341.0,15.4,73.0,1.2688,2004-12-02 19:00:00
2004-12-02,20:00:00,1020.0,371.0,15.4,73.0,1.2648,2004-12-02 20:00:00
2004-12-02,21:00:00,964.0,401.0,15.3,73.6,1.2691,2004-12-02 21:00:00
2004-12-02,22:00:00,741.0,472.0,15.1,74.3,1.2623,2004-12-02 22:00:00
2004-12-02,23:00:00,757.0,486.0,14.2,78.0,1.254,2004-12-02 23:00:00
2004-12-03,00:00:00,564.0,587.0,14.1,81.4,1.3066,2004-12-03 00:00:00
2004-12-03,01:00:00,434.0,667.0,14.4,82.7,1.3496,2004-12-03 01:00:00
2004-12-03,02:00:00,308.0,661.0,14.1,84.1,1.3461,2004-12-03 02:00:00
2004-12-03,03:00:00,114.57692307692308,843.0,14.1,84.8,1.3544,2004-12-03 03:00:00
2004-12-03,04:00:00,133.0,883.0,14.0,84.1,1.3389,2004-12-03 04:00:00
2004-12-03,05:00:00,103.0,975.0,13.9,85.1,1.3449,2004-12-03 05:00:00
2004-12-03,06:00:00,178.0,897.0,13.8,85.5,1.3469,2004-12-03 06:00:00
2004-12-03,07:00:00,289.0,739.0,13.8,85.3,1.3412,2004-12-03 07:00:00
2004-12-03,08:00:00,736.0,487.0,13.7,84.5,1.3202,2004-12-03 08:00:00
2004-12-03,09:00:00,928.0,416.0,13.9,83.9,1.3284,2004-12-03 09:00:00
2004-12-03,10:00:00,897.0,455.0,14.6,81.6,1.3448,2004-12-03 10:00:00
2004-12-03,11:00:00,596.0,586.0,15.8,74.7,1.3336,2004-12-03 11:00:00
2004-12-03,12:00:00,481.0,555.0,16.4,72.1,1.336,2004-12-03 12:00:00
2004-12-03,13:00:00,495.0,544.0,16.8,70.3,1.3341,2004-12-03 13:00:00
2004-12-03,14:00:00,460.0,524.0,17.9,66.3,1.3499,2004-12-03 14:00:00
2004-12-03,15:00:00,445.0,548.0,18.8,62.7,1.3506,2004-12-03 15:00:00
2004-12-03,16:00:00,618.0,466.0,19.0,61.6,1.3407,2004-12-03 16:00:00
2004-12-03,17:00:00,858.0,401.0,17.7,68.3,1.3713,2004-12-03 17:00:00
2004-12-03,18:00:00,634.0,463.0,16.5,71.7,1.3358,2004-12-03 18:00:00
2004-12-03,19:00:00,575.0,476.0,15.7,72.7,1.2872,2004-12-03 19:00:00
2004-12-03,20:00:00,738.0,422.0,15.0,74.4,1.2593,2004-12-03 20:00:00
2004-12-03,21:00:00,739.0,496.0,14.6,75.2,1.2405,2004-12-03 21:00:00
2004-12-03,22:00:00,472.0,606.0,14.0,75.7,1.2051,2004-12-03 22:00:00
2004-12-03,23:00:00,542.0,586.0,13.1,78.7,1.1817,2004-12-03 23:00:00
2004-12-04,00:00:00,577.0,592.0,12.6,78.4,1.1419,2004-12-04 00:00:00
2004-12-04,01:00:00,568.0,621.0,12.8,77.9,1.1438,2004-12-04 01:00:00
2004-12-04,02:00:00,451.0,643.0,12.1,79.4,1.1201,2004-12-04 02:00:00
2004-12-04,03:00:00,114.57692307692308,724.0,11.6,80.1,1.0899,2004-12-04 03:00:00
2004-12-04,04:00:00,242.0,779.0,11.6,79.7,1.0858,2004-12-04 04:00:00
2004-12-04,05:00:00,277.0,751.0,11.4,81.1,1.0928,2004-12-04 05:00:00
2004-12-04,06:00:00,291.0,740.0,11.5,81.7,1.1033,2004-12-04 06:00:00
2004-12-04,07:00:00,277.0,800.0,12.4,77.1,1.1072,2004-12-04 07:00:00
2004-12-04,08:00:00,510.0,595.0,12.3,79.0,1.1293,2004-12-04 08:00:00
2004-12-04,09:00:00,451.0,680.0,12.2,83.9,1.189,2004-12-04 09:00:00
2004-12-04,10:00:00,584.0,654.0,12.2,85.1,1.2079,2004-12-04 10:00:00
2004-12-04,11:00:00,260.0,796.0,12.4,80.1,1.1462,2004-12-04 11:00:00
2004-12-04,12:00:00,492.0,668.0,13.0,77.8,1.1641,2004-12-04 12:00:00
2004-12-04,13:00:00,580.0,630.0,11.8,86.5,1.1981,2004-12-04 13:00:00
2004-12-04,14:00:00,373.0,709.0,11.9,85.7,1.1912,2004-12-04 14:00:00
2004-12-04,15:00:00,497.0,685.0,11.9,88.7,1.2352,2004-12-04 15:00:00
2004-12-04,16:00:00,413.0,758.0,12.3,87.0,1.2422,2004-12-04 16:00:00
2004-12-04,17:00:00,444.0,728.0,12.7,84.4,1.2352,2004-12-04 17:00:00
2004-12-04,18:00:00,533.0,653.0,13.1,81.7,1.2284,2004-12-04 18:00:00
2004-12-04,19:00:00,325.0,773.0,13.1,80.4,1.2038,2004-12-04 19:00:00
2004-12-04,20:00:00,439.0,679.0,13.4,79.9,1.2254,2004-12-04 20:00:00
2004-12-04,21:00:00,506.0,689.0,13.8,76.8,1.206,2004-12-04 21:00:00
2004-12-04,22:00:00,349.0,766.0,14.0,75.9,1.2064,2004-12-04 22:00:00
2004-12-04,23:00:00,235.0,830.0,13.5,78.3,1.2097,2004-12-04 23:00:00
2004-12-05,00:00:00,378.0,795.0,13.0,79.2,1.182,2004-12-05 00:00:00
2004-12-05,01:00:00,304.0,808.0,12.4,77.5,1.1115,2004-12-05 01:00:00
2004-12-05,02:00:00,180.0,969.0,12.3,71.2,1.0175,2004-12-05 02:00:00
2004-12-05,03:00:00,114.57692307692308,1034.0,12.2,69.6,0.986,2004-12-05 03:00:00
2004-12-05,04:00:00,148.0,1033.0,12.3,67.5,0.9624,2004-12-05 04:00:00
2004-12-05,05:00:00,106.0,1132.0,12.7,65.6,0.9566,2004-12-05 05:00:00
2004-12-05,06:00:00,87.0,1235.0,12.5,65.9,0.9533,2004-12-05 06:00:00
2004-12-05,07:00:00,96.0,1237.0,12.4,65.4,0.9426,2004-12-05 07:00:00
2004-12-05,08:00:00,120.0,1160.0,13.2,62.5,0.943,2004-12-05 08:00:00
2004-12-05,09:00:00,130.0,1088.0,13.1,62.4,0.9366,2004-12-05 09:00:00
2004-12-05,10:00:00,140.0,1001.0,12.9,64.7,0.9564,2004-12-05 10:00:00
2004-12-05,11:00:00,176.0,901.0,13.0,67.6,1.009,2004-12-05 11:00:00
2004-12-05,12:00:00,209.0,826.0,13.0,69.7,1.0403,2004-12-05 12:00:00
2004-12-05,13:00:00,309.0,774.0,12.0,80.0,1.1167,2004-12-05 13:00:00
2004-12-05,14:00:00,226.0,828.0,11.4,83.7,1.1278,2004-12-05 14:00:00
2004-12-05,15:00:00,246.0,745.0,12.0,80.8,1.1264,2004-12-05 15:00:00
2004-12-05,16:00:00,208.0,934.0,11.5,81.0,1.101,2004-12-05 16:00:00
2004-12-05,17:00:00,154.0,1022.0,11.3,81.0,1.0851,2004-12-05 17:00:00
2004-12-05,18:00:00,275.0,744.0,12.0,78.4,1.0954,2004-12-05 18:00:00
2004-12-05,19:00:00,281.0,880.0,12.1,75.5,1.0669,2004-12-05 19:00:00
2004-12-05,20:00:00,237.0,905.0,12.5,71.9,1.0351,2004-12-05 20:00:00
2004-12-05,21:00:00,225.0,909.0,12.6,70.5,1.0239,2004-12-05 21:00:00
2004-12-05,22:00:00,143.0,1025.0,12.5,69.1,1.0003,2004-12-05 22:00:00
2004-12-05,23:00:00,146.0,1012.0,13.1,64.3,0.9628,2004-12-05 23:00:00
2004-12-06,00:00:00,115.0,1094.0,13.2,62.9,0.9517,2004-12-06 00:00:00
2004-12-06,01:00:00,125.0,1034.0,13.3,63.6,0.9673,2004-12-06 01:00:00
2004-12-06,02:00:00,150.0,1022.0,13.3,65.3,0.9948,2004-12-06 02:00:00
2004-12-06,03:00:00,114.57692307692308,983.0,12.7,72.2,1.0525,2004-12-06 03:00:00
2004-12-06,04:00:00,78.0,1140.0,11.9,79.6,1.1043,2004-12-06 04:00:00
2004-12-06,05:00:00,108.0,1034.0,11.8,81.4,1.1238,2004-12-06 05:00:00
2004-12-06,06:00:00,181.0,926.0,12.0,80.1,1.1231,2004-12-06 06:00:00
2004-12-06,07:00:00,302.0,819.0,12.2,78.8,1.1178,2004-12-06 07:00:00
2004-12-06,08:00:00,587.0,589.0,12.7,77.2,1.1298,2004-12-06 08:00:00
2004-12-06,09:00:00,712.0,471.0,13.4,74.4,1.1407,2004-12-06 09:00:00
2004-12-06,10:00:00,698.0,566.0,15.9,63.4,1.1349,2004-12-06 10:00:00
2004-12-06,11:00:00,576.0,641.0,18.5,52.9,1.1174,2004-12-06 11:00:00
2004-12-06,12:00:00,438.0,655.0,18.4,52.6,1.1064,2004-12-06 12:00:00
2004-12-06,13:00:00,562.0,538.0,19.4,49.8,1.1095,2004-12-06 13:00:00
2004-12-06,14:00:00,467.0,573.0,19.5,50.1,1.1225,2004-12-06 14:00:00
2004-12-06,15:00:00,323.0,621.0,20.3,47.5,1.1187,2004-12-06 15:00:00
2004-12-06,16:00:00,391.0,599.0,18.7,53.0,1.1322,2004-12-06 16:00:00
2004-12-06,17:00:00,379.0,597.0,17.3,57.1,1.1161,2004-12-06 17:00:00
2004-12-06,18:00:00,387.0,570.0,16.4,59.5,1.1017,2004-12-06 18:00:00
2004-12-06,19:00:00,433.0,571.0,15.9,60.8,1.088,2004-12-06 19:00:00
2004-12-06,20:00:00,349.0,617.0,15.5,60.7,1.0591,2004-12-06 20:00:00
2004-12-06,21:00:00,337.0,634.0,15.3,63.1,1.0872,2004-12-06 21:00:00
2004-12-06,22:00:00,245.0,806.0,16.6,58.5,1.0963,2004-12-06 22:00:00
2004-12-06,23:00:00,236.0,871.0,14.6,64.7,1.0677,2004-12-06 23:00:00
2004-12-07,00:00:00,191.0,900.0,14.0,66.1,1.05,2004-12-07 00:00:00
2004-12-07,01:00:00,273.0,901.0,13.0,69.4,1.0364,2004-12-07 01:00:00
2004-12-07,02:00:00,211.0,985.0,13.1,67.4,1.0101,2004-12-07 02:00:00
2004-12-07,03:00:00,114.57692307692308,947.0,11.6,73.4,0.999,2004-12-07 03:00:00
2004-12-07,04:00:00,146.0,1074.0,11.9,71.4,0.9921,2004-12-07 04:00:00
2004-12-07,05:00:00,126.0,1126.0,12.4,68.3,0.9801,2004-12-07 05:00:00
2004-12-07,06:00:00,146.0,1082.0,14.1,60.6,0.9715,2004-12-07 06:00:00
2004-12-07,07:00:00,243.0,985.0,12.9,64.2,0.9506,2004-12-07 07:00:00
2004-12-07,08:00:00,450.0,761.0,11.7,68.9,0.9439,2004-12-07 08:00:00
2004-12-07,09:00:00,499.0,681.0,12.5,65.8,0.9538,2004-12-07 09:00:00
2004-12-07,10:00:00,574.0,682.0,14.5,61.1,1.0007,2004-12-07 10:00:00
2004-12-07,11:00:00,679.0,643.0,16.9,54.2,1.0371,2004-12-07 11:00:00
2004-12-07,12:00:00,572.0,657.0,17.4,53.3,1.0528,2004-12-07 12:00:00
2004-12-07,13:00:00,396.0,733.0,18.8,49.3,1.0581,2004-12-07 13:00:00
2004-12-07,14:00:00,455.0,818.0,19.4,47.1,1.051,2004-12-07 14:00:00
2004-12-07,15:00:00,423.0,818.0,19.2,47.1,1.0371,2004-12-07 15:00:00
2004-12-07,16:00:00,356.0,629.0,17.7,51.5,1.0315,2004-12-07 16:00:00
2004-12-07,17:00:00,350.0,628.0,16.5,54.6,1.0164,2004-12-07 17:00:00
2004-12-07,18:00:00,359.0,606.0,15.4,57.9,1.0068,2004-12-07 18:00:00
2004-12-07,19:00:00,358.0,618.0,15.2,58.4,1.0007,2004-12-07 19:00:00
2004-12-07,20:00:00,289.0,649.0,14.9,58.4,0.9843,2004-12-07 20:00:00
2004-12-07,21:00:00,359.0,657.0,14.5,60.4,0.9909,2004-12-07 21:00:00
2004-12-07,22:00:00,355.0,646.0,14.5,62.3,1.0216,2004-12-07 22:00:00
2004-12-07,23:00:00,244.0,720.0,14.6,60.6,1.0033,2004-12-07 23:00:00
2004-12-08,00:00:00,194.0,750.0,15.0,59.3,1.0045,2004-12-08 00:00:00
2004-12-08,01:00:00,176.0,746.0,14.7,60.3,1.0031,2004-12-08 01:00:00
2004-12-08,02:00:00,170.0,1035.0,15.3,59.1,1.0191,2004-12-08 02:00:00
2004-12-08,03:00:00,114.57692307692308,1305.0,12.3,69.7,0.9954,2004-12-08 03:00:00
2004-12-08,04:00:00,212.0,1075.0,11.6,72.5,0.9916,2004-12-08 04:00:00
2004-12-08,05:00:00,146.0,990.0,12.0,71.9,1.003,2004-12-08 05:00:00
2004-12-08,06:00:00,177.0,988.0,11.8,71.8,0.9909,2004-12-08 06:00:00
2004-12-08,07:00:00,172.0,917.0,11.8,71.4,0.9864,2004-12-08 07:00:00
2004-12-08,08:00:00,159.0,985.0,12.8,66.3,0.9804,2004-12-08 08:00:00
2004-12-08,09:00:00,184.0,923.0,13.2,65.2,0.9841,2004-12-08 09:00:00
2004-12-08,10:00:00,310.0,751.0,13.1,66.2,0.9933,2004-12-08 10:00:00
2004-12-08,11:00:00,363.0,701.0,14.3,63.3,1.0266,2004-12-08 11:00:00
2004-12-08,12:00:00,302.0,732.0,16.0,58.1,1.0482,2004-12-08 12:00:00
2004-12-08,13:00:00,424.0,635.0,17.3,53.9,1.0562,2004-12-08 13:00:00
2004-12-08,14:00:00,258.0,763.0,17.3,53.3,1.0407,2004-12-08 14:00:00
2004-12-08,15:00:00,179.0,911.0,16.7,54.7,1.0311,2004-12-08 15:00:00
2004-12-08,16:00:00,221.0,870.0,15.4,58.9,1.02,2004-12-08 16:00:00
2004-12-08,17:00:00,303.0,800.0,15.2,58.0,0.9927,2004-12-08 17:00:00
2004-12-08,18:00:00,429.0,692.0,16.2,54.5,0.9956,2004-12-08 18:00:00
2004-12-08,19:00:00,357.0,756.0,16.5,55.3,1.0267,2004-12-08 19:00:00
2004-12-08,20:00:00,438.0,625.0,14.6,72.1,1.1947,2004-12-08 20:00:00
2004-12-08,21:00:00,457.0,697.0,13.9,76.7,1.2098,2004-12-08 21:00:00
2004-12-08,22:00:00,355.0,721.0,13.7,79.3,1.2326,2004-12-08 22:00:00
2004-12-08,23:00:00,348.0,815.0,13.8,77.3,1.2169,2004-12-08 23:00:00
2004-12-09,00:00:00,241.0,886.0,14.2,71.7,1.1578,2004-12-09 00:00:00
2004-12-09,01:00:00,134.0,1035.0,14.9,65.7,1.105,2004-12-09 01:00:00
2004-12-09,02:00:00,94.0,1155.0,14.7,67.3,1.1177,2004-12-09 02:00:00
2004-12-09,03:00:00,114.57692307692308,1264.0,15.2,63.2,1.0821,2004-12-09 03:00:00
2004-12-09,04:00:00,33.0,1451.0,14.8,65.5,1.0965,2004-12-09 04:00:00
2004-12-09,05:00:00,33.0,1509.0,14.4,68.5,1.1158,2004-12-09 05:00:00
2004-12-09,06:00:00,57.0,1426.0,14.5,62.9,1.0335,2004-12-09 06:00:00
2004-12-09,07:00:00,112.0,1346.0,14.6,56.7,0.9358,2004-12-09 07:00:00
2004-12-09,08:00:00,358.0,844.0,15.0,55.3,0.9338,2004-12-09 08:00:00
2004-12-09,09:00:00,287.0,1113.0,14.5,56.5,0.9306,2004-12-09 09:00:00
2004-12-09,10:00:00,263.0,1386.0,14.3,55.4,0.9005,2004-12-09 10:00:00
2004-12-09,11:00:00,282.0,1038.0,14.7,52.5,0.8716,2004-12-09 11:00:00
2004-12-09,12:00:00,286.0,993.0,15.5,51.7,0.9033,2004-12-09 12:00:00
2004-12-09,13:00:00,259.0,989.0,14.9,53.4,0.8998,2004-12-09 13:00:00
2004-12-09,14:00:00,265.0,915.0,15.2,51.0,0.8762,2004-12-09 14:00:00
2004-12-09,15:00:00,249.0,945.0,15.2,50.1,0.858,2004-12-09 15:00:00
2004-12-09,16:00:00,268.0,876.0,15.6,46.6,0.8176,2004-12-09 16:00:00
2004-12-09,17:00:00,226.0,1539.0,14.8,48.4,0.8069,2004-12-09 17:00:00
2004-12-09,18:00:00,301.0,1376.0,14.6,48.0,0.7902,2004-12-09 18:00:00
2004-12-09,19:00:00,388.0,777.0,15.1,45.4,0.7759,2004-12-09 19:00:00
2004-12-09,20:00:00,285.0,1028.0,14.5,45.4,0.7458,2004-12-09 20:00:00
2004-12-09,21:00:00,197.0,1379.0,13.4,48.1,0.7374,2004-12-09 21:00:00
2004-12-09,22:00:00,105.0,1972.0,12.3,48.7,0.6931,2004-12-09 22:00:00
2004-12-09,23:00:00,88.0,1729.0,12.0,51.2,0.7179,2004-12-09 23:00:00
2004-12-10,00:00:00,92.0,1613.0,11.9,54.6,0.7589,2004-12-10 00:00:00
2004-12-10,01:00:00,88.0,1485.0,13.7,45.0,0.6991,2004-12-10 01:00:00
2004-12-10,02:00:00,90.0,1489.0,14.7,37.5,0.622,2004-12-10 02:00:00
2004-12-10,03:00:00,114.57692307692308,2081.0,13.8,36.8,0.576,2004-12-10 03:00:00
2004-12-10,04:00:00,42.0,2331.0,13.2,35.6,0.5375,2004-12-10 04:00:00
2004-12-10,05:00:00,31.0,2559.0,12.0,37.3,0.5239,2004-12-10 05:00:00
2004-12-10,06:00:00,51.0,2294.0,11.7,38.1,0.5223,2004-12-10 06:00:00
2004-12-10,07:00:00,100.0,2683.0,11.5,38.0,0.5159,2004-12-10 07:00:00
2004-12-10,08:00:00,315.0,2327.0,12.3,35.8,0.5086,2004-12-10 08:00:00
2004-12-10,09:00:00,417.0,2318.0,12.9,34.5,0.5102,2004-12-10 09:00:00
2004-12-10,10:00:00,328.0,2542.0,14.4,30.2,0.4911,2004-12-10 10:00:00
2004-12-10,11:00:00,304.0,886.0,16.2,26.2,0.4789,2004-12-10 11:00:00
2004-12-10,12:00:00,300.0,909.0,17.1,23.5,0.453,2004-12-10 12:00:00
2004-12-10,13:00:00,306.0,849.0,18.1,21.3,0.4396,2004-12-10 13:00:00
2004-12-10,14:00:00,342.0,837.0,18.8,20.0,0.4278,2004-12-10 14:00:00
2004-12-10,15:00:00,324.0,873.0,18.1,20.8,0.4274,2004-12-10 15:00:00
2004-12-10,16:00:00,327.0,842.0,17.6,19.9,0.3952,2004-12-10 16:00:00
2004-12-10,17:00:00,404.0,764.0,16.0,20.8,0.3757,2004-12-10 17:00:00
2004-12-10,18:00:00,575.0,675.0,14.6,23.7,0.3903,2004-12-10 18:00:00
2004-12-10,19:00:00,539.0,662.0,13.7,22.9,0.3581,2004-12-10 19:00:00
2004-12-10,20:00:00,460.0,742.0,12.8,21.7,0.3182,2004-12-10 20:00:00
2004-12-10,21:00:00,386.0,918.0,12.7,21.3,0.3119,2004-12-10 21:00:00
2004-12-10,22:00:00,202.0,1051.0,12.8,22.5,0.3309,2004-12-10 22:00:00
2004-12-10,23:00:00,162.0,1122.0,12.6,23.4,0.3408,2004-12-10 23:00:00
2004-12-11,00:00:00,261.0,1034.0,12.4,24.0,0.3443,2004-12-11 00:00:00
2004-12-11,01:00:00,263.0,1041.0,12.5,24.0,0.3462,2004-12-11 01:00:00
2004-12-11,02:00:00,159.0,1019.0,11.9,32.4,0.4489,2004-12-11 02:00:00
2004-12-11,03:00:00,114.57692307692308,1015.0,11.7,33.8,0.4623,2004-12-11 03:00:00
2004-12-11,04:00:00,111.0,1102.0,11.5,34.2,0.4621,2004-12-11 04:00:00
2004-12-11,05:00:00,104.0,1105.0,10.5,37.8,0.4799,2004-12-11 05:00:00
2004-12-11,06:00:00,221.0,933.0,7.8,47.4,0.5046,2004-12-11 06:00:00
2004-12-11,07:00:00,243.0,1030.0,9.3,43.1,0.5062,2004-12-11 07:00:00
2004-12-11,08:00:00,356.0,947.0,8.2,46.8,0.5091,2004-12-11 08:00:00
2004-12-11,09:00:00,429.0,711.0,10.7,34.2,0.439,2004-12-11 09:00:00
2004-12-11,10:00:00,518.0,692.0,14.4,28.2,0.4593,2004-12-11 10:00:00
2004-12-11,11:00:00,460.0,679.0,17.4,23.3,0.4599,2004-12-11 11:00:00
2004-12-11,12:00:00,389.0,702.0,17.8,23.6,0.4766,2004-12-11 12:00:00
2004-12-11,13:00:00,362.0,815.0,18.3,19.5,0.4044,2004-12-11 13:00:00
2004-12-11,14:00:00,337.0,816.0,18.9,18.9,0.4091,2004-12-11 14:00:00
2004-12-11,15:00:00,254.0,931.0,18.4,19.7,0.4117,2004-12-11 15:00:00
2004-12-11,16:00:00,281.0,857.0,17.8,21.0,0.4234,2004-12-11 16:00:00
2004-12-11,17:00:00,369.0,756.0,16.1,23.4,0.4248,2004-12-11 17:00:00
2004-12-11,18:00:00,350.0,781.0,14.9,24.9,0.4178,2004-12-11 18:00:00
2004-12-11,19:00:00,323.0,826.0,14.6,24.6,0.4054,2004-12-11 19:00:00
2004-12-11,20:00:00,340.0,762.0,14.2,26.8,0.4332,2004-12-11 20:00:00
2004-12-11,21:00:00,443.0,669.0,13.3,38.7,0.5867,2004-12-11 21:00:00
2004-12-11,22:00:00,292.0,737.0,11.2,45.1,0.6004,2004-12-11 22:00:00
2004-12-11,23:00:00,372.0,670.0,8.8,52.5,0.5969,2004-12-11 23:00:00
2004-12-12,00:00:00,443.0,685.0,8.6,54.3,0.606,2004-12-12 00:00:00
2004-12-12,01:00:00,360.0,708.0,8.1,53.2,0.5746,2004-12-12 01:00:00
2004-12-12,02:00:00,401.0,715.0,6.8,57.8,0.5768,2004-12-12 02:00:00
2004-12-12,03:00:00,114.57692307692308,832.0,6.6,58.1,0.5687,2004-12-12 03:00:00
2004-12-12,04:00:00,273.0,703.0,5.4,64.1,0.5772,2004-12-12 04:00:00
2004-12-12,05:00:00,199.0,843.0,5.6,61.6,0.5656,2004-12-12 05:00:00
2004-12-12,06:00:00,177.0,777.0,4.2,69.0,0.5737,2004-12-12 06:00:00
2004-12-12,07:00:00,206.0,936.0,4.8,64.6,0.563,2004-12-12 07:00:00
2004-12-12,08:00:00,323.0,821.0,4.0,69.0,0.5661,2004-12-12 08:00:00
2004-12-12,09:00:00,392.0,780.0,4.9,66.3,0.5786,2004-12-12 09:00:00
2004-12-12,10:00:00,420.0,728.0,9.4,48.7,0.5748,2004-12-12 10:00:00
2004-12-12,11:00:00,333.0,751.0,12.6,39.9,0.5804,2004-12-12 11:00:00
2004-12-12,12:00:00,395.0,701.0,14.4,35.3,0.5763,2004-12-12 12:00:00
2004-12-12,13:00:00,478.0,633.0,15.1,37.4,0.6374,2004-12-12 13:00:00
2004-12-12,14:00:00,470.0,638.0,16.0,35.8,0.6456,2004-12-12 14:00:00
2004-12-12,15:00:00,508.0,629.0,17.5,30.8,0.6095,2004-12-12 15:00:00
2004-12-12,16:00:00,596.0,547.0,17.2,34.2,0.6669,2004-12-12 16:00:00
2004-12-12,17:00:00,694.0,491.0,14.3,45.8,0.7452,2004-12-12 17:00:00
2004-12-12,18:00:00,968.0,466.0,12.2,53.9,0.7617,2004-12-12 18:00:00
2004-12-12,19:00:00,658.0,570.0,11.6,51.2,0.6965,2004-12-12 19:00:00
2004-12-12,20:00:00,409.0,640.0,11.3,50.1,0.672,2004-12-12 20:00:00
2004-12-12,21:00:00,345.0,751.0,10.6,51.2,0.6541,2004-12-12 21:00:00
2004-12-12,22:00:00,230.0,896.0,9.6,51.7,0.6163,2004-12-12 22:00:00
2004-12-12,23:00:00,285.0,888.0,8.7,55.2,0.6225,2004-12-12 23:00:00
2004-12-13,00:00:00,310.0,825.0,7.9,60.2,0.6432,2004-12-13 00:00:00
2004-12-13,01:00:00,224.0,961.0,7.9,59.2,0.6331,2004-12-13 01:00:00
2004-12-13,02:00:00,213.0,978.0,6.7,64.6,0.6381,2004-12-13 02:00:00
2004-12-13,03:00:00,114.57692307692308,1221.0,6.9,62.3,0.6227,2004-12-13 03:00:00
2004-12-13,04:00:00,103.0,1326.0,6.3,64.6,0.6197,2004-12-13 04:00:00
2004-12-13,05:00:00,91.0,1238.0,6.4,63.3,0.6123,2004-12-13 05:00:00
2004-12-13,06:00:00,178.0,1001.0,6.4,64.4,0.6204,2004-12-13 06:00:00
2004-12-13,07:00:00,351.0,829.0,5.6,68.9,0.6328,2004-12-13 07:00:00
2004-12-13,08:00:00,587.0,596.0,6.4,65.6,0.6348,2004-12-13 08:00:00
2004-12-13,09:00:00,475.0,748.0,7.3,61.4,0.6306,2004-12-13 09:00:00
2004-12-13,10:00:00,576.0,937.0,9.6,53.7,0.6409,2004-12-13 10:00:00
2004-12-13,11:00:00,920.0,775.0,12.0,45.9,0.6421,2004-12-13 11:00:00
2004-12-13,12:00:00,710.0,784.0,12.7,44.4,0.6512,2004-12-13 12:00:00
2004-12-13,13:00:00,696.0,690.0,13.9,42.8,0.6761,2004-12-13 13:00:00
2004-12-13,14:00:00,744.0,691.0,15.0,41.4,0.7016,2004-12-13 14:00:00
2004-12-13,15:00:00,743.0,575.0,16.0,38.7,0.6987,2004-12-13 15:00:00
2004-12-13,16:00:00,801.0,568.0,16.0,38.6,0.6952,2004-12-13 16:00:00
2004-12-13,17:00:00,1014.0,495.0,14.1,44.9,0.7194,2004-12-13 17:00:00
2004-12-13,18:00:00,1479.0,334.0,12.6,55.9,0.8142,2004-12-13 18:00:00
2004-12-13,19:00:00,1018.0,400.0,11.7,60.8,0.8336,2004-12-13 19:00:00
2004-12-13,20:00:00,729.0,509.0,11.5,60.9,0.8249,2004-12-13 20:00:00
2004-12-13,21:00:00,508.0,581.0,10.6,64.1,0.8182,2004-12-13 21:00:00
2004-12-13,22:00:00,347.0,665.0,10.1,66.2,0.8185,2004-12-13 22:00:00
2004-12-13,23:00:00,327.0,715.0,9.0,70.1,0.8036,2004-12-13 23:00:00
2004-12-14,00:00:00,339.0,739.0,8.6,70.5,0.7915,2004-12-14 00:00:00
2004-12-14,01:00:00,358.0,687.0,7.6,74.3,0.7783,2004-12-14 01:00:00
2004-12-14,02:00:00,377.0,728.0,6.9,76.1,0.759,2004-12-14 02:00:00
2004-12-14,03:00:00,114.57692307692308,920.0,8.0,70.6,0.7607,2004-12-14 03:00:00
2004-12-14,04:00:00,165.0,977.0,6.8,75.4,0.7475,2004-12-14 04:00:00
2004-12-14,05:00:00,145.0,996.0,6.6,75.3,0.7378,2004-12-14 05:00:00
2004-12-14,06:00:00,282.0,824.0,6.0,77.3,0.7262,2004-12-14 06:00:00
2004-12-14,07:00:00,494.0,715.0,6.0,76.7,0.722,2004-12-14 07:00:00
2004-12-14,08:00:00,606.0,587.0,6.9,73.7,0.7348,2004-12-14 08:00:00
2004-12-14,09:00:00,581.0,478.0,7.6,70.6,0.7371,2004-12-14 09:00:00
2004-12-14,10:00:00,920.0,440.0,9.3,64.2,0.7544,2004-12-14 10:00:00
2004-12-14,11:00:00,811.0,484.0,11.7,55.7,0.763,2004-12-14 11:00:00
2004-12-14,12:00:00,786.0,499.0,12.9,54.1,0.8003,2004-12-14 12:00:00
2004-12-14,13:00:00,677.0,481.0,14.0,53.0,0.8451,2004-12-14 13:00:00
2004-12-14,14:00:00,612.0,609.0,15.1,50.2,0.8552,2004-12-14 14:00:00
2004-12-14,15:00:00,524.0,785.0,16.7,47.3,0.8883,2004-12-14 15:00:00
2004-12-14,16:00:00,775.0,460.0,16.8,48.4,0.9175,2004-12-14 16:00:00
2004-12-14,17:00:00,1159.0,461.36842105263156,16.753947368421052,48.6578947368421,0.9190802631578947,2004-12-14 17:00:00
2004-12-14,18:00:00,1310.0,462.7368421052632,16.707894736842107,48.91578947368421,0.9206605263157894,2004-12-14 18:00:00
2004-12-14,19:00:00,1037.0,464.10526315789474,16.66184210526316,49.17368421052632,0.9222407894736842,2004-12-14 19:00:00
2004-12-14,20:00:00,791.0,465.4736842105263,16.61578947368421,49.43157894736842,0.923821052631579,2004-12-14 20:00:00
2004-12-14,21:00:00,670.0,466.8421052631579,16.569736842105264,49.689473684210526,0.9254013157894737,2004-12-14 21:00:00
2004-12-14,22:00:00,341.0,468.2105263157895,16.523684210526316,49.94736842105263,0.9269815789473684,2004-12-14 22:00:00
2004-12-14,23:00:00,365.0,469.57894736842104,16.47763157894737,50.205263157894734,0.9285618421052632,2004-12-14 23:00:00
2004-12-15,00:00:00,510.0,470.94736842105266,16.431578947368422,50.46315789473684,0.9301421052631579,2004-12-15 00:00:00
2004-12-15,01:00:00,352.0,472.3157894736842,16.385526315789473,50.72105263157895,0.9317223684210526,2004-12-15 01:00:00
2004-12-15,02:00:00,299.0,473.6842105263158,16.339473684210528,50.97894736842105,0.9333026315789473,2004-12-15 02:00:00
2004-12-15,03:00:00,114.57692307692308,475.05263157894734,16.29342105263158,51.23684210526316,0.934882894736842,2004-12-15 03:00:00
2004-12-15,04:00:00,103.0,476.42105263157896,16.24736842105263,51.49473684210526,0.9364631578947369,2004-12-15 04:00:00
2004-12-15,05:00:00,133.0,477.7894736842105,16.201315789473686,51.752631578947366,0.9380434210526316,2004-12-15 05:00:00
2004-12-15,06:00:00,244.0,479.1578947368421,16.155263157894737,52.01052631578947,0.9396236842105263,2004-12-15 06:00:00
2004-12-15,07:00:00,222.0,480.5263157894737,16.109210526315792,52.26842105263158,0.9412039473684211,2004-12-15 07:00:00
2004-12-15,08:00:00,591.0,481.89473684210526,16.063157894736843,52.526315789473685,0.9427842105263158,2004-12-15 08:00:00
2004-12-15,09:00:00,821.0,483.2631578947368,16.017105263157895,52.78421052631579,0.9443644736842105,2004-12-15 09:00:00
2004-12-15,10:00:00,803.0,484.63157894736844,15.971052631578948,53.04210526315789,0.9459447368421052,2004-12-15 10:00:00
2004-12-15,11:00:00,809.0,486.0,15.925,53.3,0.947525,2004-12-15 11:00:00
2004-12-15,12:00:00,836.0,487.36842105263156,15.878947368421054,53.5578947368421,0.9491052631578948,2004-12-15 12:00:00
2004-12-15,13:00:00,820.0,488.7368421052632,15.832894736842107,53.81578947368421,0.9506855263157895,2004-12-15 13:00:00
2004-12-15,14:00:00,861.0,490.10526315789474,15.786842105263158,54.07368421052632,0.9522657894736842,2004-12-15 14:00:00
2004-12-15,15:00:00,842.0,491.4736842105263,15.740789473684211,54.33157894736842,0.953846052631579,2004-12-15 15:00:00
2004-12-15,16:00:00,933.0,492.8421052631579,15.694736842105264,54.589473684210525,0.9554263157894737,2004-12-15 16:00:00
2004-12-15,17:00:00,1237.0,494.2105263157895,15.648684210526316,54.84736842105263,0.9570065789473684,2004-12-15 17:00:00
2004-12-15,18:00:00,1137.0,495.57894736842104,15.602631578947369,55.10526315789474,0.9585868421052631,2004-12-15 18:00:00
2004-12-15,19:00:00,484.0,496.9473684210526,15.556578947368422,55.363157894736844,0.960167105263158,2004-12-15 19:00:00
2004-12-15,20:00:00,325.0,498.3157894736842,15.510526315789475,55.62105263157895,0.9617473684210527,2004-12-15 20:00:00
2004-12-15,21:00:00,292.0,499.6842105263158,15.464473684210526,55.87894736842105,0.9633276315789474,2004-12-15 21:00:00
2004-12-15,22:00:00,303.0,501.0526315789474,15.41842105263158,56.136842105263156,0.9649078947368421,2004-12-15 22:00:00
2004-12-15,23:00:00,242.0,502.42105263157896,15.372368421052633,56.39473684210526,0.9664881578947369,2004-12-15 23:00:00
2004-12-16,00:00:00,314.0,503.7894736842105,15.326315789473686,56.652631578947364,0.9680684210526316,2004-12-16 00:00:00
2004-12-16,01:00:00,289.0,505.1578947368421,15.280263157894737,56.910526315789475,0.9696486842105263,2004-12-16 01:00:00
2004-12-16,02:00:00,224.0,506.5263157894737,15.23421052631579,57.16842105263158,0.971228947368421,2004-12-16 02:00:00
2004-12-16,03:00:00,114.57692307692308,507.89473684210526,15.188157894736843,57.42631578947368,0.9728092105263159,2004-12-16 03:00:00
2004-12-16,04:00:00,191.0,509.2631578947368,15.142105263157896,57.68421052631579,0.9743894736842106,2004-12-16 04:00:00
2004-12-16,05:00:00,149.0,510.63157894736844,15.096052631578948,57.94210526315789,0.9759697368421053,2004-12-16 05:00:00
2004-12-16,06:00:00,212.0,512.0,15.05,58.2,0.97755,2004-12-16 06:00:00
2004-12-16,07:00:00,398.0,513.3684210526316,15.003947368421054,58.45789473684211,0.9791302631578948,2004-12-16 07:00:00
2004-12-16,08:00:00,763.0,514.7368421052631,14.957894736842107,58.71578947368421,0.9807105263157895,2004-12-16 08:00:00
2004-12-16,09:00:00,905.0,516.1052631578948,14.911842105263158,58.973684210526315,0.9822907894736842,2004-12-16 09:00:00
2004-12-16,10:00:00,849.0,517.4736842105264,14.865789473684211,59.23157894736842,0.983871052631579,2004-12-16 10:00:00
2004-12-16,11:00:00,1015.0,518.8421052631579,14.819736842105264,59.48947368421052,0.9854513157894738,2004-12-16 11:00:00
2004-12-16,12:00:00,845.0,520.2105263157895,14.773684210526316,59.74736842105263,0.9870315789473685,2004-12-16 12:00:00
2004-12-16,13:00:00,740.0,521.578947368421,14.727631578947369,60.00526315789474,0.9886118421052632,2004-12-16 13:00:00
2004-12-16,14:00:00,1018.0,522.9473684210526,14.681578947368422,60.26315789473684,0.9901921052631579,2004-12-16 14:00:00
2004-12-16,15:00:00,1058.0,524.3157894736842,14.635526315789475,60.52105263157895,0.9917723684210527,2004-12-16 15:00:00
2004-12-16,16:00:00,1182.0,525.6842105263158,14.589473684210528,60.77894736842105,0.9933526315789474,2004-12-16 16:00:00
2004-12-16,17:00:00,1089.0,527.0526315789474,14.54342105263158,61.03684210526316,0.9949328947368421,2004-12-16 17:00:00
2004-12-16,18:00:00,1186.0,528.421052631579,14.497368421052633,61.294736842105266,0.9965131578947368,2004-12-16 18:00:00
2004-12-16,19:00:00,1235.0,529.7894736842105,14.451315789473686,61.55263157894737,0.9980934210526317,2004-12-16 19:00:00
2004-12-16,20:00:00,1253.0,531.1578947368421,14.405263157894737,61.810526315789474,0.9996736842105264,2004-12-16 20:00:00
2004-12-16,21:00:00,1237.0,532.5263157894736,14.35921052631579,62.06842105263158,1.001253947368421,2004-12-16 21:00:00
2004-12-16,22:00:00,1060.0,533.8947368421052,14.313157894736843,62.32631578947368,1.002834210526316,2004-12-16 22:00:00
2004-12-16,23:00:00,873.0,535.2631578947369,14.267105263157895,62.584210526315786,1.0044144736842107,2004-12-16 23:00:00
2004-12-17,00:00:00,807.0,536.6315789473684,14.221052631578948,62.84210526315789,1.0059947368421054,2004-12-17 00:00:00
2004-12-17,01:00:00,798.0,538.0,14.175,63.1,1.007575,2004-12-17 01:00:00
2004-12-17,02:00:00,691.0,539.3684210526316,14.128947368421054,63.357894736842105,1.0091552631578948,2004-12-17 02:00:00
2004-12-17,03:00:00,114.57692307692308,540.7368421052631,14.082894736842107,63.61578947368421,1.0107355263157896,2004-12-17 03:00:00
2004-12-17,04:00:00,433.0,542.1052631578948,14.036842105263158,63.873684210526314,1.0123157894736843,2004-12-17 04:00:00
2004-12-17,05:00:00,371.0,543.4736842105264,13.990789473684211,64.13157894736842,1.013896052631579,2004-12-17 05:00:00
2004-12-17,06:00:00,469.0,544.8421052631579,13.944736842105264,64.38947368421053,1.0154763157894737,2004-12-17 06:00:00
2004-12-17,07:00:00,658.0,546.2105263157895,13.898684210526316,64.64736842105263,1.0170565789473685,2004-12-17 07:00:00
2004-12-17,08:00:00,854.0,547.578947368421,13.852631578947369,64.90526315789474,1.0186368421052632,2004-12-17 08:00:00
2004-12-17,09:00:00,1005.0,548.9473684210526,13.806578947368422,65.16315789473684,1.020217105263158,2004-12-17 09:00:00
2004-12-17,10:00:00,937.0,550.3157894736842,13.760526315789475,65.42105263157895,1.0217973684210526,2004-12-17 10:00:00
2004-12-17,11:00:00,963.0,551.6842105263158,13.714473684210528,65.67894736842105,1.0233776315789473,2004-12-17 11:00:00
2004-12-17,12:00:00,635.0,553.0526315789474,13.66842105263158,65.93684210526315,1.024957894736842,2004-12-17 12:00:00
2004-12-17,13:00:00,521.0,554.421052631579,13.622368421052633,66.19473684210527,1.0265381578947368,2004-12-17 13:00:00
2004-12-17,14:00:00,613.0,555.7894736842105,13.576315789473686,66.45263157894738,1.0281184210526317,2004-12-17 14:00:00
2004-12-17,15:00:00,516.0,557.1578947368421,13.530263157894737,66.71052631578948,1.0296986842105265,2004-12-17 15:00:00
2004-12-17,16:00:00,446.0,558.5263157894736,13.48421052631579,66.96842105263158,1.0312789473684212,2004-12-17 16:00:00
2004-12-17,17:00:00,499.0,559.8947368421052,13.438157894736843,67.22631578947369,1.032859210526316,2004-12-17 17:00:00
2004-12-17,18:00:00,407.0,561.2631578947369,13.392105263157896,67.48421052631579,1.0344394736842106,2004-12-17 18:00:00
2004-12-17,19:00:00,418.0,562.6315789473684,13.346052631578948,67.7421052631579,1.0360197368421054,2004-12-17 19:00:00
2004-12-17,20:00:00,403.0,564.0,13.3,68.0,1.0376,2004-12-17 20:00:00
2004-12-17,21:00:00,412.0,610.0,13.2,72.8,1.0984,2004-12-17 21:00:00
2004-12-17,22:00:00,322.0,707.0,12.6,76.5,1.1106,2004-12-17 22:00:00
2004-12-17,23:00:00,200.0,819.0,12.6,74.3,1.0843,2004-12-17 23:00:00
2004-12-18,00:00:00,244.0,787.0,12.9,72.1,1.0658,2004-12-18 00:00:00
2004-12-18,01:00:00,199.0,848.0,13.1,70.5,1.0594,2004-12-18 01:00:00
2004-12-18,02:00:00,190.0,822.0,12.4,73.8,1.0574,2004-12-18 02:00:00
2004-12-18,03:00:00,114.57692307692308,834.0,12.2,74.5,1.0537,2004-12-18 03:00:00
2004-12-18,04:00:00,153.0,858.0,11.8,76.3,1.0547,2004-12-18 04:00:00
2004-12-18,05:00:00,215.0,777.0,10.8,80.0,1.0367,2004-12-18 05:00:00
2004-12-18,06:00:00,206.0,842.0,10.4,77.3,0.9709,2004-12-18 06:00:00
2004-12-18,07:00:00,225.0,842.0,10.0,76.2,0.9332,2004-12-18 07:00:00
2004-12-18,08:00:00,416.0,702.0,9.4,67.7,0.8018,2004-12-18 08:00:00
2004-12-18,09:00:00,613.0,582.0,9.3,71.2,0.8325,2004-12-18 09:00:00
2004-12-18,10:00:00,567.0,596.0,12.6,54.0,0.784,2004-12-18 10:00:00
2004-12-18,11:00:00,409.0,799.0,16.1,28.5,0.5164,2004-12-18 11:00:00
2004-12-18,12:00:00,183.0,1062.0,16.6,19.9,0.3728,2004-12-18 12:00:00
2004-12-18,13:00:00,140.0,1223.0,15.9,18.2,0.3255,2004-12-18 13:00:00
2004-12-18,14:00:00,133.0,1596.0,14.3,18.4,0.2991,2004-12-18 14:00:00
2004-12-18,15:00:00,115.0,1731.0,15.0,16.3,0.2749,2004-12-18 15:00:00
2004-12-18,16:00:00,157.0,1653.0,14.9,17.1,0.2875,2004-12-18 16:00:00
2004-12-18,17:00:00,149.0,1301.0,13.2,18.8,0.2837,2004-12-18 17:00:00
2004-12-18,18:00:00,219.0,1080.0,12.4,19.6,0.2797,2004-12-18 18:00:00
2004-12-18,19:00:00,424.0,868.0,11.9,21.3,0.2957,2004-12-18 19:00:00
2004-12-18,20:00:00,659.0,671.0,11.1,24.8,0.3264,2004-12-18 20:00:00
2004-12-18,21:00:00,727.0,674.0,10.1,29.7,0.3666,2004-12-18 21:00:00
2004-12-18,22:00:00,398.0,908.0,10.2,23.8,0.2955,2004-12-18 22:00:00
2004-12-18,23:00:00,414.0,805.0,9.4,27.4,0.3239,2004-12-18 23:00:00
2004-12-19,00:00:00,600.0,664.0,7.9,39.0,0.4154,2004-12-19 00:00:00
2004-12-19,01:00:00,596.0,706.0,7.6,40.6,0.4273,2004-12-19 01:00:00
2004-12-19,02:00:00,225.0,919.0,6.4,43.7,0.4242,2004-12-19 02:00:00
2004-12-19,03:00:00,114.57692307692308,1014.0,6.3,44.7,0.4293,2004-12-19 03:00:00
2004-12-19,04:00:00,120.0,1107.0,5.1,46.5,0.4125,2004-12-19 04:00:00
2004-12-19,05:00:00,126.0,1044.0,3.3,53.5,0.418,2004-12-19 05:00:00
2004-12-19,06:00:00,83.0,1169.0,4.8,49.9,0.4325,2004-12-19 06:00:00
2004-12-19,07:00:00,156.0,1078.0,2.2,60.1,0.4361,2004-12-19 07:00:00
2004-12-19,08:00:00,240.0,1034.0,2.5,59.3,0.4401,2004-12-19 08:00:00
2004-12-19,09:00:00,186.0,1067.0,3.2,55.7,0.4344,2004-12-19 09:00:00
2004-12-19,10:00:00,224.0,923.0,5.0,48.8,0.429,2004-12-19 10:00:00
2004-12-19,11:00:00,386.0,761.0,5.8,49.8,0.4613,2004-12-19 11:00:00
2004-12-19,12:00:00,397.0,778.0,6.0,47.6,0.4488,2004-12-19 12:00:00
2004-12-19,13:00:00,477.0,702.0,7.4,44.6,0.4613,2004-12-19 13:00:00
2004-12-19,14:00:00,405.0,658.0,5.2,73.1,0.6535,2004-12-19 14:00:00
2004-12-19,15:00:00,453.0,612.0,4.8,81.4,0.7055,2004-12-19 15:00:00
2004-12-19,16:00:00,459.0,661.0,4.7,82.3,0.7105,2004-12-19 16:00:00
2004-12-19,17:00:00,452.0,642.0,4.7,82.8,0.7157,2004-12-19 17:00:00
2004-12-19,18:00:00,579.0,582.0,4.7,83.4,0.7177,2004-12-19 18:00:00
2004-12-19,19:00:00,542.0,631.0,5.2,83.1,0.7411,2004-12-19 19:00:00
2004-12-19,20:00:00,601.0,599.0,5.5,84.1,0.7657,2004-12-19 20:00:00
2004-12-19,21:00:00,521.0,630.0,5.8,84.5,0.7822,2004-12-19 21:00:00
2004-12-19,22:00:00,411.0,680.0,6.2,84.1,0.8018,2004-12-19 22:00:00
2004-12-19,23:00:00,382.0,731.0,6.6,83.3,0.8183,2004-12-19 23:00:00
2004-12-20,00:00:00,421.0,711.0,6.8,82.8,0.8216,2004-12-20 00:00:00
2004-12-20,01:00:00,362.0,792.0,8.2,78.4,0.8561,2004-12-20 01:00:00
2004-12-20,02:00:00,104.0,1020.0,9.7,70.9,0.8539,2004-12-20 02:00:00
2004-12-20,03:00:00,114.57692307692308,1116.0,9.5,69.9,0.8298,2004-12-20 03:00:00
2004-12-20,04:00:00,69.0,1229.0,9.3,65.9,0.7757,2004-12-20 04:00:00
2004-12-20,05:00:00,41.0,1365.0,8.8,62.9,0.7154,2004-12-20 05:00:00
2004-12-20,06:00:00,46.0,1393.0,8.6,58.8,0.6603,2004-12-20 06:00:00
2004-12-20,07:00:00,118.0,1069.0,9.2,55.9,0.6521,2004-12-20 07:00:00
2004-12-20,08:00:00,295.0,873.0,8.4,57.7,0.6376,2004-12-20 08:00:00
2004-12-20,09:00:00,311.0,785.0,8.5,60.4,0.6713,2004-12-20 09:00:00
2004-12-20,10:00:00,269.0,878.0,8.9,57.4,0.6575,2004-12-20 10:00:00
2004-12-20,11:00:00,225.0,956.0,9.2,55.8,0.6479,2004-12-20 11:00:00
2004-12-20,12:00:00,220.0,1007.0,9.6,53.9,0.6425,2004-12-20 12:00:00
2004-12-20,13:00:00,216.0,1001.0,9.6,52.4,0.6276,2004-12-20 13:00:00
2004-12-20,14:00:00,162.0,972.0,9.7,49.8,0.5998,2004-12-20 14:00:00
2004-12-20,15:00:00,152.0,1015.0,9.4,44.9,0.5296,2004-12-20 15:00:00
2004-12-20,16:00:00,183.0,1051.0,9.8,41.9,0.5083,2004-12-20 16:00:00
2004-12-20,17:00:00,254.0,1118.0,8.9,44.9,0.5125,2004-12-20 17:00:00
2004-12-20,18:00:00,355.0,869.0,8.4,45.4,0.5035,2004-12-20 18:00:00
2004-12-20,19:00:00,341.0,758.0,8.0,41.0,0.4416,2004-12-20 19:00:00
2004-12-20,20:00:00,341.0,765.0,7.9,37.1,0.3974,2004-12-20 20:00:00
2004-12-20,21:00:00,342.0,885.0,7.8,33.9,0.3594,2004-12-20 21:00:00
2004-12-20,22:00:00,186.0,1158.0,7.3,32.4,0.334,2004-12-20 22:00:00
2004-12-20,23:00:00,170.0,1100.0,7.4,34.6,0.3576,2004-12-20 23:00:00
2004-12-21,00:00:00,169.0,1125.0,7.1,33.7,0.3417,2004-12-21 00:00:00
2004-12-21,01:00:00,246.0,1065.0,6.4,35.8,0.3471,2004-12-21 01:00:00
2004-12-21,02:00:00,63.0,1552.0,5.6,37.7,0.3444,2004-12-21 02:00:00
2004-12-21,03:00:00,114.57692307692308,1726.0,5.6,37.6,0.3448,2004-12-21 03:00:00
2004-12-21,04:00:00,44.0,1705.0,5.3,38.8,0.3473,2004-12-21 04:00:00
2004-12-21,05:00:00,54.0,1595.0,4.7,41.4,0.3576,2004-12-21 05:00:00
2004-12-21,06:00:00,176.0,1186.0,4.3,43.9,0.3675,2004-12-21 06:00:00
2004-12-21,07:00:00,236.0,1188.0,4.9,40.6,0.3539,2004-12-21 07:00:00
2004-12-21,08:00:00,613.0,782.0,5.1,40.8,0.3603,2004-12-21 08:00:00
2004-12-21,09:00:00,755.0,567.0,6.5,38.1,0.3709,2004-12-21 09:00:00
2004-12-21,10:00:00,460.0,812.0,7.4,36.5,0.3778,2004-12-21 10:00:00
2004-12-21,11:00:00,280.0,952.0,7.9,36.4,0.3889,2004-12-21 11:00:00
2004-12-21,12:00:00,322.0,942.0,7.8,36.8,0.3908,2004-12-21 12:00:00
2004-12-21,13:00:00,349.0,860.0,8.7,33.7,0.379,2004-12-21 13:00:00
2004-12-21,14:00:00,297.0,921.0,8.5,34.3,0.3813,2004-12-21 14:00:00
2004-12-21,15:00:00,353.0,922.0,8.9,34.5,0.3946,2004-12-21 15:00:00
2004-12-21,16:00:00,316.0,899.0,8.8,35.7,0.4043,2004-12-21 16:00:00
2004-12-21,17:00:00,348.0,832.0,7.9,38.6,0.4137,2004-12-21 17:00:00
2004-12-21,18:00:00,445.0,691.0,7.6,40.1,0.4195,2004-12-21 18:00:00
2004-12-21,19:00:00,457.0,705.0,6.9,40.3,0.4025,2004-12-21 19:00:00
2004-12-21,20:00:00,516.0,661.0,6.5,41.7,0.4047,2004-12-21 20:00:00
2004-12-21,21:00:00,575.0,732.0,6.3,42.6,0.4106,2004-12-21 21:00:00
2004-12-21,22:00:00,449.0,833.0,5.9,44.7,0.4186,2004-12-21 22:00:00
2004-12-21,23:00:00,289.0,965.0,5.8,43.4,0.4037,2004-12-21 23:00:00
2004-12-22,00:00:00,268.0,948.0,5.8,42.5,0.3937,2004-12-22 00:00:00
2004-12-22,01:00:00,343.0,913.0,5.6,42.0,0.3856,2004-12-22 01:00:00
2004-12-22,02:00:00,222.0,1048.0,5.3,42.3,0.3806,2004-12-22 02:00:00
2004-12-22,03:00:00,114.57692307692308,1135.0,5.1,43.5,0.3852,2004-12-22 03:00:00
2004-12-22,04:00:00,87.0,1391.0,5.1,44.8,0.3967,2004-12-22 04:00:00
2004-12-22,05:00:00,89.0,1309.0,5.2,45.9,0.4099,2004-12-22 05:00:00
2004-12-22,06:00:00,103.0,1270.0,4.7,49.0,0.4209,2004-12-22 06:00:00
2004-12-22,07:00:00,254.0,944.0,4.5,51.8,0.4418,2004-12-22 07:00:00
2004-12-22,08:00:00,481.0,782.0,4.5,53.0,0.4495,2004-12-22 08:00:00
2004-12-22,09:00:00,638.0,681.0,4.8,53.1,0.4605,2004-12-22 09:00:00
2004-12-22,10:00:00,492.0,791.0,7.8,42.0,0.4464,2004-12-22 10:00:00
2004-12-22,11:00:00,413.0,841.0,9.3,37.6,0.4391,2004-12-22 11:00:00
2004-12-22,12:00:00,364.0,827.0,10.0,34.2,0.4212,2004-12-22 12:00:00
2004-12-22,13:00:00,299.0,831.0,10.3,32.6,0.4094,2004-12-22 13:00:00
2004-12-22,14:00:00,342.0,884.0,9.8,31.8,0.3858,2004-12-22 14:00:00
2004-12-22,15:00:00,309.0,1061.0,9.8,30.3,0.3658,2004-12-22 15:00:00
2004-12-22,16:00:00,367.0,874.0,9.6,29.6,0.3545,2004-12-22 16:00:00
2004-12-22,17:00:00,357.0,774.0,8.1,32.5,0.3516,2004-12-22 17:00:00
2004-12-22,18:00:00,345.0,806.0,6.8,36.1,0.3575,2004-12-22 18:00:00
2004-12-22,19:00:00,483.0,708.0,6.4,36.5,0.3519,2004-12-22 19:00:00
2004-12-22,20:00:00,480.0,672.0,5.9,37.8,0.3528,2004-12-22 20:00:00
2004-12-22,21:00:00,427.0,751.0,5.1,40.7,0.3621,2004-12-22 21:00:00
2004-12-22,22:00:00,504.0,725.0,4.8,45.1,0.3925,2004-12-22 22:00:00
2004-12-22,23:00:00,248.0,915.0,4.5,43.9,0.3728,2004-12-22 23:00:00
2004-12-23,00:00:00,241.0,916.0,5.2,44.1,0.3939,2004-12-23 00:00:00
2004-12-23,01:00:00,210.0,921.0,4.3,46.4,0.3896,2004-12-23 01:00:00
2004-12-23,02:00:00,292.0,889.0,3.0,52.5,0.4021,2004-12-23 02:00:00
2004-12-23,03:00:00,114.57692307692308,955.0,2.3,56.3,0.4134,2004-12-23 03:00:00
2004-12-23,04:00:00,129.0,985.0,1.5,61.4,0.4235,2004-12-23 04:00:00
2004-12-23,05:00:00,106.0,1206.0,4.0,50.4,0.4154,2004-12-23 05:00:00
2004-12-23,06:00:00,125.0,1096.0,2.8,55.2,0.4177,2004-12-23 06:00:00
2004-12-23,07:00:00,267.0,917.0,1.2,61.4,0.4159,2004-12-23 07:00:00
2004-12-23,08:00:00,543.0,668.0,1.4,61.3,0.4208,2004-12-23 08:00:00
2004-12-23,09:00:00,496.0,651.0,2.2,58.1,0.4218,2004-12-23 09:00:00
2004-12-23,10:00:00,491.0,685.0,4.3,49.4,0.4138,2004-12-23 10:00:00
2004-12-23,11:00:00,667.0,620.0,6.6,42.5,0.416,2004-12-23 11:00:00
2004-12-23,12:00:00,693.0,621.0,8.0,38.3,0.4133,2004-12-23 12:00:00
2004-12-23,13:00:00,707.0,598.0,9.1,36.1,0.4172,2004-12-23 13:00:00
2004-12-23,14:00:00,777.0,567.0,10.0,34.7,0.4259,2004-12-23 14:00:00
2004-12-23,15:00:00,512.0,652.0,11.0,33.0,0.4331,2004-12-23 15:00:00
2004-12-23,16:00:00,587.0,565.0,11.3,33.6,0.4504,2004-12-23 16:00:00
2004-12-23,17:00:00,864.0,455.0,9.4,41.3,0.4888,2004-12-23 17:00:00
2004-12-23,18:00:00,1089.0,421.0,8.0,45.9,0.4936,2004-12-23 18:00:00
2004-12-23,19:00:00,1070.0,402.0,7.1,50.3,0.51,2004-12-23 19:00:00
2004-12-23,20:00:00,1220.0,402.0,6.2,56.9,0.5419,2004-12-23 20:00:00
2004-12-23,21:00:00,1076.0,472.0,6.3,57.9,0.5575,2004-12-23 21:00:00
2004-12-23,22:00:00,825.0,517.0,6.2,56.8,0.5421,2004-12-23 22:00:00
2004-12-23,23:00:00,740.0,549.0,6.1,54.7,0.5201,2004-12-23 23:00:00
2004-12-24,00:00:00,759.0,543.0,6.0,55.6,0.5244,2004-12-24 00:00:00
2004-12-24,01:00:00,610.0,567.0,5.1,59.0,0.5248,2004-12-24 01:00:00
2004-12-24,02:00:00,465.0,605.0,5.1,58.4,0.517,2004-12-24 02:00:00
2004-12-24,03:00:00,114.57692307692308,625.0,4.7,60.8,0.5232,2004-12-24 03:00:00
2004-12-24,04:00:00,288.0,664.0,4.2,63.1,0.5259,2004-12-24 04:00:00
2004-12-24,05:00:00,251.0,669.0,4.3,64.1,0.537,2004-12-24 05:00:00
2004-12-24,06:00:00,351.0,691.0,4.8,61.9,0.537,2004-12-24 06:00:00
2004-12-24,07:00:00,379.0,666.0,5.3,61.1,0.5499,2004-12-24 07:00:00
2004-12-24,08:00:00,539.0,575.0,5.7,61.3,0.5657,2004-12-24 08:00:00
2004-12-24,09:00:00,706.0,497.0,6.1,60.5,0.5719,2004-12-24 09:00:00
2004-12-24,10:00:00,750.0,510.0,6.7,59.7,0.589,2004-12-24 10:00:00
2004-12-24,11:00:00,747.0,511.0,7.2,58.6,0.5986,2004-12-24 11:00:00
2004-12-24,12:00:00,670.0,524.0,8.0,55.9,0.6018,2004-12-24 12:00:00
2004-12-24,13:00:00,772.0,465.0,9.8,52.4,0.6349,2004-12-24 13:00:00
2004-12-24,14:00:00,792.0,471.0,10.5,51.1,0.6503,2004-12-24 14:00:00
2004-12-24,15:00:00,626.0,528.0,10.8,52.4,0.6767,2004-12-24 15:00:00
2004-12-24,16:00:00,678.0,474.0,10.6,55.3,0.7058,2004-12-24 16:00:00
2004-12-24,17:00:00,706.0,479.0,10.4,57.0,0.7167,2004-12-24 17:00:00
2004-12-24,18:00:00,668.0,474.0,10.2,58.3,0.7256,2004-12-24 18:00:00
2004-12-24,19:00:00,641.0,482.5,10.066666666666666,59.599999999999994,0.7349333333333333,2004-12-24 19:00:00
2004-12-24,20:00:00,649.0,491.0,9.933333333333334,60.9,0.7442666666666666,2004-12-24 20:00:00
2004-12-24,21:00:00,521.0,499.5,9.8,62.199999999999996,0.7536,2004-12-24 21:00:00
2004-12-24,22:00:00,487.0,508.0,9.666666666666666,63.49999999999999,0.7629333333333334,2004-12-24 22:00:00
2004-12-24,23:00:00,453.0,516.5,9.533333333333333,64.8,0.7722666666666667,2004-12-24 23:00:00
2004-12-25,00:00:00,567.0,525.0,9.4,66.1,0.7816,2004-12-25 00:00:00
2004-12-25,01:00:00,527.0,540.0,9.6,65.9,0.7869,2004-12-25 01:00:00
2004-12-25,02:00:00,503.0,553.0,9.5,66.2,0.7882,2004-12-25 02:00:00
2004-12-25,03:00:00,114.57692307692308,583.0,9.2,67.3,0.7851,2004-12-25 03:00:00
2004-12-25,04:00:00,345.0,601.0,9.1,68.7,0.7925,2004-12-25 04:00:00
2004-12-25,05:00:00,274.0,648.0,9.0,69.8,0.8039,2004-12-25 05:00:00
2004-12-25,06:00:00,231.0,644.0,8.9,70.5,0.8056,2004-12-25 06:00:00
2004-12-25,07:00:00,268.0,631.0,8.9,70.4,0.8074,2004-12-25 07:00:00
2004-12-25,08:00:00,281.0,645.0,9.1,69.6,0.8045,2004-12-25 08:00:00
2004-12-25,09:00:00,340.0,623.0,9.0,70.8,0.8173,2004-12-25 09:00:00
2004-12-25,10:00:00,406.0,594.0,9.8,68.6,0.8324,2004-12-25 10:00:00
2004-12-25,11:00:00,379.0,598.0,10.2,67.3,0.8373,2004-12-25 11:00:00
2004-12-25,12:00:00,436.0,553.0,10.7,65.0,0.8378,2004-12-25 12:00:00
2004-12-25,13:00:00,602.0,505.0,11.4,62.9,0.8454,2004-12-25 13:00:00
2004-12-25,14:00:00,507.0,566.0,12.2,61.1,0.8652,2004-12-25 14:00:00
2004-12-25,15:00:00,266.0,633.0,12.1,61.8,0.8723,2004-12-25 15:00:00
2004-12-25,16:00:00,335.0,561.0,11.7,65.6,0.898,2004-12-25 16:00:00
2004-12-25,17:00:00,464.0,531.0,11.4,67.9,0.9119,2004-12-25 17:00:00
2004-12-25,18:00:00,527.0,501.0,11.2,70.8,0.9386,2004-12-25 18:00:00
2004-12-25,19:00:00,592.0,496.0,10.9,75.9,0.9868,2004-12-25 19:00:00
2004-12-25,20:00:00,821.0,460.0,11.3,78.3,1.0455,2004-12-25 20:00:00
2004-12-25,21:00:00,538.0,541.0,10.3,82.8,1.0369,2004-12-25 21:00:00
2004-12-25,22:00:00,513.0,521.0,10.4,82.5,1.0406,2004-12-25 22:00:00
2004-12-25,23:00:00,514.0,564.0,11.0,81.7,1.0727,2004-12-25 23:00:00
2004-12-26,00:00:00,345.0,688.0,11.7,79.8,1.0964,2004-12-26 00:00:00
2004-12-26,01:00:00,231.0,775.0,11.6,80.0,1.0924,2004-12-26 01:00:00
2004-12-26,02:00:00,166.0,890.0,11.3,80.1,1.0741,2004-12-26 02:00:00
2004-12-26,03:00:00,114.57692307692308,1143.0,11.7,74.1,1.0167,2004-12-26 03:00:00
2004-12-26,04:00:00,61.0,1242.0,10.8,78.7,1.0202,2004-12-26 04:00:00
2004-12-26,05:00:00,49.0,1319.0,10.7,81.5,1.0497,2004-12-26 05:00:00
2004-12-26,06:00:00,54.0,1425.0,10.9,80.3,1.0444,2004-12-26 06:00:00
2004-12-26,07:00:00,78.0,1305.0,10.7,80.7,1.0377,2004-12-26 07:00:00
2004-12-26,08:00:00,136.0,1140.0,10.5,81.8,1.0416,2004-12-26 08:00:00
2004-12-26,09:00:00,198.0,1003.0,10.4,82.9,1.0419,2004-12-26 09:00:00
2004-12-26,10:00:00,211.0,908.0,10.6,82.1,1.0451,2004-12-26 10:00:00
2004-12-26,11:00:00,183.0,942.0,11.5,72.6,0.9846,2004-12-26 11:00:00
2004-12-26,12:00:00,277.0,775.0,12.8,65.5,0.964,2004-12-26 12:00:00
2004-12-26,13:00:00,267.0,772.0,13.9,60.9,0.9644,2004-12-26 13:00:00
2004-12-26,14:00:00,123.0,981.0,14.9,57.9,0.9726,2004-12-26 14:00:00
2004-12-26,15:00:00,68.0,1056.0,14.8,63.5,1.0592,2004-12-26 15:00:00
2004-12-26,16:00:00,186.0,772.0,13.6,68.9,1.0699,2004-12-26 16:00:00
2004-12-26,17:00:00,321.0,725.0,13.6,68.9,1.0661,2004-12-26 17:00:00
2004-12-26,18:00:00,343.0,687.0,13.5,67.1,1.0357,2004-12-26 18:00:00
2004-12-26,19:00:00,550.0,553.0,12.3,75.4,1.0768,2004-12-26 19:00:00
2004-12-26,20:00:00,598.0,560.0,11.7,80.0,1.0938,2004-12-26 20:00:00
2004-12-26,21:00:00,390.0,700.0,11.8,82.7,1.1381,2004-12-26 21:00:00
2004-12-26,22:00:00,159.0,877.0,11.8,77.5,1.0741,2004-12-26 22:00:00
2004-12-26,23:00:00,193.0,828.0,12.0,72.3,1.0095,2004-12-26 23:00:00
2004-12-27,00:00:00,316.0,700.0,11.2,79.6,1.0587,2004-12-27 00:00:00
2004-12-27,01:00:00,199.0,876.0,11.5,74.2,1.0063,2004-12-27 01:00:00
2004-12-27,02:00:00,134.0,988.0,11.6,68.9,0.9411,2004-12-27 02:00:00
2004-12-27,03:00:00,114.57692307692308,1165.0,11.5,67.4,0.9106,2004-12-27 03:00:00
2004-12-27,04:00:00,63.0,1171.0,11.7,64.6,0.8888,2004-12-27 04:00:00
2004-12-27,05:00:00,50.0,1322.0,11.9,61.1,0.8527,2004-12-27 05:00:00
2004-12-27,06:00:00,93.0,1193.0,12.5,57.3,0.8269,2004-12-27 06:00:00
2004-12-27,07:00:00,161.0,970.0,12.3,60.1,0.8562,2004-12-27 07:00:00
2004-12-27,08:00:00,368.0,688.0,11.5,68.7,0.9302,2004-12-27 08:00:00
2004-12-27,09:00:00,344.0,637.0,12.5,63.2,0.9113,2004-12-27 09:00:00
2004-12-27,10:00:00,288.0,684.0,12.9,63.2,0.9335,2004-12-27 10:00:00
2004-12-27,11:00:00,244.0,748.0,13.5,59.9,0.9261,2004-12-27 11:00:00
2004-12-27,12:00:00,224.0,764.0,13.4,61.3,0.9379,2004-12-27 12:00:00
2004-12-27,13:00:00,206.0,796.0,14.4,57.1,0.9309,2004-12-27 13:00:00
2004-12-27,14:00:00,163.0,840.0,15.0,57.2,0.9698,2004-12-27 14:00:00
2004-12-27,15:00:00,296.0,695.0,12.4,72.6,1.0422,2004-12-27 15:00:00
2004-12-27,16:00:00,386.0,625.0,12.8,73.6,1.0851,2004-12-27 16:00:00
2004-12-27,17:00:00,262.0,735.0,13.3,68.2,1.0356,2004-12-27 17:00:00
2004-12-27,18:00:00,212.0,721.0,13.4,66.6,1.0187,2004-12-27 18:00:00
2004-12-27,19:00:00,245.0,710.0,13.3,63.6,0.9661,2004-12-27 19:00:00
2004-12-27,20:00:00,263.0,705.0,12.9,62.4,0.9258,2004-12-27 20:00:00
2004-12-27,21:00:00,300.0,706.0,12.4,64.7,0.9266,2004-12-27 21:00:00
2004-12-27,22:00:00,242.0,753.0,12.1,65.6,0.9222,2004-12-27 22:00:00
2004-12-27,23:00:00,152.0,916.0,11.3,69.8,0.932,2004-12-27 23:00:00
2004-12-28,00:00:00,165.0,884.0,11.0,68.7,0.9001,2004-12-28 00:00:00
2004-12-28,01:00:00,157.3323353293413,945.0,11.1,65.3,0.8601,2004-12-28 01:00:00
2004-12-28,02:00:00,118.58132530120481,949.0,10.2,66.9,0.8323,2004-12-28 02:00:00
2004-12-28,03:00:00,114.57692307692308,925.0,9.5,70.1,0.8343,2004-12-28 03:00:00
2004-12-28,04:00:00,81.15361445783132,962.0,9.8,69.4,0.8397,2004-12-28 04:00:00
2004-12-28,05:00:00,86.8018018018018,1266.0,10.7,62.5,0.802,2004-12-28 05:00:00
2004-12-28,06:00:00,125.69161676646706,1081.0,10.4,64.8,0.8138,2004-12-28 06:00:00
2004-12-28,07:00:00,224.625748502994,760.0,9.7,73.1,0.8772,2004-12-28 07:00:00
2004-12-28,08:00:00,344.72340425531917,529.0,9.3,77.0,0.9018,2004-12-28 08:00:00
2004-12-28,09:00:00,361.3263473053892,443.0,9.1,77.1,0.8947,2004-12-28 09:00:00
2004-12-28,10:00:00,339.4970238095238,545.0,10.6,67.9,0.8666,2004-12-28 10:00:00
2004-12-28,11:00:00,306.3373134328358,691.0,12.7,56.7,0.8304,2004-12-28 11:00:00
2004-12-28,12:00:00,273.05970149253733,662.0,13.0,53.9,0.8029,2004-12-28 12:00:00
2004-12-28,13:00:00,253.2882882882883,574.0,13.9,49.0,0.7727,2004-12-28 13:00:00
2004-12-28,14:00:00,243.25225225225225,581.0,14.4,49.2,0.8027,2004-12-28 14:00:00
2004-12-28,15:00:00,238.64970059880238,656.0,14.3,48.6,0.79,2004-12-28 15:00:00
2004-12-28,16:00:00,261.36716417910446,559.0,13.6,52.8,0.8177,2004-12-28 16:00:00
2004-12-28,17:00:00,308.0385756676558,575.0,13.1,54.3,0.8167,2004-12-28 17:00:00
2004-12-28,18:00:00,350.6577380952381,616.0,12.4,59.3,0.853,2004-12-28 18:00:00
2004-12-28,19:00:00,364.00296735905044,645.0,12.1,61.5,0.8677,2004-12-28 19:00:00
2004-12-28,20:00:00,349.0949554896142,637.0,12.0,60.8,0.852,2004-12-28 20:00:00
2004-12-28,21:00:00,289.3690476190476,579.0,11.0,73.8,0.9677,2004-12-28 21:00:00
2004-12-28,22:00:00,219.32835820895522,722.0,9.6,82.9,0.99,2004-12-28 22:00:00
2004-12-28,23:00:00,197.87761194029852,872.0,8.6,83.5,0.9372,2004-12-28 23:00:00
2004-12-29,00:00:00,190.41964285714286,922.0,8.7,83.0,0.9393,2004-12-29 00:00:00
2004-12-29,01:00:00,157.3323353293413,922.0,8.8,81.2,0.9214,2004-12-29 01:00:00
2004-12-29,02:00:00,118.58132530120481,958.0,8.9,79.0,0.9032,2004-12-29 02:00:00
2004-12-29,03:00:00,114.57692307692308,978.0,9.0,76.5,0.8828,2004-12-29 03:00:00
2004-12-29,04:00:00,81.15361445783132,1198.0,9.0,75.8,0.8721,2004-12-29 04:00:00
2004-12-29,05:00:00,86.8018018018018,1144.0,9.1,73.9,0.8576,2004-12-29 05:00:00
2004-12-29,06:00:00,125.69161676646706,1019.0,9.4,70.9,0.8386,2004-12-29 06:00:00
2004-12-29,07:00:00,224.625748502994,1070.0,10.1,65.9,0.8148,2004-12-29 07:00:00
2004-12-29,08:00:00,344.72340425531917,916.0,10.1,64.6,0.7967,2004-12-29 08:00:00
2004-12-29,09:00:00,361.3263473053892,949.0,9.3,64.7,0.7575,2004-12-29 09:00:00
2004-12-29,10:00:00,339.4970238095238,953.0,9.9,61.3,0.7499,2004-12-29 10:00:00
2004-12-29,11:00:00,306.3373134328358,937.0,10.6,59.9,0.7674,2004-12-29 11:00:00
2004-12-29,12:00:00,273.05970149253733,874.0,11.1,55.3,0.7325,2004-12-29 12:00:00
2004-12-29,13:00:00,253.2882882882883,812.0,12.0,49.3,0.69,2004-12-29 13:00:00
2004-12-29,14:00:00,243.25225225225225,870.0,11.6,46.8,0.6397,2004-12-29 14:00:00
2004-12-29,15:00:00,238.64970059880238,918.0,12.0,44.0,0.6169,2004-12-29 15:00:00
2004-12-29,16:00:00,261.36716417910446,905.0,11.8,44.3,0.6141,2004-12-29 16:00:00
2004-12-29,17:00:00,308.0385756676558,871.0,11.3,45.4,0.6063,2004-12-29 17:00:00
2004-12-29,18:00:00,350.6577380952381,734.0,11.3,44.1,0.5909,2004-12-29 18:00:00
2004-12-29,19:00:00,364.00296735905044,729.0,11.2,45.1,0.5971,2004-12-29 19:00:00
2004-12-29,20:00:00,349.0949554896142,764.0,10.8,47.3,0.6122,2004-12-29 20:00:00
2004-12-29,21:00:00,289.3690476190476,891.0,10.7,47.7,0.6127,2004-12-29 21:00:00
2004-12-29,22:00:00,219.32835820895522,979.0,10.5,46.9,0.5956,2004-12-29 22:00:00
2004-12-29,23:00:00,197.87761194029852,1033.0,10.2,45.4,0.5632,2004-12-29 23:00:00
2004-12-30,00:00:00,190.41964285714286,1122.0,9.7,46.0,0.5546,2004-12-30 00:00:00
2004-12-30,01:00:00,157.3323353293413,1057.0,9.8,45.2,0.5489,2004-12-30 01:00:00
2004-12-30,02:00:00,118.58132530120481,1163.0,9.4,45.4,0.5355,2004-12-30 02:00:00
2004-12-30,03:00:00,114.57692307692308,1210.0,9.3,44.0,0.5153,2004-12-30 03:00:00
2004-12-30,04:00:00,81.15361445783132,1247.0,8.8,45.2,0.5134,2004-12-30 04:00:00
2004-12-30,05:00:00,86.8018018018018,1226.0,8.7,45.6,0.5128,2004-12-30 05:00:00
2004-12-30,06:00:00,125.69161676646706,1317.0,8.5,44.8,0.498,2004-12-30 06:00:00
2004-12-30,07:00:00,224.625748502994,1243.0,8.7,43.4,0.4905,2004-12-30 07:00:00
2004-12-30,08:00:00,344.72340425531917,852.0,8.5,43.6,0.4865,2004-12-30 08:00:00
2004-12-30,09:00:00,361.3263473053892,828.0,8.8,42.0,0.4773,2004-12-30 09:00:00
2004-12-30,10:00:00,339.4970238095238,920.0,10.8,35.1,0.4549,2004-12-30 10:00:00
2004-12-30,11:00:00,306.3373134328358,973.0,11.7,34.4,0.4712,2004-12-30 11:00:00
2004-12-30,12:00:00,273.05970149253733,961.0,12.6,31.7,0.4613,2004-12-30 12:00:00
2004-12-30,13:00:00,253.2882882882883,965.0,12.5,30.3,0.4367,2004-12-30 13:00:00
2004-12-30,14:00:00,243.25225225225225,983.0,11.4,32.8,0.4424,2004-12-30 14:00:00
2004-12-30,15:00:00,238.64970059880238,1040.0,12.1,31.1,0.4383,2004-12-30 15:00:00
2004-12-30,16:00:00,261.36716417910446,906.0,12.3,29.7,0.4226,2004-12-30 16:00:00
2004-12-30,17:00:00,308.0385756676558,962.0,9.8,36.4,0.4414,2004-12-30 17:00:00
2004-12-30,18:00:00,350.6577380952381,781.0,9.3,40.8,0.4781,2004-12-30 18:00:00
2004-12-30,19:00:00,364.00296735905044,883.0,8.6,45.1,0.5038,2004-12-30 19:00:00
2004-12-30,20:00:00,349.0949554896142,718.0,9.3,41.7,0.4884,2004-12-30 20:00:00
2004-12-30,21:00:00,289.3690476190476,849.0,8.7,44.3,0.4998,2004-12-30 21:00:00
2004-12-30,22:00:00,219.32835820895522,991.0,8.0,47.6,0.5113,2004-12-30 22:00:00
2004-12-30,23:00:00,197.87761194029852,946.0,7.7,47.2,0.4975,2004-12-30 23:00:00
2004-12-31,00:00:00,190.41964285714286,827.0,7.2,50.2,0.5118,2004-12-31 00:00:00
2004-12-31,01:00:00,157.3323353293413,889.0,6.9,50.3,0.5029,2004-12-31 01:00:00
2004-12-31,02:00:00,118.58132530120481,995.0,6.7,50.7,0.4998,2004-12-31 02:00:00
2004-12-31,03:00:00,114.57692307692308,1241.0,7.6,46.4,0.4869,2004-12-31 03:00:00
2004-12-31,04:00:00,81.15361445783132,1539.0,7.4,45.7,0.4714,2004-12-31 04:00:00
2004-12-31,05:00:00,86.8018018018018,1568.0,6.9,49.3,0.4913,2004-12-31 05:00:00
2004-12-31,06:00:00,125.69161676646706,1400.0,7.8,48.1,0.5095,2004-12-31 06:00:00
2004-12-31,07:00:00,224.625748502994,1221.0,8.1,47.8,0.5157,2004-12-31 07:00:00
2004-12-31,08:00:00,344.72340425531917,1152.0,8.5,46.7,0.5191,2004-12-31 08:00:00
2004-12-31,09:00:00,361.3263473053892,953.0,8.9,44.1,0.5039,2004-12-31 09:00:00
2004-12-31,10:00:00,339.4970238095238,815.0,9.4,42.5,0.5038,2004-12-31 10:00:00
2004-12-31,11:00:00,306.3373134328358,909.0,10.8,36.3,0.4712,2004-12-31 11:00:00
2004-12-31,12:00:00,273.05970149253733,1002.0,11.9,30.6,0.4264,2004-12-31 12:00:00
2004-12-31,13:00:00,253.2882882882883,899.0,12.2,29.7,0.4205,2004-12-31 13:00:00
2004-12-31,14:00:00,243.25225225225225,885.0,12.0,31.1,0.434,2004-12-31 14:00:00
2004-12-31,15:00:00,238.64970059880238,991.0,12.7,28.4,0.416,2004-12-31 15:00:00
2004-12-31,16:00:00,261.36716417910446,907.0,13.3,27.5,0.4185,2004-12-31 16:00:00
2004-12-31,17:00:00,308.0385756676558,818.0,11.4,30.8,0.4148,2004-12-31 17:00:00
2004-12-31,18:00:00,350.6577380952381,883.0,9.8,34.0,0.4112,2004-12-31 18:00:00
2004-12-31,19:00:00,364.00296735905044,933.0,9.3,33.6,0.3958,2004-12-31 19:00:00
2004-12-31,20:00:00,349.0949554896142,919.0,9.6,32.3,0.3871,2004-12-31 20:00:00
2004-12-31,21:00:00,289.3690476190476,915.0,9.1,32.5,0.3766,2004-12-31 21:00:00
2004-12-31,22:00:00,219.32835820895522,845.0,9.1,37.2,0.431,2004-12-31 22:00:00
2004-12-31,23:00:00,197.87761194029852,882.0,7.8,38.4,0.4085,2004-12-31 23:00:00
2005-01-01,00:00:00,190.41964285714286,848.0,8.2,40.1,0.4375,2005-01-01 00:00:00
2005-01-01,01:00:00,215.0,649.0,5.3,50.7,0.4564,2005-01-01 01:00:00
2005-01-01,02:00:00,300.0,738.0,5.9,50.0,0.4689,2005-01-01 02:00:00
2005-01-01,03:00:00,114.57692307692308,748.0,4.9,53.9,0.4693,2005-01-01 03:00:00
2005-01-01,04:00:00,253.0,830.0,4.3,55.3,0.465,2005-01-01 04:00:00
2005-01-01,05:00:00,181.0,879.0,4.2,57.1,0.4759,2005-01-01 05:00:00
2005-01-01,06:00:00,171.0,859.0,3.5,58.3,0.4636,2005-01-01 06:00:00
2005-01-01,07:00:00,168.0,888.0,3.0,60.7,0.4667,2005-01-01 07:00:00
2005-01-01,08:00:00,169.0,973.0,2.6,63.2,0.4721,2005-01-01 08:00:00
2005-01-01,09:00:00,145.0,996.0,3.9,59.0,0.4807,2005-01-01 09:00:00
2005-01-01,10:00:00,190.0,878.0,4.7,57.2,0.4932,2005-01-01 10:00:00
2005-01-01,11:00:00,225.0,846.0,6.8,48.6,0.4822,2005-01-01 11:00:00
2005-01-01,12:00:00,261.0,778.0,8.6,43.6,0.4887,2005-01-01 12:00:00
2005-01-01,13:00:00,382.0,742.0,9.5,41.2,0.4908,2005-01-01 13:00:00
2005-01-01,14:00:00,357.0,721.0,10.9,35.9,0.468,2005-01-01 14:00:00
2005-01-01,15:00:00,299.0,760.0,12.5,32.3,0.467,2005-01-01 15:00:00
2005-01-01,16:00:00,313.0,772.0,12.8,32.6,0.4814,2005-01-01 16:00:00
2005-01-01,17:00:00,510.0,659.0,10.9,39.7,0.5166,2005-01-01 17:00:00
2005-01-01,18:00:00,832.0,555.0,9.0,51.8,0.5961,2005-01-01 18:00:00
2005-01-01,19:00:00,622.0,637.0,8.1,54.1,0.5882,2005-01-01 19:00:00
2005-01-01,20:00:00,402.0,720.0,7.8,54.6,0.5786,2005-01-01 20:00:00
2005-01-01,21:00:00,334.0,718.0,6.2,59.6,0.5698,2005-01-01 21:00:00
2005-01-01,22:00:00,295.0,765.0,5.7,59.9,0.5523,2005-01-01 22:00:00
2005-01-01,23:00:00,222.0,820.0,5.6,59.7,0.5463,2005-01-01 23:00:00
2005-01-02,00:00:00,230.0,809.0,4.7,62.9,0.5424,2005-01-02 00:00:00
2005-01-02,01:00:00,195.0,875.0,4.5,63.5,0.5411,2005-01-02 01:00:00
2005-01-02,02:00:00,167.0,916.0,4.5,63.6,0.5414,2005-01-02 02:00:00
2005-01-02,03:00:00,114.57692307692308,868.0,3.1,70.0,0.5388,2005-01-02 03:00:00
2005-01-02,04:00:00,148.0,929.0,3.2,68.3,0.531,2005-01-02 04:00:00
2005-01-02,05:00:00,123.0,984.0,3.1,69.2,0.5337,2005-01-02 05:00:00
2005-01-02,06:00:00,148.0,992.0,2.4,71.9,0.5288,2005-01-02 06:00:00
2005-01-02,07:00:00,143.0,994.0,3.1,68.7,0.5317,2005-01-02 07:00:00
2005-01-02,08:00:00,180.0,940.0,2.1,73.1,0.5289,2005-01-02 08:00:00
2005-01-02,09:00:00,226.0,887.0,3.3,68.2,0.5346,2005-01-02 09:00:00
2005-01-02,10:00:00,254.0,835.0,4.1,65.8,0.5451,2005-01-02 10:00:00
2005-01-02,11:00:00,372.0,753.0,6.6,56.6,0.5528,2005-01-02 11:00:00
2005-01-02,12:00:00,379.0,752.0,8.0,51.2,0.5516,2005-01-02 12:00:00
2005-01-02,13:00:00,478.0,685.0,10.3,44.9,0.5612,2005-01-02 13:00:00
2005-01-02,14:00:00,344.0,742.0,12.3,41.7,0.5961,2005-01-02 14:00:00
2005-01-02,15:00:00,258.0,791.0,13.5,41.3,0.6342,2005-01-02 15:00:00
2005-01-02,16:00:00,474.0,640.0,13.4,43.1,0.66,2005-01-02 16:00:00
2005-01-02,17:00:00,438.0,665.0,9.9,53.3,0.6504,2005-01-02 17:00:00
2005-01-02,18:00:00,451.0,674.0,8.9,54.6,0.6226,2005-01-02 18:00:00
2005-01-02,19:00:00,473.0,644.0,8.9,54.8,0.6244,2005-01-02 19:00:00
2005-01-02,20:00:00,560.0,582.0,8.3,58.2,0.6391,2005-01-02 20:00:00
2005-01-02,21:00:00,470.0,584.7358490566038,8.322641509433963,58.41320754716981,0.6426283018867924,2005-01-02 21:00:00
2005-01-02,22:00:00,506.0,587.4716981132076,8.345283018867924,58.62641509433963,0.6461566037735849,2005-01-02 22:00:00
2005-01-02,23:00:00,482.0,590.2075471698113,8.367924528301888,58.839622641509436,0.6496849056603774,2005-01-02 23:00:00
2005-01-03,00:00:00,436.0,592.9433962264151,8.39056603773585,59.052830188679245,0.6532132075471698,2005-01-03 00:00:00
2005-01-03,01:00:00,472.0,595.6792452830189,8.413207547169812,59.26603773584906,0.6567415094339623,2005-01-03 01:00:00
2005-01-03,02:00:00,379.0,598.4150943396227,8.435849056603773,59.47924528301887,0.6602698113207547,2005-01-03 02:00:00
2005-01-03,03:00:00,114.57692307692308,601.1509433962265,8.458490566037737,59.692452830188685,0.6637981132075471,2005-01-03 03:00:00
2005-01-03,04:00:00,286.0,603.8867924528302,8.481132075471699,59.905660377358494,0.6673264150943397,2005-01-03 04:00:00
2005-01-03,05:00:00,155.0,606.622641509434,8.50377358490566,60.1188679245283,0.6708547169811321,2005-01-03 05:00:00
2005-01-03,06:00:00,264.0,609.3584905660377,8.526415094339622,60.33207547169812,0.6743830188679245,2005-01-03 06:00:00
2005-01-03,07:00:00,366.0,612.0943396226415,8.549056603773586,60.54528301886793,0.6779113207547169,2005-01-03 07:00:00
2005-01-03,08:00:00,622.0,614.8301886792453,8.571698113207548,60.758490566037736,0.6814396226415094,2005-01-03 08:00:00
2005-01-03,09:00:00,551.0,617.566037735849,8.59433962264151,60.97169811320755,0.6849679245283019,2005-01-03 09:00:00
2005-01-03,10:00:00,349.0,620.3018867924528,8.616981132075471,61.18490566037736,0.6884962264150943,2005-01-03 10:00:00
2005-01-03,11:00:00,285.0,623.0377358490566,8.639622641509435,61.39811320754717,0.6920245283018868,2005-01-03 11:00:00
2005-01-03,12:00:00,265.0,625.7735849056604,8.662264150943397,61.611320754716985,0.6955528301886792,2005-01-03 12:00:00
2005-01-03,13:00:00,222.0,628.5094339622642,8.684905660377359,61.824528301886794,0.6990811320754717,2005-01-03 13:00:00
2005-01-03,14:00:00,237.0,631.2452830188679,8.70754716981132,62.0377358490566,0.7026094339622642,2005-01-03 14:00:00
2005-01-03,15:00:00,294.0,633.9811320754717,8.730188679245284,62.25094339622642,0.7061377358490566,2005-01-03 15:00:00
2005-01-03,16:00:00,329.0,636.7169811320755,8.752830188679246,62.46415094339623,0.709666037735849,2005-01-03 16:00:00
2005-01-03,17:00:00,487.0,639.4528301886793,8.775471698113208,62.677358490566036,0.7131943396226414,2005-01-03 17:00:00
2005-01-03,18:00:00,604.0,642.188679245283,8.79811320754717,62.89056603773585,0.7167226415094339,2005-01-03 18:00:00
2005-01-03,19:00:00,728.0,644.9245283018868,8.820754716981133,63.10377358490566,0.7202509433962264,2005-01-03 19:00:00
2005-01-03,20:00:00,653.0,647.6603773584906,8.843396226415095,63.316981132075476,0.7237792452830188,2005-01-03 20:00:00
2005-01-03,21:00:00,509.0,650.3962264150944,8.866037735849057,63.530188679245285,0.7273075471698113,2005-01-03 21:00:00
2005-01-03,22:00:00,277.0,653.1320754716982,8.888679245283019,63.74339622641509,0.7308358490566037,2005-01-03 22:00:00
2005-01-03,23:00:00,268.0,655.8679245283018,8.911320754716982,63.95660377358491,0.7343641509433962,2005-01-03 23:00:00
2005-01-04,00:00:00,193.0,658.6037735849056,8.933962264150944,64.16981132075472,0.7378924528301887,2005-01-04 00:00:00
2005-01-04,01:00:00,167.0,661.3396226415094,8.956603773584906,64.38301886792453,0.7414207547169811,2005-01-04 01:00:00
2005-01-04,02:00:00,159.0,664.0754716981132,8.979245283018868,64.59622641509434,0.7449490566037735,2005-01-04 02:00:00
2005-01-04,03:00:00,114.57692307692308,666.811320754717,9.001886792452831,64.80943396226415,0.748477358490566,2005-01-04 03:00:00
2005-01-04,04:00:00,89.0,669.5471698113207,9.024528301886793,65.02264150943397,0.7520056603773585,2005-01-04 04:00:00
2005-01-04,05:00:00,97.0,672.2830188679245,9.047169811320755,65.23584905660377,0.7555339622641509,2005-01-04 05:00:00
2005-01-04,06:00:00,182.0,675.0188679245283,9.069811320754717,65.44905660377358,0.7590622641509434,2005-01-04 06:00:00
2005-01-04,07:00:00,262.0,677.7547169811321,9.09245283018868,65.6622641509434,0.7625905660377358,2005-01-04 07:00:00
2005-01-04,08:00:00,561.0,680.4905660377358,9.115094339622642,65.87547169811322,0.7661188679245283,2005-01-04 08:00:00
2005-01-04,09:00:00,540.0,683.2264150943396,9.137735849056604,66.08867924528302,0.7696471698113208,2005-01-04 09:00:00
2005-01-04,10:00:00,480.0,685.9622641509434,9.160377358490566,66.30188679245283,0.7731754716981132,2005-01-04 10:00:00
2005-01-04,11:00:00,608.0,688.6981132075472,9.18301886792453,66.51509433962264,0.7767037735849056,2005-01-04 11:00:00
2005-01-04,12:00:00,584.0,691.433962264151,9.205660377358491,66.72830188679245,0.780232075471698,2005-01-04 12:00:00
2005-01-04,13:00:00,426.0,694.1698113207547,9.228301886792453,66.94150943396227,0.7837603773584905,2005-01-04 13:00:00
2005-01-04,14:00:00,397.0,696.9056603773585,9.250943396226415,67.15471698113208,0.787288679245283,2005-01-04 14:00:00
2005-01-04,15:00:00,473.0,699.6415094339623,9.273584905660378,67.36792452830188,0.7908169811320754,2005-01-04 15:00:00
2005-01-04,16:00:00,369.0,702.377358490566,9.29622641509434,67.5811320754717,0.7943452830188679,2005-01-04 16:00:00
2005-01-04,17:00:00,532.0,705.1132075471698,9.318867924528302,67.79433962264152,0.7978735849056603,2005-01-04 17:00:00
2005-01-04,18:00:00,498.0,707.8490566037735,9.341509433962264,68.00754716981132,0.8014018867924528,2005-01-04 18:00:00
2005-01-04,19:00:00,487.0,710.5849056603773,9.364150943396227,68.22075471698113,0.8049301886792453,2005-01-04 19:00:00
2005-01-04,20:00:00,629.0,713.3207547169811,9.38679245283019,68.43396226415095,0.8084584905660377,2005-01-04 20:00:00
2005-01-04,21:00:00,502.0,716.0566037735849,9.409433962264151,68.64716981132075,0.8119867924528301,2005-01-04 21:00:00
2005-01-04,22:00:00,381.0,718.7924528301887,9.432075471698113,68.86037735849057,0.8155150943396225,2005-01-04 22:00:00
2005-01-04,23:00:00,250.0,721.5283018867924,9.454716981132076,69.07358490566038,0.819043396226415,2005-01-04 23:00:00
2005-01-05,00:00:00,266.0,724.2641509433962,9.477358490566038,69.28679245283018,0.8225716981132075,2005-01-05 00:00:00
2005-01-05,01:00:00,226.0,727.0,9.5,69.5,0.8261,2005-01-05 01:00:00
2005-01-05,02:00:00,259.0,657.0,9.1,70.9,0.8176,2005-01-05 02:00:00
2005-01-05,03:00:00,114.57692307692308,626.0,8.1,72.1,0.7798,2005-01-05 03:00:00
2005-01-05,04:00:00,260.0,649.0,7.9,72.1,0.7679,2005-01-05 04:00:00
2005-01-05,05:00:00,242.0,653.0,7.6,72.7,0.7598,2005-01-05 05:00:00
2005-01-05,06:00:00,267.0,644.0,7.5,71.7,0.7439,2005-01-05 06:00:00
2005-01-05,07:00:00,411.0,576.0,7.9,70.6,0.7562,2005-01-05 07:00:00
2005-01-05,08:00:00,670.0,497.0,8.6,69.0,0.7732,2005-01-05 08:00:00
2005-01-05,09:00:00,830.0,436.0,9.1,67.5,0.7831,2005-01-05 09:00:00
2005-01-05,10:00:00,845.0,456.0,9.8,65.8,0.7967,2005-01-05 10:00:00
2005-01-05,11:00:00,992.0,438.0,11.2,61.9,0.8226,2005-01-05 11:00:00
2005-01-05,12:00:00,1130.0,416.0,12.8,60.1,0.882,2005-01-05 12:00:00
2005-01-05,13:00:00,977.0,417.0,13.4,62.4,0.9513,2005-01-05 13:00:00
2005-01-05,14:00:00,459.0,553.0,14.3,61.2,0.9941,2005-01-05 14:00:00
2005-01-05,15:00:00,346.0,560.0,14.6,59.6,0.9824,2005-01-05 15:00:00
2005-01-05,16:00:00,383.0,553.0,14.2,60.0,0.9684,2005-01-05 16:00:00
2005-01-05,17:00:00,414.0,559.0,13.8,62.6,0.9862,2005-01-05 17:00:00
2005-01-05,18:00:00,370.0,559.0,13.6,64.0,0.9891,2005-01-05 18:00:00
2005-01-05,19:00:00,400.0,532.0,13.4,64.5,0.9865,2005-01-05 19:00:00
2005-01-05,20:00:00,378.0,539.0,13.5,64.7,0.9971,2005-01-05 20:00:00
2005-01-05,21:00:00,357.0,588.0,13.4,65.3,0.9967,2005-01-05 21:00:00
2005-01-05,22:00:00,333.0,643.0,13.2,64.5,0.9732,2005-01-05 22:00:00
2005-01-05,23:00:00,227.0,764.0,13.2,62.3,0.9392,2005-01-05 23:00:00
2005-01-06,00:00:00,203.0,783.0,12.5,63.7,0.9196,2005-01-06 00:00:00
2005-01-06,01:00:00,210.0,769.0,12.3,64.6,0.9229,2005-01-06 01:00:00
2005-01-06,02:00:00,198.0,781.0,12.5,63.8,0.9244,2005-01-06 02:00:00
2005-01-06,03:00:00,114.57692307692308,874.0,12.6,62.7,0.9121,2005-01-06 03:00:00
2005-01-06,04:00:00,89.0,960.0,12.0,64.6,0.906,2005-01-06 04:00:00
2005-01-06,05:00:00,89.0,875.0,10.7,69.5,0.8919,2005-01-06 05:00:00
2005-01-06,06:00:00,101.0,1037.0,12.4,62.6,0.8994,2005-01-06 06:00:00
2005-01-06,07:00:00,104.0,1011.0,12.3,62.7,0.8947,2005-01-06 07:00:00
2005-01-06,08:00:00,192.0,827.0,11.4,66.6,0.8948,2005-01-06 08:00:00
2005-01-06,09:00:00,237.0,720.0,11.1,70.2,0.9276,2005-01-06 09:00:00
2005-01-06,10:00:00,211.0,733.0,13.4,61.0,0.9348,2005-01-06 10:00:00
2005-01-06,11:00:00,230.0,739.0,15.9,52.2,0.9377,2005-01-06 11:00:00
2005-01-06,12:00:00,240.0,726.0,15.6,54.0,0.9515,2005-01-06 12:00:00
2005-01-06,13:00:00,295.0,660.0,16.3,51.5,0.9462,2005-01-06 13:00:00
2005-01-06,14:00:00,243.0,733.0,16.5,50.8,0.9442,2005-01-06 14:00:00
2005-01-06,15:00:00,196.0,725.0,16.3,51.9,0.9535,2005-01-06 15:00:00
2005-01-06,16:00:00,237.0,666.0,16.2,53.0,0.9687,2005-01-06 16:00:00
2005-01-06,17:00:00,274.0,685.0,15.6,54.8,0.966,2005-01-06 17:00:00
2005-01-06,18:00:00,352.0,642.0,14.5,57.5,0.944,2005-01-06 18:00:00
2005-01-06,19:00:00,488.0,578.0,14.0,60.1,0.9566,2005-01-06 19:00:00
2005-01-06,20:00:00,426.0,591.0,13.5,63.0,0.9686,2005-01-06 20:00:00
2005-01-06,21:00:00,376.0,666.0,12.6,65.4,0.9529,2005-01-06 21:00:00
2005-01-06,22:00:00,237.0,694.0,12.0,67.5,0.9413,2005-01-06 22:00:00
2005-01-06,23:00:00,199.0,736.0,10.5,72.0,0.912,2005-01-06 23:00:00
2005-01-07,00:00:00,164.0,819.0,10.0,70.9,0.8706,2005-01-07 00:00:00
2005-01-07,01:00:00,142.0,867.0,9.8,70.7,0.8571,2005-01-07 01:00:00
2005-01-07,02:00:00,142.0,881.0,8.0,75.0,0.8098,2005-01-07 02:00:00
2005-01-07,03:00:00,114.57692307692308,938.0,7.9,75.1,0.805,2005-01-07 03:00:00
2005-01-07,04:00:00,127.0,944.0,7.0,77.3,0.7782,2005-01-07 04:00:00
2005-01-07,05:00:00,73.0,1110.0,7.2,74.4,0.7581,2005-01-07 05:00:00
2005-01-07,06:00:00,100.0,1049.0,6.7,75.0,0.7418,2005-01-07 06:00:00
2005-01-07,07:00:00,126.0,973.0,6.4,76.3,0.7389,2005-01-07 07:00:00
2005-01-07,08:00:00,284.0,719.0,6.0,78.5,0.7377,2005-01-07 08:00:00
2005-01-07,09:00:00,419.0,552.0,6.3,77.4,0.7452,2005-01-07 09:00:00
2005-01-07,10:00:00,432.0,659.0,7.7,73.8,0.7769,2005-01-07 10:00:00
2005-01-07,11:00:00,310.0,632.0,10.2,61.5,0.7638,2005-01-07 11:00:00
2005-01-07,12:00:00,446.0,605.0,11.3,58.1,0.7743,2005-01-07 12:00:00
2005-01-07,13:00:00,464.0,590.0,10.6,62.3,0.7981,2005-01-07 13:00:00
2005-01-07,14:00:00,505.0,563.0,11.1,62.0,0.8199,2005-01-07 14:00:00
2005-01-07,15:00:00,564.0,536.0,12.6,57.7,0.8387,2005-01-07 15:00:00
2005-01-07,16:00:00,625.0,509.0,13.3,56.2,0.8548,2005-01-07 16:00:00
2005-01-07,17:00:00,590.0,499.0,11.2,65.3,0.8639,2005-01-07 17:00:00
2005-01-07,18:00:00,712.0,466.0,8.8,74.6,0.8434,2005-01-07 18:00:00
2005-01-07,19:00:00,723.0,473.0,7.2,78.5,0.803,2005-01-07 19:00:00
2005-01-07,20:00:00,707.0,487.0,6.5,80.0,0.7789,2005-01-07 20:00:00
2005-01-07,21:00:00,737.0,523.0,5.8,83.8,0.7768,2005-01-07 21:00:00
2005-01-07,22:00:00,646.0,557.0,5.5,83.5,0.7619,2005-01-07 22:00:00
2005-01-07,23:00:00,536.0,623.0,5.8,81.3,0.7568,2005-01-07 23:00:00
2005-01-08,00:00:00,567.0,589.0,5.4,82.6,0.7495,2005-01-08 00:00:00
2005-01-08,01:00:00,357.0,762.0,6.4,76.3,0.7369,2005-01-08 01:00:00
2005-01-08,02:00:00,187.0,863.0,7.0,73.6,0.7417,2005-01-08 02:00:00
2005-01-08,03:00:00,114.57692307692308,871.0,7.2,72.3,0.7392,2005-01-08 03:00:00
2005-01-08,04:00:00,169.0,926.0,7.9,69.3,0.7413,2005-01-08 04:00:00
2005-01-08,05:00:00,184.0,903.0,7.4,71.7,0.7434,2005-01-08 05:00:00
2005-01-08,06:00:00,205.0,878.0,7.7,71.9,0.7575,2005-01-08 06:00:00
2005-01-08,07:00:00,213.0,854.0,8.1,68.0,0.7396,2005-01-08 07:00:00
2005-01-08,08:00:00,415.0,638.0,6.7,77.1,0.7597,2005-01-08 08:00:00
2005-01-08,09:00:00,583.0,542.0,6.8,77.9,0.7756,2005-01-08 09:00:00
2005-01-08,10:00:00,462.0,604.0,8.9,66.7,0.7634,2005-01-08 10:00:00
2005-01-08,11:00:00,387.0,632.0,11.6,54.1,0.7387,2005-01-08 11:00:00
2005-01-08,12:00:00,414.0,605.0,13.5,49.4,0.7598,2005-01-08 12:00:00
2005-01-08,13:00:00,440.0,567.0,13.8,50.9,0.796,2005-01-08 13:00:00
2005-01-08,14:00:00,516.0,530.0,13.4,55.9,0.8588,2005-01-08 14:00:00
2005-01-08,15:00:00,495.0,555.0,12.9,59.0,0.8736,2005-01-08 15:00:00
2005-01-08,16:00:00,643.0,482.0,13.3,59.0,0.8945,2005-01-08 16:00:00
2005-01-08,17:00:00,725.0,484.0,13.0,61.9,0.9224,2005-01-08 17:00:00
2005-01-08,18:00:00,683.0,498.0,12.5,63.6,0.9193,2005-01-08 18:00:00
2005-01-08,19:00:00,681.0,497.0,12.2,65.8,0.931,2005-01-08 19:00:00
2005-01-08,20:00:00,833.0,442.0,12.6,65.2,0.9474,2005-01-08 20:00:00
2005-01-08,21:00:00,514.0,553.0,13.3,63.6,0.9681,2005-01-08 21:00:00
2005-01-08,22:00:00,371.0,647.0,13.5,62.6,0.9644,2005-01-08 22:00:00
2005-01-08,23:00:00,213.0,764.0,14.1,59.6,0.9563,2005-01-08 23:00:00
2005-01-09,00:00:00,242.0,750.0,14.0,61.4,0.9773,2005-01-09 00:00:00
2005-01-09,01:00:00,241.0,771.0,13.5,63.4,0.9755,2005-01-09 01:00:00
2005-01-09,02:00:00,218.0,764.0,13.2,64.2,0.9706,2005-01-09 02:00:00
2005-01-09,03:00:00,114.57692307692308,883.0,13.6,62.2,0.9643,2005-01-09 03:00:00
2005-01-09,04:00:00,70.0,976.0,13.7,61.1,0.9537,2005-01-09 04:00:00
2005-01-09,05:00:00,54.0,1017.0,13.5,63.8,0.9801,2005-01-09 05:00:00
2005-01-09,06:00:00,60.0,1035.0,12.5,67.3,0.9743,2005-01-09 06:00:00
2005-01-09,07:00:00,55.0,1063.0,13.2,64.2,0.9664,2005-01-09 07:00:00
2005-01-09,08:00:00,93.0,977.0,13.1,63.4,0.9535,2005-01-09 08:00:00
2005-01-09,09:00:00,81.0,980.0,13.8,60.5,0.9526,2005-01-09 09:00:00
2005-01-09,10:00:00,109.0,846.0,13.7,60.4,0.939,2005-01-09 10:00:00
2005-01-09,11:00:00,251.0,698.0,14.0,59.7,0.9495,2005-01-09 11:00:00
2005-01-09,12:00:00,284.0,626.0,15.0,56.2,0.9539,2005-01-09 12:00:00
2005-01-09,13:00:00,262.0,628.0,16.9,50.9,0.9714,2005-01-09 13:00:00
2005-01-09,14:00:00,256.0,557.0,16.6,52.4,0.981,2005-01-09 14:00:00
2005-01-09,15:00:00,310.0,476.0,16.4,53.2,0.9826,2005-01-09 15:00:00
2005-01-09,16:00:00,269.0,648.0,16.1,52.8,0.9579,2005-01-09 16:00:00
2005-01-09,17:00:00,348.0,648.0,15.7,54.4,0.9616,2005-01-09 17:00:00
2005-01-09,18:00:00,396.0,548.0,15.4,55.3,0.9616,2005-01-09 18:00:00
2005-01-09,19:00:00,432.0,641.0,15.2,54.7,0.9362,2005-01-09 19:00:00
2005-01-09,20:00:00,419.0,588.0,14.7,56.6,0.9392,2005-01-09 20:00:00
2005-01-09,21:00:00,412.0,625.0,14.4,58.2,0.9495,2005-01-09 21:00:00
2005-01-09,22:00:00,223.0,734.0,14.3,59.2,0.9608,2005-01-09 22:00:00
2005-01-09,23:00:00,242.0,680.0,14.0,60.4,0.9622,2005-01-09 23:00:00
2005-01-10,00:00:00,288.0,672.0,13.7,63.6,0.9912,2005-01-10 00:00:00
2005-01-10,01:00:00,209.0,666.0,13.1,68.7,1.0329,2005-01-10 01:00:00
2005-01-10,02:00:00,141.0,807.0,13.2,69.9,1.0526,2005-01-10 02:00:00
2005-01-10,03:00:00,114.57692307692308,937.0,12.8,71.2,1.0454,2005-01-10 03:00:00
2005-01-10,04:00:00,66.0,1059.0,12.9,70.4,1.0444,2005-01-10 04:00:00
2005-01-10,05:00:00,64.0,998.0,12.4,72.5,1.0411,2005-01-10 05:00:00
2005-01-10,06:00:00,105.0,900.0,13.0,70.3,1.0502,2005-01-10 06:00:00
2005-01-10,07:00:00,303.0,685.0,12.3,73.3,1.0448,2005-01-10 07:00:00
2005-01-10,08:00:00,620.0,451.0,12.8,71.8,1.0551,2005-01-10 08:00:00
2005-01-10,09:00:00,590.0,433.0,13.1,70.2,1.0567,2005-01-10 09:00:00
2005-01-10,10:00:00,592.0,488.0,12.8,71.8,1.0551,2005-01-10 10:00:00
2005-01-10,11:00:00,698.0,484.0,13.1,70.3,1.0566,2005-01-10 11:00:00
2005-01-10,12:00:00,482.0,512.0,13.7,67.0,1.0446,2005-01-10 12:00:00
2005-01-10,13:00:00,575.0,452.0,14.0,65.4,1.0427,2005-01-10 13:00:00
2005-01-10,14:00:00,548.0,459.0,14.4,63.8,1.0421,2005-01-10 14:00:00
2005-01-10,15:00:00,498.0,456.0,14.1,65.9,1.0531,2005-01-10 15:00:00
2005-01-10,16:00:00,479.0,475.0,14.1,65.9,1.0552,2005-01-10 16:00:00
2005-01-10,17:00:00,420.0,484.0,14.1,66.0,1.0539,2005-01-10 17:00:00
2005-01-10,18:00:00,378.0,489.0,14.0,66.4,1.0536,2005-01-10 18:00:00
2005-01-10,19:00:00,340.0,492.0,13.8,66.4,1.0451,2005-01-10 19:00:00
2005-01-10,20:00:00,399.0,478.0,13.4,68.1,1.0441,2005-01-10 20:00:00
2005-01-10,21:00:00,449.0,503.0,13.2,69.1,1.0452,2005-01-10 21:00:00
2005-01-10,22:00:00,374.0,545.0,13.0,70.0,1.042,2005-01-10 22:00:00
2005-01-10,23:00:00,244.0,660.0,12.7,69.9,1.0223,2005-01-10 23:00:00
2005-01-11,00:00:00,256.0,647.0,12.0,71.9,1.0071,2005-01-11 00:00:00
2005-01-11,01:00:00,212.0,744.0,13.2,66.8,1.0087,2005-01-11 01:00:00
2005-01-11,02:00:00,146.0,816.0,12.4,69.5,0.9986,2005-01-11 02:00:00
2005-01-11,03:00:00,114.57692307692308,953.0,13.1,65.7,0.9858,2005-01-11 03:00:00
2005-01-11,04:00:00,96.0,899.0,11.8,70.6,0.9731,2005-01-11 04:00:00
2005-01-11,05:00:00,106.0,908.0,12.3,68.0,0.9734,2005-01-11 05:00:00
2005-01-11,06:00:00,115.0,863.0,12.0,69.2,0.9697,2005-01-11 06:00:00
2005-01-11,07:00:00,236.0,760.0,11.7,69.8,0.9612,2005-01-11 07:00:00
2005-01-11,08:00:00,583.0,502.0,12.1,67.6,0.95,2005-01-11 08:00:00
2005-01-11,09:00:00,662.0,415.0,12.5,65.1,0.9399,2005-01-11 09:00:00
2005-01-11,10:00:00,528.0,518.0,12.8,62.5,0.9213,2005-01-11 10:00:00
2005-01-11,11:00:00,549.0,519.0,13.4,59.9,0.9143,2005-01-11 11:00:00
2005-01-11,12:00:00,531.0,499.0,13.4,57.9,0.8895,2005-01-11 12:00:00
2005-01-11,13:00:00,493.0,507.0,13.6,56.4,0.8754,2005-01-11 13:00:00
2005-01-11,14:00:00,527.0,479.0,13.8,56.3,0.8841,2005-01-11 14:00:00
2005-01-11,15:00:00,487.0,483.0,13.7,57.9,0.9063,2005-01-11 15:00:00
2005-01-11,16:00:00,581.0,451.0,13.6,58.9,0.9139,2005-01-11 16:00:00
2005-01-11,17:00:00,531.0,479.0,13.4,59.7,0.9142,2005-01-11 17:00:00
2005-01-11,18:00:00,495.0,459.0,13.3,61.2,0.933,2005-01-11 18:00:00
2005-01-11,19:00:00,487.0,465.0,13.2,61.8,0.9313,2005-01-11 19:00:00
2005-01-11,20:00:00,596.0,418.0,12.9,61.5,0.9139,2005-01-11 20:00:00
2005-01-11,21:00:00,595.0,470.0,12.6,63.9,0.9307,2005-01-11 21:00:00
2005-01-11,22:00:00,559.0,486.0,12.0,67.4,0.9417,2005-01-11 22:00:00
2005-01-11,23:00:00,586.0,479.0,11.9,69.0,0.9568,2005-01-11 23:00:00
2005-01-12,00:00:00,399.0,602.0,12.0,66.6,0.9293,2005-01-12 00:00:00
2005-01-12,01:00:00,399.0,564.0,11.4,69.6,0.9373,2005-01-12 01:00:00
2005-01-12,02:00:00,381.0,626.0,11.2,70.3,0.9323,2005-01-12 02:00:00
2005-01-12,03:00:00,114.57692307692308,803.0,11.5,68.2,0.9271,2005-01-12 03:00:00
2005-01-12,04:00:00,162.0,807.0,10.7,71.3,0.9161,2005-01-12 04:00:00
2005-01-12,05:00:00,183.0,800.0,10.0,74.8,0.9161,2005-01-12 05:00:00
2005-01-12,06:00:00,357.0,676.0,9.2,78.5,0.9143,2005-01-12 06:00:00
2005-01-12,07:00:00,479.0,634.0,8.8,79.4,0.9033,2005-01-12 07:00:00
2005-01-12,08:00:00,852.0,470.0,8.7,79.4,0.8944,2005-01-12 08:00:00
2005-01-12,09:00:00,822.0,434.0,8.9,76.5,0.8767,2005-01-12 09:00:00
2005-01-12,10:00:00,910.0,452.0,9.9,73.3,0.8936,2005-01-12 10:00:00
2005-01-12,11:00:00,800.0,497.0,11.8,65.5,0.901,2005-01-12 11:00:00
2005-01-12,12:00:00,758.0,497.0,13.0,60.9,0.9061,2005-01-12 12:00:00
2005-01-12,13:00:00,647.0,505.0,14.7,52.3,0.8687,2005-01-12 13:00:00
2005-01-12,14:00:00,431.0,546.0,15.1,49.6,0.8428,2005-01-12 14:00:00
2005-01-12,15:00:00,491.0,507.0,15.7,48.8,0.8657,2005-01-12 15:00:00
2005-01-12,16:00:00,476.0,522.0,15.8,48.9,0.8707,2005-01-12 16:00:00
2005-01-12,17:00:00,538.0,521.0,14.6,54.0,0.8946,2005-01-12 17:00:00
2005-01-12,18:00:00,621.0,440.0,14.3,56.3,0.9119,2005-01-12 18:00:00
2005-01-12,19:00:00,728.0,421.0,14.1,57.8,0.9262,2005-01-12 19:00:00
2005-01-12,20:00:00,716.0,428.0,13.1,62.9,0.943,2005-01-12 20:00:00
2005-01-12,21:00:00,782.0,457.0,12.0,67.5,0.9467,2005-01-12 21:00:00
2005-01-12,22:00:00,550.0,534.0,10.7,70.9,0.9113,2005-01-12 22:00:00
2005-01-12,23:00:00,377.0,605.0,10.0,73.2,0.8988,2005-01-12 23:00:00
2005-01-13,00:00:00,391.0,599.0,9.4,75.0,0.8874,2005-01-13 00:00:00
2005-01-13,01:00:00,433.0,629.0,8.5,76.9,0.8557,2005-01-13 01:00:00
2005-01-13,02:00:00,287.0,746.0,8.4,75.9,0.8407,2005-01-13 02:00:00
2005-01-13,03:00:00,114.57692307692308,753.0,6.9,80.7,0.8054,2005-01-13 03:00:00
2005-01-13,04:00:00,192.0,883.0,6.2,82.1,0.7825,2005-01-13 04:00:00
2005-01-13,05:00:00,161.0,931.0,7.0,77.3,0.7759,2005-01-13 05:00:00
2005-01-13,06:00:00,194.0,915.0,6.5,79.7,0.7751,2005-01-13 06:00:00
2005-01-13,07:00:00,343.0,715.0,7.7,76.8,0.8112,2005-01-13 07:00:00
2005-01-13,08:00:00,624.0,531.0,8.2,74.9,0.8184,2005-01-13 08:00:00
2005-01-13,09:00:00,758.0,452.0,8.8,73.2,0.8298,2005-01-13 09:00:00
2005-01-13,10:00:00,760.0,532.0,9.7,70.1,0.8432,2005-01-13 10:00:00
2005-01-13,11:00:00,713.0,524.0,11.7,62.7,0.8586,2005-01-13 11:00:00
2005-01-13,12:00:00,615.0,583.0,13.1,58.5,0.877,2005-01-13 12:00:00
2005-01-13,13:00:00,319.0,626.0,14.2,54.1,0.8707,2005-01-13 13:00:00
2005-01-13,14:00:00,338.0,570.0,14.2,54.3,0.8757,2005-01-13 14:00:00
2005-01-13,15:00:00,380.0,564.0,14.0,56.3,0.894,2005-01-13 15:00:00
2005-01-13,16:00:00,366.0,531.0,13.5,57.8,0.8933,2005-01-13 16:00:00
2005-01-13,17:00:00,567.0,470.0,12.3,63.0,0.9015,2005-01-13 17:00:00
2005-01-13,18:00:00,702.0,414.0,11.4,68.0,0.9166,2005-01-13 18:00:00
2005-01-13,19:00:00,523.0,475.0,10.8,69.5,0.8995,2005-01-13 19:00:00
2005-01-13,20:00:00,373.0,581.0,11.0,67.1,0.8766,2005-01-13 20:00:00
2005-01-13,21:00:00,467.0,571.0,9.5,71.3,0.8458,2005-01-13 21:00:00
2005-01-13,22:00:00,260.0,690.0,8.8,71.0,0.8089,2005-01-13 22:00:00
2005-01-13,23:00:00,244.0,686.0,8.0,73.4,0.7899,2005-01-13 23:00:00
2005-01-14,00:00:00,317.0,669.0,7.6,73.0,0.7629,2005-01-14 00:00:00
2005-01-14,01:00:00,224.0,744.0,7.1,73.9,0.7515,2005-01-14 01:00:00
2005-01-14,02:00:00,176.0,809.0,7.1,73.5,0.7439,2005-01-14 02:00:00
2005-01-14,03:00:00,114.57692307692308,877.0,6.7,75.0,0.739,2005-01-14 03:00:00
2005-01-14,04:00:00,103.0,866.0,5.1,81.3,0.7204,2005-01-14 04:00:00
2005-01-14,05:00:00,367.0,687.0,4.3,82.9,0.6968,2005-01-14 05:00:00
2005-01-14,06:00:00,326.0,793.0,5.3,80.4,0.7234,2005-01-14 06:00:00
2005-01-14,07:00:00,374.0,732.0,5.7,79.3,0.7326,2005-01-14 07:00:00
2005-01-14,08:00:00,756.0,459.0,6.8,74.8,0.7423,2005-01-14 08:00:00
2005-01-14,09:00:00,690.0,513.0,6.9,75.2,0.7505,2005-01-14 09:00:00
2005-01-14,10:00:00,754.0,515.0,8.0,71.9,0.7712,2005-01-14 10:00:00
2005-01-14,11:00:00,750.0,527.0,9.3,67.1,0.7849,2005-01-14 11:00:00
2005-01-14,12:00:00,590.0,567.0,10.2,63.6,0.7928,2005-01-14 12:00:00
2005-01-14,13:00:00,525.0,526.0,11.0,60.9,0.7966,2005-01-14 13:00:00
2005-01-14,14:00:00,406.0,569.0,11.3,60.1,0.8022,2005-01-14 14:00:00
2005-01-14,15:00:00,360.0,566.0,12.2,56.9,0.8068,2005-01-14 15:00:00
2005-01-14,16:00:00,448.0,535.0,11.9,59.1,0.8211,2005-01-14 16:00:00
2005-01-14,17:00:00,733.0,450.0,10.3,66.3,0.8286,2005-01-14 17:00:00
2005-01-14,18:00:00,847.0,428.0,8.2,74.9,0.8187,2005-01-14 18:00:00
2005-01-14,19:00:00,765.0,435.0,7.9,77.1,0.8223,2005-01-14 19:00:00
2005-01-14,20:00:00,715.0,435.0,8.3,75.0,0.8253,2005-01-14 20:00:00
2005-01-14,21:00:00,716.0,513.0,8.2,75.2,0.8185,2005-01-14 21:00:00
2005-01-14,22:00:00,235.0,782.0,8.3,69.7,0.7632,2005-01-14 22:00:00
2005-01-14,23:00:00,198.0,780.0,6.7,74.4,0.7344,2005-01-14 23:00:00
2005-01-15,00:00:00,293.0,735.0,6.4,74.9,0.7238,2005-01-15 00:00:00
2005-01-15,01:00:00,356.0,737.0,4.9,80.1,0.7011,2005-01-15 01:00:00
2005-01-15,02:00:00,285.0,778.0,4.8,79.4,0.6872,2005-01-15 02:00:00
2005-01-15,03:00:00,114.57692307692308,827.0,3.3,82.6,0.645,2005-01-15 03:00:00
2005-01-15,04:00:00,266.0,834.0,2.4,86.6,0.6369,2005-01-15 04:00:00
2005-01-15,05:00:00,158.0,940.0,3.4,81.4,0.6425,2005-01-15 05:00:00
2005-01-15,06:00:00,95.0,1013.0,4.2,77.0,0.6439,2005-01-15 06:00:00
2005-01-15,07:00:00,148.0,902.0,3.5,80.8,0.6406,2005-01-15 07:00:00
2005-01-15,08:00:00,337.0,703.0,3.5,80.3,0.6366,2005-01-15 08:00:00
2005-01-15,09:00:00,453.0,650.0,4.0,78.5,0.645,2005-01-15 09:00:00
2005-01-15,10:00:00,497.0,653.0,4.5,76.6,0.6534,2005-01-15 10:00:00
2005-01-15,11:00:00,448.0,673.0,5.6,72.3,0.6627,2005-01-15 11:00:00
2005-01-15,12:00:00,496.0,633.0,7.5,64.4,0.672,2005-01-15 12:00:00
2005-01-15,13:00:00,535.0,567.0,8.9,60.8,0.6921,2005-01-15 13:00:00
2005-01-15,14:00:00,644.0,536.0,10.6,55.3,0.7058,2005-01-15 14:00:00
2005-01-15,15:00:00,459.0,622.0,12.3,46.3,0.6597,2005-01-15 15:00:00
2005-01-15,16:00:00,409.0,635.0,12.2,47.0,0.6686,2005-01-15 16:00:00
2005-01-15,17:00:00,515.0,573.0,10.5,55.1,0.6993,2005-01-15 17:00:00
2005-01-15,18:00:00,640.0,525.0,8.7,66.3,0.7491,2005-01-15 18:00:00
2005-01-15,19:00:00,816.0,496.0,7.9,69.9,0.7487,2005-01-15 19:00:00
2005-01-15,20:00:00,505.0,616.0,7.6,65.3,0.6842,2005-01-15 20:00:00
2005-01-15,21:00:00,560.0,590.0,6.5,67.6,0.6608,2005-01-15 21:00:00
2005-01-15,22:00:00,389.0,717.0,5.9,66.4,0.6226,2005-01-15 22:00:00
2005-01-15,23:00:00,492.0,655.0,5.2,70.0,0.6232,2005-01-15 23:00:00
2005-01-16,00:00:00,531.0,623.0,5.2,67.8,0.6028,2005-01-16 00:00:00
2005-01-16,01:00:00,487.0,705.0,4.9,67.1,0.5863,2005-01-16 01:00:00
2005-01-16,02:00:00,293.0,748.0,5.1,65.5,0.5811,2005-01-16 02:00:00
2005-01-16,03:00:00,114.57692307692308,794.0,4.0,69.5,0.5706,2005-01-16 03:00:00
2005-01-16,04:00:00,219.0,819.0,3.7,68.9,0.5549,2005-01-16 04:00:00
2005-01-16,05:00:00,198.0,923.0,4.5,62.7,0.5343,2005-01-16 05:00:00
2005-01-16,06:00:00,166.0,910.0,4.7,62.3,0.5368,2005-01-16 06:00:00
2005-01-16,07:00:00,255.0,835.0,3.9,67.1,0.5483,2005-01-16 07:00:00
2005-01-16,08:00:00,312.0,898.0,5.7,54.5,0.5034,2005-01-16 08:00:00
2005-01-16,09:00:00,236.0,876.0,6.1,50.3,0.4769,2005-01-16 09:00:00
2005-01-16,10:00:00,172.0,1054.0,9.0,39.5,0.4554,2005-01-16 10:00:00
2005-01-16,11:00:00,138.0,1076.0,10.7,34.4,0.4406,2005-01-16 11:00:00
2005-01-16,12:00:00,121.0,1123.0,11.1,33.4,0.4401,2005-01-16 12:00:00
2005-01-16,13:00:00,143.0,1060.0,11.9,30.8,0.4285,2005-01-16 13:00:00
2005-01-16,14:00:00,114.0,1142.0,11.4,32.0,0.431,2005-01-16 14:00:00
2005-01-16,15:00:00,107.0,1144.0,11.3,32.5,0.4334,2005-01-16 15:00:00
2005-01-16,16:00:00,176.0,1037.0,11.0,33.0,0.4331,2005-01-16 16:00:00
2005-01-16,17:00:00,180.0,1017.0,10.3,35.0,0.4377,2005-01-16 17:00:00
2005-01-16,18:00:00,212.0,1002.0,8.4,40.9,0.4542,2005-01-16 18:00:00
2005-01-16,19:00:00,331.0,839.0,8.3,38.5,0.4228,2005-01-16 19:00:00
2005-01-16,20:00:00,369.0,820.0,8.1,37.9,0.41,2005-01-16 20:00:00
2005-01-16,21:00:00,274.0,959.0,7.7,39.0,0.4106,2005-01-16 21:00:00
2005-01-16,22:00:00,199.0,995.0,7.0,41.5,0.4193,2005-01-16 22:00:00
2005-01-16,23:00:00,248.0,905.0,6.6,42.6,0.4179,2005-01-16 23:00:00
2005-01-17,00:00:00,197.0,954.0,6.4,44.2,0.428,2005-01-17 00:00:00
2005-01-17,01:00:00,147.0,991.0,6.0,46.0,0.4349,2005-01-17 01:00:00
2005-01-17,02:00:00,135.0,1001.0,4.4,53.1,0.4484,2005-01-17 02:00:00
2005-01-17,03:00:00,114.57692307692308,1168.0,4.0,54.3,0.4454,2005-01-17 03:00:00
2005-01-17,04:00:00,95.0,1228.0,3.7,55.8,0.4489,2005-01-17 04:00:00
2005-01-17,05:00:00,94.0,1258.0,2.6,58.6,0.4385,2005-01-17 05:00:00
2005-01-17,06:00:00,121.0,1162.0,3.2,56.0,0.4364,2005-01-17 06:00:00
2005-01-17,07:00:00,131.0,1005.0,3.6,55.4,0.4419,2005-01-17 07:00:00
2005-01-17,08:00:00,552.0,612.0,1.8,63.3,0.4464,2005-01-17 08:00:00
2005-01-17,09:00:00,614.0,574.0,2.4,60.2,0.4426,2005-01-17 09:00:00
2005-01-17,10:00:00,530.0,617.0,4.6,52.1,0.4472,2005-01-17 10:00:00
2005-01-17,11:00:00,721.0,612.0,8.2,40.5,0.4414,2005-01-17 11:00:00
2005-01-17,12:00:00,474.0,639.0,10.5,34.7,0.4393,2005-01-17 12:00:00
2005-01-17,13:00:00,514.0,603.0,11.1,33.3,0.4384,2005-01-17 13:00:00
2005-01-17,14:00:00,504.0,611.0,11.1,32.6,0.4292,2005-01-17 14:00:00
2005-01-17,15:00:00,508.0,588.0,12.4,28.3,0.4076,2005-01-17 15:00:00
2005-01-17,16:00:00,529.0,615.0,12.9,24.5,0.363,2005-01-17 16:00:00
2005-01-17,17:00:00,676.0,535.0,11.4,28.7,0.3865,2005-01-17 17:00:00
2005-01-17,18:00:00,1216.0,374.0,9.2,39.3,0.4573,2005-01-17 18:00:00
2005-01-17,19:00:00,1230.0,384.0,7.8,48.1,0.5115,2005-01-17 19:00:00
2005-01-17,20:00:00,582.0,563.0,7.2,50.6,0.517,2005-01-17 20:00:00
2005-01-17,21:00:00,460.0,610.0,6.0,53.3,0.5008,2005-01-17 21:00:00
2005-01-17,22:00:00,340.0,715.0,5.3,55.0,0.4921,2005-01-17 22:00:00
2005-01-17,23:00:00,298.0,751.0,4.2,58.1,0.4832,2005-01-17 23:00:00
2005-01-18,00:00:00,300.0,775.0,3.4,60.9,0.4809,2005-01-18 00:00:00
2005-01-18,01:00:00,223.0,850.0,3.0,60.2,0.4639,2005-01-18 01:00:00
2005-01-18,02:00:00,151.0,958.0,3.2,58.8,0.4578,2005-01-18 02:00:00
2005-01-18,03:00:00,114.57692307692308,1016.0,3.3,57.7,0.4516,2005-01-18 03:00:00
2005-01-18,04:00:00,108.0,1076.0,4.5,53.8,0.4572,2005-01-18 04:00:00
2005-01-18,05:00:00,125.0,1023.0,3.1,59.7,0.4604,2005-01-18 05:00:00
2005-01-18,06:00:00,181.0,936.0,4.2,57.1,0.4743,2005-01-18 06:00:00
2005-01-18,07:00:00,341.0,783.0,3.4,58.5,0.4608,2005-01-18 07:00:00
2005-01-18,08:00:00,552.0,599.0,3.9,57.3,0.4661,2005-01-18 08:00:00
2005-01-18,09:00:00,839.0,509.0,4.3,56.8,0.4768,2005-01-18 09:00:00
2005-01-18,10:00:00,1049.0,477.0,5.6,52.9,0.4841,2005-01-18 10:00:00
2005-01-18,11:00:00,796.0,542.0,5.5,54.9,0.4985,2005-01-18 11:00:00
2005-01-18,12:00:00,999.0,479.0,5.1,64.3,0.5697,2005-01-18 12:00:00
2005-01-18,13:00:00,1022.0,445.0,5.5,66.1,0.601,2005-01-18 13:00:00
2005-01-18,14:00:00,1023.0,420.0,5.5,69.3,0.6331,2005-01-18 14:00:00
2005-01-18,15:00:00,1065.0,431.0,5.0,75.5,0.6667,2005-01-18 15:00:00
2005-01-18,16:00:00,1098.0,436.0,5.2,76.2,0.6796,2005-01-18 16:00:00
2005-01-18,17:00:00,1099.0,436.0,5.3,77.4,0.6954,2005-01-18 17:00:00
2005-01-18,18:00:00,939.0,410.0,5.0,79.6,0.7022,2005-01-18 18:00:00
2005-01-18,19:00:00,875.0,423.0,5.1,83.0,0.7352,2005-01-18 19:00:00
2005-01-18,20:00:00,745.0,466.0,6.4,82.9,0.8022,2005-01-18 20:00:00
2005-01-18,21:00:00,339.0,774.0,10.3,74.0,0.9237,2005-01-18 21:00:00
2005-01-18,22:00:00,135.0,932.0,11.3,71.8,0.9577,2005-01-18 22:00:00
2005-01-18,23:00:00,167.0,820.0,9.8,81.9,0.9923,2005-01-18 23:00:00
2005-01-19,00:00:00,232.0,712.0,9.5,83.8,0.9972,2005-01-19 00:00:00
2005-01-19,01:00:00,273.0,723.0,9.9,81.0,0.9885,2005-01-19 01:00:00
2005-01-19,02:00:00,165.0,822.0,9.9,79.8,0.9725,2005-01-19 02:00:00
2005-01-19,03:00:00,114.57692307692308,1106.0,6.9,76.4,0.7661,2005-01-19 03:00:00
2005-01-19,04:00:00,75.0,1222.0,4.8,75.7,0.659,2005-01-19 04:00:00
2005-01-19,05:00:00,53.0,1263.0,4.7,78.9,0.682,2005-01-19 05:00:00
2005-01-19,06:00:00,72.0,1235.0,5.0,75.0,0.6627,2005-01-19 06:00:00
2005-01-19,07:00:00,130.0,1046.0,5.6,69.5,0.6362,2005-01-19 07:00:00
2005-01-19,08:00:00,265.0,760.0,7.0,64.9,0.6512,2005-01-19 08:00:00
2005-01-19,09:00:00,314.0,732.0,7.1,65.4,0.6644,2005-01-19 09:00:00
2005-01-19,10:00:00,194.0,923.0,6.4,67.4,0.6537,2005-01-19 10:00:00
2005-01-19,11:00:00,180.0,1036.0,5.3,75.9,0.6824,2005-01-19 11:00:00
2005-01-19,12:00:00,181.0,1009.0,6.3,73.0,0.7024,2005-01-19 12:00:00
2005-01-19,13:00:00,193.0,889.0,8.6,63.3,0.7073,2005-01-19 13:00:00
2005-01-19,14:00:00,263.0,771.0,10.0,55.0,0.6753,2005-01-19 14:00:00
2005-01-19,15:00:00,176.0,904.0,9.4,53.6,0.6333,2005-01-19 15:00:00
2005-01-19,16:00:00,168.0,891.0,9.2,55.0,0.6402,2005-01-19 16:00:00
2005-01-19,17:00:00,170.0,915.0,8.7,55.1,0.6228,2005-01-19 17:00:00
2005-01-19,18:00:00,234.0,766.0,8.9,54.4,0.62,2005-01-19 18:00:00
2005-01-19,19:00:00,256.0,770.0,8.6,53.6,0.5992,2005-01-19 19:00:00
2005-01-19,20:00:00,257.0,721.0,9.0,50.4,0.5809,2005-01-19 20:00:00
2005-01-19,21:00:00,317.0,758.0,9.2,49.8,0.5808,2005-01-19 21:00:00
2005-01-19,22:00:00,135.0,1053.0,8.8,52.1,0.5918,2005-01-19 22:00:00
2005-01-19,23:00:00,159.0,963.0,8.8,50.9,0.5781,2005-01-19 23:00:00
2005-01-20,00:00:00,186.0,896.0,8.7,51.1,0.5755,2005-01-20 00:00:00
2005-01-20,01:00:00,102.0,1032.0,8.6,51.5,0.5772,2005-01-20 01:00:00
2005-01-20,02:00:00,75.0,1169.0,8.5,51.9,0.5766,2005-01-20 02:00:00
2005-01-20,03:00:00,114.57692307692308,1205.0,8.1,53.1,0.5742,2005-01-20 03:00:00
2005-01-20,04:00:00,41.0,1315.0,7.8,54.2,0.5755,2005-01-20 04:00:00
2005-01-20,05:00:00,50.0,1278.0,7.1,56.0,0.569,2005-01-20 05:00:00
2005-01-20,06:00:00,189.0,1013.0,7.0,57.6,0.5784,2005-01-20 06:00:00
2005-01-20,07:00:00,182.0,992.0,7.5,55.3,0.5734,2005-01-20 07:00:00
2005-01-20,08:00:00,636.0,616.0,7.0,56.3,0.566,2005-01-20 08:00:00
2005-01-20,09:00:00,704.0,552.0,7.6,53.5,0.5605,2005-01-20 09:00:00
2005-01-20,10:00:00,854.0,547.0,8.3,50.5,0.5558,2005-01-20 10:00:00
2005-01-20,11:00:00,652.0,649.0,12.4,37.1,0.5329,2005-01-20 11:00:00
2005-01-20,12:00:00,529.0,641.0,13.9,32.3,0.5117,2005-01-20 12:00:00
2005-01-20,13:00:00,438.0,638.0,14.4,28.9,0.4723,2005-01-20 13:00:00
2005-01-20,14:00:00,438.0,626.0,14.8,25.4,0.4259,2005-01-20 14:00:00
2005-01-20,15:00:00,378.0,745.0,15.1,20.8,0.3536,2005-01-20 15:00:00
2005-01-20,16:00:00,482.0,639.0,15.4,23.5,0.4076,2005-01-20 16:00:00
2005-01-20,17:00:00,709.0,534.0,13.7,28.1,0.4381,2005-01-20 17:00:00
2005-01-20,18:00:00,796.0,455.0,11.5,37.5,0.5068,2005-01-20 18:00:00
2005-01-20,19:00:00,605.0,511.0,10.4,42.3,0.5337,2005-01-20 19:00:00
2005-01-20,20:00:00,472.0,577.0,9.9,44.0,0.5381,2005-01-20 20:00:00
2005-01-20,21:00:00,411.0,618.0,8.7,48.3,0.5458,2005-01-20 21:00:00
2005-01-20,22:00:00,264.0,758.0,8.1,49.9,0.5417,2005-01-20 22:00:00
2005-01-20,23:00:00,217.0,773.0,7.3,52.8,0.5419,2005-01-20 23:00:00
2005-01-21,00:00:00,211.0,780.0,8.0,52.2,0.5623,2005-01-21 00:00:00
2005-01-21,01:00:00,179.0,786.0,6.8,56.4,0.5609,2005-01-21 01:00:00
2005-01-21,02:00:00,135.0,847.0,6.7,57.4,0.5654,2005-01-21 02:00:00
2005-01-21,03:00:00,114.57692307692308,836.0,5.9,62.1,0.5806,2005-01-21 03:00:00
2005-01-21,04:00:00,221.0,757.0,5.4,65.9,0.5947,2005-01-21 04:00:00
2005-01-21,05:00:00,284.0,702.0,5.5,66.5,0.6054,2005-01-21 05:00:00
2005-01-21,06:00:00,357.0,628.0,5.9,65.8,0.6178,2005-01-21 06:00:00
2005-01-21,07:00:00,469.0,582.0,6.4,63.9,0.6192,2005-01-21 07:00:00
2005-01-21,08:00:00,766.0,465.0,7.2,62.2,0.6351,2005-01-21 08:00:00
2005-01-21,09:00:00,875.0,419.0,7.9,60.0,0.6406,2005-01-21 09:00:00
2005-01-21,10:00:00,800.0,500.0,8.3,58.5,0.6403,2005-01-21 10:00:00
2005-01-21,11:00:00,815.0,482.0,9.3,54.5,0.6415,2005-01-21 11:00:00
2005-01-21,12:00:00,841.0,464.0,10.2,53.1,0.6608,2005-01-21 12:00:00
2005-01-21,13:00:00,827.0,451.0,11.1,51.4,0.679,2005-01-21 13:00:00
2005-01-21,14:00:00,402.0,573.0,12.8,46.9,0.6919,2005-01-21 14:00:00
2005-01-21,15:00:00,415.0,526.0,13.1,48.0,0.7181,2005-01-21 15:00:00
2005-01-21,16:00:00,435.0,469.0,13.5,51.5,0.793,2005-01-21 16:00:00
2005-01-21,17:00:00,570.0,519.0,13.4,51.2,0.7808,2005-01-21 17:00:00
2005-01-21,18:00:00,530.0,506.0,12.1,55.3,0.7777,2005-01-21 18:00:00
2005-01-21,19:00:00,617.0,476.0,12.0,56.5,0.7924,2005-01-21 19:00:00
2005-01-21,20:00:00,983.0,355.0,10.4,64.4,0.8123,2005-01-21 20:00:00
2005-01-21,21:00:00,1200.0,370.0,9.4,69.1,0.815,2005-01-21 21:00:00
2005-01-21,22:00:00,1028.0,459.0,8.9,71.0,0.8115,2005-01-21 22:00:00
2005-01-21,23:00:00,797.0,496.0,8.1,73.8,0.7968,2005-01-21 23:00:00
2005-01-22,00:00:00,977.0,483.0,7.3,76.8,0.7904,2005-01-22 00:00:00
2005-01-22,01:00:00,811.0,552.0,7.3,76.7,0.7862,2005-01-22 01:00:00
2005-01-22,02:00:00,757.0,542.0,7.1,77.3,0.7826,2005-01-22 02:00:00
2005-01-22,03:00:00,114.57692307692308,571.0,6.7,78.7,0.7779,2005-01-22 03:00:00
2005-01-22,04:00:00,388.0,605.0,7.0,77.8,0.7848,2005-01-22 04:00:00
2005-01-22,05:00:00,497.0,568.0,5.7,80.5,0.7416,2005-01-22 05:00:00
2005-01-22,06:00:00,582.0,590.0,5.2,81.4,0.7276,2005-01-22 06:00:00
2005-01-22,07:00:00,574.0,565.0,5.6,80.4,0.7349,2005-01-22 07:00:00
2005-01-22,08:00:00,588.0,522.0,6.3,78.8,0.7544,2005-01-22 08:00:00
2005-01-22,09:00:00,645.0,502.0,6.9,76.9,0.7682,2005-01-22 09:00:00
2005-01-22,10:00:00,643.0,484.0,9.2,67.7,0.79,2005-01-22 10:00:00
2005-01-22,11:00:00,628.0,502.0,11.6,59.8,0.8152,2005-01-22 11:00:00
2005-01-22,12:00:00,547.0,527.0,14.0,52.0,0.8288,2005-01-22 12:00:00
2005-01-22,13:00:00,461.0,535.0,15.0,50.2,0.8495,2005-01-22 13:00:00
2005-01-22,14:00:00,455.0,515.0,14.9,49.9,0.8394,2005-01-22 14:00:00
2005-01-22,15:00:00,244.0,770.0,15.8,33.8,0.6034,2005-01-22 15:00:00
2005-01-22,16:00:00,202.0,851.0,15.4,29.3,0.5068,2005-01-22 16:00:00
2005-01-22,17:00:00,256.0,823.0,14.4,25.7,0.4193,2005-01-22 17:00:00
2005-01-22,18:00:00,310.0,776.0,13.4,27.2,0.4157,2005-01-22 18:00:00
2005-01-22,19:00:00,391.0,687.0,12.2,28.7,0.4077,2005-01-22 19:00:00
2005-01-22,20:00:00,444.0,704.0,11.3,25.7,0.3422,2005-01-22 20:00:00
2005-01-22,21:00:00,794.0,549.0,9.7,31.9,0.3848,2005-01-22 21:00:00
2005-01-22,22:00:00,716.0,587.0,8.4,36.5,0.4035,2005-01-22 22:00:00
2005-01-22,23:00:00,565.0,610.0,8.2,36.8,0.4016,2005-01-22 23:00:00
2005-01-23,00:00:00,451.0,697.0,8.0,36.0,0.3872,2005-01-23 00:00:00
2005-01-23,01:00:00,313.0,784.0,7.0,39.9,0.4006,2005-01-23 01:00:00
2005-01-23,02:00:00,241.0,783.0,5.7,44.3,0.4093,2005-01-23 02:00:00
2005-01-23,03:00:00,114.57692307692308,849.0,4.7,46.6,0.4025,2005-01-23 03:00:00
2005-01-23,04:00:00,224.0,854.0,4.2,50.8,0.4234,2005-01-23 04:00:00
2005-01-23,05:00:00,82.0,1101.0,4.6,45.1,0.3861,2005-01-23 05:00:00
2005-01-23,06:00:00,89.0,1112.0,2.7,53.3,0.4006,2005-01-23 06:00:00
2005-01-23,07:00:00,93.0,1165.0,3.1,51.0,0.3947,2005-01-23 07:00:00
2005-01-23,08:00:00,134.0,1119.0,2.5,54.1,0.4017,2005-01-23 08:00:00
2005-01-23,09:00:00,189.0,915.0,3.1,53.5,0.4123,2005-01-23 09:00:00
2005-01-23,10:00:00,292.0,791.0,5.0,47.5,0.418,2005-01-23 10:00:00
2005-01-23,11:00:00,326.0,775.0,5.8,43.4,0.4032,2005-01-23 11:00:00
2005-01-23,12:00:00,397.0,722.0,7.1,42.8,0.4327,2005-01-23 12:00:00
2005-01-23,13:00:00,371.0,712.0,7.9,41.6,0.4459,2005-01-23 13:00:00
2005-01-23,14:00:00,305.0,737.0,8.1,41.2,0.448,2005-01-23 14:00:00
2005-01-23,15:00:00,328.0,706.0,8.3,41.3,0.4533,2005-01-23 15:00:00
2005-01-23,16:00:00,281.0,756.0,8.9,49.1,0.5629,2005-01-23 16:00:00
2005-01-23,17:00:00,168.0,911.0,7.1,66.0,0.6678,2005-01-23 17:00:00
2005-01-23,18:00:00,183.0,849.0,5.7,75.1,0.6942,2005-01-23 18:00:00
2005-01-23,19:00:00,217.0,767.0,5.4,77.6,0.7031,2005-01-23 19:00:00
2005-01-23,20:00:00,245.0,674.0,5.4,78.2,0.7074,2005-01-23 20:00:00
2005-01-23,21:00:00,154.0,827.0,7.3,68.1,0.6979,2005-01-23 21:00:00
2005-01-23,22:00:00,141.0,903.0,5.8,74.4,0.6924,2005-01-23 22:00:00
2005-01-23,23:00:00,210.0,798.0,6.2,72.3,0.6887,2005-01-23 23:00:00
2005-01-24,00:00:00,140.0,848.0,5.9,72.7,0.6791,2005-01-24 00:00:00
2005-01-24,01:00:00,191.0,773.0,5.0,76.5,0.6728,2005-01-24 01:00:00
2005-01-24,02:00:00,248.0,704.0,4.0,80.4,0.663,2005-01-24 02:00:00
2005-01-24,03:00:00,114.57692307692308,1017.0,5.8,59.0,0.5493,2005-01-24 03:00:00
2005-01-24,04:00:00,50.0,1237.0,5.8,59.5,0.5519,2005-01-24 04:00:00
2005-01-24,05:00:00,43.0,1421.0,6.6,51.3,0.5026,2005-01-24 05:00:00
2005-01-24,06:00:00,86.0,1296.0,7.0,47.2,0.4745,2005-01-24 06:00:00
2005-01-24,07:00:00,152.0,1028.0,6.6,47.9,0.4686,2005-01-24 07:00:00
2005-01-24,08:00:00,341.0,688.0,7.2,49.8,0.5061,2005-01-24 08:00:00
2005-01-24,09:00:00,355.0,682.0,6.9,52.8,0.5293,2005-01-24 09:00:00
2005-01-24,10:00:00,327.0,797.0,8.7,46.7,0.5249,2005-01-24 10:00:00
2005-01-24,11:00:00,240.0,844.0,10.0,40.6,0.4971,2005-01-24 11:00:00
2005-01-24,12:00:00,217.0,852.0,11.8,35.4,0.4877,2005-01-24 12:00:00
2005-01-24,13:00:00,191.0,829.0,10.7,37.2,0.4788,2005-01-24 13:00:00
2005-01-24,14:00:00,243.25225225225225,825.0,10.9,34.9,0.456,2005-01-24 14:00:00
2005-01-24,15:00:00,256.0,759.0,10.7,33.1,0.4256,2005-01-24 15:00:00
2005-01-24,16:00:00,287.0,787.0,10.6,34.2,0.4375,2005-01-24 16:00:00
2005-01-24,17:00:00,278.0,780.0,8.9,38.1,0.4341,2005-01-24 17:00:00
2005-01-24,18:00:00,302.0,715.0,7.8,39.7,0.4206,2005-01-24 18:00:00
2005-01-24,19:00:00,259.0,740.0,7.3,42.2,0.4341,2005-01-24 19:00:00
2005-01-24,20:00:00,221.0,795.0,6.9,42.5,0.4257,2005-01-24 20:00:00
2005-01-24,21:00:00,142.0,970.0,6.6,43.2,0.4247,2005-01-24 21:00:00
2005-01-24,22:00:00,93.0,1183.0,6.4,41.7,0.4034,2005-01-24 22:00:00
2005-01-24,23:00:00,71.0,1250.0,6.1,42.6,0.4041,2005-01-24 23:00:00
2005-01-25,00:00:00,66.0,1306.0,5.9,41.8,0.3928,2005-01-25 00:00:00
2005-01-25,01:00:00,49.0,1447.0,5.7,41.5,0.3836,2005-01-25 01:00:00
2005-01-25,02:00:00,29.0,1583.0,5.5,42.4,0.3867,2005-01-25 02:00:00
2005-01-25,03:00:00,114.57692307692308,1651.0,4.5,52.0,0.4436,2005-01-25 03:00:00
2005-01-25,04:00:00,19.0,1696.0,4.3,51.6,0.4323,2005-01-25 04:00:00
2005-01-25,05:00:00,20.0,1785.0,3.7,56.3,0.453,2005-01-25 05:00:00
2005-01-25,06:00:00,39.0,1745.0,3.3,58.1,0.4559,2005-01-25 06:00:00
2005-01-25,07:00:00,77.0,1556.0,3.9,47.3,0.3862,2005-01-25 07:00:00
2005-01-25,08:00:00,180.0,1068.0,4.3,45.9,0.3843,2005-01-25 08:00:00
2005-01-25,09:00:00,243.0,853.0,4.2,50.1,0.4168,2005-01-25 09:00:00
2005-01-25,10:00:00,236.0,856.0,3.4,62.7,0.4943,2005-01-25 10:00:00
2005-01-25,11:00:00,297.0,935.0,5.0,51.4,0.4534,2005-01-25 11:00:00
2005-01-25,12:00:00,235.0,968.0,5.7,44.1,0.4063,2005-01-25 12:00:00
2005-01-25,13:00:00,186.0,972.0,5.2,44.5,0.3968,2005-01-25 13:00:00
2005-01-25,14:00:00,196.0,932.0,4.7,48.6,0.4194,2005-01-25 14:00:00
2005-01-25,15:00:00,167.0,980.0,4.5,51.0,0.4327,2005-01-25 15:00:00
2005-01-25,16:00:00,211.0,966.0,5.1,50.1,0.4432,2005-01-25 16:00:00
2005-01-25,17:00:00,194.0,928.0,5.0,50.4,0.443,2005-01-25 17:00:00
2005-01-25,18:00:00,206.0,858.0,4.3,56.4,0.4721,2005-01-25 18:00:00
2005-01-25,19:00:00,211.0,813.0,4.3,56.7,0.476,2005-01-25 19:00:00
2005-01-25,20:00:00,197.0,790.0,4.3,57.0,0.4771,2005-01-25 20:00:00
2005-01-25,21:00:00,139.0,990.0,3.5,60.3,0.4782,2005-01-25 21:00:00
2005-01-25,22:00:00,113.0,1071.0,4.1,52.5,0.4351,2005-01-25 22:00:00
2005-01-25,23:00:00,81.0,1194.0,3.9,50.6,0.4127,2005-01-25 23:00:00
2005-01-26,00:00:00,63.0,1285.0,3.9,47.7,0.3901,2005-01-26 00:00:00
2005-01-26,01:00:00,55.0,1346.0,4.0,47.8,0.3939,2005-01-26 01:00:00
2005-01-26,02:00:00,31.0,1532.0,3.9,50.9,0.4144,2005-01-26 02:00:00
2005-01-26,03:00:00,114.57692307692308,1622.0,3.0,57.7,0.4423,2005-01-26 03:00:00
2005-01-26,04:00:00,20.0,1775.0,3.3,52.8,0.4137,2005-01-26 04:00:00
2005-01-26,05:00:00,17.0,1881.0,2.7,53.9,0.4062,2005-01-26 05:00:00
2005-01-26,06:00:00,42.0,1646.0,2.8,54.4,0.411,2005-01-26 06:00:00
2005-01-26,07:00:00,90.0,1310.0,3.6,49.0,0.3915,2005-01-26 07:00:00
2005-01-26,08:00:00,227.0,1043.0,3.3,50.2,0.3934,2005-01-26 08:00:00
2005-01-26,09:00:00,250.0,902.0,3.5,47.5,0.3778,2005-01-26 09:00:00
2005-01-26,10:00:00,219.0,1022.0,4.3,49.4,0.4136,2005-01-26 10:00:00
2005-01-26,11:00:00,211.0,1007.0,4.5,48.4,0.4131,2005-01-26 11:00:00
2005-01-26,12:00:00,189.0,1053.0,4.3,50.0,0.4199,2005-01-26 12:00:00
2005-01-26,13:00:00,180.0,993.0,4.3,49.7,0.4166,2005-01-26 13:00:00
2005-01-26,14:00:00,197.0,891.0,4.9,45.3,0.3955,2005-01-26 14:00:00
2005-01-26,15:00:00,198.0,987.0,5.6,42.4,0.3884,2005-01-26 15:00:00
2005-01-26,16:00:00,203.0,924.0,5.7,43.1,0.3984,2005-01-26 16:00:00
2005-01-26,17:00:00,188.0,912.0,4.8,49.7,0.4305,2005-01-26 17:00:00
2005-01-26,18:00:00,294.0,752.0,5.1,43.0,0.3821,2005-01-26 18:00:00
2005-01-26,19:00:00,302.0,729.0,5.3,44.4,0.397,2005-01-26 19:00:00
2005-01-26,20:00:00,261.0,763.0,4.9,47.9,0.418,2005-01-26 20:00:00
2005-01-26,21:00:00,232.0,794.0,4.7,50.8,0.4398,2005-01-26 21:00:00
2005-01-26,22:00:00,154.0,966.0,4.6,54.8,0.4704,2005-01-26 22:00:00
2005-01-26,23:00:00,120.0,986.0,4.0,56.8,0.4688,2005-01-26 23:00:00
2005-01-27,00:00:00,117.0,1009.0,4.2,46.8,0.39,2005-01-27 00:00:00
2005-01-27,01:00:00,108.0,1059.0,4.5,42.0,0.3571,2005-01-27 01:00:00
2005-01-27,02:00:00,97.0,1025.0,4.1,42.1,0.3487,2005-01-27 02:00:00
2005-01-27,03:00:00,114.57692307692308,1259.0,4.5,39.7,0.3379,2005-01-27 03:00:00
2005-01-27,04:00:00,28.0,1481.0,4.4,42.2,0.3571,2005-01-27 04:00:00
2005-01-27,05:00:00,27.0,1531.0,4.1,45.9,0.3804,2005-01-27 05:00:00
2005-01-27,06:00:00,81.0,1313.0,4.3,42.5,0.3556,2005-01-27 06:00:00
2005-01-27,07:00:00,129.0,1198.0,4.6,38.1,0.3267,2005-01-27 07:00:00
2005-01-27,08:00:00,336.0,822.0,4.6,39.4,0.3367,2005-01-27 08:00:00
2005-01-27,09:00:00,335.0,739.0,4.8,41.9,0.3634,2005-01-27 09:00:00
2005-01-27,10:00:00,318.0,839.0,5.9,40.2,0.376,2005-01-27 10:00:00
2005-01-27,11:00:00,201.0,961.0,7.0,38.4,0.3861,2005-01-27 11:00:00
2005-01-27,12:00:00,166.0,1009.0,6.6,40.2,0.3944,2005-01-27 12:00:00
2005-01-27,13:00:00,192.0,930.0,6.6,41.2,0.4046,2005-01-27 13:00:00
2005-01-27,14:00:00,198.0,900.0,7.3,36.8,0.3779,2005-01-27 14:00:00
2005-01-27,15:00:00,198.0,921.0,7.3,35.0,0.3584,2005-01-27 15:00:00
2005-01-27,16:00:00,223.0,924.0,7.0,33.5,0.3367,2005-01-27 16:00:00
2005-01-27,17:00:00,224.0,913.0,6.5,32.4,0.3155,2005-01-27 17:00:00
2005-01-27,18:00:00,266.0,819.0,5.7,33.9,0.3131,2005-01-27 18:00:00
2005-01-27,19:00:00,326.0,750.0,5.0,36.1,0.3178,2005-01-27 19:00:00
2005-01-27,20:00:00,343.0,717.0,4.7,38.3,0.3306,2005-01-27 20:00:00
2005-01-27,21:00:00,243.0,863.0,4.5,39.9,0.339,2005-01-27 21:00:00
2005-01-27,22:00:00,177.0,995.0,4.3,41.1,0.3451,2005-01-27 22:00:00
2005-01-27,23:00:00,155.0,953.0,4.0,43.1,0.3551,2005-01-27 23:00:00
2005-01-28,00:00:00,143.0,999.0,3.7,46.0,0.3701,2005-01-28 00:00:00
2005-01-28,01:00:00,124.0,1075.0,3.3,47.4,0.3716,2005-01-28 01:00:00
2005-01-28,02:00:00,94.0,1120.0,3.0,49.1,0.3774,2005-01-28 02:00:00
2005-01-28,03:00:00,114.57692307692308,1146.0,3.5,48.0,0.3822,2005-01-28 03:00:00
2005-01-28,04:00:00,56.0,1158.0,3.6,48.0,0.3835,2005-01-28 04:00:00
2005-01-28,05:00:00,58.0,1282.0,4.0,47.8,0.3919,2005-01-28 05:00:00
2005-01-28,06:00:00,105.0,1159.0,4.1,48.1,0.3975,2005-01-28 06:00:00
2005-01-28,07:00:00,122.0,1138.0,4.1,47.4,0.3926,2005-01-28 07:00:00
2005-01-28,08:00:00,274.0,827.0,4.2,48.7,0.4073,2005-01-28 08:00:00
2005-01-28,09:00:00,342.0,742.0,4.1,49.8,0.4117,2005-01-28 09:00:00
2005-01-28,10:00:00,296.0,822.0,4.3,48.4,0.4043,2005-01-28 10:00:00
2005-01-28,11:00:00,279.0,838.0,4.6,49.7,0.4271,2005-01-28 11:00:00
2005-01-28,12:00:00,325.0,842.0,4.5,49.6,0.421,2005-01-28 12:00:00
2005-01-28,13:00:00,222.0,871.0,4.4,48.4,0.4087,2005-01-28 13:00:00
2005-01-28,14:00:00,279.0,793.0,4.7,47.2,0.4075,2005-01-28 14:00:00
2005-01-28,15:00:00,248.0,888.0,4.2,49.5,0.4118,2005-01-28 15:00:00
2005-01-28,16:00:00,193.0,949.0,3.4,50.7,0.3991,2005-01-28 16:00:00
2005-01-28,17:00:00,256.0,984.7,3.25,50.6,0.39447,2005-01-28 17:00:00
2005-01-28,18:00:00,288.0,1020.4,3.1,50.5,0.38984,2005-01-28 18:00:00
2005-01-28,19:00:00,300.0,1056.1,2.95,50.400000000000006,0.38521,2005-01-28 19:00:00
2005-01-28,20:00:00,224.0,1091.8,2.8,50.300000000000004,0.38058000000000003,2005-01-28 20:00:00
2005-01-28,21:00:00,219.0,1127.5,2.65,50.2,0.37595,2005-01-28 21:00:00
2005-01-28,22:00:00,145.0,1163.2,2.5,50.1,0.37132,2005-01-28 22:00:00
2005-01-28,23:00:00,115.0,1198.9,2.3499999999999996,50.0,0.36669,2005-01-28 23:00:00
2005-01-29,00:00:00,136.0,1234.6,2.2,49.900000000000006,0.36206,2005-01-29 00:00:00
2005-01-29,01:00:00,107.0,1270.3,2.05,49.800000000000004,0.35743,2005-01-29 01:00:00
2005-01-29,02:00:00,70.0,1306.0,1.9,49.7,0.3528,2005-01-29 02:00:00
2005-01-29,03:00:00,114.57692307692308,1376.0,1.6,52.9,0.3692,2005-01-29 03:00:00
2005-01-29,04:00:00,37.0,1460.0,1.4,53.8,0.3687,2005-01-29 04:00:00
2005-01-29,05:00:00,33.0,1494.0,1.0,54.7,0.3657,2005-01-29 05:00:00
2005-01-29,06:00:00,43.0,1473.0,1.4,52.3,0.3591,2005-01-29 06:00:00
2005-01-29,07:00:00,73.0,1324.0,1.6,51.0,0.3561,2005-01-29 07:00:00
2005-01-29,08:00:00,125.0,1163.0,1.4,53.1,0.3642,2005-01-29 08:00:00
2005-01-29,09:00:00,154.0,1022.0,1.7,54.1,0.3785,2005-01-29 09:00:00
2005-01-29,10:00:00,140.0,1027.0,2.5,51.0,0.3778,2005-01-29 10:00:00
2005-01-29,11:00:00,150.0,1025.0,2.9,48.7,0.3706,2005-01-29 11:00:00
2005-01-29,12:00:00,139.0,1051.0,3.6,45.8,0.3674,2005-01-29 12:00:00
2005-01-29,13:00:00,135.0,1027.0,3.1,48.1,0.3722,2005-01-29 13:00:00
2005-01-29,14:00:00,152.0,987.0,3.4,46.6,0.3668,2005-01-29 14:00:00
2005-01-29,15:00:00,121.0,1071.0,3.7,45.8,0.3697,2005-01-29 15:00:00
2005-01-29,16:00:00,122.0,1049.0,4.4,43.7,0.3688,2005-01-29 16:00:00
2005-01-29,17:00:00,167.0,998.0,4.0,44.9,0.3689,2005-01-29 17:00:00
2005-01-29,18:00:00,165.0,980.0,3.3,46.8,0.3671,2005-01-29 18:00:00
2005-01-29,19:00:00,190.0,981.0,3.1,48.1,0.3707,2005-01-29 19:00:00
2005-01-29,20:00:00,176.0,960.0,2.8,49.0,0.37,2005-01-29 20:00:00
2005-01-29,21:00:00,196.0,983.0,3.1,47.4,0.3661,2005-01-29 21:00:00
2005-01-29,22:00:00,103.0,1102.0,2.9,49.0,0.3725,2005-01-29 22:00:00
2005-01-29,23:00:00,91.0,1136.0,2.8,49.1,0.3726,2005-01-29 23:00:00
2005-01-30,00:00:00,119.0,1051.0,2.9,49.7,0.3782,2005-01-30 00:00:00
2005-01-30,01:00:00,147.0,1023.0,3.8,46.5,0.3762,2005-01-30 01:00:00
2005-01-30,02:00:00,101.0,1107.0,3.2,46.9,0.3658,2005-01-30 02:00:00
2005-01-30,03:00:00,114.57692307692308,1065.0,3.1,45.2,0.3504,2005-01-30 03:00:00
2005-01-30,04:00:00,102.0,1097.0,3.1,44.8,0.3473,2005-01-30 04:00:00
2005-01-30,05:00:00,55.0,1322.0,3.1,44.4,0.342,2005-01-30 05:00:00
2005-01-30,06:00:00,51.0,1374.0,3.0,43.4,0.3337,2005-01-30 06:00:00
2005-01-30,07:00:00,53.0,1439.0,2.8,43.8,0.3308,2005-01-30 07:00:00
2005-01-30,08:00:00,74.0,1358.0,2.7,43.2,0.3259,2005-01-30 08:00:00
2005-01-30,09:00:00,113.0,1202.0,3.3,42.3,0.3299,2005-01-30 09:00:00
2005-01-30,10:00:00,107.0,1148.0,4.6,39.0,0.333,2005-01-30 10:00:00
2005-01-30,11:00:00,101.0,1126.0,5.6,37.5,0.3426,2005-01-30 11:00:00
2005-01-30,12:00:00,129.0,1097.0,7.2,34.2,0.3488,2005-01-30 12:00:00
2005-01-30,13:00:00,126.0,1128.0,6.9,35.6,0.3561,2005-01-30 13:00:00
2005-01-30,14:00:00,132.0,1133.0,8.2,30.1,0.3281,2005-01-30 14:00:00
2005-01-30,15:00:00,101.0,1176.0,7.6,27.9,0.2927,2005-01-30 15:00:00
2005-01-30,16:00:00,128.0,1151.0,7.9,25.9,0.2774,2005-01-30 16:00:00
2005-01-30,17:00:00,170.0,1062.0,7.8,28.3,0.3017,2005-01-30 17:00:00
2005-01-30,18:00:00,174.0,1120.0,6.3,28.8,0.2772,2005-01-30 18:00:00
2005-01-30,19:00:00,215.0,1077.0,5.4,30.1,0.2726,2005-01-30 19:00:00
2005-01-30,20:00:00,248.0,972.0,5.0,31.1,0.273,2005-01-30 20:00:00
2005-01-30,21:00:00,247.0,965.0,4.6,33.8,0.2898,2005-01-30 21:00:00
2005-01-30,22:00:00,154.0,1095.0,4.3,36.6,0.3064,2005-01-30 22:00:00
2005-01-30,23:00:00,186.0,996.0,4.0,39.0,0.3203,2005-01-30 23:00:00
2005-01-31,00:00:00,231.0,901.0,2.9,42.8,0.3276,2005-01-31 00:00:00
2005-01-31,01:00:00,174.0,987.0,3.4,38.9,0.3076,2005-01-31 01:00:00
2005-01-31,02:00:00,68.0,1282.0,4.0,36.4,0.2982,2005-01-31 02:00:00
2005-01-31,03:00:00,114.57692307692308,1395.0,4.0,36.4,0.2989,2005-01-31 03:00:00
2005-01-31,04:00:00,39.0,1486.0,3.7,37.7,0.3024,2005-01-31 04:00:00
2005-01-31,05:00:00,39.0,1474.0,3.4,38.9,0.3075,2005-01-31 05:00:00
2005-01-31,06:00:00,54.0,1363.0,3.7,37.5,0.3012,2005-01-31 06:00:00
2005-01-31,07:00:00,158.0,1164.0,3.7,35.2,0.2833,2005-01-31 07:00:00
2005-01-31,08:00:00,350.0,826.0,3.7,33.9,0.2732,2005-01-31 08:00:00
2005-01-31,09:00:00,361.3263473053892,617.0,4.4,38.8,0.328,2005-01-31 09:00:00
2005-01-31,10:00:00,584.0,602.0,6.6,34.4,0.3359,2005-01-31 10:00:00
2005-01-31,11:00:00,478.0,683.0,10.0,22.4,0.2753,2005-01-31 11:00:00
2005-01-31,12:00:00,563.0,683.0,11.9,18.6,0.2581,2005-01-31 12:00:00
2005-01-31,13:00:00,414.0,707.0,12.5,17.2,0.2477,2005-01-31 13:00:00
2005-01-31,14:00:00,398.0,711.0,13.2,17.3,0.2606,2005-01-31 14:00:00
2005-01-31,15:00:00,451.0,643.0,13.5,18.7,0.2872,2005-01-31 15:00:00
2005-01-31,16:00:00,503.0,618.0,14.1,18.2,0.2908,2005-01-31 16:00:00
2005-01-31,17:00:00,640.0,552.0,13.0,20.3,0.303,2005-01-31 17:00:00
2005-01-31,18:00:00,843.0,488.0,10.4,24.7,0.3116,2005-01-31 18:00:00
2005-01-31,19:00:00,954.0,455.0,8.6,29.8,0.3344,2005-01-31 19:00:00
2005-01-31,20:00:00,984.0,456.0,7.3,36.8,0.3771,2005-01-31 20:00:00
2005-01-31,21:00:00,586.0,587.0,6.3,39.4,0.3795,2005-01-31 21:00:00
2005-01-31,22:00:00,360.0,737.0,5.4,43.5,0.3922,2005-01-31 22:00:00
2005-01-31,23:00:00,231.0,798.0,5.1,45.6,0.4056,2005-01-31 23:00:00
2005-02-01,00:00:00,200.0,813.0,4.2,49.4,0.412,2005-02-01 00:00:00
2005-02-01,01:00:00,153.0,871.0,4.1,50.1,0.415,2005-02-01 01:00:00
2005-02-01,02:00:00,135.0,879.0,4.1,51.5,0.4263,2005-02-01 02:00:00
2005-02-01,03:00:00,114.57692307692308,868.0,3.7,57.5,0.4621,2005-02-01 03:00:00
2005-02-01,04:00:00,196.0,814.0,2.5,64.8,0.4807,2005-02-01 04:00:00
2005-02-01,05:00:00,208.0,795.0,1.8,68.9,0.4878,2005-02-01 05:00:00
2005-02-01,06:00:00,241.0,814.0,2.0,64.9,0.4661,2005-02-01 06:00:00
2005-02-01,07:00:00,417.0,702.0,2.2,65.3,0.473,2005-02-01 07:00:00
2005-02-01,08:00:00,896.0,492.0,3.1,64.0,0.4938,2005-02-01 08:00:00
2005-02-01,09:00:00,966.0,449.0,3.7,61.7,0.4967,2005-02-01 09:00:00
2005-02-01,10:00:00,878.0,503.0,4.4,58.8,0.4979,2005-02-01 10:00:00
2005-02-01,11:00:00,985.0,466.0,5.8,54.1,0.502,2005-02-01 11:00:00
2005-02-01,12:00:00,1017.0,479.0,7.3,50.8,0.5226,2005-02-01 12:00:00
2005-02-01,13:00:00,683.0,497.0,9.5,47.2,0.5589,2005-02-01 13:00:00
2005-02-01,14:00:00,660.0,487.0,11.8,44.4,0.6118,2005-02-01 14:00:00
2005-02-01,15:00:00,492.0,506.0,12.7,45.5,0.6648,2005-02-01 15:00:00
2005-02-01,16:00:00,497.0,540.0,13.5,44.8,0.6898,2005-02-01 16:00:00
2005-02-01,17:00:00,562.0,508.0,12.3,48.9,0.6967,2005-02-01 17:00:00
2005-02-01,18:00:00,539.0,573.0,10.8,40.3,0.5201,2005-02-01 18:00:00
2005-02-01,19:00:00,502.0,559.0,9.4,36.7,0.4324,2005-02-01 19:00:00
2005-02-01,20:00:00,452.0,595.0,8.3,39.5,0.4318,2005-02-01 20:00:00
2005-02-01,21:00:00,357.0,683.0,7.8,41.3,0.4389,2005-02-01 21:00:00
2005-02-01,22:00:00,289.0,777.0,7.3,43.8,0.4505,2005-02-01 22:00:00
2005-02-01,23:00:00,221.0,805.0,6.7,47.6,0.4688,2005-02-01 23:00:00
2005-02-02,00:00:00,204.0,820.0,6.6,51.2,0.5007,2005-02-02 00:00:00
2005-02-02,01:00:00,183.0,807.0,6.4,52.6,0.5074,2005-02-02 01:00:00
2005-02-02,02:00:00,222.0,722.0,5.3,57.8,0.5177,2005-02-02 02:00:00
2005-02-02,03:00:00,114.57692307692308,680.0,3.4,66.7,0.5281,2005-02-02 03:00:00
2005-02-02,04:00:00,210.0,764.0,3.3,66.8,0.5215,2005-02-02 04:00:00
2005-02-02,05:00:00,185.0,846.0,3.7,62.9,0.5059,2005-02-02 05:00:00
2005-02-02,06:00:00,257.0,792.0,2.6,67.5,0.5034,2005-02-02 06:00:00
2005-02-02,07:00:00,297.0,795.0,3.5,60.9,0.4857,2005-02-02 07:00:00
2005-02-02,08:00:00,573.0,566.0,2.7,63.4,0.4787,2005-02-02 08:00:00
2005-02-02,09:00:00,883.0,422.0,2.8,64.2,0.4859,2005-02-02 09:00:00
2005-02-02,10:00:00,824.0,501.0,5.8,53.1,0.4942,2005-02-02 10:00:00
2005-02-02,11:00:00,693.0,560.0,9.7,40.1,0.4832,2005-02-02 11:00:00
2005-02-02,12:00:00,714.0,577.0,12.7,30.0,0.4398,2005-02-02 12:00:00
2005-02-02,13:00:00,388.0,721.0,13.7,20.7,0.3221,2005-02-02 13:00:00
2005-02-02,14:00:00,337.0,728.0,13.7,19.9,0.3114,2005-02-02 14:00:00
2005-02-02,15:00:00,326.0,762.0,14.1,18.1,0.2884,2005-02-02 15:00:00
2005-02-02,16:00:00,329.0,759.0,14.5,18.0,0.2956,2005-02-02 16:00:00
2005-02-02,17:00:00,465.0,645.0,13.2,20.4,0.3074,2005-02-02 17:00:00
2005-02-02,18:00:00,612.0,536.0,10.5,25.1,0.3194,2005-02-02 18:00:00
2005-02-02,19:00:00,759.0,461.0,8.9,31.4,0.3597,2005-02-02 19:00:00
2005-02-02,20:00:00,771.0,436.0,8.2,36.2,0.3953,2005-02-02 20:00:00
2005-02-02,21:00:00,655.0,571.0,6.7,39.6,0.3906,2005-02-02 21:00:00
2005-02-02,22:00:00,332.0,748.0,5.8,42.0,0.3904,2005-02-02 22:00:00
2005-02-02,23:00:00,287.0,719.0,4.9,45.9,0.3999,2005-02-02 23:00:00
2005-02-03,00:00:00,242.0,793.0,4.5,47.9,0.4079,2005-02-03 00:00:00
2005-02-03,01:00:00,242.0,782.0,3.9,51.6,0.4226,2005-02-03 01:00:00
2005-02-03,02:00:00,192.0,860.0,3.4,54.7,0.4323,2005-02-03 02:00:00
2005-02-03,03:00:00,114.57692307692308,950.0,3.3,56.1,0.4379,2005-02-03 03:00:00
2005-02-03,04:00:00,134.0,954.0,2.0,60.8,0.4337,2005-02-03 04:00:00
2005-02-03,05:00:00,142.0,916.0,1.2,63.7,0.4327,2005-02-03 05:00:00
2005-02-03,06:00:00,194.0,923.0,2.1,60.3,0.4368,2005-02-03 06:00:00
2005-02-03,07:00:00,216.0,861.0,1.3,63.1,0.4322,2005-02-03 07:00:00
2005-02-03,08:00:00,728.0,534.0,1.3,64.8,0.441,2005-02-03 08:00:00
2005-02-03,09:00:00,975.0,416.0,2.1,62.2,0.4491,2005-02-03 09:00:00
2005-02-03,10:00:00,947.0,495.0,5.1,50.8,0.4499,2005-02-03 10:00:00
2005-02-03,11:00:00,790.0,570.0,8.5,39.7,0.4425,2005-02-03 11:00:00
2005-02-03,12:00:00,551.0,643.0,11.5,33.0,0.4476,2005-02-03 12:00:00
2005-02-03,13:00:00,565.0,568.0,12.2,34.3,0.4864,2005-02-03 13:00:00
2005-02-03,14:00:00,532.0,574.0,13.5,35.0,0.5396,2005-02-03 14:00:00
2005-02-03,15:00:00,459.0,597.0,14.9,34.9,0.5869,2005-02-03 15:00:00
2005-02-03,16:00:00,407.0,612.0,15.7,34.5,0.6111,2005-02-03 16:00:00
2005-02-03,17:00:00,434.0,545.0,14.7,37.2,0.618,2005-02-03 17:00:00
2005-02-03,18:00:00,980.0,383.0,12.2,44.8,0.6342,2005-02-03 18:00:00
2005-02-03,19:00:00,966.0,393.0,10.3,52.4,0.6578,2005-02-03 19:00:00
2005-02-03,20:00:00,646.0,485.0,9.3,55.5,0.6503,2005-02-03 20:00:00
2005-02-03,21:00:00,471.0,571.0,8.3,57.6,0.6304,2005-02-03 21:00:00
2005-02-03,22:00:00,528.0,524.0,6.3,65.1,0.6237,2005-02-03 22:00:00
2005-02-03,23:00:00,378.0,645.0,6.5,63.1,0.6132,2005-02-03 23:00:00
2005-02-04,00:00:00,235.0,734.0,6.0,62.7,0.589,2005-02-04 00:00:00
2005-02-04,01:00:00,217.0,781.0,5.1,65.4,0.5797,2005-02-04 01:00:00
2005-02-04,02:00:00,141.0,887.0,4.7,64.6,0.5568,2005-02-04 02:00:00
2005-02-04,03:00:00,114.57692307692308,778.0,2.9,72.2,0.5523,2005-02-04 03:00:00
2005-02-04,04:00:00,158.0,895.0,5.0,63.5,0.5575,2005-02-04 04:00:00
2005-02-04,05:00:00,87.0,974.0,3.9,65.5,0.5367,2005-02-04 05:00:00
2005-02-04,06:00:00,194.0,843.0,1.8,74.5,0.5271,2005-02-04 06:00:00
2005-02-04,07:00:00,401.0,714.0,1.8,73.7,0.5198,2005-02-04 07:00:00
2005-02-04,08:00:00,887.0,492.0,2.3,70.9,0.5182,2005-02-04 08:00:00
2005-02-04,09:00:00,654.0,499.0,4.4,61.1,0.5176,2005-02-04 09:00:00
2005-02-04,10:00:00,566.0,534.0,7.7,49.8,0.5267,2005-02-04 10:00:00
2005-02-04,11:00:00,649.0,558.0,12.1,36.9,0.5212,2005-02-04 11:00:00
2005-02-04,12:00:00,309.0,735.0,15.0,28.5,0.4821,2005-02-04 12:00:00
2005-02-04,13:00:00,229.0,781.0,14.5,28.3,0.4665,2005-02-04 13:00:00
2005-02-04,14:00:00,312.0,712.0,12.9,31.8,0.4707,2005-02-04 14:00:00
2005-02-04,15:00:00,276.0,792.0,12.1,32.3,0.4548,2005-02-04 15:00:00
2005-02-04,16:00:00,236.0,816.0,11.3,33.5,0.4476,2005-02-04 16:00:00
2005-02-04,17:00:00,312.0,719.0,11.4,32.6,0.4373,2005-02-04 17:00:00
2005-02-04,18:00:00,345.0,687.0,9.1,37.8,0.4372,2005-02-04 18:00:00
2005-02-04,19:00:00,386.0,639.0,8.1,41.0,0.4458,2005-02-04 19:00:00
2005-02-04,20:00:00,356.0,653.0,7.7,41.9,0.4409,2005-02-04 20:00:00
2005-02-04,21:00:00,467.0,680.0,7.1,43.9,0.4433,2005-02-04 21:00:00
2005-02-04,22:00:00,287.0,807.0,6.3,45.8,0.4408,2005-02-04 22:00:00
2005-02-04,23:00:00,239.0,843.0,6.0,46.1,0.4351,2005-02-04 23:00:00
2005-02-05,00:00:00,266.0,828.0,5.5,49.0,0.4471,2005-02-05 00:00:00
2005-02-05,01:00:00,261.0,816.0,4.9,52.0,0.4548,2005-02-05 01:00:00
2005-02-05,02:00:00,223.0,828.0,4.1,54.7,0.4536,2005-02-05 02:00:00
2005-02-05,03:00:00,114.57692307692308,735.0,2.1,64.2,0.4633,2005-02-05 03:00:00
2005-02-05,04:00:00,272.0,703.0,1.5,66.2,0.4571,2005-02-05 04:00:00
2005-02-05,05:00:00,226.0,815.0,1.0,67.7,0.4523,2005-02-05 05:00:00
2005-02-05,06:00:00,250.0,757.0,0.8,69.9,0.4591,2005-02-05 06:00:00
2005-02-05,07:00:00,402.0,705.0,1.3,67.2,0.4598,2005-02-05 07:00:00
2005-02-05,08:00:00,708.0,614.0,2.0,63.6,0.4564,2005-02-05 08:00:00
2005-02-05,09:00:00,759.0,646.0,4.1,52.7,0.4345,2005-02-05 09:00:00
2005-02-05,10:00:00,302.0,877.0,7.5,39.2,0.4091,2005-02-05 10:00:00
2005-02-05,11:00:00,210.0,932.0,9.0,34.5,0.398,2005-02-05 11:00:00
2005-02-05,12:00:00,180.0,960.0,9.2,34.5,0.4025,2005-02-05 12:00:00
2005-02-05,13:00:00,165.0,922.0,9.3,33.8,0.3981,2005-02-05 13:00:00
2005-02-05,14:00:00,180.0,932.0,9.3,33.1,0.3874,2005-02-05 14:00:00
2005-02-05,15:00:00,147.0,991.0,9.7,30.8,0.3716,2005-02-05 15:00:00
2005-02-05,16:00:00,177.0,968.0,9.6,31.1,0.3718,2005-02-05 16:00:00
2005-02-05,17:00:00,157.0,990.0,8.6,32.8,0.3669,2005-02-05 17:00:00
2005-02-05,18:00:00,195.0,933.0,7.2,35.0,0.3567,2005-02-05 18:00:00
2005-02-05,19:00:00,263.0,846.0,6.4,36.8,0.3566,2005-02-05 19:00:00
2005-02-05,20:00:00,239.0,854.0,6.0,40.2,0.3773,2005-02-05 20:00:00
2005-02-05,21:00:00,267.0,826.0,5.5,42.6,0.3874,2005-02-05 21:00:00
2005-02-05,22:00:00,214.0,934.0,4.9,43.7,0.3809,2005-02-05 22:00:00
2005-02-05,23:00:00,236.0,869.0,4.2,43.2,0.3605,2005-02-05 23:00:00
2005-02-06,00:00:00,251.0,900.0,4.0,39.2,0.3228,2005-02-06 00:00:00
2005-02-06,01:00:00,255.0,902.0,3.7,40.1,0.323,2005-02-06 01:00:00
2005-02-06,02:00:00,235.0,854.0,3.1,47.1,0.3638,2005-02-06 02:00:00
2005-02-06,03:00:00,114.57692307692308,972.0,2.6,48.8,0.3658,2005-02-06 03:00:00
2005-02-06,04:00:00,129.0,987.0,0.8,53.8,0.3542,2005-02-06 04:00:00
2005-02-06,05:00:00,95.0,1070.0,1.2,51.9,0.3515,2005-02-06 05:00:00
2005-02-06,06:00:00,95.0,1146.0,1.0,52.2,0.3489,2005-02-06 06:00:00
2005-02-06,07:00:00,100.0,1132.0,0.6,53.3,0.3467,2005-02-06 07:00:00
2005-02-06,08:00:00,110.0,1169.0,0.8,52.8,0.3468,2005-02-06 08:00:00
2005-02-06,09:00:00,149.0,1091.0,0.3,53.7,0.3424,2005-02-06 09:00:00
2005-02-06,10:00:00,197.0,891.0,4.1,42.9,0.3551,2005-02-06 10:00:00
2005-02-06,11:00:00,351.0,780.0,8.0,33.3,0.3591,2005-02-06 11:00:00
2005-02-06,12:00:00,249.0,886.0,10.7,25.2,0.3242,2005-02-06 12:00:00
2005-02-06,13:00:00,188.0,981.0,11.1,23.5,0.3105,2005-02-06 13:00:00
2005-02-06,14:00:00,127.0,1081.0,10.6,26.0,0.332,2005-02-06 14:00:00
2005-02-06,15:00:00,96.0,1128.0,10.3,27.7,0.3481,2005-02-06 15:00:00
2005-02-06,16:00:00,138.0,1040.0,10.2,28.3,0.3516,2005-02-06 16:00:00
2005-02-06,17:00:00,217.0,928.0,9.2,29.9,0.3479,2005-02-06 17:00:00
2005-02-06,18:00:00,186.0,1003.0,6.9,36.4,0.3635,2005-02-06 18:00:00
2005-02-06,19:00:00,227.0,891.0,6.0,38.0,0.3584,2005-02-06 19:00:00
2005-02-06,20:00:00,252.0,855.0,5.8,36.4,0.3385,2005-02-06 20:00:00
2005-02-06,21:00:00,193.0,937.0,5.8,35.4,0.3286,2005-02-06 21:00:00
2005-02-06,22:00:00,158.0,1033.0,5.4,36.6,0.3304,2005-02-06 22:00:00
2005-02-06,23:00:00,150.0,1052.0,5.1,37.9,0.3358,2005-02-06 23:00:00
2005-02-07,00:00:00,130.0,1049.0,4.8,38.0,0.33,2005-02-07 00:00:00
2005-02-07,01:00:00,104.0,1072.0,4.5,38.1,0.3249,2005-02-07 01:00:00
2005-02-07,02:00:00,86.0,1119.0,4.3,38.1,0.3207,2005-02-07 02:00:00
2005-02-07,03:00:00,114.57692307692308,1141.0,3.9,39.9,0.325,2005-02-07 03:00:00
2005-02-07,04:00:00,67.0,1187.0,3.8,41.0,0.3327,2005-02-07 04:00:00
2005-02-07,05:00:00,75.0,1147.0,3.3,44.6,0.3499,2005-02-07 05:00:00
2005-02-07,06:00:00,97.0,1090.0,3.6,44.5,0.3574,2005-02-07 06:00:00
2005-02-07,07:00:00,177.0,980.0,3.4,47.0,0.3713,2005-02-07 07:00:00
2005-02-07,08:00:00,433.0,675.0,2.9,49.5,0.3775,2005-02-07 08:00:00
2005-02-07,09:00:00,471.0,639.0,5.6,40.5,0.3704,2005-02-07 09:00:00
2005-02-07,10:00:00,346.0,720.0,7.5,33.8,0.352,2005-02-07 10:00:00
2005-02-07,11:00:00,262.0,771.0,10.8,25.2,0.3251,2005-02-07 11:00:00
2005-02-07,12:00:00,221.0,845.0,12.9,20.6,0.3045,2005-02-07 12:00:00
2005-02-07,13:00:00,265.0,807.0,12.2,21.4,0.3033,2005-02-07 13:00:00
2005-02-07,14:00:00,219.0,842.0,12.0,21.9,0.3069,2005-02-07 14:00:00
2005-02-07,15:00:00,235.0,862.0,12.2,24.0,0.3392,2005-02-07 15:00:00
2005-02-07,16:00:00,227.0,843.0,12.0,24.3,0.3393,2005-02-07 16:00:00
2005-02-07,17:00:00,285.0,771.0,10.5,27.8,0.3525,2005-02-07 17:00:00
2005-02-07,18:00:00,291.0,740.0,8.7,33.9,0.3832,2005-02-07 18:00:00
2005-02-07,19:00:00,295.0,707.0,7.8,37.6,0.4004,2005-02-07 19:00:00
2005-02-07,20:00:00,243.0,720.0,7.2,39.4,0.4032,2005-02-07 20:00:00
2005-02-07,21:00:00,209.0,843.0,7.1,39.6,0.4019,2005-02-07 21:00:00
2005-02-07,22:00:00,147.0,980.0,7.1,39.6,0.4001,2005-02-07 22:00:00
2005-02-07,23:00:00,117.0,1028.0,7.2,39.3,0.4004,2005-02-07 23:00:00
2005-02-08,00:00:00,105.0,1045.0,6.9,39.6,0.3966,2005-02-08 00:00:00
2005-02-08,01:00:00,84.0,1129.0,7.0,39.8,0.4006,2005-02-08 01:00:00
2005-02-08,02:00:00,51.0,1275.0,7.1,40.5,0.409,2005-02-08 02:00:00
2005-02-08,03:00:00,114.57692307692308,1378.0,6.9,40.9,0.4091,2005-02-08 03:00:00
2005-02-08,04:00:00,54.0,1182.0,6.0,42.9,0.404,2005-02-08 04:00:00
2005-02-08,05:00:00,74.0,1102.0,6.4,42.7,0.4126,2005-02-08 05:00:00
2005-02-08,06:00:00,114.0,1062.0,6.1,43.6,0.4129,2005-02-08 06:00:00
2005-02-08,07:00:00,228.0,944.0,5.9,45.1,0.4211,2005-02-08 07:00:00
2005-02-08,08:00:00,455.0,658.0,6.0,46.4,0.4367,2005-02-08 08:00:00
2005-02-08,09:00:00,493.0,543.0,6.6,43.7,0.4273,2005-02-08 09:00:00
2005-02-08,10:00:00,410.0,689.0,8.7,36.3,0.4074,2005-02-08 10:00:00
2005-02-08,11:00:00,277.0,729.0,10.5,33.4,0.4246,2005-02-08 11:00:00
2005-02-08,12:00:00,340.0,727.0,11.4,27.8,0.3748,2005-02-08 12:00:00
2005-02-08,13:00:00,238.0,753.0,12.7,27.4,0.4011,2005-02-08 13:00:00
2005-02-08,14:00:00,323.0,726.0,13.3,23.3,0.354,2005-02-08 14:00:00
2005-02-08,15:00:00,286.0,858.0,13.9,20.7,0.3271,2005-02-08 15:00:00
2005-02-08,16:00:00,271.0,912.0,13.6,20.0,0.3093,2005-02-08 16:00:00
2005-02-08,17:00:00,276.0,906.3376623376623,13.533766233766233,20.4012987012987,0.31263896103896105,2005-02-08 17:00:00
2005-02-08,18:00:00,295.0,900.6753246753246,13.467532467532466,20.802597402597403,0.3159779220779221,2005-02-08 18:00:00
2005-02-08,19:00:00,340.0,895.012987012987,13.401298701298701,21.203896103896103,0.3193168831168831,2005-02-08 19:00:00
2005-02-08,20:00:00,275.0,889.3506493506494,13.335064935064935,21.605194805194806,0.3226558441558442,2005-02-08 20:00:00
2005-02-08,21:00:00,293.0,883.6883116883117,13.268831168831168,22.006493506493506,0.3259948051948052,2005-02-08 21:00:00
2005-02-08,22:00:00,157.0,878.025974025974,13.202597402597402,22.40779220779221,0.32933376623376626,2005-02-08 22:00:00
2005-02-08,23:00:00,133.0,872.3636363636364,13.136363636363637,22.80909090909091,0.3326727272727273,2005-02-08 23:00:00
2005-02-09,00:00:00,120.0,866.7012987012987,13.07012987012987,23.210389610389612,0.3360116883116883,2005-02-09 00:00:00
2005-02-09,01:00:00,122.0,861.038961038961,13.003896103896103,23.61168831168831,0.33935064935064935,2005-02-09 01:00:00
2005-02-09,02:00:00,80.0,855.3766233766233,12.937662337662337,24.01298701298701,0.34268961038961043,2005-02-09 02:00:00
2005-02-09,03:00:00,114.57692307692308,849.7142857142857,12.871428571428572,24.414285714285715,0.34602857142857146,2005-02-09 03:00:00
2005-02-09,04:00:00,88.0,844.0519480519481,12.805194805194805,24.815584415584414,0.3493675324675325,2005-02-09 04:00:00
2005-02-09,05:00:00,109.0,838.3896103896104,12.738961038961039,25.216883116883118,0.3527064935064935,2005-02-09 05:00:00
2005-02-09,06:00:00,120.0,832.7272727272727,12.672727272727272,25.618181818181817,0.35604545454545455,2005-02-09 06:00:00
2005-02-09,07:00:00,233.0,827.0649350649351,12.606493506493507,26.019480519480517,0.3593844155844156,2005-02-09 07:00:00
2005-02-09,08:00:00,394.0,821.4025974025974,12.54025974025974,26.42077922077922,0.3627233766233766,2005-02-09 08:00:00
2005-02-09,09:00:00,424.0,815.7402597402597,12.474025974025974,26.822077922077924,0.3660623376623377,2005-02-09 09:00:00
2005-02-09,10:00:00,446.0,810.077922077922,12.407792207792207,27.223376623376623,0.36940129870129873,2005-02-09 10:00:00
2005-02-09,11:00:00,266.0,804.4155844155844,12.34155844155844,27.624675324675323,0.37274025974025976,2005-02-09 11:00:00
2005-02-09,12:00:00,261.0,798.7532467532468,12.275324675324676,28.025974025974026,0.3760792207792208,2005-02-09 12:00:00
2005-02-09,13:00:00,220.0,793.0909090909091,12.209090909090909,28.427272727272726,0.3794181818181818,2005-02-09 13:00:00
2005-02-09,14:00:00,241.0,787.4285714285714,12.142857142857142,28.82857142857143,0.3827571428571429,2005-02-09 14:00:00
2005-02-09,15:00:00,208.0,781.7662337662338,12.076623376623376,29.22987012987013,0.38609610389610394,2005-02-09 15:00:00
2005-02-09,16:00:00,215.0,776.1038961038961,12.01038961038961,29.63116883116883,0.38943506493506497,2005-02-09 16:00:00
2005-02-09,17:00:00,257.0,770.4415584415584,11.944155844155844,30.032467532467532,0.392774025974026,2005-02-09 17:00:00
2005-02-09,18:00:00,355.0,764.7792207792209,11.877922077922078,30.433766233766235,0.39611298701298703,2005-02-09 18:00:00
2005-02-09,19:00:00,415.0,759.1168831168832,11.811688311688311,30.835064935064935,0.39945194805194806,2005-02-09 19:00:00
2005-02-09,20:00:00,349.0,753.4545454545455,11.745454545454546,31.236363636363635,0.4027909090909091,2005-02-09 20:00:00
2005-02-09,21:00:00,254.0,747.7922077922078,11.67922077922078,31.637662337662334,0.4061298701298701,2005-02-09 21:00:00
2005-02-09,22:00:00,228.0,742.1298701298701,11.612987012987013,32.038961038961034,0.4094688311688312,2005-02-09 22:00:00
2005-02-09,23:00:00,156.0,736.4675324675325,11.546753246753246,32.44025974025974,0.41280779220779223,2005-02-09 23:00:00
2005-02-10,00:00:00,161.0,730.8051948051948,11.48051948051948,32.84155844155844,0.41614675324675326,2005-02-10 00:00:00
2005-02-10,01:00:00,123.0,725.1428571428571,11.414285714285715,33.24285714285714,0.4194857142857143,2005-02-10 01:00:00
2005-02-10,02:00:00,108.0,719.4805194805194,11.348051948051948,33.64415584415585,0.4228246753246753,2005-02-10 02:00:00
2005-02-10,03:00:00,114.57692307692308,713.8181818181819,11.281818181818181,34.04545454545455,0.4261636363636364,2005-02-10 03:00:00
2005-02-10,04:00:00,95.0,708.1558441558442,11.215584415584416,34.44675324675325,0.42950259740259744,2005-02-10 04:00:00
2005-02-10,05:00:00,102.0,702.4935064935065,11.14935064935065,34.848051948051946,0.43284155844155847,2005-02-10 05:00:00
2005-02-10,06:00:00,178.0,696.8311688311688,11.083116883116883,35.249350649350646,0.4361805194805195,2005-02-10 06:00:00
2005-02-10,07:00:00,214.0,691.1688311688312,11.016883116883117,35.650649350649346,0.43951948051948053,2005-02-10 07:00:00
2005-02-10,08:00:00,492.0,685.5064935064935,10.95064935064935,36.05194805194805,0.44285844155844156,2005-02-10 08:00:00
2005-02-10,09:00:00,540.0,679.8441558441559,10.884415584415585,36.45324675324675,0.4461974025974026,2005-02-10 09:00:00
2005-02-10,10:00:00,604.0,674.1818181818182,10.818181818181818,36.85454545454545,0.4495363636363636,2005-02-10 10:00:00
2005-02-10,11:00:00,646.0,668.5194805194806,10.751948051948052,37.25584415584416,0.45287532467532465,2005-02-10 11:00:00
2005-02-10,12:00:00,418.0,662.8571428571429,10.685714285714285,37.65714285714286,0.45621428571428574,2005-02-10 12:00:00
2005-02-10,13:00:00,250.0,657.1948051948052,10.619480519480518,38.05844155844156,0.45955324675324677,2005-02-10 13:00:00
2005-02-10,14:00:00,226.0,651.5324675324675,10.553246753246754,38.45974025974026,0.4628922077922078,2005-02-10 14:00:00
2005-02-10,15:00:00,271.0,645.8701298701299,10.487012987012987,38.86103896103896,0.4662311688311689,2005-02-10 15:00:00
2005-02-10,16:00:00,288.0,640.2077922077922,10.42077922077922,39.26233766233766,0.4695701298701299,2005-02-10 16:00:00
2005-02-10,17:00:00,299.0,634.5454545454545,10.354545454545455,39.66363636363636,0.47290909090909095,2005-02-10 17:00:00
2005-02-10,18:00:00,534.0,628.8831168831168,10.288311688311689,40.064935064935064,0.476248051948052,2005-02-10 18:00:00
2005-02-10,19:00:00,687.0,623.2207792207793,10.222077922077922,40.46623376623376,0.479587012987013,2005-02-10 19:00:00
2005-02-10,20:00:00,1028.0,617.5584415584416,10.155844155844155,40.86753246753247,0.48292597402597404,2005-02-10 20:00:00
2005-02-10,21:00:00,605.0,611.8961038961039,10.089610389610389,41.26883116883117,0.48626493506493507,2005-02-10 21:00:00
2005-02-10,22:00:00,345.0,606.2337662337662,10.023376623376624,41.67012987012987,0.4896038961038961,2005-02-10 22:00:00
2005-02-10,23:00:00,255.0,600.5714285714287,9.957142857142857,42.07142857142857,0.4929428571428571,2005-02-10 23:00:00
2005-02-11,00:00:00,211.0,594.909090909091,9.89090909090909,42.47272727272727,0.4962818181818182,2005-02-11 00:00:00
2005-02-11,01:00:00,190.0,589.2467532467533,9.824675324675324,42.87402597402597,0.49962077922077924,2005-02-11 01:00:00
2005-02-11,02:00:00,149.0,583.5844155844156,9.758441558441557,43.27532467532467,0.5029597402597403,2005-02-11 02:00:00
2005-02-11,03:00:00,114.57692307692308,577.922077922078,9.692207792207792,43.676623376623375,0.5062987012987012,2005-02-11 03:00:00
2005-02-11,04:00:00,107.0,572.2597402597403,9.625974025974026,44.077922077922075,0.5096376623376624,2005-02-11 04:00:00
2005-02-11,05:00:00,98.0,566.5974025974026,9.55974025974026,44.47922077922078,0.5129766233766234,2005-02-11 05:00:00
2005-02-11,06:00:00,183.0,560.9350649350649,9.493506493506494,44.88051948051948,0.5163155844155844,2005-02-11 06:00:00
2005-02-11,07:00:00,224.0,555.2727272727273,9.427272727272728,45.28181818181818,0.5196545454545455,2005-02-11 07:00:00
2005-02-11,08:00:00,589.0,549.6103896103896,9.361038961038961,45.68311688311688,0.5229935064935065,2005-02-11 08:00:00
2005-02-11,09:00:00,700.0,543.9480519480519,9.294805194805194,46.08441558441558,0.5263324675324675,2005-02-11 09:00:00
2005-02-11,10:00:00,747.0,538.2857142857143,9.228571428571428,46.48571428571428,0.5296714285714286,2005-02-11 10:00:00
2005-02-11,11:00:00,746.0,532.6233766233767,9.162337662337663,46.88701298701298,0.5330103896103896,2005-02-11 11:00:00
2005-02-11,12:00:00,702.0,526.961038961039,9.096103896103896,47.28831168831169,0.5363493506493506,2005-02-11 12:00:00
2005-02-11,13:00:00,723.0,521.2987012987013,9.02987012987013,47.68961038961039,0.5396883116883118,2005-02-11 13:00:00
2005-02-11,14:00:00,872.0,515.6363636363637,8.963636363636365,48.09090909090909,0.5430272727272727,2005-02-11 14:00:00
2005-02-11,15:00:00,1054.0,509.974025974026,8.897402597402596,48.49220779220779,0.5463662337662338,2005-02-11 15:00:00
2005-02-11,16:00:00,1218.0,504.31168831168833,8.831168831168831,48.89350649350649,0.5497051948051948,2005-02-11 16:00:00
2005-02-11,17:00:00,1227.0,498.64935064935065,8.764935064935065,49.29480519480519,0.5530441558441559,2005-02-11 17:00:00
2005-02-11,18:00:00,1061.0,492.98701298701303,8.698701298701298,49.69610389610389,0.5563831168831169,2005-02-11 18:00:00
2005-02-11,19:00:00,1075.0,487.32467532467535,8.632467532467533,50.09740259740259,0.559722077922078,2005-02-11 19:00:00
2005-02-11,20:00:00,641.0,481.6623376623377,8.566233766233767,50.49870129870129,0.563061038961039,2005-02-11 20:00:00
2005-02-11,21:00:00,490.0,476.0,8.5,50.9,0.5664,2005-02-11 21:00:00
2005-02-11,22:00:00,550.0,526.0,8.3,53.3,0.5843,2005-02-11 22:00:00
2005-02-11,23:00:00,422.0,530.0,7.1,58.1,0.5885,2005-02-11 23:00:00
2005-02-12,00:00:00,541.0,504.0,5.8,64.3,0.5964,2005-02-12 00:00:00
2005-02-12,01:00:00,599.0,522.0,5.3,66.8,0.5979,2005-02-12 01:00:00
2005-02-12,02:00:00,490.0,578.0,5.0,66.6,0.5871,2005-02-12 02:00:00
2005-02-12,03:00:00,114.57692307692308,685.0,5.0,66.3,0.5811,2005-02-12 03:00:00
2005-02-12,04:00:00,223.0,709.0,5.1,65.9,0.5827,2005-02-12 04:00:00
2005-02-12,05:00:00,214.0,670.0,4.1,69.0,0.5735,2005-02-12 05:00:00
2005-02-12,06:00:00,274.0,641.0,4.6,67.6,0.5778,2005-02-12 06:00:00
2005-02-12,07:00:00,338.0,620.0,5.2,65.5,0.5836,2005-02-12 07:00:00
2005-02-12,08:00:00,496.0,562.0,6.0,62.8,0.5929,2005-02-12 08:00:00
2005-02-12,09:00:00,433.0,550.0,7.1,59.3,0.6005,2005-02-12 09:00:00
2005-02-12,10:00:00,496.0,541.0,7.8,58.0,0.6136,2005-02-12 10:00:00
2005-02-12,11:00:00,615.0,498.0,9.0,54.7,0.6271,2005-02-12 11:00:00
2005-02-12,12:00:00,551.0,477.0,10.0,53.1,0.6495,2005-02-12 12:00:00
2005-02-12,13:00:00,575.0,470.0,10.8,52.0,0.6738,2005-02-12 13:00:00
2005-02-12,14:00:00,575.0,468.0,11.0,51.4,0.6746,2005-02-12 14:00:00
2005-02-12,15:00:00,574.0,488.0,11.0,51.4,0.6725,2005-02-12 15:00:00
2005-02-12,16:00:00,582.0,475.0,10.9,52.0,0.6796,2005-02-12 16:00:00
2005-02-12,17:00:00,658.0,472.0,11.1,52.0,0.6869,2005-02-12 17:00:00
2005-02-12,18:00:00,851.0,416.0,11.0,53.6,0.7033,2005-02-12 18:00:00
2005-02-12,19:00:00,903.0,404.0,11.0,55.1,0.7221,2005-02-12 19:00:00
2005-02-12,20:00:00,952.0,389.0,11.4,55.4,0.7471,2005-02-12 20:00:00
2005-02-12,21:00:00,894.0,410.0,11.1,56.9,0.7506,2005-02-12 21:00:00
2005-02-12,22:00:00,839.0,417.0,10.2,60.0,0.7461,2005-02-12 22:00:00
2005-02-12,23:00:00,743.0,424.0,10.1,59.9,0.7379,2005-02-12 23:00:00
2005-02-13,00:00:00,671.0,443.0,9.9,63.2,0.7706,2005-02-13 00:00:00
2005-02-13,01:00:00,689.0,435.0,9.4,73.4,0.8662,2005-02-13 01:00:00
2005-02-13,02:00:00,478.0,497.0,9.4,77.7,0.9203,2005-02-13 02:00:00
2005-02-13,03:00:00,114.57692307692308,530.0,9.6,78.7,0.9429,2005-02-13 03:00:00
2005-02-13,04:00:00,345.0,508.0,8.9,81.3,0.9277,2005-02-13 04:00:00
2005-02-13,05:00:00,373.0,515.0,8.5,82.9,0.9243,2005-02-13 05:00:00
2005-02-13,06:00:00,324.0,534.0,8.3,84.0,0.9234,2005-02-13 06:00:00
2005-02-13,07:00:00,341.0,542.0,8.1,85.0,0.9221,2005-02-13 07:00:00
2005-02-13,08:00:00,424.0,522.0,8.7,83.7,0.9423,2005-02-13 08:00:00
2005-02-13,09:00:00,522.0,491.0,9.5,82.4,0.976,2005-02-13 09:00:00
2005-02-13,10:00:00,492.0,495.0,11.0,78.2,1.022,2005-02-13 10:00:00
2005-02-13,11:00:00,492.0,533.0,14.1,67.9,1.0859,2005-02-13 11:00:00
2005-02-13,12:00:00,204.0,675.0,16.3,56.6,1.0422,2005-02-13 12:00:00
2005-02-13,13:00:00,142.0,698.0,18.7,48.0,1.0259,2005-02-13 13:00:00
2005-02-13,14:00:00,118.0,666.0,19.5,39.3,0.882,2005-02-13 14:00:00
2005-02-13,15:00:00,126.0,616.0,19.9,34.1,0.782,2005-02-13 15:00:00
2005-02-13,16:00:00,115.0,799.0,19.4,32.4,0.7239,2005-02-13 16:00:00
2005-02-13,17:00:00,137.0,789.0,17.1,35.8,0.6944,2005-02-13 17:00:00
2005-02-13,18:00:00,212.0,583.0,15.5,40.7,0.7103,2005-02-13 18:00:00
2005-02-13,19:00:00,354.0,658.0,14.8,42.8,0.7182,2005-02-13 19:00:00
2005-02-13,20:00:00,331.0,684.0,13.9,43.8,0.6937,2005-02-13 20:00:00
2005-02-13,21:00:00,141.0,881.0,13.7,42.9,0.6687,2005-02-13 21:00:00
2005-02-13,22:00:00,228.0,760.0,12.5,47.8,0.6877,2005-02-13 22:00:00
2005-02-13,23:00:00,228.0,728.0,11.8,53.4,0.7366,2005-02-13 23:00:00
2005-02-14,00:00:00,203.0,749.0,10.9,55.9,0.7312,2005-02-14 00:00:00
2005-02-14,01:00:00,215.0,708.0,10.1,58.9,0.7301,2005-02-14 01:00:00
2005-02-14,02:00:00,142.0,798.0,9.8,61.2,0.7413,2005-02-14 02:00:00
2005-02-14,03:00:00,114.57692307692308,891.0,8.4,67.1,0.7411,2005-02-14 03:00:00
2005-02-14,04:00:00,66.0,994.0,8.3,67.2,0.7382,2005-02-14 04:00:00
2005-02-14,05:00:00,54.0,1063.0,7.7,68.9,0.728,2005-02-14 05:00:00
2005-02-14,06:00:00,121.0,895.0,6.9,70.0,0.6997,2005-02-14 06:00:00
2005-02-14,07:00:00,141.0,1054.0,9.0,37.3,0.4297,2005-02-14 07:00:00
2005-02-14,08:00:00,388.0,619.0,9.4,44.9,0.5296,2005-02-14 08:00:00
2005-02-14,09:00:00,366.0,627.0,10.3,45.4,0.5666,2005-02-14 09:00:00
2005-02-14,10:00:00,254.0,635.0,11.5,39.6,0.5372,2005-02-14 10:00:00
2005-02-14,11:00:00,164.0,477.0,11.7,36.9,0.506,2005-02-14 11:00:00
2005-02-14,12:00:00,142.0,744.0,11.8,36.2,0.4999,2005-02-14 12:00:00
2005-02-14,13:00:00,162.0,748.0,12.0,38.7,0.5402,2005-02-14 13:00:00
2005-02-14,14:00:00,177.0,782.0,13.7,30.3,0.4724,2005-02-14 14:00:00
2005-02-14,15:00:00,157.0,823.0,12.6,30.6,0.4443,2005-02-14 15:00:00
2005-02-14,16:00:00,162.0,850.0,13.0,27.4,0.4085,2005-02-14 16:00:00
2005-02-14,17:00:00,209.0,823.0,13.6,22.7,0.3529,2005-02-14 17:00:00
2005-02-14,18:00:00,304.0,694.0,11.8,23.0,0.3171,2005-02-14 18:00:00
2005-02-14,19:00:00,484.0,609.0,10.7,19.9,0.2547,2005-02-14 19:00:00
2005-02-14,20:00:00,399.0,670.0,10.4,18.0,0.2269,2005-02-14 20:00:00
2005-02-14,21:00:00,390.0,751.0,9.7,20.6,0.2488,2005-02-14 21:00:00
2005-02-14,22:00:00,287.0,834.0,9.4,24.8,0.2923,2005-02-14 22:00:00
2005-02-14,23:00:00,202.0,803.0,8.8,31.2,0.3533,2005-02-14 23:00:00
2005-02-15,00:00:00,126.0,982.0,8.7,31.2,0.3521,2005-02-15 00:00:00
2005-02-15,01:00:00,87.0,1081.0,8.5,30.4,0.3391,2005-02-15 01:00:00
2005-02-15,02:00:00,59.0,1228.0,8.0,32.9,0.353,2005-02-15 02:00:00
2005-02-15,03:00:00,114.57692307692308,1235.0,7.1,37.4,0.3799,2005-02-15 03:00:00
2005-02-15,04:00:00,31.0,1413.0,6.9,39.1,0.3901,2005-02-15 04:00:00
2005-02-15,05:00:00,28.0,1491.0,6.9,39.8,0.3966,2005-02-15 05:00:00
2005-02-15,06:00:00,64.0,1183.0,6.1,40.8,0.3868,2005-02-15 06:00:00
2005-02-15,07:00:00,123.0,1018.0,6.0,41.5,0.3896,2005-02-15 07:00:00
2005-02-15,08:00:00,363.0,784.0,6.1,39.9,0.3781,2005-02-15 08:00:00
2005-02-15,09:00:00,416.0,731.0,6.5,39.5,0.3865,2005-02-15 09:00:00
2005-02-15,10:00:00,286.0,832.0,9.4,32.7,0.3855,2005-02-15 10:00:00
2005-02-15,11:00:00,198.0,993.0,11.3,24.9,0.3318,2005-02-15 11:00:00
2005-02-15,12:00:00,216.0,942.0,12.8,19.8,0.2933,2005-02-15 12:00:00
2005-02-15,13:00:00,211.0,893.0,12.3,19.3,0.274,2005-02-15 13:00:00
2005-02-15,14:00:00,199.0,918.0,12.0,19.3,0.2716,2005-02-15 14:00:00
2005-02-15,15:00:00,161.0,1015.0,11.9,19.2,0.2677,2005-02-15 15:00:00
2005-02-15,16:00:00,218.0,909.0,12.1,20.7,0.2906,2005-02-15 16:00:00
2005-02-15,17:00:00,252.0,827.0,11.5,22.1,0.2987,2005-02-15 17:00:00
2005-02-15,18:00:00,337.0,671.0,10.4,23.1,0.2905,2005-02-15 18:00:00
2005-02-15,19:00:00,357.0,630.0,9.5,25.2,0.2996,2005-02-15 19:00:00
2005-02-15,20:00:00,410.0,623.0,8.9,26.9,0.3069,2005-02-15 20:00:00
2005-02-15,21:00:00,445.0,648.0,8.2,30.1,0.327,2005-02-15 21:00:00
2005-02-15,22:00:00,314.0,741.0,7.4,31.8,0.3287,2005-02-15 22:00:00
2005-02-15,23:00:00,366.0,699.0,6.6,37.5,0.3664,2005-02-15 23:00:00
2005-02-16,00:00:00,336.0,707.0,6.3,40.1,0.3842,2005-02-16 00:00:00
2005-02-16,01:00:00,387.0,652.0,5.2,44.2,0.3943,2005-02-16 01:00:00
2005-02-16,02:00:00,320.0,689.0,4.4,47.5,0.4017,2005-02-16 02:00:00
2005-02-16,03:00:00,114.57692307692308,725.0,4.0,49.1,0.4019,2005-02-16 03:00:00
2005-02-16,04:00:00,237.0,768.0,3.3,52.2,0.4074,2005-02-16 04:00:00
2005-02-16,05:00:00,224.0,782.0,3.2,52.4,0.4071,2005-02-16 05:00:00
2005-02-16,06:00:00,237.0,732.0,3.6,51.7,0.4123,2005-02-16 06:00:00
2005-02-16,07:00:00,454.0,622.0,3.5,54.2,0.4297,2005-02-16 07:00:00
2005-02-16,08:00:00,854.0,520.0,5.2,48.3,0.4304,2005-02-16 08:00:00
2005-02-16,09:00:00,758.0,577.0,7.8,37.6,0.3994,2005-02-16 09:00:00
2005-02-16,10:00:00,428.0,706.0,8.9,33.8,0.385,2005-02-16 10:00:00
2005-02-16,11:00:00,205.0,849.0,9.1,33.0,0.3827,2005-02-16 11:00:00
2005-02-16,12:00:00,205.0,890.0,9.1,34.5,0.3994,2005-02-16 12:00:00
2005-02-16,13:00:00,226.0,790.0,9.6,31.3,0.3763,2005-02-16 13:00:00
2005-02-16,14:00:00,199.0,801.0,8.5,36.3,0.4026,2005-02-16 14:00:00
2005-02-16,15:00:00,253.0,793.0,9.3,34.6,0.405,2005-02-16 15:00:00
2005-02-16,16:00:00,259.0,783.0,8.9,37.9,0.4318,2005-02-16 16:00:00
2005-02-16,17:00:00,252.0,720.0,8.2,41.8,0.4563,2005-02-16 17:00:00
2005-02-16,18:00:00,313.0,641.0,7.4,44.5,0.4582,2005-02-16 18:00:00
2005-02-16,19:00:00,433.0,539.0,7.0,43.4,0.4366,2005-02-16 19:00:00
2005-02-16,20:00:00,611.0,457.0,6.6,43.4,0.4241,2005-02-16 20:00:00
2005-02-16,21:00:00,626.0,534.0,5.9,44.3,0.4137,2005-02-16 21:00:00
2005-02-16,22:00:00,408.0,640.0,5.0,46.6,0.4099,2005-02-16 22:00:00
2005-02-16,23:00:00,357.0,712.0,5.8,40.3,0.374,2005-02-16 23:00:00
2005-02-17,00:00:00,375.0,643.0,5.4,43.8,0.3945,2005-02-17 00:00:00
2005-02-17,01:00:00,326.0,721.0,5.7,42.1,0.3883,2005-02-17 01:00:00
2005-02-17,02:00:00,326.0,715.0,5.7,42.1,0.3885,2005-02-17 02:00:00
2005-02-17,03:00:00,114.57692307692308,847.0,5.8,42.9,0.399,2005-02-17 03:00:00
2005-02-17,04:00:00,72.0,1016.0,5.7,46.6,0.4298,2005-02-17 04:00:00
2005-02-17,05:00:00,49.0,1140.0,6.9,45.0,0.4499,2005-02-17 05:00:00
2005-02-17,06:00:00,59.0,1111.0,6.9,42.2,0.4224,2005-02-17 06:00:00
2005-02-17,07:00:00,220.0,893.0,6.4,43.8,0.423,2005-02-17 07:00:00
2005-02-17,08:00:00,602.0,636.0,6.6,44.6,0.4383,2005-02-17 08:00:00
2005-02-17,09:00:00,485.0,624.0,7.7,42.1,0.444,2005-02-17 09:00:00
2005-02-17,10:00:00,295.0,794.0,10.1,36.7,0.4536,2005-02-17 10:00:00
2005-02-17,11:00:00,217.0,873.0,9.0,41.4,0.4775,2005-02-17 11:00:00
2005-02-17,12:00:00,236.0,830.0,8.7,42.5,0.4787,2005-02-17 12:00:00
2005-02-17,13:00:00,196.0,790.0,8.3,47.8,0.5238,2005-02-17 13:00:00
2005-02-17,14:00:00,233.0,723.0,8.9,45.5,0.5208,2005-02-17 14:00:00
2005-02-17,15:00:00,207.0,807.0,8.9,46.1,0.5256,2005-02-17 15:00:00
2005-02-17,16:00:00,198.0,806.0,9.0,44.9,0.5173,2005-02-17 16:00:00
2005-02-17,17:00:00,212.0,807.0,9.3,42.3,0.4974,2005-02-17 17:00:00
2005-02-17,18:00:00,280.0,657.0,8.4,45.2,0.4977,2005-02-17 18:00:00
2005-02-17,19:00:00,315.0,623.0,7.6,47.8,0.5013,2005-02-17 19:00:00
2005-02-17,20:00:00,378.0,590.0,7.4,47.2,0.4871,2005-02-17 20:00:00
2005-02-17,21:00:00,320.0,708.0,7.4,46.9,0.4854,2005-02-17 21:00:00
2005-02-17,22:00:00,265.0,759.0,6.9,48.2,0.4832,2005-02-17 22:00:00
2005-02-17,23:00:00,129.0,960.0,7.1,47.9,0.4867,2005-02-17 23:00:00
2005-02-18,00:00:00,129.0,943.0,6.9,48.7,0.4874,2005-02-18 00:00:00
2005-02-18,01:00:00,172.0,935.0,6.8,48.2,0.4792,2005-02-18 01:00:00
2005-02-18,02:00:00,100.0,1025.0,6.3,49.6,0.4787,2005-02-18 02:00:00
2005-02-18,03:00:00,114.57692307692308,983.0,5.6,52.9,0.4855,2005-02-18 03:00:00
2005-02-18,04:00:00,49.0,1179.0,6.4,49.8,0.4814,2005-02-18 04:00:00
2005-02-18,05:00:00,36.0,1249.0,6.9,48.1,0.4796,2005-02-18 05:00:00
2005-02-18,06:00:00,79.0,1079.0,6.4,50.2,0.485,2005-02-18 06:00:00
2005-02-18,07:00:00,128.0,1021.0,6.4,50.7,0.4886,2005-02-18 07:00:00
2005-02-18,08:00:00,456.0,673.0,6.9,48.8,0.4903,2005-02-18 08:00:00
2005-02-18,09:00:00,477.0,625.0,8.4,44.6,0.4922,2005-02-18 09:00:00
2005-02-18,10:00:00,342.0,715.0,10.8,37.1,0.4794,2005-02-18 10:00:00
2005-02-18,11:00:00,254.0,805.0,11.2,36.2,0.4818,2005-02-18 11:00:00
2005-02-18,12:00:00,231.0,837.0,11.8,34.4,0.4758,2005-02-18 12:00:00
2005-02-18,13:00:00,213.0,804.0,11.5,33.1,0.4479,2005-02-18 13:00:00
2005-02-18,14:00:00,208.0,775.0,10.9,32.6,0.426,2005-02-18 14:00:00
2005-02-18,15:00:00,270.0,771.0,11.3,31.7,0.4249,2005-02-18 15:00:00
2005-02-18,16:00:00,276.0,724.0,11.6,30.9,0.4223,2005-02-18 16:00:00
2005-02-18,17:00:00,375.0,664.0,11.1,32.2,0.4243,2005-02-18 17:00:00
2005-02-18,18:00:00,395.0,617.0,9.7,36.0,0.4333,2005-02-18 18:00:00
2005-02-18,19:00:00,421.0,573.0,8.5,39.0,0.4336,2005-02-18 19:00:00
2005-02-18,20:00:00,632.0,549.0,8.3,40.3,0.4411,2005-02-18 20:00:00
2005-02-18,21:00:00,424.0,666.0,8.0,41.3,0.4448,2005-02-18 21:00:00
2005-02-18,22:00:00,369.0,677.0,7.0,44.2,0.4446,2005-02-18 22:00:00
2005-02-18,23:00:00,484.0,618.0,5.4,51.8,0.4698,2005-02-18 23:00:00
2005-02-19,00:00:00,456.0,684.0,4.1,55.0,0.4558,2005-02-19 00:00:00
2005-02-19,01:00:00,373.0,727.0,3.1,57.8,0.4462,2005-02-19 01:00:00
2005-02-19,02:00:00,228.0,834.0,3.1,56.7,0.4388,2005-02-19 02:00:00
2005-02-19,03:00:00,114.57692307692308,865.0,2.2,59.6,0.4333,2005-02-19 03:00:00
2005-02-19,04:00:00,117.0,948.0,2.3,58.9,0.4317,2005-02-19 04:00:00
2005-02-19,05:00:00,108.0,962.0,1.9,60.0,0.4276,2005-02-19 05:00:00
2005-02-19,06:00:00,126.0,950.0,1.9,60.3,0.4293,2005-02-19 06:00:00
2005-02-19,07:00:00,235.0,819.0,0.9,64.6,0.4294,2005-02-19 07:00:00
2005-02-19,08:00:00,339.0,678.0,0.6,65.0,0.4231,2005-02-19 08:00:00
2005-02-19,09:00:00,399.0,651.0,2.1,59.9,0.4338,2005-02-19 09:00:00
2005-02-19,10:00:00,346.0,750.0,3.1,57.2,0.4402,2005-02-19 10:00:00
2005-02-19,11:00:00,407.0,696.0,4.2,54.0,0.4483,2005-02-19 11:00:00
2005-02-19,12:00:00,393.0,722.0,7.4,43.8,0.4538,2005-02-19 12:00:00
2005-02-19,13:00:00,166.0,890.0,11.2,34.5,0.4586,2005-02-19 13:00:00
2005-02-19,14:00:00,157.0,868.0,13.8,32.4,0.5084,2005-02-19 14:00:00
2005-02-19,15:00:00,141.0,924.0,12.4,34.9,0.5002,2005-02-19 15:00:00
2005-02-19,16:00:00,144.0,905.0,12.8,31.9,0.4684,2005-02-19 16:00:00
2005-02-19,17:00:00,191.0,797.0,13.5,29.1,0.4486,2005-02-19 17:00:00
2005-02-19,18:00:00,255.0,708.0,11.6,33.3,0.454,2005-02-19 18:00:00
2005-02-19,19:00:00,379.0,639.0,10.9,34.9,0.4568,2005-02-19 19:00:00
2005-02-19,20:00:00,427.0,593.0,10.4,37.3,0.4708,2005-02-19 20:00:00
2005-02-19,21:00:00,509.0,600.0,9.7,39.7,0.4792,2005-02-19 21:00:00
2005-02-19,22:00:00,459.0,609.0,9.1,41.9,0.4857,2005-02-19 22:00:00
2005-02-19,23:00:00,293.0,664.0,9.3,41.9,0.4927,2005-02-19 23:00:00
2005-02-20,00:00:00,269.0,684.0,9.4,44.7,0.5279,2005-02-20 00:00:00
2005-02-20,01:00:00,244.0,745.0,8.5,45.8,0.5108,2005-02-20 01:00:00
2005-02-20,02:00:00,293.0,643.0,7.8,50.0,0.53,2005-02-20 02:00:00
2005-02-20,03:00:00,114.57692307692308,756.0,7.7,49.7,0.5242,2005-02-20 03:00:00
2005-02-20,04:00:00,177.0,775.0,8.2,46.9,0.5099,2005-02-20 04:00:00
2005-02-20,05:00:00,81.0,978.0,8.4,48.6,0.5375,2005-02-20 05:00:00
2005-02-20,06:00:00,42.0,1148.0,8.0,54.7,0.5883,2005-02-20 06:00:00
2005-02-20,07:00:00,61.0,1142.0,7.8,55.7,0.5914,2005-02-20 07:00:00
2005-02-20,08:00:00,101.0,1065.0,8.0,53.8,0.5796,2005-02-20 08:00:00
2005-02-20,09:00:00,98.0,1035.0,8.8,50.7,0.5752,2005-02-20 09:00:00
2005-02-20,10:00:00,114.0,944.0,10.1,47.6,0.587,2005-02-20 10:00:00
2005-02-20,11:00:00,118.0,928.0,10.6,45.8,0.5838,2005-02-20 11:00:00
2005-02-20,12:00:00,120.0,916.0,9.1,56.2,0.6515,2005-02-20 12:00:00
2005-02-20,13:00:00,151.0,891.0,7.9,66.5,0.7124,2005-02-20 13:00:00
2005-02-20,14:00:00,131.0,919.0,8.0,65.0,0.6991,2005-02-20 14:00:00
2005-02-20,15:00:00,145.0,861.0,8.4,61.0,0.6721,2005-02-20 15:00:00
2005-02-20,16:00:00,156.0,854.0,8.6,57.3,0.6429,2005-02-20 16:00:00
2005-02-20,17:00:00,151.0,915.0,8.4,56.3,0.6227,2005-02-20 17:00:00
2005-02-20,18:00:00,173.0,853.0,8.0,57.7,0.6222,2005-02-20 18:00:00
2005-02-20,19:00:00,154.0,906.0,7.1,62.6,0.6341,2005-02-20 19:00:00
2005-02-20,20:00:00,221.0,801.0,7.4,59.3,0.6123,2005-02-20 20:00:00
2005-02-20,21:00:00,193.0,851.0,7.7,56.9,0.5994,2005-02-20 21:00:00
2005-02-20,22:00:00,130.0,898.0,7.7,54.4,0.5753,2005-02-20 22:00:00
2005-02-20,23:00:00,156.0,876.0,7.7,53.0,0.5572,2005-02-20 23:00:00
2005-02-21,00:00:00,148.0,877.0,6.7,62.8,0.6188,2005-02-21 00:00:00
2005-02-21,01:00:00,93.0,1005.0,6.6,61.9,0.6056,2005-02-21 01:00:00
2005-02-21,02:00:00,66.0,1130.0,5.7,70.3,0.6498,2005-02-21 02:00:00
2005-02-21,03:00:00,114.57692307692308,1273.0,4.5,79.2,0.6751,2005-02-21 03:00:00
2005-02-21,04:00:00,38.0,1317.0,4.0,81.5,0.6712,2005-02-21 04:00:00
2005-02-21,05:00:00,50.0,1129.0,3.9,81.5,0.6653,2005-02-21 05:00:00
2005-02-21,06:00:00,77.0,987.0,3.3,84.3,0.6617,2005-02-21 06:00:00
2005-02-21,07:00:00,183.0,766.0,4.2,80.9,0.6742,2005-02-21 07:00:00
2005-02-21,08:00:00,256.0,609.0,5.1,75.0,0.6646,2005-02-21 08:00:00
2005-02-21,09:00:00,355.0,566.0,4.6,77.6,0.6651,2005-02-21 09:00:00
2005-02-21,10:00:00,491.0,614.0,3.8,84.3,0.6811,2005-02-21 10:00:00
2005-02-21,11:00:00,387.0,684.0,6.2,77.4,0.7383,2005-02-21 11:00:00
2005-02-21,12:00:00,384.0,694.0,7.7,67.6,0.7133,2005-02-21 12:00:00
2005-02-21,13:00:00,368.0,623.0,8.1,64.8,0.7039,2005-02-21 13:00:00
2005-02-21,14:00:00,258.0,664.0,8.1,64.0,0.6942,2005-02-21 14:00:00
2005-02-21,15:00:00,231.0,694.0,6.9,71.3,0.7118,2005-02-21 15:00:00
2005-02-21,16:00:00,290.0,641.0,7.0,73.7,0.7425,2005-02-21 16:00:00
2005-02-21,17:00:00,335.0,618.0,7.3,70.0,0.7195,2005-02-21 17:00:00
2005-02-21,18:00:00,293.0,656.0,5.8,77.8,0.7223,2005-02-21 18:00:00
2005-02-21,19:00:00,526.0,469.0,5.4,80.9,0.7293,2005-02-21 19:00:00
2005-02-21,20:00:00,607.0,466.0,5.5,79.8,0.7261,2005-02-21 20:00:00
2005-02-21,21:00:00,326.0,680.0,5.6,74.0,0.6808,2005-02-21 21:00:00
2005-02-21,22:00:00,188.0,811.0,5.6,71.9,0.6604,2005-02-21 22:00:00
2005-02-21,23:00:00,163.0,914.0,6.4,70.7,0.6848,2005-02-21 23:00:00
2005-02-22,00:00:00,102.0,1015.0,6.3,70.1,0.6733,2005-02-22 00:00:00
2005-02-22,01:00:00,95.0,992.0,4.4,80.5,0.6825,2005-02-22 01:00:00
2005-02-22,02:00:00,71.0,1112.0,3.9,83.1,0.6787,2005-02-22 02:00:00
2005-02-22,03:00:00,114.57692307692308,1327.0,2.5,86.6,0.6407,2005-02-22 03:00:00
2005-02-22,04:00:00,46.0,1349.0,3.4,85.4,0.6736,2005-02-22 04:00:00
2005-02-22,05:00:00,62.0,1152.0,3.3,84.5,0.6608,2005-02-22 05:00:00
2005-02-22,06:00:00,170.0,929.0,3.4,84.5,0.664,2005-02-22 06:00:00
2005-02-22,07:00:00,313.0,690.0,3.4,84.5,0.6677,2005-02-22 07:00:00
2005-02-22,08:00:00,687.0,490.0,4.1,82.7,0.682,2005-02-22 08:00:00
2005-02-22,09:00:00,757.0,418.0,4.6,80.3,0.6889,2005-02-22 09:00:00
2005-02-22,10:00:00,559.0,528.0,6.1,74.0,0.7025,2005-02-22 10:00:00
2005-02-22,11:00:00,286.0,725.0,9.1,58.4,0.6787,2005-02-22 11:00:00
2005-02-22,12:00:00,324.0,653.0,11.4,48.9,0.658,2005-02-22 12:00:00
2005-02-22,13:00:00,316.0,611.0,8.3,64.4,0.7072,2005-02-22 13:00:00
2005-02-22,14:00:00,407.0,573.0,6.5,71.0,0.6903,2005-02-22 14:00:00
2005-02-22,15:00:00,305.0,657.0,6.6,71.1,0.6973,2005-02-22 15:00:00
2005-02-22,16:00:00,360.0,613.0,7.4,69.3,0.7165,2005-02-22 16:00:00
2005-02-22,17:00:00,339.0,702.0,6.4,70.6,0.6834,2005-02-22 17:00:00
2005-02-22,18:00:00,304.0,650.0,5.8,72.5,0.6718,2005-02-22 18:00:00
2005-02-22,19:00:00,397.0,601.0,5.6,71.6,0.6556,2005-02-22 19:00:00
2005-02-22,20:00:00,270.0,717.0,4.2,77.8,0.6491,2005-02-22 20:00:00
2005-02-22,21:00:00,339.0,680.0,4.3,79.5,0.6648,2005-02-22 21:00:00
2005-02-22,22:00:00,190.0,903.0,4.5,75.5,0.6429,2005-02-22 22:00:00
2005-02-22,23:00:00,126.0,995.0,4.4,77.1,0.6523,2005-02-22 23:00:00
2005-02-23,00:00:00,189.0,852.0,4.2,78.2,0.6506,2005-02-23 00:00:00
2005-02-23,01:00:00,146.0,907.0,4.0,79.3,0.6517,2005-02-23 01:00:00
2005-02-23,02:00:00,98.0,1063.0,3.9,78.7,0.643,2005-02-23 02:00:00
2005-02-23,03:00:00,114.57692307692308,1161.0,3.5,80.6,0.6403,2005-02-23 03:00:00
2005-02-23,04:00:00,75.0,1132.0,3.2,82.8,0.6426,2005-02-23 04:00:00
2005-02-23,05:00:00,77.0,1261.0,4.1,76.0,0.6304,2005-02-23 05:00:00
2005-02-23,06:00:00,72.0,1251.0,4.2,75.9,0.6311,2005-02-23 06:00:00
2005-02-23,07:00:00,152.0,1084.0,4.5,76.3,0.648,2005-02-23 07:00:00
2005-02-23,08:00:00,337.0,719.0,4.4,79.1,0.6687,2005-02-23 08:00:00
2005-02-23,09:00:00,360.0,740.0,4.3,79.8,0.6706,2005-02-23 09:00:00
2005-02-23,10:00:00,243.0,881.0,3.1,83.0,0.6419,2005-02-23 10:00:00
2005-02-23,11:00:00,277.0,895.0,2.8,83.9,0.6326,2005-02-23 11:00:00
2005-02-23,12:00:00,266.0,900.0,3.9,79.5,0.6482,2005-02-23 12:00:00
2005-02-23,13:00:00,317.0,701.0,5.1,74.5,0.6621,2005-02-23 13:00:00
2005-02-23,14:00:00,375.0,629.0,5.7,72.5,0.6686,2005-02-23 14:00:00
2005-02-23,15:00:00,349.0,638.0,5.6,74.6,0.6826,2005-02-23 15:00:00
2005-02-23,16:00:00,377.0,653.0,5.4,75.9,0.6875,2005-02-23 16:00:00
2005-02-23,17:00:00,403.0,632.0,4.9,78.2,0.6826,2005-02-23 17:00:00
2005-02-23,18:00:00,422.0,610.0,4.8,79.0,0.6845,2005-02-23 18:00:00
2005-02-23,19:00:00,388.0,605.0,4.8,78.6,0.6826,2005-02-23 19:00:00
2005-02-23,20:00:00,431.0,590.0,4.6,78.2,0.6686,2005-02-23 20:00:00
2005-02-23,21:00:00,425.0,619.0,4.2,79.7,0.6647,2005-02-23 21:00:00
2005-02-23,22:00:00,391.0,657.0,4.3,78.9,0.6621,2005-02-23 22:00:00
2005-02-23,23:00:00,231.0,825.0,4.2,77.9,0.6479,2005-02-23 23:00:00
2005-02-24,00:00:00,248.0,831.0,3.2,83.0,0.645,2005-02-24 00:00:00
2005-02-24,01:00:00,142.0,977.0,5.1,74.5,0.6626,2005-02-24 01:00:00
2005-02-24,02:00:00,117.0,956.0,4.0,80.8,0.6666,2005-02-24 02:00:00
2005-02-24,03:00:00,114.57692307692308,1080.0,4.3,81.0,0.677,2005-02-24 03:00:00
2005-02-24,04:00:00,96.0,1148.0,2.9,85.3,0.6503,2005-02-24 04:00:00
2005-02-24,05:00:00,87.0,1135.0,3.3,84.5,0.6612,2005-02-24 05:00:00
2005-02-24,06:00:00,197.0,937.0,3.6,84.4,0.6724,2005-02-24 06:00:00
2005-02-24,07:00:00,290.0,755.0,3.8,83.8,0.6771,2005-02-24 07:00:00
2005-02-24,08:00:00,621.0,555.0,4.1,82.5,0.6819,2005-02-24 08:00:00
2005-02-24,09:00:00,645.0,522.0,3.9,83.9,0.6847,2005-02-24 09:00:00
2005-02-24,10:00:00,573.0,640.0,4.1,83.9,0.6967,2005-02-24 10:00:00
2005-02-24,11:00:00,414.0,728.0,4.6,82.0,0.6997,2005-02-24 11:00:00
2005-02-24,12:00:00,314.0,770.0,5.5,79.5,0.7238,2005-02-24 12:00:00
2005-02-24,13:00:00,317.0,697.0,6.7,76.2,0.7519,2005-02-24 13:00:00
2005-02-24,14:00:00,290.0,685.0,7.9,69.0,0.7394,2005-02-24 14:00:00
2005-02-24,15:00:00,385.0,612.0,8.5,66.3,0.7387,2005-02-24 15:00:00
2005-02-24,16:00:00,507.0,537.0,7.6,70.8,0.7399,2005-02-24 16:00:00
2005-02-24,17:00:00,534.0,525.0,7.2,72.4,0.7372,2005-02-24 17:00:00
2005-02-24,18:00:00,601.0,468.0,6.7,74.2,0.7326,2005-02-24 18:00:00
2005-02-24,19:00:00,583.0,473.0,6.1,75.8,0.7184,2005-02-24 19:00:00
2005-02-24,20:00:00,551.0,485.0,6.3,74.9,0.7187,2005-02-24 20:00:00
2005-02-24,21:00:00,547.0,531.0,6.0,78.0,0.7345,2005-02-24 21:00:00
2005-02-24,22:00:00,385.0,652.0,5.6,81.2,0.7443,2005-02-24 22:00:00
2005-02-24,23:00:00,318.0,681.0,5.5,81.5,0.7393,2005-02-24 23:00:00
2005-02-25,00:00:00,356.0,657.0,5.3,84.1,0.753,2005-02-25 00:00:00
2005-02-25,01:00:00,326.0,692.0,5.2,83.9,0.7487,2005-02-25 01:00:00
2005-02-25,02:00:00,233.0,767.0,5.1,83.5,0.7416,2005-02-25 02:00:00
2005-02-25,03:00:00,114.57692307692308,854.0,5.0,82.9,0.73,2005-02-25 03:00:00
2005-02-25,04:00:00,116.0,863.0,5.0,82.5,0.7265,2005-02-25 04:00:00
2005-02-25,05:00:00,120.0,991.0,5.0,82.8,0.7273,2005-02-25 05:00:00
2005-02-25,06:00:00,228.0,872.0,5.2,80.7,0.7219,2005-02-25 06:00:00
2005-02-25,07:00:00,303.0,751.0,5.3,80.2,0.7179,2005-02-25 07:00:00
2005-02-25,08:00:00,344.72340425531917,494.0,5.7,79.7,0.734,2005-02-25 08:00:00
2005-02-25,09:00:00,361.3263473053892,411.0,6.2,76.8,0.7355,2005-02-25 09:00:00
2005-02-25,10:00:00,529.0,504.0,8.3,67.4,0.7384,2005-02-25 10:00:00
2005-02-25,11:00:00,615.0,615.0,10.8,52.1,0.6746,2005-02-25 11:00:00
2005-02-25,12:00:00,298.0,771.0,13.0,40.3,0.6028,2005-02-25 12:00:00
2005-02-25,13:00:00,317.0,707.0,10.9,44.8,0.5849,2005-02-25 13:00:00
2005-02-25,14:00:00,305.0,727.0,11.5,42.1,0.5706,2005-02-25 14:00:00
2005-02-25,15:00:00,253.0,762.0,12.5,38.5,0.5568,2005-02-25 15:00:00
2005-02-25,16:00:00,296.0,723.0,12.6,38.5,0.5586,2005-02-25 16:00:00
2005-02-25,17:00:00,293.0,710.0,12.3,38.4,0.5488,2005-02-25 17:00:00
2005-02-25,18:00:00,353.0,631.0,10.2,43.1,0.5366,2005-02-25 18:00:00
2005-02-25,19:00:00,399.0,625.0,8.6,48.2,0.5385,2005-02-25 19:00:00
2005-02-25,20:00:00,454.0,609.0,7.8,50.8,0.5384,2005-02-25 20:00:00
2005-02-25,21:00:00,356.0,735.0,7.3,52.8,0.5404,2005-02-25 21:00:00
2005-02-25,22:00:00,473.0,629.0,6.2,62.4,0.5958,2005-02-25 22:00:00
2005-02-25,23:00:00,482.0,648.0,5.1,68.2,0.6033,2005-02-25 23:00:00
2005-02-26,00:00:00,443.0,687.0,4.7,69.0,0.5936,2005-02-26 00:00:00
2005-02-26,01:00:00,373.0,757.0,4.0,69.8,0.5756,2005-02-26 01:00:00
2005-02-26,02:00:00,320.0,771.0,3.4,71.3,0.5626,2005-02-26 02:00:00
2005-02-26,03:00:00,114.57692307692308,729.0,2.8,74.0,0.5591,2005-02-26 03:00:00
2005-02-26,04:00:00,233.0,784.0,2.3,75.1,0.5514,2005-02-26 04:00:00
2005-02-26,05:00:00,161.0,897.0,3.8,66.2,0.5359,2005-02-26 05:00:00
2005-02-26,06:00:00,137.0,993.0,4.6,60.5,0.5173,2005-02-26 06:00:00
2005-02-26,07:00:00,144.0,1121.0,5.7,54.3,0.5022,2005-02-26 07:00:00
2005-02-26,08:00:00,182.0,966.0,6.2,51.3,0.488,2005-02-26 08:00:00
2005-02-26,09:00:00,227.0,899.0,6.7,49.5,0.4892,2005-02-26 09:00:00
2005-02-26,10:00:00,203.0,920.0,8.8,45.0,0.5114,2005-02-26 10:00:00
2005-02-26,11:00:00,179.0,924.0,9.6,43.5,0.5202,2005-02-26 11:00:00
2005-02-26,12:00:00,171.0,892.0,9.8,43.3,0.5238,2005-02-26 12:00:00
2005-02-26,13:00:00,181.0,868.0,9.9,43.5,0.53,2005-02-26 13:00:00
2005-02-26,14:00:00,175.0,863.0,9.8,44.1,0.5332,2005-02-26 14:00:00
2005-02-26,15:00:00,148.0,962.0,9.7,45.1,0.5417,2005-02-26 15:00:00
2005-02-26,16:00:00,132.0,955.0,9.0,47.3,0.542,2005-02-26 16:00:00
2005-02-26,17:00:00,162.0,888.0,7.4,56.0,0.5797,2005-02-26 17:00:00
2005-02-26,18:00:00,185.0,863.0,6.4,61.7,0.5956,2005-02-26 18:00:00
2005-02-26,19:00:00,234.0,821.0,6.8,58.0,0.5758,2005-02-26 19:00:00
2005-02-26,20:00:00,275.0,663.0,7.3,56.7,0.5806,2005-02-26 20:00:00
2005-02-26,21:00:00,272.0,713.0,7.2,56.7,0.579,2005-02-26 21:00:00
2005-02-26,22:00:00,331.0,689.0,6.7,59.1,0.5848,2005-02-26 22:00:00
2005-02-26,23:00:00,347.0,637.0,5.9,62.1,0.5808,2005-02-26 23:00:00
2005-02-27,00:00:00,488.0,612.0,6.3,60.4,0.5811,2005-02-27 00:00:00
2005-02-27,01:00:00,404.0,679.0,5.5,60.2,0.5458,2005-02-27 01:00:00
2005-02-27,02:00:00,255.0,798.0,4.6,64.4,0.5525,2005-02-27 02:00:00
2005-02-27,03:00:00,114.57692307692308,790.0,3.5,68.8,0.5458,2005-02-27 03:00:00
2005-02-27,04:00:00,174.0,840.0,2.8,70.9,0.5383,2005-02-27 04:00:00
2005-02-27,05:00:00,108.0,988.0,3.7,65.9,0.5295,2005-02-27 05:00:00
2005-02-27,06:00:00,107.0,949.0,1.6,74.3,0.5168,2005-02-27 06:00:00
2005-02-27,07:00:00,188.0,900.0,1.4,76.3,0.5261,2005-02-27 07:00:00
2005-02-27,08:00:00,225.0,894.0,2.5,69.5,0.5172,2005-02-27 08:00:00
2005-02-27,09:00:00,208.0,891.0,3.7,64.8,0.5208,2005-02-27 09:00:00
2005-02-27,10:00:00,270.0,739.0,7.8,49.9,0.5307,2005-02-27 10:00:00
2005-02-27,11:00:00,202.0,817.0,11.2,37.1,0.4936,2005-02-27 11:00:00
2005-02-27,12:00:00,168.0,888.0,12.6,30.6,0.446,2005-02-27 12:00:00
2005-02-27,13:00:00,191.0,898.0,10.3,32.9,0.4131,2005-02-27 13:00:00
2005-02-27,14:00:00,149.0,1012.0,10.0,35.5,0.4346,2005-02-27 14:00:00
2005-02-27,15:00:00,101.0,1053.0,8.8,40.0,0.4538,2005-02-27 15:00:00
2005-02-27,16:00:00,134.0,1033.0,8.3,40.3,0.4431,2005-02-27 16:00:00
2005-02-27,17:00:00,150.0,1035.0,7.9,38.9,0.4141,2005-02-27 17:00:00
2005-02-27,18:00:00,188.0,1007.0,6.8,41.0,0.4072,2005-02-27 18:00:00
2005-02-27,19:00:00,254.0,886.0,6.0,42.0,0.3962,2005-02-27 19:00:00
2005-02-27,20:00:00,324.0,801.0,5.5,43.5,0.3963,2005-02-27 20:00:00
2005-02-27,21:00:00,238.0,975.0,4.6,46.8,0.4001,2005-02-27 21:00:00
2005-02-27,22:00:00,128.0,1079.0,4.5,48.0,0.4085,2005-02-27 22:00:00
2005-02-27,23:00:00,169.0,950.0,4.3,48.6,0.4069,2005-02-27 23:00:00
2005-02-28,00:00:00,215.0,913.0,4.0,50.0,0.4115,2005-02-28 00:00:00
2005-02-28,01:00:00,111.0,1119.0,4.0,52.9,0.4338,2005-02-28 01:00:00
2005-02-28,02:00:00,60.0,1268.0,4.0,51.0,0.42,2005-02-28 02:00:00
2005-02-28,03:00:00,114.57692307692308,1435.0,3.9,48.1,0.393,2005-02-28 03:00:00
2005-02-28,04:00:00,29.0,1609.0,3.8,48.0,0.3879,2005-02-28 04:00:00
2005-02-28,05:00:00,25.0,1664.0,3.6,50.3,0.4022,2005-02-28 05:00:00
2005-02-28,06:00:00,34.0,1665.0,2.8,52.6,0.3972,2005-02-28 06:00:00
2005-02-28,07:00:00,89.0,1378.0,2.5,52.7,0.3908,2005-02-28 07:00:00
2005-02-28,08:00:00,212.0,1015.0,2.7,50.5,0.3804,2005-02-28 08:00:00
2005-02-28,09:00:00,216.0,943.0,2.7,49.4,0.3714,2005-02-28 09:00:00
2005-02-28,10:00:00,191.0,1040.0,3.3,45.2,0.354,2005-02-28 10:00:00
2005-02-28,11:00:00,200.0,1084.0,3.1,43.3,0.3354,2005-02-28 11:00:00
2005-02-28,12:00:00,164.0,1137.0,3.7,38.8,0.3123,2005-02-28 12:00:00
2005-02-28,13:00:00,185.0,1016.0,4.0,36.8,0.3016,2005-02-28 13:00:00
2005-02-28,14:00:00,156.0,1045.0,3.7,35.0,0.2823,2005-02-28 14:00:00
2005-02-28,15:00:00,155.0,1134.0,3.4,32.4,0.2563,2005-02-28 15:00:00
2005-02-28,16:00:00,158.0,1099.0,3.3,33.1,0.2592,2005-02-28 16:00:00
2005-02-28,17:00:00,166.0,1093.0,2.6,35.1,0.2618,2005-02-28 17:00:00
2005-02-28,18:00:00,268.0,849.0,2.1,36.6,0.2634,2005-02-28 18:00:00
2005-02-28,19:00:00,309.0,790.0,1.6,37.9,0.2645,2005-02-28 19:00:00
2005-02-28,20:00:00,297.0,814.0,1.4,38.0,0.2615,2005-02-28 20:00:00
2005-02-28,21:00:00,225.0,1015.0,1.0,36.6,0.2456,2005-02-28 21:00:00
2005-02-28,22:00:00,122.0,1183.0,1.1,35.4,0.2382,2005-02-28 22:00:00
2005-02-28,23:00:00,100.0,1285.0,1.0,34.3,0.2292,2005-02-28 23:00:00
2005-03-01,00:00:00,86.0,1327.0,1.0,37.4,0.2487,2005-03-01 00:00:00
2005-03-01,01:00:00,71.0,1364.0,0.7,41.2,0.2693,2005-03-01 01:00:00
2005-03-01,02:00:00,39.0,1498.0,0.2,40.6,0.2566,2005-03-01 02:00:00
2005-03-01,03:00:00,114.57692307692308,1791.0,0.1,40.0,0.2499,2005-03-01 03:00:00
2005-03-01,04:00:00,29.0,1804.0,-0.1,37.5,0.2326,2005-03-01 04:00:00
2005-03-01,05:00:00,32.0,1727.0,-0.3,38.4,0.2347,2005-03-01 05:00:00
2005-03-01,06:00:00,37.0,1677.0,-0.6,40.1,0.2404,2005-03-01 06:00:00
2005-03-01,07:00:00,134.0,1361.0,-0.6,41.4,0.2478,2005-03-01 07:00:00
2005-03-01,08:00:00,358.0,911.0,-0.2,40.2,0.2478,2005-03-01 08:00:00
2005-03-01,09:00:00,354.0,853.0,0.6,36.8,0.2388,2005-03-01 09:00:00
2005-03-01,10:00:00,284.0,988.0,2.8,30.3,0.2294,2005-03-01 10:00:00
2005-03-01,11:00:00,213.0,1122.0,3.1,29.1,0.224,2005-03-01 11:00:00
2005-03-01,12:00:00,174.0,1181.0,3.3,29.2,0.2288,2005-03-01 12:00:00
2005-03-01,13:00:00,157.0,1097.0,3.1,31.0,0.2386,2005-03-01 13:00:00
2005-03-01,14:00:00,178.0,1030.0,3.2,30.8,0.2399,2005-03-01 14:00:00
2005-03-01,15:00:00,187.0,1074.0,3.3,31.5,0.2464,2005-03-01 15:00:00
2005-03-01,16:00:00,198.0,1045.0,4.1,28.6,0.2363,2005-03-01 16:00:00
2005-03-01,17:00:00,186.0,1073.0,3.9,29.2,0.2378,2005-03-01 17:00:00
2005-03-01,18:00:00,203.0,922.0,1.9,35.0,0.2494,2005-03-01 18:00:00
2005-03-01,19:00:00,313.0,815.0,1.8,35.4,0.2497,2005-03-01 19:00:00
2005-03-01,20:00:00,342.0,751.0,1.4,36.5,0.2503,2005-03-01 20:00:00
2005-03-01,21:00:00,310.0,913.0,0.8,36.3,0.2388,2005-03-01 21:00:00
2005-03-01,22:00:00,165.0,1137.0,0.6,34.1,0.221,2005-03-01 22:00:00
2005-03-01,23:00:00,152.0,1143.0,0.3,31.9,0.2031,2005-03-01 23:00:00
2005-03-02,00:00:00,141.0,1184.0,0.2,30.2,0.191,2005-03-02 00:00:00
2005-03-02,01:00:00,122.0,1253.0,0.0,29.7,0.1847,2005-03-02 01:00:00
2005-03-02,02:00:00,79.0,1307.0,-0.1,31.9,0.1975,2005-03-02 02:00:00
2005-03-02,03:00:00,114.57692307692308,1294.0,-1.1,41.4,0.2379,2005-03-02 03:00:00
2005-03-02,04:00:00,81.0,1302.0,-1.4,44.9,0.2536,2005-03-02 04:00:00
2005-03-02,05:00:00,77.0,1262.0,-1.3,46.3,0.2635,2005-03-02 05:00:00
2005-03-02,06:00:00,124.0,1158.0,-1.2,47.2,0.27,2005-03-02 06:00:00
2005-03-02,07:00:00,159.0,1023.0,-1.3,47.5,0.2702,2005-03-02 07:00:00
2005-03-02,08:00:00,396.0,690.0,-1.9,51.4,0.2801,2005-03-02 08:00:00
2005-03-02,09:00:00,479.0,669.0,-0.5,45.9,0.2763,2005-03-02 09:00:00
2005-03-02,10:00:00,438.0,774.0,4.6,32.5,0.2783,2005-03-02 10:00:00
2005-03-02,11:00:00,466.0,747.0,7.5,24.3,0.2528,2005-03-02 11:00:00
2005-03-02,12:00:00,288.0,900.0,9.6,18.8,0.2246,2005-03-02 12:00:00
2005-03-02,13:00:00,205.0,927.0,9.3,18.4,0.2157,2005-03-02 13:00:00
2005-03-02,14:00:00,311.0,790.0,9.7,18.6,0.2244,2005-03-02 14:00:00
2005-03-02,15:00:00,246.0,898.0,10.1,16.7,0.2062,2005-03-02 15:00:00
2005-03-02,16:00:00,356.0,804.0,11.8,13.5,0.1862,2005-03-02 16:00:00
2005-03-02,17:00:00,397.0,802.0,11.6,15.3,0.2086,2005-03-02 17:00:00
2005-03-02,18:00:00,579.0,624.0,9.1,19.2,0.2225,2005-03-02 18:00:00
2005-03-02,19:00:00,819.0,523.0,7.2,25.6,0.2611,2005-03-02 19:00:00
2005-03-02,20:00:00,754.0,551.0,6.1,34.0,0.3237,2005-03-02 20:00:00
2005-03-02,21:00:00,473.0,656.0,5.1,36.4,0.323,2005-03-02 21:00:00
2005-03-02,22:00:00,300.0,754.0,4.8,39.6,0.344,2005-03-02 22:00:00
2005-03-02,23:00:00,235.0,818.0,5.0,39.6,0.3479,2005-03-02 23:00:00
2005-03-03,00:00:00,207.0,799.0,4.1,41.7,0.3456,2005-03-03 00:00:00
2005-03-03,01:00:00,204.0,832.0,4.4,43.3,0.3656,2005-03-03 01:00:00
2005-03-03,02:00:00,155.0,875.0,3.8,45.9,0.3728,2005-03-03 02:00:00
2005-03-03,03:00:00,114.57692307692308,876.0,3.6,49.7,0.396,2005-03-03 03:00:00
2005-03-03,04:00:00,179.0,783.0,3.4,56.3,0.4455,2005-03-03 04:00:00
2005-03-03,05:00:00,143.0,754.0,2.9,67.9,0.5183,2005-03-03 05:00:00
2005-03-03,06:00:00,212.0,702.0,2.8,74.1,0.5618,2005-03-03 06:00:00
2005-03-03,07:00:00,263.0,650.0,2.9,75.6,0.5742,2005-03-03 07:00:00
2005-03-03,08:00:00,648.0,496.0,3.8,72.4,0.5867,2005-03-03 08:00:00
2005-03-03,09:00:00,717.0,529.0,5.9,50.2,0.4706,2005-03-03 09:00:00
2005-03-03,10:00:00,389.0,687.0,7.3,39.4,0.4035,2005-03-03 10:00:00
2005-03-03,11:00:00,438.0,692.0,3.6,75.9,0.6055,2005-03-03 11:00:00
2005-03-03,12:00:00,282.0,757.0,3.6,78.6,0.6283,2005-03-03 12:00:00
2005-03-03,13:00:00,268.0,773.0,5.3,69.2,0.6213,2005-03-03 13:00:00
2005-03-03,14:00:00,248.0,767.0,6.1,66.0,0.6255,2005-03-03 14:00:00
2005-03-03,15:00:00,272.0,758.0,6.0,70.1,0.6577,2005-03-03 15:00:00
2005-03-03,16:00:00,291.0,740.0,6.3,72.1,0.6907,2005-03-03 16:00:00
2005-03-03,17:00:00,363.0,670.0,6.3,75.7,0.7252,2005-03-03 17:00:00
2005-03-03,18:00:00,660.0,507.0,5.6,80.4,0.7382,2005-03-03 18:00:00
2005-03-03,19:00:00,907.0,476.0,4.9,82.4,0.7201,2005-03-03 19:00:00
2005-03-03,20:00:00,639.0,508.0,4.3,84.0,0.7051,2005-03-03 20:00:00
2005-03-03,21:00:00,574.0,568.0,4.3,83.6,0.7025,2005-03-03 21:00:00
2005-03-03,22:00:00,373.0,621.0,4.6,82.5,0.7066,2005-03-03 22:00:00
2005-03-03,23:00:00,330.0,664.0,4.4,82.0,0.6938,2005-03-03 23:00:00
2005-03-04,00:00:00,336.0,654.0,4.3,80.9,0.6791,2005-03-04 00:00:00
2005-03-04,01:00:00,347.0,680.0,4.1,81.2,0.6721,2005-03-04 01:00:00
2005-03-04,02:00:00,241.0,765.0,3.9,80.9,0.6613,2005-03-04 02:00:00
2005-03-04,03:00:00,114.57692307692308,891.0,4.5,70.6,0.6004,2005-03-04 03:00:00
2005-03-04,04:00:00,96.0,1134.0,4.5,65.1,0.5547,2005-03-04 04:00:00
2005-03-04,05:00:00,147.0,925.0,4.0,75.2,0.6161,2005-03-04 05:00:00
2005-03-04,06:00:00,210.0,833.0,3.7,76.4,0.6164,2005-03-04 06:00:00
2005-03-04,07:00:00,409.0,682.0,3.1,77.3,0.5985,2005-03-04 07:00:00
2005-03-04,08:00:00,719.0,506.0,3.7,74.4,0.5992,2005-03-04 08:00:00
2005-03-04,09:00:00,959.0,399.0,5.0,69.4,0.6118,2005-03-04 09:00:00
2005-03-04,10:00:00,744.0,524.0,6.5,60.9,0.5919,2005-03-04 10:00:00
2005-03-04,11:00:00,583.0,533.0,7.6,59.8,0.6245,2005-03-04 11:00:00
2005-03-04,12:00:00,597.0,537.0,8.6,57.6,0.6471,2005-03-04 12:00:00
2005-03-04,13:00:00,550.0,507.0,10.9,52.4,0.6826,2005-03-04 13:00:00
2005-03-04,14:00:00,499.0,515.0,12.3,48.3,0.6871,2005-03-04 14:00:00
2005-03-04,15:00:00,470.0,525.0,12.5,43.4,0.6298,2005-03-04 15:00:00
2005-03-04,16:00:00,568.0,521.0,11.9,42.3,0.5902,2005-03-04 16:00:00
2005-03-04,17:00:00,525.0,544.0,12.3,41.2,0.5867,2005-03-04 17:00:00
2005-03-04,18:00:00,481.0,575.0,10.8,48.1,0.6235,2005-03-04 18:00:00
2005-03-04,19:00:00,414.0,558.0,8.9,52.5,0.5996,2005-03-04 19:00:00
2005-03-04,20:00:00,565.0,514.0,8.4,54.7,0.6057,2005-03-04 20:00:00
2005-03-04,21:00:00,303.0,710.0,7.5,58.7,0.6112,2005-03-04 21:00:00
2005-03-04,22:00:00,221.0,820.0,6.9,60.0,0.5977,2005-03-04 22:00:00
2005-03-04,23:00:00,260.0,759.0,6.6,61.3,0.5995,2005-03-04 23:00:00
2005-03-05,00:00:00,327.0,768.0,6.3,59.8,0.5761,2005-03-05 00:00:00
2005-03-05,01:00:00,344.0,715.0,5.4,65.8,0.5935,2005-03-05 01:00:00
2005-03-05,02:00:00,270.0,848.0,5.8,59.6,0.5523,2005-03-05 02:00:00
2005-03-05,03:00:00,114.57692307692308,789.0,4.9,62.6,0.5477,2005-03-05 03:00:00
2005-03-05,04:00:00,191.0,819.0,4.4,63.9,0.5385,2005-03-05 04:00:00
2005-03-05,05:00:00,136.0,889.0,4.2,62.5,0.5191,2005-03-05 05:00:00
2005-03-05,06:00:00,194.0,810.0,3.1,68.6,0.5302,2005-03-05 06:00:00
2005-03-05,07:00:00,168.0,1082.0,4.6,54.6,0.4682,2005-03-05 07:00:00
2005-03-05,08:00:00,254.0,842.0,5.0,54.5,0.4788,2005-03-05 08:00:00
2005-03-05,09:00:00,410.0,701.0,7.0,48.1,0.4847,2005-03-05 09:00:00
2005-03-05,10:00:00,166.0,957.0,10.0,37.7,0.4643,2005-03-05 10:00:00
2005-03-05,11:00:00,162.0,870.0,13.0,30.3,0.452,2005-03-05 11:00:00
2005-03-05,12:00:00,188.0,830.0,14.0,28.1,0.4476,2005-03-05 12:00:00
2005-03-05,13:00:00,199.0,787.0,13.3,28.9,0.4399,2005-03-05 13:00:00
2005-03-05,14:00:00,272.0,724.0,13.4,29.0,0.4436,2005-03-05 14:00:00
2005-03-05,15:00:00,180.0,820.0,13.5,28.3,0.4374,2005-03-05 15:00:00
2005-03-05,16:00:00,255.0,751.0,13.0,29.7,0.442,2005-03-05 16:00:00
2005-03-05,17:00:00,251.0,721.0,11.6,38.7,0.5271,2005-03-05 17:00:00
2005-03-05,18:00:00,258.0,695.0,8.6,56.3,0.6312,2005-03-05 18:00:00
2005-03-05,19:00:00,344.0,654.0,8.5,57.9,0.6435,2005-03-05 19:00:00
2005-03-05,20:00:00,380.0,622.0,7.8,63.4,0.6735,2005-03-05 20:00:00
2005-03-05,21:00:00,464.0,635.0,7.2,69.5,0.7084,2005-03-05 21:00:00
2005-03-05,22:00:00,304.0,697.0,6.5,74.7,0.7248,2005-03-05 22:00:00
2005-03-05,23:00:00,258.0,707.0,6.5,73.9,0.7224,2005-03-05 23:00:00
2005-03-06,00:00:00,358.0,665.0,6.8,72.1,0.7143,2005-03-06 00:00:00
2005-03-06,01:00:00,278.0,842.0,7.0,60.0,0.6055,2005-03-06 01:00:00
2005-03-06,02:00:00,116.0,1088.0,7.2,47.8,0.487,2005-03-06 02:00:00
2005-03-06,03:00:00,114.57692307692308,1166.0,7.2,47.3,0.483,2005-03-06 03:00:00
2005-03-06,04:00:00,60.0,1203.0,6.8,52.9,0.5245,2005-03-06 04:00:00
2005-03-06,05:00:00,51.0,1285.0,5.8,65.0,0.6029,2005-03-06 05:00:00
2005-03-06,06:00:00,33.0,1433.0,5.8,59.4,0.5502,2005-03-06 06:00:00
2005-03-06,07:00:00,80.0,1246.0,5.5,58.3,0.529,2005-03-06 07:00:00
2005-03-06,08:00:00,103.0,1219.0,5.9,54.8,0.5119,2005-03-06 08:00:00
2005-03-06,09:00:00,93.0,1148.0,7.3,48.7,0.5007,2005-03-06 09:00:00
2005-03-06,10:00:00,108.0,1162.0,9.4,39.9,0.4707,2005-03-06 10:00:00
2005-03-06,11:00:00,107.0,1081.0,11.2,33.8,0.449,2005-03-06 11:00:00
2005-03-06,12:00:00,122.0,1055.0,12.3,29.9,0.4255,2005-03-06 12:00:00
2005-03-06,13:00:00,122.0,1002.0,14.8,23.7,0.3945,2005-03-06 13:00:00
2005-03-06,14:00:00,156.0,830.0,13.1,26.6,0.399,2005-03-06 14:00:00
2005-03-06,15:00:00,246.0,609.0,13.3,25.7,0.3914,2005-03-06 15:00:00
2005-03-06,16:00:00,205.0,912.0,12.0,27.7,0.3885,2005-03-06 16:00:00
2005-03-06,17:00:00,257.0,839.0,11.5,30.1,0.4067,2005-03-06 17:00:00
2005-03-06,18:00:00,228.0,735.0,10.1,33.2,0.4115,2005-03-06 18:00:00
2005-03-06,19:00:00,321.0,797.0,8.6,38.1,0.4282,2005-03-06 19:00:00
2005-03-06,20:00:00,270.0,834.0,8.0,41.2,0.4433,2005-03-06 20:00:00
2005-03-06,21:00:00,203.0,879.0,7.5,43.8,0.4551,2005-03-06 21:00:00
2005-03-06,22:00:00,201.0,918.0,6.8,46.9,0.465,2005-03-06 22:00:00
2005-03-06,23:00:00,207.0,883.0,6.1,46.3,0.4394,2005-03-06 23:00:00
2005-03-07,00:00:00,180.0,939.0,5.6,45.5,0.4187,2005-03-07 00:00:00
2005-03-07,01:00:00,140.0,960.0,5.4,48.8,0.4393,2005-03-07 01:00:00
2005-03-07,02:00:00,93.0,1080.0,5.1,51.2,0.4534,2005-03-07 02:00:00
2005-03-07,03:00:00,114.57692307692308,1311.0,5.3,51.0,0.4563,2005-03-07 03:00:00
2005-03-07,04:00:00,35.0,1490.0,5.2,57.2,0.5094,2005-03-07 04:00:00
2005-03-07,05:00:00,47.0,1359.0,4.5,63.1,0.5381,2005-03-07 05:00:00
2005-03-07,06:00:00,68.0,1312.0,5.2,54.5,0.486,2005-03-07 06:00:00
2005-03-07,07:00:00,131.0,1099.0,5.6,51.3,0.4712,2005-03-07 07:00:00
2005-03-07,08:00:00,289.0,812.0,5.9,45.4,0.4244,2005-03-07 08:00:00
2005-03-07,09:00:00,322.0,755.0,6.9,41.3,0.4145,2005-03-07 09:00:00
2005-03-07,10:00:00,330.0,839.0,8.6,34.2,0.3834,2005-03-07 10:00:00
2005-03-07,11:00:00,339.0,912.0,9.6,27.7,0.3308,2005-03-07 11:00:00
2005-03-07,12:00:00,316.0,911.0,10.6,25.3,0.3224,2005-03-07 12:00:00
2005-03-07,13:00:00,218.0,921.0,10.2,25.6,0.3181,2005-03-07 13:00:00
2005-03-07,14:00:00,177.0,919.0,10.0,25.2,0.3079,2005-03-07 14:00:00
2005-03-07,15:00:00,278.0,913.0,9.7,25.7,0.3088,2005-03-07 15:00:00
2005-03-07,16:00:00,313.0,886.0,9.7,26.8,0.3226,2005-03-07 16:00:00
2005-03-07,17:00:00,351.0,825.0,9.4,27.3,0.3216,2005-03-07 17:00:00
2005-03-07,18:00:00,374.0,726.0,7.9,28.0,0.2999,2005-03-07 18:00:00
2005-03-07,19:00:00,431.0,621.0,6.9,30.7,0.3066,2005-03-07 19:00:00
2005-03-07,20:00:00,468.0,600.0,6.1,33.3,0.3152,2005-03-07 20:00:00
2005-03-07,21:00:00,368.0,720.0,5.0,37.4,0.329,2005-03-07 21:00:00
2005-03-07,22:00:00,239.0,861.0,4.2,40.9,0.3417,2005-03-07 22:00:00
2005-03-07,23:00:00,292.0,781.0,3.9,43.5,0.3538,2005-03-07 23:00:00
2005-03-08,00:00:00,205.0,860.0,3.0,47.7,0.3658,2005-03-08 00:00:00
2005-03-08,01:00:00,255.0,799.0,2.5,52.1,0.3855,2005-03-08 01:00:00
2005-03-08,02:00:00,220.0,920.0,2.0,53.5,0.3831,2005-03-08 02:00:00
2005-03-08,03:00:00,114.57692307692308,1040.0,1.0,56.7,0.3803,2005-03-08 03:00:00
2005-03-08,04:00:00,114.0,1054.0,0.5,59.4,0.3841,2005-03-08 04:00:00
2005-03-08,05:00:00,153.0,1035.0,1.4,56.8,0.3903,2005-03-08 05:00:00
2005-03-08,06:00:00,224.0,949.0,0.9,58.4,0.388,2005-03-08 06:00:00
2005-03-08,07:00:00,295.0,817.0,0.3,61.0,0.3881,2005-03-08 07:00:00
2005-03-08,08:00:00,667.0,558.0,0.9,59.1,0.3913,2005-03-08 08:00:00
2005-03-08,09:00:00,867.0,449.0,4.1,47.9,0.3959,2005-03-08 09:00:00
2005-03-08,10:00:00,666.0,554.0,7.7,34.6,0.3652,2005-03-08 10:00:00
2005-03-08,11:00:00,595.0,650.0,10.9,25.7,0.3341,2005-03-08 11:00:00
2005-03-08,12:00:00,421.0,797.0,13.7,17.4,0.2715,2005-03-08 12:00:00
2005-03-08,13:00:00,292.0,780.0,14.0,16.8,0.2672,2005-03-08 13:00:00
2005-03-08,14:00:00,308.0,705.0,14.1,17.0,0.2729,2005-03-08 14:00:00
2005-03-08,15:00:00,347.0,732.0,15.0,15.8,0.2678,2005-03-08 15:00:00
2005-03-08,16:00:00,377.0,739.0,16.5,14.9,0.2775,2005-03-08 16:00:00
2005-03-08,17:00:00,325.0,729.0,15.8,16.7,0.2972,2005-03-08 17:00:00
2005-03-08,18:00:00,508.0,581.0,13.2,23.9,0.3597,2005-03-08 18:00:00
2005-03-08,19:00:00,768.0,487.0,11.0,33.8,0.4436,2005-03-08 19:00:00
2005-03-08,20:00:00,764.0,466.0,9.5,39.0,0.4644,2005-03-08 20:00:00
2005-03-08,21:00:00,500.0,600.0,8.5,42.4,0.4716,2005-03-08 21:00:00
2005-03-08,22:00:00,463.0,687.0,7.5,44.0,0.4564,2005-03-08 22:00:00
2005-03-08,23:00:00,258.0,785.0,6.6,46.0,0.4505,2005-03-08 23:00:00
2005-03-09,00:00:00,214.0,795.0,5.5,49.6,0.4526,2005-03-09 00:00:00
2005-03-09,01:00:00,191.0,821.0,4.9,52.2,0.4567,2005-03-09 01:00:00
2005-03-09,02:00:00,154.0,889.0,4.6,53.5,0.4584,2005-03-09 02:00:00
2005-03-09,03:00:00,114.57692307692308,985.0,4.7,53.1,0.4589,2005-03-09 03:00:00
2005-03-09,04:00:00,113.0,969.0,3.8,56.8,0.4614,2005-03-09 04:00:00
2005-03-09,05:00:00,167.0,902.0,2.3,63.5,0.463,2005-03-09 05:00:00
2005-03-09,06:00:00,235.0,851.0,2.0,64.9,0.4657,2005-03-09 06:00:00
2005-03-09,07:00:00,372.0,708.0,2.0,65.3,0.4688,2005-03-09 07:00:00
2005-03-09,08:00:00,877.0,490.0,3.3,61.6,0.4829,2005-03-09 08:00:00
2005-03-09,09:00:00,900.0,419.0,5.7,52.5,0.4851,2005-03-09 09:00:00
2005-03-09,10:00:00,733.0,504.0,8.3,43.5,0.4774,2005-03-09 10:00:00
2005-03-09,11:00:00,691.0,549.0,10.5,38.9,0.4926,2005-03-09 11:00:00
2005-03-09,12:00:00,457.0,593.0,14.5,33.4,0.5488,2005-03-09 12:00:00
2005-03-09,13:00:00,369.0,573.0,15.7,34.6,0.6147,2005-03-09 13:00:00
2005-03-09,14:00:00,285.0,589.0,16.1,36.3,0.6593,2005-03-09 14:00:00
2005-03-09,15:00:00,279.0,612.0,17.3,34.5,0.6728,2005-03-09 15:00:00
2005-03-09,16:00:00,198.0,638.0,17.6,34.1,0.6781,2005-03-09 16:00:00
2005-03-09,17:00:00,229.0,592.0,18.0,33.1,0.6779,2005-03-09 17:00:00
2005-03-09,18:00:00,477.0,476.0,14.6,41.0,0.6792,2005-03-09 18:00:00
2005-03-09,19:00:00,679.0,407.0,12.8,46.2,0.6794,2005-03-09 19:00:00
2005-03-09,20:00:00,682.0,407.0,11.5,53.9,0.7312,2005-03-09 20:00:00
2005-03-09,21:00:00,679.0,458.0,10.6,58.8,0.7512,2005-03-09 21:00:00
2005-03-09,22:00:00,298.0,671.0,9.7,60.0,0.7238,2005-03-09 22:00:00
2005-03-09,23:00:00,265.0,670.0,8.3,64.2,0.7071,2005-03-09 23:00:00
2005-03-10,00:00:00,196.0,705.0,7.8,65.5,0.6961,2005-03-10 00:00:00
2005-03-10,01:00:00,155.0,767.0,7.5,65.9,0.6868,2005-03-10 01:00:00
2005-03-10,02:00:00,131.0,801.0,6.1,72.1,0.6847,2005-03-10 02:00:00
2005-03-10,03:00:00,114.57692307692308,784.0,4.6,78.2,0.6684,2005-03-10 03:00:00
2005-03-10,04:00:00,165.0,838.0,4.0,80.9,0.667,2005-03-10 04:00:00
2005-03-10,05:00:00,169.0,874.0,4.2,79.1,0.6611,2005-03-10 05:00:00
2005-03-10,06:00:00,224.0,852.0,5.3,73.2,0.6577,2005-03-10 06:00:00
2005-03-10,07:00:00,249.0,720.0,4.3,76.1,0.6395,2005-03-10 07:00:00
2005-03-10,08:00:00,863.0,457.0,4.8,74.6,0.647,2005-03-10 08:00:00
2005-03-10,09:00:00,665.0,439.0,7.5,64.5,0.6702,2005-03-10 09:00:00
2005-03-10,10:00:00,670.0,511.0,11.7,49.3,0.6772,2005-03-10 10:00:00
2005-03-10,11:00:00,500.0,549.0,14.7,41.2,0.6857,2005-03-10 11:00:00
2005-03-10,12:00:00,428.0,578.0,17.4,33.2,0.6535,2005-03-10 12:00:00
2005-03-10,13:00:00,253.2882882882883,612.0,18.8,26.2,0.5637,2005-03-10 13:00:00
2005-03-10,14:00:00,306.0,692.0,19.1,18.1,0.3955,2005-03-10 14:00:00
2005-03-10,15:00:00,334.0,705.0,19.5,15.3,0.3431,2005-03-10 15:00:00
2005-03-10,16:00:00,268.0,821.0,20.2,14.4,0.337,2005-03-10 16:00:00
2005-03-10,17:00:00,284.0,721.0,19.8,16.0,0.3632,2005-03-10 17:00:00
2005-03-10,18:00:00,393.0,593.0,16.5,21.6,0.4012,2005-03-10 18:00:00
2005-03-10,19:00:00,603.0,531.0,14.5,18.3,0.2996,2005-03-10 19:00:00
2005-03-10,20:00:00,757.0,497.0,12.8,22.8,0.3364,2005-03-10 20:00:00
2005-03-10,21:00:00,684.0,547.0,11.5,35.9,0.4862,2005-03-10 21:00:00
2005-03-10,22:00:00,426.0,705.0,9.5,34.6,0.411,2005-03-10 22:00:00
2005-03-10,23:00:00,254.0,806.0,8.3,38.2,0.4203,2005-03-10 23:00:00
2005-03-11,00:00:00,227.0,786.0,7.7,41.7,0.4387,2005-03-11 00:00:00
2005-03-11,01:00:00,221.0,798.0,6.8,44.9,0.4472,2005-03-11 01:00:00
2005-03-11,02:00:00,155.0,905.0,5.7,49.4,0.4551,2005-03-11 02:00:00
2005-03-11,03:00:00,120.0,968.0,5.7,50.1,0.4629,2005-03-11 03:00:00
2005-03-11,04:00:00,134.0,923.0,4.4,56.4,0.4761,2005-03-11 04:00:00
2005-03-11,05:00:00,128.0,999.0,4.9,55.2,0.4807,2005-03-11 05:00:00
2005-03-11,06:00:00,148.0,985.0,4.5,56.3,0.48,2005-03-11 06:00:00
2005-03-11,07:00:00,233.0,833.0,3.8,59.7,0.4839,2005-03-11 07:00:00
2005-03-11,08:00:00,470.0,563.0,4.3,58.6,0.4915,2005-03-11 08:00:00
2005-03-11,09:00:00,679.0,445.0,7.1,50.0,0.5067,2005-03-11 09:00:00
2005-03-11,10:00:00,796.0,483.0,11.1,38.4,0.5066,2005-03-11 10:00:00
2005-03-11,11:00:00,812.0,550.5,14.149999999999999,34.5,0.5507500000000001,2005-03-11 11:00:00
2005-03-11,12:00:00,339.0,618.0,17.2,30.6,0.5949,2005-03-11 12:00:00
2005-03-11,13:00:00,354.0,551.0,17.8,33.3,0.6741,2005-03-11 13:00:00
2005-03-11,14:00:00,466.0,508.0,18.8,31.8,0.6853,2005-03-11 14:00:00
2005-03-11,15:00:00,417.0,544.0,19.3,29.9,0.6604,2005-03-11 15:00:00
2005-03-11,16:00:00,289.0,585.0,18.8,31.5,0.6752,2005-03-11 16:00:00
2005-03-11,17:00:00,324.0,601.0,18.2,28.1,0.5817,2005-03-11 17:00:00
2005-03-11,18:00:00,376.0,533.0,16.0,35.3,0.6356,2005-03-11 18:00:00
2005-03-11,19:00:00,619.0,428.0,13.8,43.6,0.6825,2005-03-11 19:00:00
2005-03-11,20:00:00,689.0,435.0,12.9,48.8,0.725,2005-03-11 20:00:00
2005-03-11,21:00:00,582.0,553.0,12.8,49.3,0.7277,2005-03-11 21:00:00
2005-03-11,22:00:00,287.0,690.0,12.2,50.9,0.7202,2005-03-11 22:00:00
2005-03-11,23:00:00,238.0,702.0,10.6,55.9,0.7138,2005-03-11 23:00:00
2005-03-12,00:00:00,312.0,688.0,10.3,55.9,0.7014,2005-03-12 00:00:00
2005-03-12,01:00:00,231.0,765.0,10.2,55.8,0.6927,2005-03-12 01:00:00
2005-03-12,02:00:00,234.0,706.0,10.0,57.3,0.7015,2005-03-12 02:00:00
2005-03-12,03:00:00,195.0,705.0,10.2,57.9,0.7191,2005-03-12 03:00:00
2005-03-12,04:00:00,113.0,873.0,10.3,59.4,0.7459,2005-03-12 04:00:00
2005-03-12,05:00:00,73.0,952.0,9.8,68.9,0.8329,2005-03-12 05:00:00
2005-03-12,06:00:00,103.0,1029.0,9.2,75.3,0.8764,2005-03-12 06:00:00
2005-03-12,07:00:00,121.0,912.0,9.4,73.1,0.8621,2005-03-12 07:00:00
2005-03-12,08:00:00,132.0,807.0,10.6,66.1,0.8444,2005-03-12 08:00:00
2005-03-12,09:00:00,178.0,679.0,12.6,58.5,0.8517,2005-03-12 09:00:00
2005-03-12,10:00:00,218.0,653.0,15.0,48.6,0.8253,2005-03-12 10:00:00
2005-03-12,11:00:00,246.0,646.0,14.2,51.5,0.8313,2005-03-12 11:00:00
2005-03-12,12:00:00,252.0,678.0,15.1,48.6,0.8266,2005-03-12 12:00:00
2005-03-12,13:00:00,208.0,702.0,18.0,35.4,0.7233,2005-03-12 13:00:00
2005-03-12,14:00:00,219.0,640.0,17.9,35.3,0.7184,2005-03-12 14:00:00
2005-03-12,15:00:00,160.0,765.0,17.7,35.0,0.7014,2005-03-12 15:00:00
2005-03-12,16:00:00,191.0,699.0,17.6,35.5,0.7065,2005-03-12 16:00:00
2005-03-12,17:00:00,270.0,648.0,17.5,34.1,0.6775,2005-03-12 17:00:00
2005-03-12,18:00:00,285.0,622.0,15.6,40.0,0.7018,2005-03-12 18:00:00
2005-03-12,19:00:00,289.0,641.0,14.0,47.8,0.7582,2005-03-12 19:00:00
2005-03-12,20:00:00,550.0,522.0,13.2,51.4,0.776,2005-03-12 20:00:00
2005-03-12,21:00:00,679.0,536.0,12.0,56.1,0.7832,2005-03-12 21:00:00
2005-03-12,22:00:00,314.0,699.0,11.6,54.7,0.7454,2005-03-12 22:00:00
2005-03-12,23:00:00,166.0,783.0,12.0,53.3,0.7472,2005-03-12 23:00:00
2005-03-13,00:00:00,157.0,892.0,12.5,55.4,0.7999,2005-03-13 00:00:00
2005-03-13,01:00:00,173.0,860.0,12.3,56.0,0.7958,2005-03-13 01:00:00
2005-03-13,02:00:00,184.0,819.0,12.4,53.4,0.7669,2005-03-13 02:00:00
2005-03-13,03:00:00,93.0,942.0,12.7,51.8,0.7574,2005-03-13 03:00:00
2005-03-13,04:00:00,85.0,902.0,13.2,49.7,0.7503,2005-03-13 04:00:00
2005-03-13,05:00:00,79.0,928.0,12.3,55.9,0.7966,2005-03-13 05:00:00
2005-03-13,06:00:00,55.0,1184.0,13.3,50.1,0.7624,2005-03-13 06:00:00
2005-03-13,07:00:00,98.0,1063.0,12.3,51.8,0.7384,2005-03-13 07:00:00
2005-03-13,08:00:00,190.0,909.0,12.9,50.4,0.7448,2005-03-13 08:00:00
2005-03-13,09:00:00,166.0,861.0,12.9,49.9,0.7406,2005-03-13 09:00:00
2005-03-13,10:00:00,260.0,711.0,13.9,47.3,0.7479,2005-03-13 10:00:00
2005-03-13,11:00:00,362.0,607.0,13.5,51.6,0.7931,2005-03-13 11:00:00
2005-03-13,12:00:00,415.0,535.0,13.2,56.2,0.8499,2005-03-13 12:00:00
2005-03-13,13:00:00,358.0,570.0,14.2,57.8,0.9292,2005-03-13 13:00:00
2005-03-13,14:00:00,170.0,803.0,17.2,46.2,0.8989,2005-03-13 14:00:00
2005-03-13,15:00:00,130.0,855.0,19.9,36.6,0.8406,2005-03-13 15:00:00
2005-03-13,16:00:00,177.0,742.0,19.7,37.1,0.8399,2005-03-13 16:00:00
2005-03-13,17:00:00,233.0,710.0,19.0,37.4,0.8122,2005-03-13 17:00:00
2005-03-13,18:00:00,282.0,642.0,16.4,43.5,0.8055,2005-03-13 18:00:00
2005-03-13,19:00:00,583.0,469.0,15.1,49.8,0.8458,2005-03-13 19:00:00
2005-03-13,20:00:00,566.0,525.0,14.8,51.0,0.8507,2005-03-13 20:00:00
2005-03-13,21:00:00,323.0,665.0,14.6,51.6,0.8508,2005-03-13 21:00:00
2005-03-13,22:00:00,318.0,613.0,13.7,52.1,0.8121,2005-03-13 22:00:00
2005-03-13,23:00:00,336.0,649.0,13.2,55.6,0.8412,2005-03-13 23:00:00
2005-03-14,00:00:00,196.0,787.0,13.2,55.9,0.8465,2005-03-14 00:00:00
2005-03-14,01:00:00,193.0,733.0,11.7,62.1,0.8535,2005-03-14 01:00:00
2005-03-14,02:00:00,192.0,705.0,9.9,68.9,0.8388,2005-03-14 02:00:00
2005-03-14,03:00:00,147.0,761.0,9.8,68.0,0.8227,2005-03-14 03:00:00
2005-03-14,04:00:00,122.0,845.0,8.9,71.9,0.8202,2005-03-14 04:00:00
2005-03-14,05:00:00,117.0,824.0,8.4,74.5,0.8241,2005-03-14 05:00:00
2005-03-14,06:00:00,201.0,735.0,9.2,71.0,0.8299,2005-03-14 06:00:00
2005-03-14,07:00:00,318.0,634.0,9.9,67.6,0.8239,2005-03-14 07:00:00
2005-03-14,08:00:00,658.0,481.0,10.8,64.4,0.8328,2005-03-14 08:00:00
2005-03-14,09:00:00,680.0,411.0,11.7,61.7,0.8483,2005-03-14 09:00:00
2005-03-14,10:00:00,497.0,572.0,13.7,51.9,0.8106,2005-03-14 10:00:00
2005-03-14,11:00:00,290.0,707.0,16.3,43.5,0.7988,2005-03-14 11:00:00
2005-03-14,12:00:00,230.0,681.0,17.9,38.8,0.7883,2005-03-14 12:00:00
2005-03-14,13:00:00,215.0,670.0,19.3,35.5,0.7876,2005-03-14 13:00:00
2005-03-14,14:00:00,226.0,646.0,20.1,32.9,0.7672,2005-03-14 14:00:00
2005-03-14,15:00:00,240.0,660.0,20.0,33.0,0.7625,2005-03-14 15:00:00
2005-03-14,16:00:00,391.0,597.0,20.2,32.2,0.7526,2005-03-14 16:00:00
2005-03-14,17:00:00,492.0,540.0,18.9,34.4,0.7436,2005-03-14 17:00:00
2005-03-14,18:00:00,700.0,416.0,17.9,37.6,0.7624,2005-03-14 18:00:00
2005-03-14,19:00:00,782.0,371.0,16.7,43.4,0.8168,2005-03-14 19:00:00
2005-03-14,20:00:00,728.0,378.0,15.9,47.9,0.8573,2005-03-14 20:00:00
2005-03-14,21:00:00,510.0,502.0,15.3,52.6,0.906,2005-03-14 21:00:00
2005-03-14,22:00:00,308.0,597.0,13.7,58.5,0.9146,2005-03-14 22:00:00
2005-03-14,23:00:00,248.0,631.0,12.7,62.8,0.9198,2005-03-14 23:00:00
2005-03-15,00:00:00,233.0,721.0,12.2,65.0,0.9193,2005-03-15 00:00:00
2005-03-15,01:00:00,96.0,947.0,13.0,61.2,0.9105,2005-03-15 01:00:00
2005-03-15,02:00:00,90.0,933.0,11.1,66.1,0.8738,2005-03-15 02:00:00
2005-03-15,03:00:00,95.0,931.0,10.1,69.8,0.8619,2005-03-15 03:00:00
2005-03-15,04:00:00,68.0,1048.0,11.6,61.0,0.8299,2005-03-15 04:00:00
2005-03-15,05:00:00,75.0,1049.0,10.1,64.5,0.7968,2005-03-15 05:00:00
2005-03-15,06:00:00,145.0,867.0,9.3,67.9,0.7969,2005-03-15 06:00:00
2005-03-15,07:00:00,185.0,760.0,10.1,64.3,0.7934,2005-03-15 07:00:00
2005-03-15,08:00:00,506.0,495.0,10.4,62.7,0.7909,2005-03-15 08:00:00
2005-03-15,09:00:00,485.0,434.0,13.0,53.9,0.8036,2005-03-15 09:00:00
2005-03-15,10:00:00,684.0,466.0,16.4,44.6,0.8242,2005-03-15 10:00:00
2005-03-15,11:00:00,562.0,508.0,19.1,36.7,0.8044,2005-03-15 11:00:00
2005-03-15,12:00:00,357.0,577.0,21.0,30.6,0.7508,2005-03-15 12:00:00
2005-03-15,13:00:00,306.0,590.0,22.1,27.6,0.7254,2005-03-15 13:00:00
2005-03-15,14:00:00,292.0,608.0,22.2,25.5,0.6752,2005-03-15 14:00:00
2005-03-15,15:00:00,305.0,620.0,23.6,23.2,0.6665,2005-03-15 15:00:00
2005-03-15,16:00:00,386.0,578.0,23.6,22.9,0.6571,2005-03-15 16:00:00
2005-03-15,17:00:00,408.0,552.0,22.8,24.6,0.6736,2005-03-15 17:00:00
2005-03-15,18:00:00,521.0,464.0,20.3,29.7,0.6973,2005-03-15 18:00:00
2005-03-15,19:00:00,766.0,381.0,18.0,36.0,0.7345,2005-03-15 19:00:00
2005-03-15,20:00:00,841.0,346.0,16.4,41.9,0.7759,2005-03-15 20:00:00
2005-03-15,21:00:00,754.0,435.0,14.9,47.6,0.8003,2005-03-15 21:00:00
2005-03-15,22:00:00,350.0,613.0,13.8,49.6,0.7793,2005-03-15 22:00:00
2005-03-15,23:00:00,244.0,674.0,13.2,51.6,0.7765,2005-03-15 23:00:00
2005-03-16,00:00:00,221.0,694.0,11.8,56.9,0.7836,2005-03-16 00:00:00
2005-03-16,01:00:00,183.0,768.0,11.4,58.0,0.7818,2005-03-16 01:00:00
2005-03-16,02:00:00,166.0,823.0,11.3,58.0,0.7742,2005-03-16 02:00:00
2005-03-16,03:00:00,133.0,904.0,10.7,59.6,0.7673,2005-03-16 03:00:00
2005-03-16,04:00:00,147.0,942.0,9.0,65.4,0.7532,2005-03-16 04:00:00
2005-03-16,05:00:00,119.0,967.0,8.0,68.9,0.7402,2005-03-16 05:00:00
2005-03-16,06:00:00,179.0,830.0,7.5,70.9,0.7358,2005-03-16 06:00:00
2005-03-16,07:00:00,178.0,823.0,7.6,69.2,0.7238,2005-03-16 07:00:00
2005-03-16,08:00:00,390.0,588.0,8.7,64.3,0.7257,2005-03-16 08:00:00
2005-03-16,09:00:00,579.0,404.0,11.7,54.3,0.7459,2005-03-16 09:00:00
2005-03-16,10:00:00,735.0,468.0,15.9,42.2,0.7553,2005-03-16 10:00:00
2005-03-16,11:00:00,568.0,509.0,19.3,34.7,0.7681,2005-03-16 11:00:00
2005-03-16,12:00:00,487.0,552.0,23.1,27.3,0.7615,2005-03-16 12:00:00
2005-03-16,13:00:00,343.0,585.0,26.1,20.8,0.6959,2005-03-16 13:00:00
2005-03-16,14:00:00,351.0,617.0,26.8,17.9,0.6249,2005-03-16 14:00:00
2005-03-16,15:00:00,417.0,533.0,28.4,16.0,0.6095,2005-03-16 15:00:00
2005-03-16,16:00:00,509.0,618.0,28.8,15.1,0.5877,2005-03-16 16:00:00
2005-03-16,17:00:00,573.0,529.0,27.9,15.6,0.5782,2005-03-16 17:00:00
2005-03-16,18:00:00,518.0,509.0,24.1,20.6,0.6075,2005-03-16 18:00:00
2005-03-16,19:00:00,641.0,420.0,21.0,28.0,0.6904,2005-03-16 19:00:00
2005-03-16,20:00:00,544.0,422.0,18.4,38.8,0.8152,2005-03-16 20:00:00
2005-03-16,21:00:00,582.0,423.0,16.9,42.9,0.8222,2005-03-16 21:00:00
2005-03-16,22:00:00,407.0,517.0,15.5,45.0,0.7895,2005-03-16 22:00:00
2005-03-16,23:00:00,327.0,553.0,14.3,49.6,0.8049,2005-03-16 23:00:00
2005-03-17,00:00:00,221.0,661.0,14.7,48.0,0.7977,2005-03-17 00:00:00
2005-03-17,01:00:00,142.0,748.0,13.3,51.4,0.7821,2005-03-17 01:00:00
2005-03-17,02:00:00,123.0,817.0,12.6,53.7,0.7793,2005-03-17 02:00:00
2005-03-17,03:00:00,106.0,921.0,11.5,56.8,0.7706,2005-03-17 03:00:00
2005-03-17,04:00:00,100.0,909.0,10.1,61.9,0.7631,2005-03-17 04:00:00
2005-03-17,05:00:00,85.0,997.0,9.8,61.8,0.7523,2005-03-17 05:00:00
2005-03-17,06:00:00,114.0,903.0,9.0,64.3,0.7417,2005-03-17 06:00:00
2005-03-17,07:00:00,299.0,669.0,7.9,68.4,0.7324,2005-03-17 07:00:00
2005-03-17,08:00:00,723.0,441.0,9.5,62.6,0.7444,2005-03-17 08:00:00
2005-03-17,09:00:00,745.0,376.0,13.2,51.0,0.7704,2005-03-17 09:00:00
2005-03-17,10:00:00,668.0,471.0,16.9,40.3,0.7717,2005-03-17 10:00:00
2005-03-17,11:00:00,571.0,567.0,20.8,31.3,0.7617,2005-03-17 11:00:00
2005-03-17,12:00:00,388.0,579.0,24.3,24.7,0.7407,2005-03-17 12:00:00
2005-03-17,13:00:00,323.0,581.0,26.7,22.6,0.7785,2005-03-17 13:00:00
2005-03-17,14:00:00,312.0,559.0,27.1,21.7,0.7636,2005-03-17 14:00:00
2005-03-17,15:00:00,320.0,574.0,28.3,17.9,0.6769,2005-03-17 15:00:00
2005-03-17,16:00:00,322.0,576.0,27.8,20.0,0.7378,2005-03-17 16:00:00
2005-03-17,17:00:00,276.0,638.0,26.2,19.4,0.6491,2005-03-17 17:00:00
2005-03-17,18:00:00,341.0,530.0,22.7,24.4,0.6661,2005-03-17 18:00:00
2005-03-17,19:00:00,531.0,459.0,20.2,29.3,0.686,2005-03-17 19:00:00
2005-03-17,20:00:00,653.0,417.0,17.3,35.2,0.6907,2005-03-17 20:00:00
2005-03-17,21:00:00,646.0,478.0,16.1,38.7,0.7023,2005-03-17 21:00:00
2005-03-17,22:00:00,333.0,611.0,14.6,44.5,0.7337,2005-03-17 22:00:00
2005-03-17,23:00:00,299.0,620.0,13.7,48.6,0.7555,2005-03-17 23:00:00
2005-03-18,00:00:00,224.0,690.0,12.4,52.2,0.7513,2005-03-18 00:00:00
2005-03-18,01:00:00,195.0,721.0,11.9,53.4,0.7414,2005-03-18 01:00:00
2005-03-18,02:00:00,209.0,740.0,10.4,58.4,0.7367,2005-03-18 02:00:00
2005-03-18,03:00:00,168.0,824.0,8.9,63.5,0.7268,2005-03-18 03:00:00
2005-03-18,04:00:00,153.0,843.0,8.2,65.9,0.7168,2005-03-18 04:00:00
2005-03-18,05:00:00,140.0,922.0,7.7,67.1,0.7074,2005-03-18 05:00:00
2005-03-18,06:00:00,184.0,841.0,7.2,68.6,0.6978,2005-03-18 06:00:00
2005-03-18,07:00:00,266.0,709.0,7.5,66.7,0.6943,2005-03-18 07:00:00
2005-03-18,08:00:00,518.0,504.0,8.7,61.6,0.696,2005-03-18 08:00:00
2005-03-18,09:00:00,681.0,380.0,12.0,51.0,0.7131,2005-03-18 09:00:00
2005-03-18,10:00:00,558.0,465.0,15.4,42.5,0.7379,2005-03-18 10:00:00
2005-03-18,11:00:00,457.0,502.0,18.8,33.5,0.7186,2005-03-18 11:00:00
2005-03-18,12:00:00,353.0,579.0,22.2,28.1,0.7426,2005-03-18 12:00:00
2005-03-18,13:00:00,313.0,550.0,24.7,25.5,0.7785,2005-03-18 13:00:00
2005-03-18,14:00:00,290.0,597.0,25.0,23.4,0.7301,2005-03-18 14:00:00
2005-03-18,15:00:00,318.0,555.0,25.9,21.9,0.7209,2005-03-18 15:00:00
2005-03-18,16:00:00,479.0,525.0,25.6,21.7,0.7039,2005-03-18 16:00:00
2005-03-18,17:00:00,494.0,525.0,25.1,21.8,0.6854,2005-03-18 17:00:00
2005-03-18,18:00:00,551.0,477.0,22.1,25.6,0.6728,2005-03-18 18:00:00
2005-03-18,19:00:00,701.0,417.0,19.1,32.5,0.7112,2005-03-18 19:00:00
2005-03-18,20:00:00,571.0,407.0,16.7,42.5,0.8002,2005-03-18 20:00:00
2005-03-18,21:00:00,643.0,456.0,15.5,48.3,0.8439,2005-03-18 21:00:00
2005-03-18,22:00:00,282.0,620.0,13.3,60.5,0.9168,2005-03-18 22:00:00
2005-03-18,23:00:00,251.0,631.0,12.1,67.6,0.9539,2005-03-18 23:00:00
2005-03-19,00:00:00,307.0,640.0,11.8,68.3,0.9432,2005-03-19 00:00:00
2005-03-19,01:00:00,282.0,646.0,11.6,68.3,0.9314,2005-03-19 01:00:00
2005-03-19,02:00:00,160.0,845.0,11.8,67.9,0.9362,2005-03-19 02:00:00
2005-03-19,03:00:00,125.0,808.0,12.3,65.8,0.9374,2005-03-19 03:00:00
2005-03-19,04:00:00,106.0,872.0,12.2,66.9,0.9496,2005-03-19 04:00:00
2005-03-19,05:00:00,111.0,846.0,12.1,67.3,0.948,2005-03-19 05:00:00
2005-03-19,06:00:00,115.0,907.0,11.8,67.1,0.9274,2005-03-19 06:00:00
2005-03-19,07:00:00,156.0,793.0,11.9,65.6,0.9129,2005-03-19 07:00:00
2005-03-19,08:00:00,320.0,555.0,12.2,65.6,0.93,2005-03-19 08:00:00
2005-03-19,09:00:00,380.0,517.0,12.8,64.4,0.9448,2005-03-19 09:00:00
2005-03-19,10:00:00,371.0,543.0,13.4,62.0,0.9498,2005-03-19 10:00:00
2005-03-19,11:00:00,343.0,560.0,14.5,57.0,0.9333,2005-03-19 11:00:00
2005-03-19,12:00:00,297.0,584.0,15.8,51.3,0.9144,2005-03-19 12:00:00
2005-03-19,13:00:00,281.0,593.0,17.5,46.0,0.9104,2005-03-19 13:00:00
2005-03-19,14:00:00,220.0,652.0,19.5,40.2,0.901,2005-03-19 14:00:00
2005-03-19,15:00:00,174.0,712.0,21.2,35.9,0.8943,2005-03-19 15:00:00
2005-03-19,16:00:00,260.0,617.0,21.7,35.1,0.8993,2005-03-19 16:00:00
2005-03-19,17:00:00,222.0,696.0,20.5,38.4,0.9161,2005-03-19 17:00:00
2005-03-19,18:00:00,266.0,614.0,18.2,45.9,0.9488,2005-03-19 18:00:00
2005-03-19,19:00:00,387.0,507.0,16.2,53.0,0.9722,2005-03-19 19:00:00
2005-03-19,20:00:00,425.0,477.0,15.0,57.6,0.9777,2005-03-19 20:00:00
2005-03-19,21:00:00,484.0,552.0,14.1,60.8,0.9716,2005-03-19 21:00:00
2005-03-19,22:00:00,325.0,618.0,13.2,65.6,0.9882,2005-03-19 22:00:00
2005-03-19,23:00:00,257.0,589.0,13.5,63.8,0.9797,2005-03-19 23:00:00
2005-03-20,00:00:00,273.0,636.0,13.6,63.4,0.9794,2005-03-20 00:00:00
2005-03-20,01:00:00,276.0,669.0,13.6,63.5,0.9857,2005-03-20 01:00:00
2005-03-20,02:00:00,202.0,736.0,13.4,64.8,0.988,2005-03-20 02:00:00
2005-03-20,03:00:00,132.0,788.0,13.2,64.8,0.9801,2005-03-20 03:00:00
2005-03-20,04:00:00,85.0,848.0,13.0,65.3,0.9704,2005-03-20 04:00:00
2005-03-20,05:00:00,87.0,851.0,12.6,65.9,0.9583,2005-03-20 05:00:00
2005-03-20,06:00:00,70.0,966.0,13.1,64.0,0.9591,2005-03-20 06:00:00
2005-03-20,07:00:00,113.0,859.0,12.4,66.2,0.95,2005-03-20 07:00:00
2005-03-20,08:00:00,112.0,888.0,13.3,62.4,0.946,2005-03-20 08:00:00
2005-03-20,09:00:00,140.0,778.0,14.0,59.7,0.9491,2005-03-20 09:00:00
2005-03-20,10:00:00,214.0,651.0,15.4,54.0,0.9385,2005-03-20 10:00:00
2005-03-20,11:00:00,334.0,581.0,17.0,47.5,0.9146,2005-03-20 11:00:00
2005-03-20,12:00:00,203.0,763.0,18.6,42.6,0.904,2005-03-20 12:00:00
2005-03-20,13:00:00,163.0,796.0,21.5,35.0,0.8886,2005-03-20 13:00:00
2005-03-20,14:00:00,110.0,912.0,21.3,35.6,0.8924,2005-03-20 14:00:00
2005-03-20,15:00:00,107.0,830.0,23.1,32.1,0.8973,2005-03-20 15:00:00
2005-03-20,16:00:00,135.0,786.0,22.1,34.5,0.9035,2005-03-20 16:00:00
2005-03-20,17:00:00,187.0,715.0,21.5,35.7,0.905,2005-03-20 17:00:00
2005-03-20,18:00:00,240.0,660.0,19.3,41.6,0.923,2005-03-20 18:00:00
2005-03-20,19:00:00,398.0,535.0,17.3,47.8,0.9363,2005-03-20 19:00:00
2005-03-20,20:00:00,585.0,492.0,16.0,54.9,0.9934,2005-03-20 20:00:00
2005-03-20,21:00:00,590.0,534.0,15.6,58.0,1.0197,2005-03-20 21:00:00
2005-03-20,22:00:00,295.0,679.0,14.8,61.3,1.025,2005-03-20 22:00:00
2005-03-20,23:00:00,209.0,711.0,13.8,63.4,0.9916,2005-03-20 23:00:00
2005-03-21,00:00:00,183.0,697.0,13.1,66.1,0.9913,2005-03-21 00:00:00
2005-03-21,01:00:00,177.0,716.0,13.3,66.4,1.0128,2005-03-21 01:00:00
2005-03-21,02:00:00,126.0,794.0,13.3,67.0,1.0207,2005-03-21 02:00:00
2005-03-21,03:00:00,100.0,845.0,13.1,68.6,1.0288,2005-03-21 03:00:00
2005-03-21,04:00:00,83.0,902.0,12.2,72.4,1.0224,2005-03-21 04:00:00
2005-03-21,05:00:00,84.0,944.0,11.6,73.8,1.0054,2005-03-21 05:00:00
2005-03-21,06:00:00,113.0,831.0,12.9,67.5,0.999,2005-03-21 06:00:00
2005-03-21,07:00:00,270.0,660.0,12.8,68.0,1.0023,2005-03-21 07:00:00
2005-03-21,08:00:00,487.0,459.0,13.5,63.9,0.9875,2005-03-21 08:00:00
2005-03-21,09:00:00,723.0,345.0,14.7,59.8,0.9928,2005-03-21 09:00:00
2005-03-21,10:00:00,614.0,487.0,15.9,56.6,1.0147,2005-03-21 10:00:00
2005-03-21,11:00:00,395.0,545.0,18.3,49.4,1.0264,2005-03-21 11:00:00
2005-03-21,12:00:00,310.0,621.0,19.8,44.2,1.0091,2005-03-21 12:00:00
2005-03-21,13:00:00,259.0,636.0,21.6,39.6,1.009,2005-03-21 13:00:00
2005-03-21,14:00:00,251.0,571.0,23.3,35.8,1.0086,2005-03-21 14:00:00
2005-03-21,15:00:00,261.0,616.0,23.8,33.4,0.9699,2005-03-21 15:00:00
2005-03-21,16:00:00,241.0,594.0,22.8,35.3,0.9693,2005-03-21 16:00:00
2005-03-21,17:00:00,317.0,539.0,22.8,34.9,0.9576,2005-03-21 17:00:00
2005-03-21,18:00:00,505.0,425.0,20.9,39.3,0.9615,2005-03-21 18:00:00
2005-03-21,19:00:00,669.0,367.0,18.6,46.4,0.9867,2005-03-21 19:00:00
2005-03-21,20:00:00,638.0,392.0,17.2,52.7,1.0285,2005-03-21 20:00:00
2005-03-21,21:00:00,433.0,498.0,15.3,61.0,1.054,2005-03-21 21:00:00
2005-03-21,22:00:00,252.0,604.0,14.2,65.4,1.0497,2005-03-21 22:00:00
2005-03-21,23:00:00,154.0,735.0,13.8,65.2,1.0275,2005-03-21 23:00:00
2005-03-22,00:00:00,152.0,696.0,13.3,65.6,0.9969,2005-03-22 00:00:00
2005-03-22,01:00:00,181.0,682.0,12.6,67.9,0.9886,2005-03-22 01:00:00
2005-03-22,02:00:00,109.0,847.0,12.8,64.5,0.9493,2005-03-22 02:00:00
2005-03-22,03:00:00,73.0,964.0,12.8,63.6,0.936,2005-03-22 03:00:00
2005-03-22,04:00:00,83.0,1069.0,12.0,65.2,0.9103,2005-03-22 04:00:00
2005-03-22,05:00:00,90.0,1001.0,10.6,70.8,0.9033,2005-03-22 05:00:00
2005-03-22,06:00:00,151.0,905.0,10.9,69.2,0.9033,2005-03-22 06:00:00
2005-03-22,07:00:00,191.0,816.0,10.3,70.9,0.8907,2005-03-22 07:00:00
2005-03-22,08:00:00,403.0,536.0,11.8,66.3,0.9174,2005-03-22 08:00:00
2005-03-22,09:00:00,555.0,381.0,14.1,58.9,0.9447,2005-03-22 09:00:00
2005-03-22,10:00:00,551.0,446.0,16.5,51.6,0.9601,2005-03-22 10:00:00
2005-03-22,11:00:00,473.0,477.0,20.2,42.1,0.984,2005-03-22 11:00:00
2005-03-22,12:00:00,388.0,475.0,21.7,39.0,0.9979,2005-03-22 12:00:00
2005-03-22,13:00:00,296.0,525.0,23.5,35.0,0.9977,2005-03-22 13:00:00
2005-03-22,14:00:00,283.0,522.0,23.5,34.2,0.9748,2005-03-22 14:00:00
2005-03-22,15:00:00,256.0,599.0,25.5,28.3,0.9124,2005-03-22 15:00:00
2005-03-22,16:00:00,234.0,629.0,25.5,24.7,0.7928,2005-03-22 16:00:00
2005-03-22,17:00:00,215.0,633.0,22.9,29.2,0.8055,2005-03-22 17:00:00
2005-03-22,18:00:00,454.0,447.0,21.3,32.9,0.8209,2005-03-22 18:00:00
2005-03-22,19:00:00,605.0,418.0,20.1,42.4,0.988,2005-03-22 19:00:00
2005-03-22,20:00:00,529.0,428.0,18.6,46.6,0.9858,2005-03-22 20:00:00
2005-03-22,21:00:00,354.0,545.0,17.4,50.6,0.9989,2005-03-22 21:00:00
2005-03-22,22:00:00,195.0,636.0,16.4,57.2,1.0574,2005-03-22 22:00:00
2005-03-22,23:00:00,161.0,645.0,16.3,59.4,1.0895,2005-03-22 23:00:00
2005-03-23,00:00:00,187.0,656.0,16.0,60.2,1.0844,2005-03-23 00:00:00
2005-03-23,01:00:00,156.0,782.0,15.6,61.6,1.0859,2005-03-23 01:00:00
2005-03-23,02:00:00,116.0,769.0,15.4,62.0,1.0793,2005-03-23 02:00:00
2005-03-23,03:00:00,83.0,827.0,15.2,63.5,1.0881,2005-03-23 03:00:00
2005-03-23,04:00:00,85.0,848.0,14.5,66.4,1.0919,2005-03-23 04:00:00
2005-03-23,05:00:00,78.0,891.0,15.0,64.8,1.1007,2005-03-23 05:00:00
2005-03-23,06:00:00,127.0,761.0,14.2,68.3,1.0988,2005-03-23 06:00:00
2005-03-23,07:00:00,279.0,646.0,14.0,68.6,1.0918,2005-03-23 07:00:00
2005-03-23,08:00:00,649.0,396.0,15.4,63.4,1.1045,2005-03-23 08:00:00
2005-03-23,09:00:00,593.0,360.0,17.8,53.3,1.0736,2005-03-23 09:00:00
2005-03-23,10:00:00,584.0,419.0,19.4,47.5,1.061,2005-03-23 10:00:00
2005-03-23,11:00:00,563.0,474.0,21.4,38.7,0.9724,2005-03-23 11:00:00
2005-03-23,12:00:00,337.0,596.0,22.9,29.3,0.8077,2005-03-23 12:00:00
2005-03-23,13:00:00,272.0,578.0,24.2,26.5,0.7869,2005-03-23 13:00:00
2005-03-23,14:00:00,322.0,570.0,24.5,23.1,0.6968,2005-03-23 14:00:00
2005-03-23,15:00:00,362.0,582.0,23.1,22.8,0.6346,2005-03-23 15:00:00
2005-03-23,16:00:00,361.0,564.0,23.3,23.8,0.6738,2005-03-23 16:00:00
2005-03-23,17:00:00,431.0,558.0,23.2,23.3,0.6562,2005-03-23 17:00:00
2005-03-23,18:00:00,545.0,440.0,22.7,25.5,0.6944,2005-03-23 18:00:00
2005-03-23,19:00:00,796.0,374.0,21.0,29.2,0.7192,2005-03-23 19:00:00
2005-03-23,20:00:00,874.0,366.0,19.5,35.6,0.7978,2005-03-23 20:00:00
2005-03-23,21:00:00,551.0,464.0,18.8,37.3,0.8031,2005-03-23 21:00:00
2005-03-23,22:00:00,393.0,536.0,17.7,39.7,0.799,2005-03-23 22:00:00
2005-03-23,23:00:00,369.0,502.0,16.7,45.2,0.8506,2005-03-23 23:00:00
2005-03-24,00:00:00,314.0,559.0,15.9,47.0,0.8434,2005-03-24 00:00:00
2005-03-24,01:00:00,294.0,590.0,15.1,50.2,0.8543,2005-03-24 01:00:00
2005-03-24,02:00:00,165.0,746.0,15.3,49.2,0.8493,2005-03-24 02:00:00
2005-03-24,03:00:00,143.0,791.0,13.1,56.1,0.8416,2005-03-24 03:00:00
2005-03-24,04:00:00,93.0,889.0,13.3,54.4,0.8287,2005-03-24 04:00:00
2005-03-24,05:00:00,111.0,878.0,12.4,58.3,0.8364,2005-03-24 05:00:00
2005-03-24,06:00:00,105.0,884.0,12.9,56.0,0.8292,2005-03-24 06:00:00
2005-03-24,07:00:00,173.0,727.0,11.9,59.6,0.8294,2005-03-24 07:00:00
2005-03-24,08:00:00,541.0,444.0,13.4,55.1,0.8444,2005-03-24 08:00:00
2005-03-24,09:00:00,581.0,469.0,16.1,46.4,0.8436,2005-03-24 09:00:00
2005-03-24,10:00:00,591.0,434.0,17.9,42.2,0.8557,2005-03-24 10:00:00
2005-03-24,11:00:00,653.0,469.0,18.2,43.2,0.8926,2005-03-24 11:00:00
2005-03-24,12:00:00,690.0,413.0,16.0,67.9,1.2217,2005-03-24 12:00:00
2005-03-24,13:00:00,602.0,410.0,17.6,59.7,1.188,2005-03-24 13:00:00
2005-03-24,14:00:00,489.0,476.0,20.9,43.4,1.0618,2005-03-24 14:00:00
2005-03-24,15:00:00,288.0,563.0,24.1,33.3,0.9881,2005-03-24 15:00:00
2005-03-24,16:00:00,323.0,543.0,22.9,35.2,0.9694,2005-03-24 16:00:00
2005-03-24,17:00:00,301.0,557.0,22.2,36.2,0.956,2005-03-24 17:00:00
2005-03-24,18:00:00,335.0,505.0,21.3,37.8,0.9462,2005-03-24 18:00:00
2005-03-24,19:00:00,659.0,359.0,20.1,43.2,1.0051,2005-03-24 19:00:00
2005-03-24,20:00:00,847.0,330.0,18.8,49.1,1.0538,2005-03-24 20:00:00
2005-03-24,21:00:00,691.0,383.0,18.2,52.2,1.0795,2005-03-24 21:00:00
2005-03-24,22:00:00,590.0,424.0,17.4,57.3,1.1288,2005-03-24 22:00:00
2005-03-24,23:00:00,449.0,496.0,17.0,56.6,1.0902,2005-03-24 23:00:00
2005-03-25,00:00:00,316.0,542.0,16.2,66.3,1.208,2005-03-25 00:00:00
2005-03-25,01:00:00,239.0,622.0,15.3,73.3,1.2655,2005-03-25 01:00:00
2005-03-25,02:00:00,165.0,727.0,15.2,73.3,1.2556,2005-03-25 02:00:00
2005-03-25,03:00:00,152.0,714.0,13.9,80.4,1.2694,2005-03-25 03:00:00
2005-03-25,04:00:00,144.0,714.0,13.6,82.8,1.2817,2005-03-25 04:00:00
2005-03-25,05:00:00,126.0,754.0,13.7,82.0,1.277,2005-03-25 05:00:00
2005-03-25,06:00:00,132.0,858.0,13.7,78.0,1.2174,2005-03-25 06:00:00
2005-03-25,07:00:00,228.0,705.0,14.1,75.5,1.2065,2005-03-25 07:00:00
2005-03-25,08:00:00,580.0,437.0,14.8,73.6,1.2331,2005-03-25 08:00:00
2005-03-25,09:00:00,564.0,384.0,16.0,67.8,1.2276,2005-03-25 09:00:00
2005-03-25,10:00:00,369.0,526.0,18.4,59.2,1.2398,2005-03-25 10:00:00
2005-03-25,11:00:00,260.0,579.0,20.4,50.5,1.1954,2005-03-25 11:00:00
2005-03-25,12:00:00,371.0,503.0,21.3,46.6,1.1628,2005-03-25 12:00:00
2005-03-25,13:00:00,513.0,462.0,20.4,49.8,1.1765,2005-03-25 13:00:00
2005-03-25,14:00:00,471.0,474.0,21.1,47.8,1.1813,2005-03-25 14:00:00
2005-03-25,15:00:00,378.0,502.0,21.5,47.8,1.206,2005-03-25 15:00:00
2005-03-25,16:00:00,445.0,471.0,21.7,47.4,1.2184,2005-03-25 16:00:00
2005-03-25,17:00:00,483.0,468.0,21.0,49.8,1.2208,2005-03-25 17:00:00
2005-03-25,18:00:00,530.0,417.0,20.4,51.9,1.2261,2005-03-25 18:00:00
2005-03-25,19:00:00,649.0,397.0,19.4,56.3,1.25,2005-03-25 19:00:00
2005-03-25,20:00:00,604.0,420.0,18.8,58.3,1.2514,2005-03-25 20:00:00
2005-03-25,21:00:00,486.0,466.0,18.2,61.0,1.2634,2005-03-25 21:00:00
2005-03-25,22:00:00,402.0,486.0,17.7,63.3,1.2729,2005-03-25 22:00:00
2005-03-25,23:00:00,268.0,550.0,17.7,63.5,1.27,2005-03-25 23:00:00
2005-03-26,00:00:00,350.0,504.0,17.1,66.9,1.2926,2005-03-26 00:00:00
2005-03-26,01:00:00,312.0,527.0,16.8,69.0,1.3135,2005-03-26 01:00:00
2005-03-26,02:00:00,243.0,601.0,16.6,70.0,1.3078,2005-03-26 02:00:00
2005-03-26,03:00:00,202.0,622.0,16.1,71.3,1.2955,2005-03-26 03:00:00
2005-03-26,04:00:00,181.0,641.0,16.2,71.2,1.3013,2005-03-26 04:00:00
2005-03-26,05:00:00,139.0,663.0,16.3,69.8,1.2853,2005-03-26 05:00:00
2005-03-26,06:00:00,156.0,672.0,16.1,70.0,1.2739,2005-03-26 06:00:00
2005-03-26,07:00:00,175.0,651.0,16.1,69.5,1.2623,2005-03-26 07:00:00
2005-03-26,08:00:00,281.0,565.0,16.5,68.1,1.2653,2005-03-26 08:00:00
2005-03-26,09:00:00,322.0,513.0,17.4,65.0,1.2775,2005-03-26 09:00:00
2005-03-26,10:00:00,369.0,510.0,18.4,60.2,1.2623,2005-03-26 10:00:00
2005-03-26,11:00:00,366.0,541.0,19.1,57.5,1.2569,2005-03-26 11:00:00
2005-03-26,12:00:00,301.0,579.0,21.2,48.4,1.2028,2005-03-26 12:00:00
2005-03-26,13:00:00,232.0,623.0,22.3,43.9,1.1695,2005-03-26 13:00:00
2005-03-26,14:00:00,156.0,711.0,23.7,39.4,1.1366,2005-03-26 14:00:00
2005-03-26,15:00:00,169.0,616.0,23.1,41.2,1.1523,2005-03-26 15:00:00
2005-03-26,16:00:00,203.0,611.0,25.7,35.7,1.1626,2005-03-26 16:00:00
2005-03-26,17:00:00,260.0,553.0,24.3,38.4,1.1503,2005-03-26 17:00:00
2005-03-26,18:00:00,289.0,559.0,21.9,45.1,1.1687,2005-03-26 18:00:00
2005-03-26,19:00:00,273.0,553.0,19.7,51.8,1.1779,2005-03-26 19:00:00
2005-03-26,20:00:00,263.0,604.0,18.7,54.5,1.1644,2005-03-26 20:00:00
2005-03-26,21:00:00,295.0,564.0,17.8,58.1,1.1742,2005-03-26 21:00:00
2005-03-26,22:00:00,303.0,553.0,17.3,60.8,1.1885,2005-03-26 22:00:00
2005-03-26,23:00:00,209.0,625.0,16.5,63.8,1.1873,2005-03-26 23:00:00
2005-03-27,00:00:00,200.0,632.0,16.3,65.2,1.1982,2005-03-27 00:00:00
2005-03-27,01:00:00,174.0,724.0,16.5,63.8,1.1896,2005-03-27 01:00:00
2005-03-27,02:00:00,115.0,791.0,16.6,63.0,1.1784,2005-03-27 02:00:00
2005-03-27,03:00:00,122.0,740.0,16.2,64.3,1.1729,2005-03-27 03:00:00
2005-03-27,04:00:00,105.0,778.0,15.9,65.1,1.1654,2005-03-27 04:00:00
2005-03-27,05:00:00,102.0,852.0,15.8,65.4,1.1629,2005-03-27 05:00:00
2005-03-27,06:00:00,96.0,878.0,15.8,65.9,1.1792,2005-03-27 06:00:00
2005-03-27,07:00:00,144.0,697.0,15.6,67.7,1.1911,2005-03-27 07:00:00
2005-03-27,08:00:00,152.0,725.0,15.2,71.5,1.2228,2005-03-27 08:00:00
2005-03-27,09:00:00,156.0,692.0,14.5,80.8,1.3224,2005-03-27 09:00:00
2005-03-27,10:00:00,208.0,672.0,15.2,81.4,1.393,2005-03-27 10:00:00
2005-03-27,11:00:00,174.0,680.0,15.9,77.3,1.3838,2005-03-27 11:00:00
2005-03-27,12:00:00,206.0,677.0,17.5,67.1,1.3342,2005-03-27 12:00:00
2005-03-27,13:00:00,160.0,759.0,18.1,62.8,1.2916,2005-03-27 13:00:00
2005-03-27,14:00:00,91.0,820.0,18.6,62.1,1.3224,2005-03-27 14:00:00
2005-03-27,15:00:00,106.0,862.0,16.2,71.9,1.3171,2005-03-27 15:00:00
2005-03-27,16:00:00,199.0,797.0,15.4,75.2,1.3024,2005-03-27 16:00:00
2005-03-27,17:00:00,299.0,713.0,14.4,80.8,1.3182,2005-03-27 17:00:00
2005-03-27,18:00:00,272.0,712.0,13.8,83.5,1.3154,2005-03-27 18:00:00
2005-03-27,19:00:00,285.0,652.0,13.9,83.6,1.3208,2005-03-27 19:00:00
2005-03-27,20:00:00,307.0,627.0,14.2,82.3,1.3219,2005-03-27 20:00:00
2005-03-27,21:00:00,237.0,637.0,14.1,81.4,1.3046,2005-03-27 21:00:00
2005-03-27,22:00:00,244.0,650.0,14.4,79.0,1.2917,2005-03-27 22:00:00
2005-03-27,23:00:00,284.0,658.0,14.6,77.7,1.2834,2005-03-27 23:00:00
2005-03-28,00:00:00,221.0,722.0,14.4,78.6,1.2839,2005-03-28 00:00:00
2005-03-28,01:00:00,173.0,803.0,14.4,78.0,1.2741,2005-03-28 01:00:00
2005-03-28,02:00:00,144.0,821.0,14.1,79.1,1.2665,2005-03-28 02:00:00
2005-03-28,03:00:00,117.0,829.0,13.7,80.6,1.2528,2005-03-28 03:00:00
2005-03-28,04:00:00,89.0,905.0,13.9,79.6,1.2616,2005-03-28 04:00:00
2005-03-28,05:00:00,97.0,955.0,13.8,79.0,1.2425,2005-03-28 05:00:00
2005-03-28,06:00:00,95.0,937.0,13.9,78.0,1.2346,2005-03-28 06:00:00
2005-03-28,07:00:00,166.0,815.0,14.1,77.8,1.2445,2005-03-28 07:00:00
2005-03-28,08:00:00,160.0,798.0,15.0,73.2,1.2413,2005-03-28 08:00:00
2005-03-28,09:00:00,176.0,700.0,16.4,67.3,1.2451,2005-03-28 09:00:00
2005-03-28,10:00:00,216.0,690.0,17.8,61.7,1.2436,2005-03-28 10:00:00
2005-03-28,11:00:00,220.0,692.0,20.8,50.4,1.2213,2005-03-28 11:00:00
2005-03-28,12:00:00,183.0,746.0,21.6,46.8,1.1959,2005-03-28 12:00:00
2005-03-28,13:00:00,154.0,800.0,23.1,41.3,1.1506,2005-03-28 13:00:00
2005-03-28,14:00:00,132.0,736.0,23.6,39.4,1.132,2005-03-28 14:00:00
2005-03-28,15:00:00,140.0,764.0,25.1,34.0,1.068,2005-03-28 15:00:00
2005-03-28,16:00:00,186.0,789.0,24.7,35.6,1.0882,2005-03-28 16:00:00
2005-03-28,17:00:00,213.0,704.0,24.2,38.1,1.1357,2005-03-28 17:00:00
2005-03-28,18:00:00,376.0,589.0,22.7,42.4,1.154,2005-03-28 18:00:00
2005-03-28,19:00:00,508.0,554.0,19.6,47.8,1.0781,2005-03-28 19:00:00
2005-03-28,20:00:00,388.0,600.0,17.6,54.4,1.0839,2005-03-28 20:00:00
2005-03-28,21:00:00,250.0,660.0,16.2,60.6,1.1089,2005-03-28 21:00:00
2005-03-28,22:00:00,232.0,669.0,15.2,65.8,1.1288,2005-03-28 22:00:00
2005-03-28,23:00:00,229.0,677.0,14.5,68.9,1.1298,2005-03-28 23:00:00
2005-03-29,00:00:00,184.0,692.0,14.3,68.5,1.1122,2005-03-29 00:00:00
2005-03-29,01:00:00,117.0,834.0,14.7,66.4,1.1006,2005-03-29 01:00:00
2005-03-29,02:00:00,103.0,908.0,13.4,70.4,1.0793,2005-03-29 02:00:00
2005-03-29,03:00:00,66.0,1117.0,14.2,65.1,1.0495,2005-03-29 03:00:00
2005-03-29,04:00:00,63.0,997.0,13.7,68.2,1.0611,2005-03-29 04:00:00
2005-03-29,05:00:00,95.0,956.0,13.7,67.8,1.0575,2005-03-29 05:00:00
2005-03-29,06:00:00,188.0,738.0,12.9,71.8,1.0657,2005-03-29 06:00:00
2005-03-29,07:00:00,527.0,472.0,13.2,69.9,1.0543,2005-03-29 07:00:00
2005-03-29,08:00:00,623.0,370.0,14.4,65.8,1.0727,2005-03-29 08:00:00
2005-03-29,09:00:00,606.0,434.0,15.3,63.3,1.092,2005-03-29 09:00:00
2005-03-29,10:00:00,460.0,489.0,17.7,55.6,1.112,2005-03-29 10:00:00
2005-03-29,11:00:00,346.0,567.0,19.6,49.4,1.1176,2005-03-29 11:00:00
2005-03-29,12:00:00,296.0,519.0,18.1,58.3,1.2013,2005-03-29 12:00:00
2005-03-29,13:00:00,321.0,530.0,18.0,57.9,1.1826,2005-03-29 13:00:00
2005-03-29,14:00:00,312.0,523.0,18.6,55.0,1.1696,2005-03-29 14:00:00
2005-03-29,15:00:00,355.0,508.0,18.3,57.9,1.2047,2005-03-29 15:00:00
2005-03-29,16:00:00,349.0,509.0,18.3,54.8,1.1403,2005-03-29 16:00:00
2005-03-29,17:00:00,385.0,457.0,18.3,53.9,1.1252,2005-03-29 17:00:00
2005-03-29,18:00:00,456.0,474.0,18.5,54.6,1.1515,2005-03-29 18:00:00
2005-03-29,19:00:00,306.0,502.0,17.1,61.5,1.191,2005-03-29 19:00:00
2005-03-29,20:00:00,402.0,498.0,16.4,62.5,1.1531,2005-03-29 20:00:00
2005-03-29,21:00:00,340.0,591.0,15.2,64.2,1.0983,2005-03-29 21:00:00
2005-03-29,22:00:00,206.0,740.0,14.6,67.3,1.1102,2005-03-29 22:00:00
2005-03-29,23:00:00,158.0,745.0,13.5,70.8,1.0928,2005-03-29 23:00:00
2005-03-30,00:00:00,178.0,721.0,13.0,71.9,1.0697,2005-03-30 00:00:00
2005-03-30,01:00:00,118.0,829.0,13.0,70.2,1.0457,2005-03-30 01:00:00
2005-03-30,02:00:00,95.0,885.0,11.6,74.9,1.0224,2005-03-30 02:00:00
2005-03-30,03:00:00,84.0,1108.0,12.5,67.4,0.9722,2005-03-30 03:00:00
2005-03-30,04:00:00,82.0,1045.0,11.5,71.5,0.9684,2005-03-30 04:00:00
2005-03-30,05:00:00,122.0,933.0,10.2,77.9,0.9692,2005-03-30 05:00:00
2005-03-30,06:00:00,146.0,801.0,11.0,73.1,0.9554,2005-03-30 06:00:00
2005-03-30,07:00:00,397.0,532.0,10.7,73.6,0.9439,2005-03-30 07:00:00
2005-03-30,08:00:00,371.0,503.0,12.1,67.3,0.9499,2005-03-30 08:00:00
2005-03-30,09:00:00,454.0,489.0,15.1,58.6,0.9982,2005-03-30 09:00:00
2005-03-30,10:00:00,433.0,534.0,18.6,49.5,1.052,2005-03-30 10:00:00
2005-03-30,11:00:00,287.0,629.0,20.9,42.5,1.037,2005-03-30 11:00:00
2005-03-30,12:00:00,265.0,594.0,23.6,34.8,0.9986,2005-03-30 12:00:00
2005-03-30,13:00:00,225.0,629.0,25.6,28.5,0.9199,2005-03-30 13:00:00
2005-03-30,14:00:00,210.0,609.0,26.1,26.3,0.875,2005-03-30 14:00:00
2005-03-30,15:00:00,215.0,633.0,26.6,24.9,0.8525,2005-03-30 15:00:00
2005-03-30,16:00:00,227.0,623.0,25.1,28.5,0.8932,2005-03-30 16:00:00
2005-03-30,17:00:00,403.0,493.0,24.1,32.1,0.9504,2005-03-30 17:00:00
2005-03-30,18:00:00,444.0,476.0,21.5,39.1,0.9914,2005-03-30 18:00:00
2005-03-30,19:00:00,475.0,451.0,19.3,46.2,1.023,2005-03-30 19:00:00
2005-03-30,20:00:00,438.0,505.0,18.2,52.6,1.0911,2005-03-30 20:00:00
2005-03-30,21:00:00,254.0,608.0,16.8,58.2,1.1022,2005-03-30 21:00:00
2005-03-30,22:00:00,172.0,689.0,16.0,61.9,1.115,2005-03-30 22:00:00
2005-03-30,23:00:00,174.0,661.0,15.3,65.4,1.126,2005-03-30 23:00:00
2005-03-31,00:00:00,146.0,729.0,14.5,67.8,1.1171,2005-03-31 00:00:00
2005-03-31,01:00:00,134.0,757.0,14.2,68.6,1.1068,2005-03-31 01:00:00
2005-03-31,02:00:00,83.0,874.0,13.9,68.7,1.0892,2005-03-31 02:00:00
2005-03-31,03:00:00,81.0,942.0,13.1,72.5,1.0911,2005-03-31 03:00:00
2005-03-31,04:00:00,73.0,965.0,12.9,72.7,1.076,2005-03-31 04:00:00
2005-03-31,05:00:00,104.0,876.0,12.3,74.2,1.0583,2005-03-31 05:00:00
2005-03-31,06:00:00,191.0,681.0,12.6,71.5,1.038,2005-03-31 06:00:00
2005-03-31,07:00:00,673.0,407.0,12.7,69.6,1.0206,2005-03-31 07:00:00
2005-03-31,08:00:00,547.0,567.0,16.8,51.6,0.9818,2005-03-31 08:00:00
2005-03-31,09:00:00,275.0,692.0,20.3,40.1,0.9439,2005-03-31 09:00:00
2005-03-31,10:00:00,200.0,773.0,21.0,37.3,0.9139,2005-03-31 10:00:00
2005-03-31,11:00:00,185.0,810.0,21.0,36.9,0.9089,2005-03-31 11:00:00
2005-03-31,12:00:00,164.0,808.0,22.8,33.0,0.904,2005-03-31 12:00:00
2005-03-31,13:00:00,150.0,833.0,24.0,30.3,0.8925,2005-03-31 13:00:00
2005-03-31,14:00:00,134.0,913.0,22.6,33.2,0.9007,2005-03-31 14:00:00
2005-03-31,15:00:00,128.0,857.0,22.5,32.9,0.8846,2005-03-31 15:00:00
2005-03-31,16:00:00,150.0,849.0,21.5,33.8,0.8575,2005-03-31 16:00:00
2005-03-31,17:00:00,171.0,713.0,21.4,36.4,0.9172,2005-03-31 17:00:00
2005-03-31,18:00:00,204.0,682.0,20.0,38.9,0.8974,2005-03-31 18:00:00
2005-03-31,19:00:00,215.0,647.0,17.8,45.2,0.9123,2005-03-31 19:00:00
2005-03-31,20:00:00,156.0,787.0,16.3,47.3,0.8686,2005-03-31 20:00:00
2005-03-31,21:00:00,114.0,944.0,16.3,44.8,0.8244,2005-03-31 21:00:00
2005-03-31,22:00:00,81.0,1015.0,15.6,47.1,0.8273,2005-03-31 22:00:00
2005-03-31,23:00:00,83.0,975.0,15.1,47.6,0.8139,2005-03-31 23:00:00
2005-04-01,00:00:00,69.0,1067.0,15.1,44.5,0.7569,2005-04-01 00:00:00
2005-04-01,01:00:00,53.0,1198.0,14.6,43.0,0.7108,2005-04-01 01:00:00
2005-04-01,02:00:00,36.0,1126.0,14.5,43.7,0.7163,2005-04-01 02:00:00
2005-04-01,03:00:00,30.0,1187.0,13.6,46.7,0.7245,2005-04-01 03:00:00
2005-04-01,04:00:00,47.0,1257.0,13.7,48.8,0.7606,2005-04-01 04:00:00
2005-04-01,05:00:00,88.0,1136.0,13.5,50.6,0.7783,2005-04-01 05:00:00
2005-04-01,06:00:00,135.0,993.0,13.7,47.4,0.7412,2005-04-01 06:00:00
2005-04-01,07:00:00,280.0,710.0,13.7,45.9,0.7154,2005-04-01 07:00:00
2005-04-01,08:00:00,313.0,705.0,16.1,41.0,0.7435,2005-04-01 08:00:00
2005-04-01,09:00:00,205.0,799.0,16.1,41.5,0.7559,2005-04-01 09:00:00
2005-04-01,10:00:00,180.0,851.0,16.5,40.8,0.757,2005-04-01 10:00:00
2005-04-01,11:00:00,197.0,870.0,18.9,33.8,0.7312,2005-04-01 11:00:00
2005-04-01,12:00:00,172.0,853.0,19.2,29.5,0.648,2005-04-01 12:00:00
2005-04-01,13:00:00,184.0,834.0,19.9,26.3,0.6054,2005-04-01 13:00:00
2005-04-01,14:00:00,160.0,923.0,19.2,27.0,0.5934,2005-04-01 14:00:00
2005-04-01,15:00:00,176.0,908.0,19.4,25.3,0.5625,2005-04-01 15:00:00
2005-04-01,16:00:00,219.0,890.0,18.9,26.2,0.5667,2005-04-01 16:00:00
2005-04-01,17:00:00,222.0,856.0,19.3,24.7,0.5483,2005-04-01 17:00:00
2005-04-01,18:00:00,231.0,812.0,17.1,25.3,0.4881,2005-04-01 18:00:00
2005-04-01,19:00:00,248.0,747.0,15.6,26.2,0.4604,2005-04-01 19:00:00
2005-04-01,20:00:00,183.0,906.0,13.8,30.6,0.479,2005-04-01 20:00:00
2005-04-01,21:00:00,144.0,1070.0,13.1,31.7,0.4756,2005-04-01 21:00:00
2005-04-01,22:00:00,132.0,1072.0,13.2,31.8,0.4798,2005-04-01 22:00:00
2005-04-01,23:00:00,180.0,955.0,13.6,30.8,0.4779,2005-04-01 23:00:00
2005-04-02,00:00:00,280.0,802.0,13.1,32.0,0.4817,2005-04-02 00:00:00
2005-04-02,01:00:00,167.0,1055.0,12.7,33.6,0.4902,2005-04-02 01:00:00
2005-04-02,02:00:00,102.0,1111.0,12.2,35.6,0.5038,2005-04-02 02:00:00
2005-04-02,03:00:00,92.0,1137.0,11.9,35.6,0.4945,2005-04-02 03:00:00
2005-04-02,04:00:00,63.0,1223.0,11.2,38.3,0.5099,2005-04-02 04:00:00
2005-04-02,05:00:00,59.0,1140.0,11.0,40.5,0.5316,2005-04-02 05:00:00
2005-04-02,06:00:00,163.0,999.0,10.7,42.8,0.5489,2005-04-02 06:00:00
2005-04-02,07:00:00,227.0,898.0,11.1,43.3,0.572,2005-04-02 07:00:00
2005-04-02,08:00:00,183.0,933.0,14.2,36.9,0.5939,2005-04-02 08:00:00
2005-04-02,09:00:00,145.0,955.0,15.6,33.3,0.5861,2005-04-02 09:00:00
2005-04-02,10:00:00,150.0,952.0,16.3,30.0,0.5514,2005-04-02 10:00:00
2005-04-02,11:00:00,138.0,993.0,17.0,26.1,0.5036,2005-04-02 11:00:00
2005-04-02,12:00:00,134.0,1019.0,19.3,22.3,0.495,2005-04-02 12:00:00
2005-04-02,13:00:00,137.0,986.0,20.5,21.9,0.5215,2005-04-02 13:00:00
2005-04-02,14:00:00,112.0,1022.0,22.0,20.2,0.5274,2005-04-02 14:00:00
2005-04-02,15:00:00,112.0,1008.0,21.7,20.9,0.5367,2005-04-02 15:00:00
2005-04-02,16:00:00,149.0,971.0,21.6,20.8,0.5292,2005-04-02 16:00:00
2005-04-02,17:00:00,159.0,906.0,21.0,22.3,0.5468,2005-04-02 17:00:00
2005-04-02,18:00:00,161.0,858.0,18.6,26.6,0.5631,2005-04-02 18:00:00
2005-04-02,19:00:00,171.0,866.0,15.5,33.9,0.5957,2005-04-02 19:00:00
2005-04-02,20:00:00,167.0,904.0,14.3,38.0,0.6162,2005-04-02 20:00:00
2005-04-02,21:00:00,116.0,1021.0,13.5,39.4,0.6089,2005-04-02 21:00:00
2005-04-02,22:00:00,105.0,1031.0,13.1,41.3,0.6184,2005-04-02 22:00:00
2005-04-02,23:00:00,125.0,1012.0,13.5,37.8,0.5815,2005-04-02 23:00:00
2005-04-03,00:00:00,140.0,953.0,13.5,37.4,0.5745,2005-04-03 00:00:00
2005-04-03,01:00:00,109.0,895.0,12.7,40.8,0.5977,2005-04-03 01:00:00
2005-04-03,02:00:00,99.0,882.0,12.0,44.2,0.6177,2005-04-03 02:00:00
2005-04-03,03:00:00,120.0,861.0,10.5,48.7,0.6164,2005-04-03 03:00:00
2005-04-03,04:00:00,83.0,955.0,10.1,49.7,0.6122,2005-04-03 04:00:00
2005-04-03,05:00:00,60.0,1118.0,9.6,51.0,0.6082,2005-04-03 05:00:00
2005-04-03,06:00:00,75.0,1072.0,9.1,52.4,0.6074,2005-04-03 06:00:00
2005-04-03,07:00:00,127.0,978.0,8.9,52.7,0.6034,2005-04-03 07:00:00
2005-04-03,08:00:00,134.0,911.0,13.5,40.0,0.6168,2005-04-03 08:00:00
2005-04-03,09:00:00,192.0,806.0,17.8,30.7,0.6205,2005-04-03 09:00:00
2005-04-03,10:00:00,166.0,888.0,21.1,23.7,0.5875,2005-04-03 10:00:00
2005-04-03,11:00:00,171.0,805.0,24.0,19.3,0.5673,2005-04-03 11:00:00
2005-04-03,12:00:00,177.0,806.0,26.5,16.4,0.5594,2005-04-03 12:00:00
2005-04-03,13:00:00,119.0,926.0,28.7,13.7,0.5302,2005-04-03 13:00:00
2005-04-03,14:00:00,121.0,899.0,28.5,13.1,0.5002,2005-04-03 14:00:00
2005-04-03,15:00:00,142.0,857.0,30.0,11.1,0.4624,2005-04-03 15:00:00
2005-04-03,16:00:00,197.0,867.0,29.4,10.4,0.4192,2005-04-03 16:00:00
2005-04-03,17:00:00,242.0,872.0,28.9,9.9,0.3866,2005-04-03 17:00:00
2005-04-03,18:00:00,190.0,851.0,22.8,21.7,0.5945,2005-04-03 18:00:00
2005-04-03,19:00:00,367.0,599.0,19.9,33.0,0.7608,2005-04-03 19:00:00
2005-04-03,20:00:00,355.0,636.0,17.5,40.7,0.8073,2005-04-03 20:00:00
2005-04-03,21:00:00,235.0,693.0,16.4,46.6,0.8642,2005-04-03 21:00:00
2005-04-03,22:00:00,233.0,696.0,15.5,49.0,0.8579,2005-04-03 22:00:00
2005-04-03,23:00:00,170.0,722.0,14.3,52.5,0.8497,2005-04-03 23:00:00
2005-04-04,00:00:00,117.0,801.0,14.2,51.4,0.8275,2005-04-04 00:00:00
2005-04-04,01:00:00,70.0,925.0,13.8,51.2,0.8058,2005-04-04 01:00:00
2005-04-04,02:00:00,69.0,959.0,12.1,56.3,0.7927,2005-04-04 02:00:00
2005-04-04,03:00:00,62.0,1047.0,11.3,58.9,0.7888,2005-04-04 03:00:00
2005-04-04,04:00:00,52.0,1116.0,11.8,56.0,0.7743,2005-04-04 04:00:00
2005-04-04,05:00:00,77.0,1077.0,10.4,59.9,0.755,2005-04-04 05:00:00
2005-04-04,06:00:00,182.0,760.0,9.5,63.1,0.7531,2005-04-04 06:00:00
2005-04-04,07:00:00,594.0,470.0,9.7,61.9,0.7446,2005-04-04 07:00:00
2005-04-04,08:00:00,586.0,415.0,13.5,48.9,0.7553,2005-04-04 08:00:00
2005-04-04,09:00:00,523.0,507.0,18.2,36.3,0.7487,2005-04-04 09:00:00
2005-04-04,10:00:00,472.0,539.0,21.9,29.3,0.7568,2005-04-04 10:00:00
2005-04-04,11:00:00,353.0,604.0,24.3,23.7,0.7119,2005-04-04 11:00:00
2005-04-04,12:00:00,293.0,603.0,26.9,18.3,0.6406,2005-04-04 12:00:00
2005-04-04,13:00:00,235.0,702.0,28.3,13.5,0.5139,2005-04-04 13:00:00
2005-04-04,14:00:00,265.0,654.0,28.5,13.1,0.5028,2005-04-04 14:00:00
